"ID","Description","GeneRatio","BgRatio","pvalue","p.adjust","qvalue","geneID","Count"
"GO:0007059","chromosome segregation","88/512","369/28943",2.15114884048676e-73,8.17866789153068e-70,6.65044646790487e-70,"Sgo2a/Cenpf/Nsl1/Nek2/Nuf2/Kif14/Spc25/Fam83d/Ncaph/Ube2c/Kif18a/Bub1b/Knl1/Oip5/Nusap1/Knstrn/Bub1/Kif4/Pmf1/Cenpe/Ect2/Ndc1/Cenps/Kif2c/Cdc20/Cdca8/Ccne2/Smc2/Brca2/Ncapg/Kntc1/Tacc3/Cit/Rad18/Mad2l1/Ncapd2/Fancd2/Prc1/Mki67/Plk1/Kif22/Cenpw/Fbxo5/Cenpn/Ankle1/Cdt1/Ska3/Dlgap5/Esco2/Cdca2/Ttk/Kif23/Spc24/Zwilch/Cdc6/Spdl1/Pttg1/Birc5/Brca1/Kif18b/Brip1/Haspin/Spag5/Eme1/Aurkb/Cenph/Ccnb1/Trip13/Cenpk/Ncapg2/Gen1/Dscc1/Racgap1/Recql4/Espl1/Mis18a/Rmi2/Sgo1/Ddx11/Ndc80/Kifc5b/Cenpq/Chtf18/Ska1/Incenp/Fen1/Cdca5/Kif11",88
"GO:0000280","nuclear division","95/512","478/28943",2.10000699421e-71,3.99211329599321e-68,3.24616870631304e-68,"Mybl1/Sgo2a/Nsl1/Nek2/Nuf2/Kif14/Aspm/Suv39h2/Tpx2/Spc25/Mastl/Mybl2/Ncaph/Ube2c/Cdc25b/Kif18a/Aurka/Bub1b/Rad51/Nusap1/Knstrn/Bub1/Cenpe/Ndc1/Cenps/Rad54l/Kif2c/Cdc20/Cdca8/Ccne2/Rad54b/Smc2/Brca2/Chek2/Ncapg/Ereg/Kntc1/Tacc3/Cit/Rad51ap1/Mad2l1/Ncapd2/Fancd2/Prc1/Ube2s/Mki67/Plk1/Kif22/Fbxo5/Dnmt3l/Ankle1/Cdt1/Fanca/Ccsap/Esco2/Bora/Cdca2/Chek1/Ttk/Kif23/Topbp1/Ccnb2/Spc24/Zwilch/Cdc6/Spdl1/Pttg1/Birc5/Cntd1/Kif18b/Brip1/Haspin/Fignl1/Spag5/Eme1/Aurkb/Ripor2/Ccnb1/Trip13/Cks2/Cenpk/Ncapg2/Gen1/Dscc1/Racgap1/Espl1/Sgo1/Ndc80/Kifc5b/Chtf18/Kifc1/Kif20b/Incenp/Cdca5/Kif11",95
"GO:0098813","nuclear chromosome segregation","74/512","306/28943",4.76437165409315e-62,6.03804700962072e-59,4.90981036774442e-59,"Sgo2a/Cenpf/Nsl1/Nek2/Nuf2/Kif14/Spc25/Fam83d/Ncaph/Ube2c/Kif18a/Bub1b/Knl1/Nusap1/Knstrn/Bub1/Kif4/Cenpe/Ect2/Ndc1/Cenps/Kif2c/Cdc20/Cdca8/Ccne2/Smc2/Brca2/Ncapg/Kntc1/Tacc3/Cit/Mad2l1/Ncapd2/Fancd2/Prc1/Plk1/Kif22/Fbxo5/Ankle1/Cdt1/Esco2/Ttk/Kif23/Spc24/Zwilch/Cdc6/Spdl1/Pttg1/Birc5/Kif18b/Brip1/Haspin/Spag5/Eme1/Aurkb/Ccnb1/Trip13/Cenpk/Ncapg2/Gen1/Dscc1/Racgap1/Recql4/Espl1/Rmi2/Sgo1/Ddx11/Ndc80/Kifc5b/Cenpq/Incenp/Fen1/Cdca5/Kif11",74
"GO:0140014","mitotic nuclear division","70/512","309/28943",1.51872211561332e-56,1.44354537089046e-53,1.17381232988324e-53,"Sgo2a/Nsl1/Nek2/Nuf2/Kif14/Tpx2/Spc25/Mybl2/Ncaph/Ube2c/Kif18a/Aurka/Bub1b/Nusap1/Knstrn/Bub1/Cenpe/Kif2c/Cdc20/Cdca8/Smc2/Chek2/Ncapg/Ereg/Kntc1/Tacc3/Cit/Mad2l1/Ncapd2/Prc1/Ube2s/Mki67/Plk1/Kif22/Fbxo5/Cdt1/Ccsap/Esco2/Bora/Cdca2/Chek1/Ttk/Kif23/Spc24/Zwilch/Cdc6/Spdl1/Pttg1/Birc5/Kif18b/Haspin/Spag5/Aurkb/Ripor2/Ccnb1/Trip13/Cenpk/Ncapg2/Gen1/Dscc1/Racgap1/Espl1/Sgo1/Ndc80/Kifc5b/Kifc1/Kif20b/Incenp/Cdca5/Kif11",70
"GO:0006260","DNA replication","66/512","282/28943",2.65187642588382e-54,2.01648683424206e-51,1.63969706585701e-51,"Mcm3/Mcm6/Dtl/Bard1/Mcm10/Mcm8/Rad51/Gins1/Pola1/Ccna2/Cenps/Rpa2/Nasp/Mms22l/Ccne2/Orc1/Poln/Dbf4/Pole/Brca2/Rfc3/Ereg/Mcm7/Rfc5/Il6/Mcm2/Pold1/Ticrr/Blm/E2f8/Lig1/Prim1/E2f7/Timeless/Fbxo5/Cdk1/Mcm5/Gins2/Cdt1/Wdhd1/Esco2/Traip/Topbp1/Pif1/Pclaf/Cdc6/Brca1/Atad5/Eme1/Gmnn/Rrm2/Pole2/Gen1/Dscc1/Tonsl/Recql4/Mcm4/Chaf1b/Polq/Cdc45/Rmi2/Chaf1a/Ddx11/Chtf18/Fen1/Fam111a",66
"GO:0000819","sister chromatid segregation","60/512","219/28943",7.58596184539941e-54,4.80697115603476e-51,3.90876665612949e-51,"Sgo2a/Nsl1/Nek2/Nuf2/Kif14/Spc25/Ncaph/Ube2c/Kif18a/Bub1b/Nusap1/Knstrn/Bub1/Cenpe/Kif2c/Cdc20/Cdca8/Smc2/Ncapg/Kntc1/Tacc3/Cit/Mad2l1/Ncapd2/Prc1/Plk1/Kif22/Fbxo5/Cdt1/Esco2/Ttk/Kif23/Spc24/Zwilch/Cdc6/Spdl1/Pttg1/Birc5/Kif18b/Haspin/Spag5/Aurkb/Ccnb1/Trip13/Cenpk/Ncapg2/Gen1/Dscc1/Racgap1/Recql4/Espl1/Rmi2/Sgo1/Ddx11/Ndc80/Kifc5b/Incenp/Fen1/Cdca5/Kif11",60
"GO:0000070","mitotic sister chromatid segregation","56/512","190/28943",2.90223575516892e-52,1.57632862016461e-49,1.28178442299716e-49,"Sgo2a/Nsl1/Nek2/Nuf2/Kif14/Spc25/Ncaph/Ube2c/Kif18a/Bub1b/Nusap1/Knstrn/Bub1/Cenpe/Kif2c/Cdc20/Cdca8/Smc2/Ncapg/Kntc1/Tacc3/Cit/Mad2l1/Ncapd2/Prc1/Plk1/Kif22/Fbxo5/Cdt1/Esco2/Ttk/Kif23/Spc24/Zwilch/Cdc6/Spdl1/Pttg1/Birc5/Kif18b/Haspin/Spag5/Aurkb/Ccnb1/Trip13/Cenpk/Ncapg2/Gen1/Dscc1/Racgap1/Espl1/Sgo1/Ndc80/Kifc5b/Incenp/Cdca5/Kif11",56
"GO:0044772","mitotic cell cycle phase transition","73/512","451/28943",5.14250981511349e-48,2.44397778963269e-45,1.98730938513004e-45,"Cenpf/Dtl/Nuf2/Bard1/Kif14/Spc25/Rbl1/Mastl/Ube2c/Cdc25b/Bub1b/Bub1/Ccna2/Cenpe/Cks1b/Iqgap3/Sass6/Cdkn2c/Rpa2/Nasp/Cdc20/Cdca8/Clspn/Ccne2/Stil/Orc1/Dbf4/Abcb1a/Abcb1b/Pole/Chek2/Kntc1/Tacc3/Cit/Foxm1/Mad2l1/Ticrr/Blm/Ube2s/Plk1/Hmga2/E2f7/Fbxo5/Cdk1/Cdt1/Chek1/Ttk/Topbp1/Ccnb2/Spc24/Zwilch/Cdc6/Spdl1/Birc5/Brca1/Atad5/Haspin/Ccl2/Aurkb/Ccnb1/Trip13/Cks2/Rrm2/Rad51b/Gen1/Wnt10b/Ccnf/Ndc80/Tcf19/Lmnb1/Cdc25c/Incenp/Cdca5",73
"GO:0006261","DNA-templated DNA replication","48/512","153/28943",2.34647072925445e-46,9.91253523625045e-44,8.06033278575474e-44,"Mcm3/Mcm6/Bard1/Mcm10/Rad51/Gins1/Pola1/Cenps/Mms22l/Ccne2/Orc1/Poln/Dbf4/Pole/Brca2/Rfc3/Mcm7/Rfc5/Mcm2/Pold1/Ticrr/Blm/E2f8/Lig1/Prim1/E2f7/Timeless/Fbxo5/Mcm5/Gins2/Cdt1/Wdhd1/Traip/Topbp1/Cdc6/Brca1/Atad5/Eme1/Pole2/Gen1/Dscc1/Tonsl/Recql4/Mcm4/Polq/Cdc45/Chtf18/Fam111a",48
"GO:1901987","regulation of cell cycle phase transition","65/512","434/28943",1.38616841931879e-40,5.27021233025004e-38,4.28544910267294e-38,"Cenpf/Dtl/Nuf2/Bard1/Kif14/Spc25/Rbl1/Fam83d/Ube2c/Cdc25b/Aurka/Bub1b/Rad51/Bub1/Cenpe/Mlf1/Sass6/Cdkn2c/Rpa2/Cdc20/Cdca8/Clspn/Stil/Orc1/Dbf4/Brca2/Chek2/Kntc1/Mad2l1/Fancd2/Ticrr/Blm/Plk1/Hmga2/E2f7/Timeless/Fbxo5/Cdk1/Cdt1/Pbk/Chek1/Ttk/Topbp1/Spc24/Zwilch/Cdc6/Spdl1/Birc5/Brca1/Atad5/Haspin/Eme1/Ccl2/Aurkb/Ccnb1/Trip13/Rrm2/Rad51b/Gen1/Wnt10b/Ndc80/Lmnb1/Cdc25c/Incenp/Cdca5",65
"GO:1903046","meiotic cell cycle process","49/512","222/28943",4.28121338580321e-39,1.47974302662035e-36,1.20324628843101e-36,"Mybl1/Sgo2a/Nuf2/Aspm/Suv39h2/Mastl/Ncaph/Cdc25b/Kif18a/Aurka/Bub1b/Rad51/Bub1/Cenpe/Ndc1/Cenps/Rad54l/Cdc20/Ccne2/Rad54b/Smc2/Brca2/Ereg/Rad51ap1/Ncapd2/Fancd2/Plk1/Fbxo5/Dnmt3l/Ankle1/Fanca/Ttk/Topbp1/Ccnb2/Pttg1/Birc5/Cntd1/Brip1/Haspin/Fignl1/Eme1/Trip13/Cks2/Espl1/Sgo1/Ndc80/Chtf18/Cdc25c/Incenp",49
"GO:0010948","negative regulation of cell cycle process","55/512","302/28943",4.72403157183559e-39,1.49673066967658e-36,1.21705971284922e-36,"Dtl/Nek2/Nuf2/Bard1/Spc25/Rbl1/Aurka/Bub1b/Rad51/Bub1/Cenpe/Rpa2/Cdc20/Cdca8/Clspn/Stil/Orc1/Brca2/Chek2/Kntc1/Mad2l1/Fancd2/Ticrr/Blm/E2f8/Plk1/Hmga2/E2f7/Timeless/Fbxo5/Cdk1/Cdt1/Pbk/Chek1/Ttk/Topbp1/Spc24/Zwilch/Cdc6/Spdl1/Pttg1/Birc5/Brca1/Haspin/Eme1/Ccl2/Aurkb/Ccnb1/Trip13/Gen1/Recql4/Ccnf/Ndc80/Kifc1/Incenp",55
"GO:0140013","meiotic nuclear division","47/512","204/28943",1.85671957863683e-38,5.43019064459785e-36,4.41553473883106e-36,"Mybl1/Sgo2a/Nuf2/Aspm/Suv39h2/Mastl/Ncaph/Cdc25b/Kif18a/Aurka/Bub1b/Rad51/Bub1/Cenpe/Ndc1/Cenps/Rad54l/Cdc20/Ccne2/Rad54b/Smc2/Brca2/Ereg/Rad51ap1/Fancd2/Plk1/Fbxo5/Dnmt3l/Ankle1/Fanca/Ttk/Topbp1/Ccnb2/Pttg1/Birc5/Cntd1/Brip1/Haspin/Fignl1/Eme1/Trip13/Cks2/Espl1/Sgo1/Ndc80/Chtf18/Incenp",47
"GO:0090068","positive regulation of cell cycle process","52/512","269/28943",2.4950744359712e-38,6.7759092896875e-36,5.50979971311836e-36,"Sgo2a/Dtl/Kif14/Fam83d/Ncaph/Ube2c/Cdc25b/Aurka/Nusap1/Plk4/Cenpe/Ect2/Sass6/Cdca8/Smc2/Stil/Orc1/Dbf4/Chek2/Ncapg/Ereg/Cit/Rad51ap1/Mad2l1/Ncapd2/E2f8/E2f7/Fbxo5/Cdk1/Cdt1/Pbk/Poc1a/Kif23/Cdc6/Birc5/Atad5/Spag5/Aurkb/Ccnb1/Rrm2/Ncapg2/Rad51b/Gen1/Racgap1/Wnt10b/Ndc80/Lmnb1/Cdc25c/Kif20b/Incenp/Fen1/Cdca5",52
"GO:0051983","regulation of chromosome segregation","39/512","126/28943",1.44860631496098e-37,3.67173413965444e-35,2.98565385757222e-35,"Nuf2/Spc25/Ncaph/Ube2c/Bub1b/Bub1/Cenpe/Kif2c/Cdc20/Cdca8/Smc2/Ncapg/Kntc1/Tacc3/Cit/Rad18/Mad2l1/Ncapd2/Mki67/Plk1/Fbxo5/Cdt1/Cdca2/Ttk/Spc24/Zwilch/Cdc6/Spdl1/Pttg1/Birc5/Aurkb/Ccnb1/Trip13/Ncapg2/Gen1/Rmi2/Ndc80/Chtf18/Incenp",39
"GO:0045787","positive regulation of cell cycle","57/512","358/28943",4.03782453936918e-37,9.594880561676e-35,7.80203333692584e-35,"Sgo2a/Dtl/Bard1/Kif14/Fam83d/Ncaph/Ube2c/Cdc25b/Aurka/Nusap1/Plk4/Cenpe/Ect2/Sass6/Cdca8/Smc2/Stil/Orc1/Dbf4/Brca2/Chek2/Ncapg/Ereg/Cit/Rad51ap1/Mad2l1/Ncapd2/E2f8/E2f7/Fbxo5/Cdk1/Cdt1/Pbk/Poc1a/Chek1/Kif23/Cdc6/Birc5/Brca1/Atad5/Spag5/Aurkb/Ccnb1/Rrm2/Ncapg2/Rad51b/Gen1/Racgap1/Wnt10b/Ndc80/Lmnb1/Cdc25c/Fosl1/Kif20b/Incenp/Fen1/Cdca5",57
"GO:0051321","meiotic cell cycle","55/512","336/28943",1.71420555645787e-36,3.83377030920754e-34,3.1174128292983e-34,"Exo1/Mybl1/Sgo2a/Nek2/Nuf2/Aspm/Suv39h2/Mastl/Ncaph/Cdc25b/Kif18a/Aurka/Bub1b/Rad51/Bub1/Cenpe/Ndc1/Cenps/Rad54l/Cdc20/Ccne2/Rad54b/Smc2/Brca2/Ereg/Rad51ap1/Ncapd2/Fancd2/Mki67/Plk1/Hmga2/Fbxo5/Dnmt3l/Ankle1/Fanca/Ttk/Topbp1/Ccnb2/Mns1/Pttg1/Birc5/Cntd1/Brip1/Haspin/Fignl1/Eme1/Trip13/Cks2/Espl1/Pkmyt1/Sgo1/Ndc80/Chtf18/Cdc25c/Incenp",55
"GO:0000075","cell cycle checkpoint signaling","44/512","188/28943",2.2372909459511e-36,4.72565565361449e-34,3.84264532646689e-34,"Dtl/Nuf2/Bard1/Spc25/Aurka/Bub1b/Rad51/Bub1/Cenpe/Rpa2/Cdc20/Cdca8/Clspn/Stil/Orc1/Brca2/Chek2/Kntc1/Mad2l1/Fancd2/Ticrr/Blm/Plk1/Hmga2/Timeless/Cdk1/Cdt1/Pbk/Chek1/Ttk/Topbp1/Spc24/Zwilch/Cdc6/Spdl1/Birc5/Brca1/Eme1/Aurkb/Ccnb1/Trip13/Gen1/Ndc80/Incenp",44
"GO:1901990","regulation of mitotic cell cycle phase transition","55/512","342/28943",4.50280161935838e-36,9.01034302989503e-34,7.32671931083411e-34,"Cenpf/Dtl/Nuf2/Bard1/Kif14/Spc25/Rbl1/Ube2c/Cdc25b/Bub1b/Bub1/Cenpe/Sass6/Cdkn2c/Rpa2/Cdc20/Cdca8/Clspn/Stil/Orc1/Dbf4/Kntc1/Mad2l1/Ticrr/Blm/Plk1/Hmga2/E2f7/Fbxo5/Cdk1/Cdt1/Chek1/Ttk/Topbp1/Spc24/Zwilch/Cdc6/Spdl1/Birc5/Brca1/Atad5/Haspin/Ccl2/Aurkb/Ccnb1/Trip13/Rrm2/Rad51b/Gen1/Wnt10b/Ndc80/Lmnb1/Cdc25c/Incenp/Cdca5",55
"GO:0007093","mitotic cell cycle checkpoint signaling","40/512","147/28943",5.38521858954417e-36,1.02373005387235e-33,8.32441420920591e-34,"Dtl/Nuf2/Bard1/Spc25/Bub1b/Bub1/Cenpe/Rpa2/Cdc20/Cdca8/Clspn/Stil/Orc1/Chek2/Kntc1/Mad2l1/Fancd2/Ticrr/Blm/Plk1/Hmga2/Cdk1/Cdt1/Pbk/Chek1/Ttk/Topbp1/Spc24/Zwilch/Cdc6/Spdl1/Birc5/Brca1/Eme1/Aurkb/Ccnb1/Trip13/Gen1/Ndc80/Incenp",40
"GO:1901988","negative regulation of cell cycle phase transition","49/512","260/28943",1.3221214082949e-35,2.39366933063677e-33,1.94640129130933e-33,"Dtl/Nuf2/Bard1/Spc25/Rbl1/Aurka/Bub1b/Rad51/Bub1/Cenpe/Rpa2/Cdc20/Cdca8/Clspn/Stil/Orc1/Brca2/Chek2/Kntc1/Mad2l1/Fancd2/Ticrr/Blm/Plk1/Hmga2/E2f7/Timeless/Fbxo5/Cdk1/Cdt1/Pbk/Chek1/Ttk/Topbp1/Spc24/Zwilch/Cdc6/Spdl1/Birc5/Brca1/Haspin/Eme1/Ccl2/Aurkb/Ccnb1/Trip13/Gen1/Ndc80/Incenp",49
"GO:0007051","spindle organization","43/512","185/28943",1.96541913139334e-35,3.39660160798068e-33,2.76193109516854e-33,"Nek2/Nuf2/Aspm/Tpx2/Spc25/Mybl2/Aurka/Knstrn/Kif4/Cenpe/Sass6/Stmn1/Aunip/Haus6/Cdc20/Cdca8/Stil/Haus3/Chek2/Tacc3/Prc1/Plk1/Fbxo5/Ccsap/Dlgap5/Bora/Poc1a/Kif23/Ccnb2/Birc5/Spag5/Aurkb/Cenph/Ripor2/Ccnb1/Cep72/Racgap1/Espl1/Ndc80/Kifc5b/Kifc1/Incenp/Kif11",43
"GO:0045786","negative regulation of cell cycle","57/512","385/28943",2.3594618229867e-35,3.90029297869367e-33,3.17150543437618e-33,"Dtl/Nek2/Nuf2/Bard1/Spc25/Rbl1/Aurka/Bub1b/Rad51/Bub1/Cenpe/Cdkn2c/Rpa2/Cdc20/Cdca8/Clspn/Stil/Orc1/Brca2/Chek2/Kntc1/Mad2l1/Fancd2/Ticrr/Blm/E2f8/Plk1/Hmga2/E2f7/Timeless/Fbxo5/Cdk1/Cdt1/Pbk/Chek1/Ttk/Topbp1/Spc24/Zwilch/Cdc6/Spdl1/Pttg1/Birc5/Brca1/Haspin/Eme1/Ccl2/Aurkb/Ccnb1/Gmnn/Trip13/Gen1/Recql4/Ccnf/Ndc80/Kifc1/Incenp",57
"GO:0006310","DNA recombination","52/512","323/28943",3.65523476062764e-34,5.79050106662762e-32,4.70851951401902e-32,"Exo1/Mcm3/Mcm6/Bard1/Mcm8/Rad51/Fancb/Cenps/Rpa2/Rad54l/Aunip/Mms22l/Rad54b/Poln/Brca2/Xrcc2/Mcm7/Nsd2/Mcm2/Rad51ap1/Rad18/Fancd2/Blm/Palb2/Lig1/Parpbp/Timeless/Mcm5/Ankle1/Gins2/Hmgb2/Cgas/Chek1/Topbp1/Pif1/Cntd1/Brca1/Atad5/Brip1/Fignl1/Hrob/Eme1/Trip13/Rad51b/Gen1/Tonsl/Recql4/Mcm4/Polq/Cdc45/Rmi2/Chtf18",52
"GO:0051304","chromosome separation","37/512","132/28943",6.70750973713986e-34,1.02007808082423e-31,8.29471835704412e-32,"Nuf2/Spc25/Ncaph/Ube2c/Bub1b/Bub1/Cenpe/Cenps/Cdc20/Cdca8/Smc2/Ncapg/Kntc1/Tacc3/Cit/Mad2l1/Ncapd2/Plk1/Fbxo5/Ankle1/Cdt1/Ttk/Spc24/Zwilch/Cdc6/Spdl1/Pttg1/Birc5/Eme1/Aurkb/Ccnb1/Trip13/Ncapg2/Gen1/Espl1/Ndc80/Incenp",37
"GO:1902850","microtubule cytoskeleton organization involved in mitosis","38/512","153/28943",1.33345610869182e-32,1.94992312509473e-30,1.58557108956595e-30,"Nek2/Nuf2/Tpx2/Spc25/Mybl2/Sapcd2/Aurka/Nusap1/Kif4/Cenpe/Sass6/Stmn1/Cdc20/Cdca8/Stil/Chek2/Tacc3/Cenpa/Mad2l1/Prc1/Plk1/Ccsap/Dlgap5/Bora/Poc1a/Kif23/Spdl1/Birc5/Aurkb/Cenph/Ripor2/Ccnb1/Racgap1/Ndc80/Kifc5b/Kifc1/Incenp/Kif11",38
"GO:0045930","negative regulation of mitotic cell cycle","45/512","241/28943",1.39687654558184e-32,1.96700912085266e-30,1.59946448903465e-30,"Dtl/Nuf2/Bard1/Spc25/Rbl1/Bub1b/Bub1/Cenpe/Rpa2/Cdc20/Cdca8/Clspn/Stil/Orc1/Chek2/Kntc1/Mad2l1/Fancd2/Ticrr/Blm/Plk1/Hmga2/E2f7/Fbxo5/Cdk1/Cdt1/Pbk/Chek1/Ttk/Topbp1/Spc24/Zwilch/Cdc6/Spdl1/Birc5/Brca1/Haspin/Eme1/Ccl2/Aurkb/Ccnb1/Trip13/Gen1/Ndc80/Incenp",45
"GO:1901991","negative regulation of mitotic cell cycle phase transition","40/512","181/28943",4.23639585509236e-32,5.75242037180755e-30,4.67755437082942e-30,"Dtl/Nuf2/Bard1/Spc25/Rbl1/Bub1b/Bub1/Cenpe/Rpa2/Cdc20/Cdca8/Clspn/Orc1/Kntc1/Mad2l1/Ticrr/Blm/Plk1/Hmga2/E2f7/Fbxo5/Cdk1/Cdt1/Chek1/Ttk/Topbp1/Spc24/Zwilch/Cdc6/Spdl1/Birc5/Brca1/Haspin/Ccl2/Aurkb/Ccnb1/Trip13/Gen1/Ndc80/Incenp",40
"GO:1905818","regulation of chromosome separation","33/512","107/28943",6.82801837213448e-32,8.95176753477769e-30,7.27908891432268e-30,"Nuf2/Spc25/Ncaph/Ube2c/Bub1b/Bub1/Cenpe/Cdc20/Cdca8/Smc2/Ncapg/Kntc1/Tacc3/Cit/Mad2l1/Ncapd2/Plk1/Fbxo5/Cdt1/Ttk/Spc24/Zwilch/Cdc6/Spdl1/Pttg1/Birc5/Aurkb/Ccnb1/Trip13/Ncapg2/Gen1/Ndc80/Incenp",33
"GO:0006302","double-strand break repair","47/512","292/28943",5.99188148441745e-31,7.59371113458505e-29,6.17479155078388e-29,"Mcm3/Mcm6/Mcm8/Rad51/Pola1/Fancb/Rpa2/Rad54l/Aunip/Mms22l/Rad54b/Poln/Brca2/Chek2/Xrcc2/Mcm7/Nsd2/Mcm2/Rad51ap1/Foxm1/Fancd2/Blm/Palb2/Lig1/Parpbp/Hmga2/Timeless/Mcm5/Ankle1/Gins2/Esco2/Cgas/Chek1/Brca1/Brip1/Fignl1/Eme1/Trip13/Rad51b/Gen1/Tonsl/Recql4/Mcm4/Polq/Cdc45/Rmi2/Cdca5",47
"GO:0051985","negative regulation of chromosome segregation","25/512","52/28943",2.67054978533737e-30,3.27530009156538e-28,2.66329532072524e-28,"Nuf2/Spc25/Bub1b/Bub1/Cenpe/Cdc20/Cdca8/Kntc1/Mad2l1/Plk1/Fbxo5/Cdt1/Ttk/Spc24/Zwilch/Spdl1/Pttg1/Birc5/Aurkb/Ccnb1/Trip13/Gen1/Ndc80/Chtf18/Incenp",25
"GO:0007052","mitotic spindle organization","33/512","123/28943",1.16105040853658e-29,1.37947301664253e-27,1.12171218745787e-27,"Nek2/Nuf2/Tpx2/Spc25/Mybl2/Aurka/Kif4/Cenpe/Sass6/Stmn1/Cdc20/Cdca8/Stil/Chek2/Tacc3/Prc1/Plk1/Ccsap/Dlgap5/Bora/Poc1a/Kif23/Birc5/Aurkb/Cenph/Ripor2/Ccnb1/Racgap1/Ndc80/Kifc5b/Kifc1/Incenp/Kif11",33
"GO:0033046","negative regulation of sister chromatid segregation","24/512","49/28943",2.16377064820296e-29,2.35047314413362e-27,1.91127650940514e-27,"Nuf2/Spc25/Bub1b/Bub1/Cenpe/Cdc20/Cdca8/Kntc1/Mad2l1/Plk1/Fbxo5/Cdt1/Ttk/Spc24/Zwilch/Spdl1/Pttg1/Birc5/Aurkb/Ccnb1/Trip13/Gen1/Ndc80/Incenp",24
"GO:0033048","negative regulation of mitotic sister chromatid segregation","24/512","49/28943",2.16377064820296e-29,2.35047314413362e-27,1.91127650940514e-27,"Nuf2/Spc25/Bub1b/Bub1/Cenpe/Cdc20/Cdca8/Kntc1/Mad2l1/Plk1/Fbxo5/Cdt1/Ttk/Spc24/Zwilch/Spdl1/Pttg1/Birc5/Aurkb/Ccnb1/Trip13/Gen1/Ndc80/Incenp",24
"GO:2000816","negative regulation of mitotic sister chromatid separation","24/512","49/28943",2.16377064820296e-29,2.35047314413362e-27,1.91127650940514e-27,"Nuf2/Spc25/Bub1b/Bub1/Cenpe/Cdc20/Cdca8/Kntc1/Mad2l1/Plk1/Fbxo5/Cdt1/Ttk/Spc24/Zwilch/Spdl1/Pttg1/Birc5/Aurkb/Ccnb1/Trip13/Gen1/Ndc80/Incenp",24
"GO:0033044","regulation of chromosome organization","42/512","241/28943",3.36643087080156e-29,3.55532504744099e-27,2.89099633553924e-27,"Sgo2a/Nek2/Nuf2/Spc25/Ncaph/Ube2c/Bub1b/Bub1/Cenpe/Cdc20/Cdca8/Smc2/Ncapg/Kntc1/Tacc3/Cit/Mcm2/Mad2l1/Ncapd2/Plk1/Fbxo5/Cdt1/Wdhd1/Ttk/Dnmt1/Pif1/Spc24/Zwilch/Cdc6/Spdl1/Pttg1/Birc5/Aurkb/Ccnb1/Trip13/Gen1/Recql4/Rmi2/Ndc80/Incenp/Fen1/Cdca5",42
"GO:0000725","recombinational repair","36/512","164/28943",6.94203212810596e-29,7.13340706785374e-27,5.80049739978583e-27,"Mcm3/Mcm6/Mcm8/Rad51/Fancb/Rpa2/Rad54l/Aunip/Mms22l/Rad54b/Poln/Brca2/Xrcc2/Mcm7/Mcm2/Rad51ap1/Blm/Palb2/Parpbp/Timeless/Mcm5/Ankle1/Gins2/Cgas/Chek1/Brca1/Fignl1/Hrob/Rad51b/Gen1/Tonsl/Recql4/Mcm4/Polq/Cdc45/Rmi2",36
"GO:0031577","spindle checkpoint signaling","24/512","51/28943",7.60721738280487e-29,7.4160616639549e-27,6.03033669454734e-27,"Nuf2/Spc25/Aurka/Bub1b/Bub1/Cenpe/Cdc20/Cdca8/Stil/Kntc1/Mad2l1/Plk1/Cdt1/Ttk/Spc24/Zwilch/Spdl1/Birc5/Aurkb/Ccnb1/Trip13/Gen1/Ndc80/Incenp",24
"GO:1905819","negative regulation of chromosome separation","24/512","51/28943",7.60721738280487e-29,7.4160616639549e-27,6.03033669454734e-27,"Nuf2/Spc25/Bub1b/Bub1/Cenpe/Cdc20/Cdca8/Kntc1/Mad2l1/Plk1/Fbxo5/Cdt1/Ttk/Spc24/Zwilch/Spdl1/Pttg1/Birc5/Aurkb/Ccnb1/Trip13/Gen1/Ndc80/Incenp",24
"GO:0033047","regulation of mitotic sister chromatid segregation","24/512","54/28943",4.42525699936548e-28,4.20620677789689e-26,3.42025784398327e-26,"Nuf2/Spc25/Bub1b/Bub1/Cenpe/Cdc20/Cdca8/Kntc1/Mad2l1/Plk1/Fbxo5/Cdt1/Ttk/Spc24/Zwilch/Spdl1/Pttg1/Birc5/Aurkb/Ccnb1/Trip13/Gen1/Ndc80/Incenp",24
"GO:0000724","double-strand break repair via homologous recombination","35/512","160/28943",4.65905021282127e-28,4.3204168071089e-26,3.51312720797332e-26,"Mcm3/Mcm6/Mcm8/Rad51/Fancb/Rpa2/Rad54l/Aunip/Mms22l/Rad54b/Poln/Brca2/Xrcc2/Mcm7/Mcm2/Rad51ap1/Blm/Palb2/Parpbp/Timeless/Mcm5/Ankle1/Gins2/Cgas/Chek1/Brca1/Fignl1/Rad51b/Gen1/Tonsl/Recql4/Mcm4/Polq/Cdc45/Rmi2",35
"GO:0061982","meiosis I cell cycle process","33/512","137/28943",5.50660100787705e-28,4.9847850076068e-26,4.05335517797867e-26,"Mybl1/Sgo2a/Cdc25b/Aurka/Rad51/Cenpe/Ndc1/Cenps/Rad54l/Ccne2/Rad54b/Brca2/Rad51ap1/Fancd2/Plk1/Fbxo5/Dnmt3l/Ankle1/Topbp1/Ccnb2/Pttg1/Birc5/Cntd1/Brip1/Haspin/Eme1/Trip13/Cks2/Espl1/Sgo1/Ndc80/Chtf18/Cdc25c",33
"GO:0045841","negative regulation of mitotic metaphase/anaphase transition","23/512","48/28943",6.26717315864186e-28,5.41540735208099e-26,4.4035137719931e-26,"Nuf2/Spc25/Bub1b/Bub1/Cenpe/Cdc20/Cdca8/Kntc1/Mad2l1/Plk1/Fbxo5/Cdt1/Ttk/Spc24/Zwilch/Spdl1/Birc5/Aurkb/Ccnb1/Trip13/Gen1/Ndc80/Incenp",23
"GO:0071174","mitotic spindle checkpoint signaling","23/512","48/28943",6.26717315864186e-28,5.41540735208099e-26,4.4035137719931e-26,"Nuf2/Spc25/Bub1b/Bub1/Cenpe/Cdc20/Cdca8/Stil/Kntc1/Mad2l1/Plk1/Cdt1/Ttk/Spc24/Zwilch/Spdl1/Birc5/Aurkb/Ccnb1/Trip13/Gen1/Ndc80/Incenp",23
"GO:1902100","negative regulation of metaphase/anaphase transition of cell cycle","23/512","50/28943",2.11694283120043e-27,1.78858147649423e-25,1.45437686438261e-25,"Nuf2/Spc25/Bub1b/Bub1/Cenpe/Cdc20/Cdca8/Kntc1/Mad2l1/Plk1/Fbxo5/Cdt1/Ttk/Spc24/Zwilch/Spdl1/Birc5/Aurkb/Ccnb1/Trip13/Gen1/Ndc80/Incenp",23
"GO:0007127","meiosis I","32/512","133/28943",3.71857840420411e-27,3.06777743245925e-25,2.49454921762309e-25,"Mybl1/Sgo2a/Cdc25b/Aurka/Rad51/Cenpe/Ndc1/Cenps/Rad54l/Ccne2/Rad54b/Brca2/Rad51ap1/Fancd2/Plk1/Fbxo5/Dnmt3l/Ankle1/Topbp1/Ccnb2/Pttg1/Birc5/Cntd1/Brip1/Haspin/Eme1/Trip13/Cks2/Espl1/Sgo1/Ndc80/Chtf18",32
"GO:0045839","negative regulation of mitotic nuclear division","24/512","58/28943",3.79236031892648e-27,3.06777743245925e-25,2.49454921762309e-25,"Nuf2/Spc25/Bub1b/Bub1/Cenpe/Cdc20/Cdca8/Kntc1/Mad2l1/Plk1/Fbxo5/Cdt1/Chek1/Ttk/Spc24/Zwilch/Spdl1/Birc5/Aurkb/Ccnb1/Trip13/Gen1/Ndc80/Incenp",24
"GO:0033045","regulation of sister chromatid segregation","29/512","102/28943",5.11532572051253e-27,4.0517642477893e-25,3.29467360551432e-25,"Nuf2/Spc25/Ube2c/Bub1b/Bub1/Cenpe/Cdc20/Cdca8/Kntc1/Tacc3/Cit/Mad2l1/Plk1/Fbxo5/Cdt1/Ttk/Spc24/Zwilch/Cdc6/Spdl1/Pttg1/Birc5/Aurkb/Ccnb1/Trip13/Gen1/Rmi2/Ndc80/Incenp",29
"GO:0010965","regulation of mitotic sister chromatid separation","28/512","93/28943",6.57820913619235e-27,5.10415329302109e-25,4.15041895445691e-25,"Nuf2/Spc25/Ube2c/Bub1b/Bub1/Cenpe/Cdc20/Cdca8/Kntc1/Tacc3/Cit/Mad2l1/Plk1/Fbxo5/Cdt1/Ttk/Spc24/Zwilch/Cdc6/Spdl1/Pttg1/Birc5/Aurkb/Ccnb1/Trip13/Gen1/Ndc80/Incenp",28
"GO:0007094","mitotic spindle assembly checkpoint signaling","22/512","46/28943",9.5829381530456e-27,7.14398644272144e-25,5.80909997017439e-25,"Nuf2/Spc25/Bub1b/Bub1/Cenpe/Cdc20/Cdca8/Kntc1/Mad2l1/Plk1/Cdt1/Ttk/Spc24/Zwilch/Spdl1/Birc5/Aurkb/Ccnb1/Trip13/Gen1/Ndc80/Incenp",22
"GO:0071173","spindle assembly checkpoint signaling","22/512","46/28943",9.5829381530456e-27,7.14398644272144e-25,5.80909997017439e-25,"Nuf2/Spc25/Bub1b/Bub1/Cenpe/Cdc20/Cdca8/Kntc1/Mad2l1/Plk1/Cdt1/Ttk/Spc24/Zwilch/Spdl1/Birc5/Aurkb/Ccnb1/Trip13/Gen1/Ndc80/Incenp",22
"GO:0007088","regulation of mitotic nuclear division","30/512","115/28943",1.13216986976693e-26,8.27790354779592e-25,6.73113948887749e-25,"Nuf2/Spc25/Bub1b/Nusap1/Bub1/Cenpe/Cdc20/Cdca8/Ereg/Kntc1/Mad2l1/Mki67/Plk1/Fbxo5/Cdt1/Bora/Cdca2/Chek1/Ttk/Spc24/Zwilch/Spdl1/Birc5/Aurkb/Ccnb1/Trip13/Gen1/Ndc80/Kif20b/Incenp",30
"GO:0051306","mitotic sister chromatid separation","28/512","96/28943",1.78589361974892e-26,1.2811259513746e-24,1.04174172019912e-24,"Nuf2/Spc25/Ube2c/Bub1b/Bub1/Cenpe/Cdc20/Cdca8/Kntc1/Tacc3/Cit/Mad2l1/Plk1/Fbxo5/Cdt1/Ttk/Spc24/Zwilch/Cdc6/Spdl1/Pttg1/Birc5/Aurkb/Ccnb1/Trip13/Gen1/Ndc80/Incenp",28
"GO:0007091","metaphase/anaphase transition of mitotic cell cycle","27/512","92/28943",1.17991988571434e-25,8.30751001015914e-24,6.75521384862189e-24,"Nuf2/Spc25/Ube2c/Bub1b/Bub1/Cenpe/Cdc20/Cdca8/Kntc1/Tacc3/Cit/Mad2l1/Plk1/Fbxo5/Cdt1/Ttk/Spc24/Zwilch/Cdc6/Spdl1/Birc5/Aurkb/Ccnb1/Trip13/Gen1/Ndc80/Incenp",27
"GO:2001251","negative regulation of chromosome organization","27/512","94/28943",2.25772281674178e-25,1.56070220895496e-23,1.26907787804222e-23,"Nuf2/Spc25/Bub1b/Bub1/Cenpe/Cdc20/Cdca8/Kntc1/Mcm2/Mad2l1/Plk1/Fbxo5/Cdt1/Ttk/Pif1/Spc24/Zwilch/Spdl1/Pttg1/Birc5/Aurkb/Ccnb1/Trip13/Gen1/Recql4/Ndc80/Incenp",27
"GO:0044784","metaphase/anaphase transition of cell cycle","27/512","95/28943",3.10311748719775e-25,2.10679512255818e-23,1.71313083832703e-23,"Nuf2/Spc25/Ube2c/Bub1b/Bub1/Cenpe/Cdc20/Cdca8/Kntc1/Tacc3/Cit/Mad2l1/Plk1/Fbxo5/Cdt1/Ttk/Spc24/Zwilch/Cdc6/Spdl1/Birc5/Aurkb/Ccnb1/Trip13/Gen1/Ndc80/Incenp",27
"GO:0051784","negative regulation of nuclear division","24/512","68/28943",3.77410086642925e-25,2.51739149020421e-23,2.04700540068379e-23,"Nuf2/Spc25/Bub1b/Bub1/Cenpe/Cdc20/Cdca8/Kntc1/Mad2l1/Plk1/Fbxo5/Cdt1/Chek1/Ttk/Spc24/Zwilch/Spdl1/Birc5/Aurkb/Ccnb1/Trip13/Gen1/Ndc80/Incenp",24
"GO:0044839","cell cycle G2/M phase transition","32/512","154/28943",5.24059234714006e-25,3.43529863859078e-23,2.7933974089928e-23,"Cenpf/Dtl/Bard1/Kif14/Mastl/Cdc25b/Ccna2/Clspn/Orc1/Abcb1a/Abcb1b/Chek2/Foxm1/Ticrr/Blm/Plk1/Hmga2/Fbxo5/Cdk1/Chek1/Topbp1/Ccnb2/Cdc6/Birc5/Brca1/Atad5/Ccnb1/Rad51b/Wnt10b/Ndc80/Lmnb1/Cdc25c",32
"GO:0051225","spindle assembly","29/512","120/28943",8.77546225326051e-25,5.65496737066041e-23,4.5983109077299e-23,"Nek2/Aspm/Tpx2/Mybl2/Aurka/Cenpe/Sass6/Haus6/Cdc20/Cdca8/Stil/Haus3/Chek2/Prc1/Plk1/Fbxo5/Ccsap/Kif23/Ccnb2/Birc5/Spag5/Aurkb/Ripor2/Racgap1/Ndc80/Kifc5b/Kifc1/Incenp/Kif11",29
"GO:0008608","attachment of spindle microtubules to kinetochore","20/512","41/28943",1.18887136664948e-24,7.53348156000221e-23,6.12581614710443e-23,"Nek2/Nuf2/Spc25/Knl1/Knstrn/Cenpe/Ect2/Kif2c/Cdca8/Brca2/Cdt1/Spc24/Birc5/Spag5/Aurkb/Ccnb1/Racgap1/Sgo1/Ndc80/Incenp",20
"GO:0051783","regulation of nuclear division","31/512","147/28943",1.80460587332565e-24,1.12477238203018e-22,9.14603528896883e-23,"Nuf2/Spc25/Bub1b/Nusap1/Bub1/Cenpe/Cdc20/Cdca8/Ereg/Kntc1/Rad51ap1/Mad2l1/Mki67/Plk1/Fbxo5/Cdt1/Bora/Cdca2/Chek1/Ttk/Spc24/Zwilch/Spdl1/Birc5/Aurkb/Ccnb1/Trip13/Gen1/Ndc80/Kif20b/Incenp",31
"GO:0030071","regulation of mitotic metaphase/anaphase transition","25/512","88/28943",1.87354602600682e-23,1.14890677272224e-21,9.34228298536845e-22,"Nuf2/Spc25/Ube2c/Bub1b/Bub1/Cenpe/Cdc20/Cdca8/Kntc1/Mad2l1/Plk1/Fbxo5/Cdt1/Ttk/Spc24/Zwilch/Cdc6/Spdl1/Birc5/Aurkb/Ccnb1/Trip13/Gen1/Ndc80/Incenp",25
"GO:1902099","regulation of metaphase/anaphase transition of cell cycle","25/512","91/28943",4.73608918636509e-23,2.85819223596191e-21,2.32412597165485e-21,"Nuf2/Spc25/Ube2c/Bub1b/Bub1/Cenpe/Cdc20/Cdca8/Kntc1/Mad2l1/Plk1/Fbxo5/Cdt1/Ttk/Spc24/Zwilch/Cdc6/Spdl1/Birc5/Aurkb/Ccnb1/Trip13/Gen1/Ndc80/Incenp",25
"GO:0000086","G2/M transition of mitotic cell cycle","29/512","139/28943",7.87757043742613e-23,4.67976918798346e-21,3.80533295636851e-21,"Cenpf/Dtl/Bard1/Kif14/Mastl/Cdc25b/Ccna2/Clspn/Orc1/Abcb1a/Abcb1b/Chek2/Foxm1/Ticrr/Blm/Plk1/Hmga2/Fbxo5/Cdk1/Chek1/Topbp1/Cdc6/Birc5/Brca1/Ccnb1/Rad51b/Wnt10b/Lmnb1/Cdc25c",29
"GO:0090329","regulation of DNA-templated DNA replication","21/512","57/28943",1.25397608160047e-22,7.33479548037691e-21,5.96425546827625e-21,"Mcm3/Mcm6/Gins1/Dbf4/Brca2/Rfc3/Mcm7/Rfc5/Mcm2/Ticrr/Blm/E2f8/E2f7/Timeless/Fbxo5/Mcm5/Gins2/Cdt1/Dscc1/Mcm4/Chtf18",21
"GO:0006275","regulation of DNA replication","28/512","143/28943",2.73391185345938e-21,1.57489891922009e-19,1.2806218681994e-19,"Mcm3/Mcm6/Gins1/Ccna2/Dbf4/Brca2/Rfc3/Ereg/Mcm7/Rfc5/Il6/Mcm2/Ticrr/Blm/E2f8/E2f7/Timeless/Fbxo5/Cdk1/Mcm5/Gins2/Cdt1/Esco2/Atad5/Gmnn/Dscc1/Mcm4/Chtf18",28
"GO:0051310","metaphase plate congression","21/512","66/28943",4.5215753628449e-21,2.56582530291587e-19,2.08638913443448e-19,"Cenpf/Nuf2/Kif14/Fam83d/Kif18a/Cenpe/Kif2c/Cdca8/Brca2/Kif22/Cdt1/Spdl1/Birc5/Spag5/Aurkb/Ccnb1/Ndc80/Kifc5b/Cenpq/Incenp/Cdca5",21
"GO:0140694","non-membrane-bounded organelle assembly","41/512","379/28943",2.06860632184776e-20,1.15659429936253e-18,9.40479375737907e-19,"Nek2/Aspm/Tpx2/Mybl2/Aurka/Plk4/Cenpe/Sass6/Cenps/Haus6/Cdc20/Cdca8/Stil/Haus3/Chek2/Kntc1/Cenpa/Prc1/Plk1/Pla2g4c/Cenpw/Csrp2/Fbxo5/Cenpn/Ccsap/Dlgap5/Kif23/Ccnb2/Birc5/Spag5/Aurkb/Cenph/Ripor2/Cep72/Cenpk/Racgap1/Ndc80/Kifc5b/Kifc1/Incenp/Kif11",41
"GO:0006270","DNA replication initiation","16/512","33/28943",6.44905066417471e-20,3.55352038046265e-18,2.88952887882245e-18,"Mcm3/Mcm6/Mcm10/Pola1/Ccne2/Orc1/Mcm7/Mcm2/Ticrr/Prim1/Mcm5/Cdt1/Topbp1/Cdc6/Mcm4/Cdc45",16
"GO:0051303","establishment of chromosome localization","21/512","80/28943",4.07951019652517e-19,2.2157568238841e-17,1.80173254845029e-17,"Cenpf/Nuf2/Kif14/Fam83d/Kif18a/Cenpe/Kif2c/Cdca8/Brca2/Kif22/Cdt1/Spdl1/Birc5/Spag5/Aurkb/Ccnb1/Ndc80/Kifc5b/Cenpq/Incenp/Cdca5",21
"GO:0034508","centromere complex assembly","15/512","30/28943",5.15773671488079e-19,2.76193168872912e-17,2.24585214701333e-17,"Oip5/Cenpi/Cenpe/Cenps/Nasp/Kntc1/Cenpa/Cenpw/Cenpn/Dlgap5/Cenph/Cenpp/Cenpk/Mis18a/Hells",15
"GO:0044786","cell cycle DNA replication","16/512","38/28943",1.13323649994971e-18,5.98411829556776e-17,4.86595848004721e-17,"Mcm3/Mcm6/Rad51/Gins1/Pola1/Dbf4/Brca2/Mcm2/E2f8/Lig1/E2f7/Fbxo5/Cdt1/Atad5/Mcm4/Cdc45",16
"GO:0010639","negative regulation of organelle organization","39/512","380/28943",1.15157523777744e-18,5.99765623839705e-17,4.87696679647059e-17,"Tmeff2/Nuf2/Tpx2/Spc25/Bub1b/Bub1/Cenpe/S1pr1/Stmn1/Cdc20/Cdca8/Kif24/Hgf/Slit2/Kntc1/Mcm2/Mad2l1/Plk1/Gmfg/Fbxo5/Ckap2/Cdt1/Chek1/Ttk/Pif1/Spc24/Zwilch/Spdl1/Pttg1/Birc5/Aurkb/Ccnb1/Trip13/Gen1/Recql4/Ccnf/Ndc80/Kifc1/Incenp",39
"GO:0050000","chromosome localization","21/512","85/28943",1.61740406022949e-18,8.30995977971965e-17,6.75720586755907e-17,"Cenpf/Nuf2/Kif14/Fam83d/Kif18a/Cenpe/Kif2c/Cdca8/Brca2/Kif22/Cdt1/Spdl1/Birc5/Spag5/Aurkb/Ccnb1/Ndc80/Kifc5b/Cenpq/Incenp/Cdca5",21
"GO:1902749","regulation of cell cycle G2/M phase transition","23/512","114/28943",5.01086134569527e-18,2.54017264484446e-16,2.06552979260449e-16,"Cenpf/Dtl/Bard1/Kif14/Cdc25b/Clspn/Orc1/Ticrr/Blm/Plk1/Hmga2/Fbxo5/Cdk1/Chek1/Topbp1/Cdc6/Brca1/Atad5/Ccnb1/Rad51b/Wnt10b/Lmnb1/Cdc25c",23
"GO:0051383","kinetochore organization","13/512","22/28943",6.14516580155517e-18,3.07420004967273e-16,2.49977173949689e-16,"Nuf2/Cenpe/Cenps/Smc2/Kntc1/Cenpa/Cenpw/Cenpn/Cdt1/Dlgap5/Cenph/Cenpk/Ndc80",13
"GO:1901976","regulation of cell cycle checkpoint","17/512","50/28943",7.18858009895389e-18,3.54506273986802e-16,2.88265158697427e-16,"Bard1/Aurka/Rad51/Rpa2/Cdca8/Brca2/Chek2/Mad2l1/Cdt1/Pbk/Birc5/Brca1/Aurkb/Ccnb1/Gen1/Ndc80/Incenp",17
"GO:0010389","regulation of G2/M transition of mitotic cell cycle","22/512","103/28943",7.27287989767768e-18,3.54506273986802e-16,2.88265158697427e-16,"Cenpf/Dtl/Bard1/Kif14/Cdc25b/Clspn/Orc1/Ticrr/Blm/Plk1/Hmga2/Fbxo5/Cdk1/Chek1/Topbp1/Cdc6/Brca1/Ccnb1/Rad51b/Wnt10b/Lmnb1/Cdc25c",22
"GO:0051984","positive regulation of chromosome segregation","14/512","29/28943",1.49900770382413e-17,7.21421175941691e-16,5.86620336593136e-16,"Ncaph/Cenpe/Cdca8/Smc2/Ncapg/Rad18/Ncapd2/Cdt1/Cdc6/Birc5/Aurkb/Ccnb1/Ncapg2/Incenp",14
"GO:0000910","cytokinesis","27/512","190/28943",7.62902432033717e-17,3.62569380824024e-15,2.94821637221451e-15,"Kif14/Cdc25b/Aurka/Nusap1/Plk4/Ect2/Stmn1/Cdca8/Brca2/Cit/Cenpa/Prc1/E2f8/Plk1/Ank3/E2f7/Ckap2/Kif23/Anln/Cdc6/Birc5/Aurkb/Racgap1/Kif20a/Kif20b/Cep55/Incenp",27
"GO:0045132","meiotic chromosome segregation","21/512","103/28943",1.13104061909349e-16,5.30890917752277e-15,4.31691526741726e-15,"Sgo2a/Nuf2/Ncaph/Bub1b/Bub1/Ndc1/Cenps/Ccne2/Smc2/Brca2/Fancd2/Plk1/Ankle1/Ttk/Pttg1/Brip1/Haspin/Eme1/Trip13/Espl1/Sgo1",21
"GO:0071459","protein localization to chromosome, centromeric region","13/512","26/28943",1.2045795686009e-16,5.58513599978125e-15,4.54152784721546e-15,"Bub1b/Knl1/Kntc1/Cenpa/Cdk1/Cdt1/Ttk/Zwilch/Spdl1/Haspin/Aurkb/Ndc80/Cenpq",13
"GO:0090307","mitotic spindle assembly","18/512","69/28943",1.60413320017092e-16,7.34808967114436e-15,5.97506557882305e-15,"Nek2/Tpx2/Mybl2/Cdc20/Cdca8/Chek2/Prc1/Plk1/Ccsap/Kif23/Birc5/Aurkb/Ripor2/Racgap1/Kifc5b/Kifc1/Incenp/Kif11",18
"GO:1901989","positive regulation of cell cycle phase transition","22/512","119/28943",1.8997394962484e-16,8.59858281516239e-15,6.99189837153076e-15,"Dtl/Fam83d/Ube2c/Cdc25b/Aurka/Cenpe/Sass6/Stil/Dbf4/Chek2/Fbxo5/Cdk1/Cdt1/Birc5/Atad5/Ccnb1/Rrm2/Rad51b/Wnt10b/Lmnb1/Cdc25c/Cdca5",22
"GO:0006268","DNA unwinding involved in DNA replication","12/512","21/28943",2.10233988312258e-16,9.40364263015535e-15,7.64652908573501e-15,"Mcm3/Mcm6/Rad51/Gins1/Mcm7/Mcm2/Blm/Mcm5/Gins2/Recql4/Mcm4/Cdc45",12
"GO:0031570","DNA integrity checkpoint signaling","22/512","121/28943",2.75174440935298e-16,1.21652700515814e-14,9.89213381917958e-15,"Dtl/Bard1/Rad51/Rpa2/Clspn/Orc1/Brca2/Chek2/Fancd2/Ticrr/Blm/Plk1/Hmga2/Timeless/Cdk1/Cdt1/Pbk/Chek1/Topbp1/Cdc6/Brca1/Eme1",22
"GO:0007080","mitotic metaphase plate congression","16/512","51/28943",2.95930927156628e-16,1.29325216672356e-14,1.05160209686511e-14,"Nuf2/Kif14/Kif18a/Cenpe/Kif2c/Cdca8/Kif22/Cdt1/Spdl1/Birc5/Aurkb/Ccnb1/Ndc80/Kifc5b/Incenp/Cdca5",16
"GO:0034502","protein localization to chromosome","21/512","108/28943",3.1445089993265e-16,1.35857081993629e-14,1.10471566160549e-14,"Mcm8/Bub1b/Knl1/Scml2/Rpa2/Brca2/Kntc1/Cenpa/Plk1/Cdk1/Cdt1/Esco2/Ttk/Zwilch/Spdl1/Haspin/Aurkb/Vrk1/Ndc80/Cenpq/Cdca5",21
"GO:0032508","DNA duplex unwinding","15/512","44/28943",6.09117724809924e-16,2.60209616823296e-14,2.11588262302395e-14,"Mcm3/Mcm6/Mcm8/Rad51/Gins1/Mcm7/Mcm2/Blm/Mcm5/Gins2/Pif1/Recql4/Mcm4/Cdc45/Ddx11",15
"GO:0000281","mitotic cytokinesis","18/512","76/28943",1.04059726962231e-15,4.39594535456001e-14,3.57454290161487e-14,"Nusap1/Ect2/Stmn1/Cdca8/Cit/Cenpa/Plk1/Ank3/Ckap2/Kif23/Anln/Birc5/Aurkb/Racgap1/Kif20a/Kif20b/Cep55/Incenp",18
"GO:0032465","regulation of cytokinesis","20/512","103/28943",1.65596750974524e-15,6.91866865060594e-14,5.62588383588406e-14,"Kif14/Cdc25b/Aurka/Plk4/Ect2/Cdca8/Brca2/Cit/Prc1/E2f8/Plk1/E2f7/Kif23/Cdc6/Birc5/Aurkb/Racgap1/Kif20a/Kif20b/Incenp",20
"GO:1902969","mitotic DNA replication","10/512","14/28943",2.58434208513434e-15,1.0680074573566e-13,8.6844538947821e-14,"Mcm3/Mcm6/Rad51/Gins1/Pola1/Brca2/Mcm2/Lig1/Mcm4/Cdc45",10
"GO:0051988","regulation of attachment of spindle microtubules to kinetochore","11/512","19/28943",3.17455634373414e-15,1.29781324934163e-13,1.05531092037885e-13,"Nek2/Knstrn/Cenpe/Ect2/Cdca8/Birc5/Spag5/Aurkb/Ccnb1/Racgap1/Incenp",11
"GO:0033260","nuclear DNA replication","13/512","33/28943",5.92944711569535e-15,2.39827212062487e-13,1.95014402898066e-13,"Mcm3/Mcm6/Rad51/Gins1/Pola1/Dbf4/Brca2/Mcm2/Lig1/Cdt1/Atad5/Mcm4/Cdc45",13
"GO:0032392","DNA geometric change","15/512","51/28943",7.54118884128325e-15,3.01806315521673e-13,2.45412427998326e-13,"Mcm3/Mcm6/Mcm8/Rad51/Gins1/Mcm7/Mcm2/Blm/Mcm5/Gins2/Pif1/Recql4/Mcm4/Cdc45/Ddx11",15
"GO:0045005","DNA-templated DNA replication maintenance of fidelity","15/512","52/28943",1.04279287197817e-14,4.12989427006355e-13,3.35820467653496e-13,"Bard1/Rad51/Cenps/Mms22l/Pole/Brca2/Pold1/Blm/Timeless/Traip/Brca1/Eme1/Gen1/Tonsl/Fam111a",15
"GO:0065004","protein-DNA complex assembly","24/512","178/28943",1.35288009601892e-14,5.30273208769478e-13,4.31189239501636e-13,"Rad51/Oip5/Cenpi/Cenpe/Cenps/Nasp/Kntc1/Cenpa/Mcm2/Cenpw/Cenpn/Cdt1/Asf1b/Dlgap5/Cenph/Cenpp/Cenpk/H3c8/Wnt10b/Mis18a/Chaf1b/Cdc45/Chaf1a/Hells",24
"GO:0051302","regulation of cell division","25/512","198/28943",1.78117746052255e-14,6.9102415356191e-13,5.61903136579454e-13,"Kif14/Aspm/Rbl1/Cdc25b/Aurka/Plk4/Ect2/Cdca8/Brca2/Ereg/Cit/Prc1/Blm/E2f8/Plk1/E2f7/Kif23/Cdc6/Birc5/Kif18b/Aurkb/Racgap1/Kif20a/Kif20b/Incenp",25
"GO:0007098","centrosome cycle","21/512","131/28943",1.83309765138682e-14,7.03983562684109e-13,5.72441020959392e-13,"Nek2/Aurka/Plk4/Sass6/Haus6/Stil/Haus3/Brca2/Xrcc2/Plk1/Poc1a/Chek1/Pclaf/Brca1/Cep72/Gen1/Sgo1/Ccnf/Ndc80/Kifc1/Kif11",21
"GO:0071897","DNA biosynthetic process","24/512","185/28943",3.24740949315196e-14,1.23466508929638e-12,1.0039622822513e-12,"Dtl/Nek2/Lin9/Gins1/Grem1/Pola1/Poln/Pole/Hgf/Rfc3/Rfc5/C3ar1/Pold1/Lig1/Gins2/Chek1/Pif1/Pclaf/Tk1/Hrob/Aurkb/Pole2/Dscc1/Chtf18",24
"GO:0051231","spindle elongation","9/512","12/28943",3.32086034687941e-14,1.2500902018649e-12,1.01650514213495e-12,"Kif4/Cdca8/Prc1/Kif23/Birc5/Aurkb/Racgap1/Incenp/Kif11",9
"GO:0071103","DNA conformation change","15/512","59/28943",8.2873248236205e-14,3.08905970386325e-12,2.51185479948126e-12,"Mcm3/Mcm6/Mcm8/Rad51/Gins1/Mcm7/Mcm2/Blm/Mcm5/Gins2/Pif1/Recql4/Mcm4/Cdc45/Ddx11",15
"GO:0034501","protein localization to kinetochore","10/512","18/28943",1.06015654014389e-13,3.87568765925681e-12,3.15149773117673e-12,"Knl1/Kntc1/Cdk1/Cdt1/Ttk/Zwilch/Spdl1/Aurkb/Ndc80/Cenpq",10
"GO:1903083","protein localization to condensed chromosome","10/512","18/28943",1.06015654014389e-13,3.87568765925681e-12,3.15149773117673e-12,"Knl1/Kntc1/Cdk1/Cdt1/Ttk/Zwilch/Spdl1/Aurkb/Ndc80/Cenpq",10
"GO:0044774","mitotic DNA integrity checkpoint signaling","17/512","84/28943",1.07235099281561e-13,3.88293188065234e-12,3.15738833674131e-12,"Dtl/Rpa2/Clspn/Orc1/Chek2/Fancd2/Ticrr/Blm/Plk1/Hmga2/Cdk1/Pbk/Chek1/Topbp1/Cdc6/Brca1/Eme1",17
"GO:1901992","positive regulation of mitotic cell cycle phase transition","18/512","98/28943",1.19394166443919e-13,4.28242095112999e-12,3.48223105110019e-12,"Dtl/Ube2c/Cdc25b/Cenpe/Sass6/Stil/Dbf4/Fbxo5/Cdk1/Cdt1/Birc5/Ccnb1/Rrm2/Rad51b/Wnt10b/Lmnb1/Cdc25c/Cdca5",18
"GO:0035825","homologous recombination","15/512","61/28943",1.41854385284377e-13,5.04047077431031e-12,4.09863580501934e-12,"Bard1/Rad51/Cenps/Rad54l/Rad54b/Rad51ap1/Fancd2/Ankle1/Topbp1/Cntd1/Brca1/Brip1/Eme1/Trip13/Chtf18",15
"GO:0031023","microtubule organizing center organization","21/512","146/28943",1.67888350756105e-13,5.9102917553214e-12,4.8059267657961e-12,"Nek2/Aurka/Plk4/Sass6/Haus6/Stil/Haus3/Brca2/Xrcc2/Plk1/Poc1a/Chek1/Pclaf/Brca1/Cep72/Gen1/Sgo1/Ccnf/Ndc80/Kifc1/Kif11",21
"GO:0061640","cytoskeleton-dependent cytokinesis","18/512","101/28943",2.06223298753714e-13,7.19322001707909e-12,5.84913402645734e-12,"Nusap1/Ect2/Stmn1/Cdca8/Cit/Cenpa/Plk1/Ank3/Ckap2/Kif23/Anln/Birc5/Aurkb/Racgap1/Kif20a/Kif20b/Cep55/Incenp",18
"GO:0007143","female meiotic nuclear division","13/512","42/28943",2.28330657143988e-13,7.89193780419491e-12,6.41729320604681e-12,"Sgo2a/Mastl/Ncaph/Cdc25b/Aurka/Cenpe/Ereg/Plk1/Fbxo5/Ttk/Ccnb2/Trip13/Ndc80",13
"GO:0042770","signal transduction in response to DNA damage","22/512","171/28943",4.56729597455232e-13,1.56440173831062e-11,1.27208613345284e-11,"Dtl/Bard1/Cd44/Rad51/Rpa2/Clspn/Brca2/Chek2/Foxm1/Fancd2/Ticrr/Blm/Plk1/Hmga2/E2f7/Cdk1/Pbk/Chek1/Topbp1/Brca1/Atad5/Eme1",22
"GO:0007062","sister chromatid cohesion","14/512","55/28943",5.52505994519225e-13,1.8755605278233e-11,1.52510348299151e-11,"Sgo2a/Bub1b/Bub1/Cdc20/Kif22/Esco2/Pttg1/Haspin/Dscc1/Recql4/Sgo1/Ddx11/Fen1/Cdca5",14
"GO:0071824","protein-DNA complex subunit organization","24/512","212/28943",6.75384072596055e-13,2.27239844602673e-11,1.84779042497868e-11,"Rad51/Oip5/Cenpi/Cenpe/Cenps/Nasp/Kntc1/Cenpa/Mcm2/Cenpw/Cenpn/Cdt1/Asf1b/Dlgap5/Cenph/Cenpp/Cenpk/H3c8/Wnt10b/Mis18a/Chaf1b/Cdc45/Chaf1a/Hells",24
"GO:1905820","positive regulation of chromosome separation","11/512","28/28943",7.81092064563072e-13,2.60501055216561e-11,2.11825244101731e-11,"Ncaph/Cenpe/Cdca8/Smc2/Ncapg/Ncapd2/Cdt1/Birc5/Aurkb/Ncapg2/Incenp",11
"GO:0000077","DNA damage checkpoint signaling","18/512","114/28943",1.79154804067898e-12,5.92301360927084e-11,4.81627148327154e-11,"Dtl/Bard1/Rad51/Rpa2/Clspn/Brca2/Chek2/Fancd2/Ticrr/Blm/Plk1/Hmga2/Cdk1/Pbk/Chek1/Topbp1/Brca1/Eme1",18
"GO:0090231","regulation of spindle checkpoint","10/512","23/28943",2.56021066837201e-12,8.3913111734055e-11,6.82335638204046e-11,"Aurka/Cdca8/Mad2l1/Cdt1/Birc5/Aurkb/Ccnb1/Gen1/Ndc80/Incenp",10
"GO:0045931","positive regulation of mitotic cell cycle","19/512","133/28943",2.7330927580655e-12,8.88138347535474e-11,7.22185643764137e-11,"Dtl/Ube2c/Cdc25b/Cenpe/Sass6/Stil/Dbf4/Brca2/Fbxo5/Cdk1/Cdt1/Birc5/Ccnb1/Rrm2/Rad51b/Wnt10b/Lmnb1/Cdc25c/Cdca5",19
"GO:0051382","kinetochore assembly","9/512","17/28943",3.39150135108057e-12,1.09275323193291e-10,8.88567303133242e-11,"Cenpe/Cenps/Kntc1/Cenpa/Cenpw/Cenpn/Dlgap5/Cenph/Cenpk",9
"GO:0007292","female gamete generation","21/512","170/28943",3.4638565335357e-12,1.10668760844561e-10,8.99897977796935e-11,"Sgo2a/Aspm/Mastl/Ncaph/Cdc25b/Aurka/Mcm8/Cenpe/Ptx3/Brca2/Ereg/Plk1/Fbxo5/Ttk/Ccnb2/Hrob/Ccnb1/Trip13/Ndc80/Fosl1/Nanos1",21
"GO:0000727","double-strand break repair via break-induced replication","8/512","12/28943",4.22541259454827e-12,1.33875155703938e-10,1.08859971843757e-10,"Mcm3/Mcm6/Mcm7/Mcm2/Mcm5/Gins2/Mcm4/Cdc45",8
"GO:0007131","reciprocal meiotic recombination","13/512","54/28943",8.171963028509e-12,2.5260002792188e-10,2.0540055981798e-10,"Rad51/Cenps/Rad54l/Rad54b/Rad51ap1/Fancd2/Ankle1/Topbp1/Cntd1/Brip1/Eme1/Trip13/Chtf18",13
"GO:0044818","mitotic G2/M transition checkpoint","13/512","54/28943",8.171963028509e-12,2.5260002792188e-10,2.0540055981798e-10,"Dtl/Bard1/Clspn/Orc1/Ticrr/Blm/Plk1/Hmga2/Cdk1/Chek1/Topbp1/Cdc6/Brca1",13
"GO:0140527","reciprocal homologous recombination","13/512","54/28943",8.171963028509e-12,2.5260002792188e-10,2.0540055981798e-10,"Rad51/Cenps/Rad54l/Rad54b/Rad51ap1/Fancd2/Ankle1/Topbp1/Cntd1/Brip1/Eme1/Trip13/Chtf18",13
"GO:0051054","positive regulation of DNA metabolic process","28/512","328/28943",8.59402821969833e-12,2.63503994284621e-10,2.1426707029927e-10,"Nek2/Rad51/Gins1/Grem1/Fancb/Dbf4/Hgf/Rfc3/Ereg/Rfc5/Nsd2/Il6/C3ar1/Rad51ap1/Foxm1/Blm/E2f8/E2f7/Timeless/Dnmt3l/Cdk1/Gins2/Cdt1/Brca1/Atad5/Aurkb/Dscc1/Chtf18",28
"GO:0044773","mitotic DNA damage checkpoint signaling","15/512","80/28943",9.80792356970143e-12,2.98317803296039e-10,2.425757602039e-10,"Dtl/Rpa2/Clspn/Chek2/Fancd2/Ticrr/Blm/Plk1/Hmga2/Cdk1/Pbk/Chek1/Topbp1/Brca1/Eme1",15
"GO:0030174","regulation of DNA-templated DNA replication initiation","8/512","13/28943",1.08160887746689e-11,3.26371186676913e-10,2.65387240862176e-10,"Mcm3/Mcm6/Mcm7/Mcm2/Ticrr/Mcm5/Cdt1/Mcm4",8
"GO:0051315","attachment of mitotic spindle microtubules to kinetochore","9/512","19/28943",1.24880202051952e-11,3.73853959213795e-10,3.03997640635377e-10,"Nuf2/Cenpe/Kif2c/Cdca8/Cdt1/Birc5/Aurkb/Ndc80/Incenp",9
"GO:0031297","replication fork processing","12/512","45/28943",1.39913238280280e-11,4.15586040579396e-10,3.37931892129263e-10,"Bard1/Rad51/Cenps/Mms22l/Brca2/Blm/Traip/Brca1/Eme1/Gen1/Tonsl/Fam111a",12
"GO:0090266","regulation of mitotic cell cycle spindle assembly checkpoint","9/512","21/28943",3.85026500479033e-11,1.1260544267856e-09,9.15646017738398e-10,"Cdca8/Mad2l1/Cdt1/Birc5/Aurkb/Ccnb1/Gen1/Ndc80/Incenp",9
"GO:1903504","regulation of mitotic spindle checkpoint","9/512","21/28943",3.85026500479033e-11,1.1260544267856e-09,9.15646017738398e-10,"Cdca8/Mad2l1/Cdt1/Birc5/Aurkb/Ccnb1/Gen1/Ndc80/Incenp",9
"GO:2001020","regulation of response to DNA damage stimulus","26/512","313/28943",8.79371288616466e-11,2.55219056436626e-09,2.07530210901291e-09,"Bard1/Cd44/Rad51/Fancb/Rpa2/Aunip/Brca2/Chek2/Nsd2/Rad51ap1/Foxm1/Ddias/Blm/Parpbp/Hmga2/Timeless/Fbxo5/Ankle1/Pbk/Cgas/Chek1/Brca1/Atad5/Fignl1/Polq/Rmi2",26
"GO:0070192","chromosome organization involved in meiotic cell cycle","14/512","78/28943",8.95907158957304e-11,2.5804841048149e-09,2.09830887229474e-09,"Sgo2a/Ncaph/Bub1b/Rad51/Bub1/Ndc1/Ccne2/Smc2/Ncapd2/Fancd2/Brip1/Haspin/Trip13/Sgo1",14
"GO:0010972","negative regulation of G2/M transition of mitotic cell cycle","13/512","65/28943",1.01433811373334e-10,2.89963421685274e-09,2.35782432927171e-09,"Dtl/Bard1/Clspn/Orc1/Ticrr/Blm/Plk1/Hmga2/Cdk1/Chek1/Topbp1/Cdc6/Brca1",13
"GO:1901978","positive regulation of cell cycle checkpoint","8/512","16/28943",1.03219189663408e-10,2.92865193358416e-09,2.38141995319269e-09,"Cdca8/Mad2l1/Pbk/Birc5/Aurkb/Gen1/Ndc80/Incenp",8
"GO:1902751","positive regulation of cell cycle G2/M phase transition","10/512","32/28943",1.25151219495603e-10,3.52462915942431e-09,2.86603611429696e-09,"Dtl/Cdc25b/Fbxo5/Cdk1/Atad5/Ccnb1/Rad51b/Wnt10b/Lmnb1/Cdc25c",10
"GO:0032467","positive regulation of cytokinesis","12/512","54/28943",1.44435792805371e-10,4.03783003122075e-09,3.28334306090848e-09,"Kif14/Cdc25b/Ect2/Cdca8/Cit/Kif23/Cdc6/Birc5/Aurkb/Racgap1/Kif20b/Incenp",12
"GO:1902750","negative regulation of cell cycle G2/M phase transition","13/512","67/28943",1.51757065283935e-10,4.21153549058043e-09,3.42459086238122e-09,"Dtl/Bard1/Clspn/Orc1/Ticrr/Blm/Plk1/Hmga2/Cdk1/Chek1/Topbp1/Cdc6/Brca1",13
"GO:0051255","spindle midzone assembly","7/512","11/28943",1.61547898210941e-10,4.45076165940577e-09,3.61911652971421e-09,"Cdca8/Prc1/Kif23/Birc5/Aurkb/Racgap1/Incenp",7
"GO:0051656","establishment of organelle localization","31/512","455/28943",2.0503324644253e-10,5.60817556096762e-09,4.56026236123976e-09,"Cenpf/Nuf2/Kif14/Mreg/Fam83d/Sapcd2/Kif18a/Nusap1/Cenpe/Kif2c/Cdca8/Brca2/Tacc3/Cenpa/Mad2l1/Plk1/Kif22/Cdt1/Spdl1/Birc5/Spag5/Aurkb/Ccnb1/Syk/Ndc80/Kifc5b/Cenpq/Kifc1/Lmnb1/Incenp/Cdca5",31
"GO:0010212","response to ionizing radiation","17/512","134/28943",2.62739984018084e-10,7.13526728026253e-09,5.80201002301588e-09,"Bard1/Rad51/Ect2/Rad54l/Rad54b/Brca2/Chek2/Xrcc2/Rad51ap1/Fancd2/Ticrr/Ddias/Blm/Hmga2/Topbp1/Brca1/Fignl1",17
"GO:0051053","negative regulation of DNA metabolic process","18/512","156/28943",3.80757174601738e-10,1.0151057590468e-08,8.25428614945169e-09,"Fancb/Aunip/Brca2/Rad18/Blm/Parpbp/Hmga2/Timeless/Fbxo5/Dnmt3l/Ankle1/Cdt1/Cgas/Chek1/Pif1/Gmnn/Polq/Rmi2",18
"GO:0090232","positive regulation of spindle checkpoint","7/512","12/28943",3.81799378073889e-10,1.0151057590468e-08,8.25428614945169e-09,"Cdca8/Mad2l1/Birc5/Aurkb/Gen1/Ndc80/Incenp",7
"GO:0090267","positive regulation of mitotic cell cycle spindle assembly checkpoint","7/512","12/28943",3.81799378073889e-10,1.0151057590468e-08,8.25428614945169e-09,"Cdca8/Mad2l1/Birc5/Aurkb/Gen1/Ndc80/Incenp",7
"GO:0007095","mitotic G2 DNA damage checkpoint signaling","10/512","37/28943",6.24235363202172e-10,1.64815475756573e-08,1.34018951880466e-08,"Dtl/Clspn/Ticrr/Blm/Plk1/Hmga2/Cdk1/Chek1/Topbp1/Brca1",10
"GO:0006271","DNA strand elongation involved in DNA replication","7/512","13/28943",8.14613215589649e-10,2.13597203149783e-08,1.73685590866555e-08,"Mcm3/Gins1/Pola1/Pole/Mcm7/Lig1/Mcm4",7
"GO:0010971","positive regulation of G2/M transition of mitotic cell cycle","9/512","29/28943",1.15670257269394e-09,3.0121802612208e-08,2.44934063158047e-08,"Dtl/Cdc25b/Fbxo5/Cdk1/Ccnb1/Rad51b/Wnt10b/Lmnb1/Cdc25c",9
"GO:0007144","female meiosis I","7/512","14/28943",1.6043793175501e-09,4.14955793559556e-08,3.37419409641578e-08,"Cdc25b/Aurka/Cenpe/Fbxo5/Ccnb2/Trip13/Ndc80",7
"GO:2000779","regulation of double-strand break repair","16/512","133/28943",1.95099462794893e-09,5.01194701044719e-08,4.07544183661878e-08,"Rad51/Fancb/Rpa2/Aunip/Nsd2/Rad51ap1/Foxm1/Blm/Parpbp/Hmga2/Timeless/Cgas/Chek1/Fignl1/Polq/Rmi2",16
"GO:0000018","regulation of DNA recombination","16/512","135/28943",2.43324333955138e-09,6.20885313890896e-08,5.04870059220233e-08,"Rad51/Fancb/Rpa2/Nsd2/Rad51ap1/Rad18/Blm/Parpbp/Timeless/Ankle1/Cgas/Chek1/Atad5/Fignl1/Polq/Rmi2",16
"GO:0045143","homologous chromosome segregation","12/512","70/28943",3.46665100282533e-09,8.78680474182795e-08,7.14495017213895e-08,"Sgo2a/Ndc1/Ccne2/Brca2/Fancd2/Plk1/Pttg1/Brip1/Haspin/Trip13/Espl1/Sgo1",12
"GO:0010569","regulation of double-strand break repair via homologous recombination","12/512","71/28943",4.10545320564446e-09,1.03370417800399e-07,8.40551834435537e-08,"Rad51/Fancb/Rpa2/Rad51ap1/Blm/Parpbp/Timeless/Cgas/Chek1/Fignl1/Polq/Rmi2",12
"GO:0009314","response to radiation","28/512","432/28943",4.69605273611573e-09,1.17463108570474e-07,9.55145906230741e-08,"Dtl/Bard1/Rad51/Timp1/Ect2/Ivl/Rad54l/Rad54b/Brca2/Chek2/Xrcc2/Rad51ap1/Rad18/Fancd2/Pold1/Ticrr/Ddias/Blm/Hmga2/Pbk/Chek1/Ttc36/Topbp1/Pclaf/Cck/Brca1/Fignl1/Aurkb",28
"GO:0030261","chromosome condensation","10/512","45/28943",5.03635770191075e-09,1.25151843023952e-07,1.01766649951922e-07,"Ncaph/Nusap1/Smc2/Ncapg/Ncapd2/Hmga2/Cdk1/Ccnb1/Ncapg2/Cdca5",10
"GO:0000076","DNA replication checkpoint signaling","7/512","16/28943",5.18610682849415e-09,1.28036221830745e-07,1.04112069414131e-07,"Clspn/Orc1/Ticrr/Timeless/Cdt1/Topbp1/Cdc6",7
"GO:0090306","meiotic spindle assembly","6/512","10/28943",5.88587040575212e-09,1.44374705049481e-07,1.17397632473304e-07,"Aspm/Aurka/Cenpe/Fbxo5/Ccnb2/Ndc80",6
"GO:2001021","negative regulation of response to DNA damage stimulus","12/512","76/28943",9.18250509424106e-09,2.23794130566055e-07,1.81977175855506e-07,"Cd44/Fancb/Aunip/Chek2/Ddias/Parpbp/Hmga2/Fbxo5/Cgas/Atad5/Polq/Rmi2",12
"GO:0032886","regulation of microtubule-based process","21/512","268/28943",1.60938304722976e-08,3.89737219462901e-07,3.16913041214469e-07,"Tpx2/Kif18a/Plk4/Sass6/Stmn1/Stil/Cfap69/Tacc3/Plk1/Ckap2/Ccsap/Ska3/Rnase10/Bora/Poc1a/Spag5/Ripor2/Gen1/Ccnf/Kifc1/Ska1",21
"GO:0000212","meiotic spindle organization","7/512","19/28943",2.18140960895983e-08,5.24918945143371e-07,4.26835444471354e-07,"Aspm/Aurka/Cenpe/Fbxo5/Ccnb2/Espl1/Ndc80",7
"GO:0051781","positive regulation of cell division","13/512","100/28943",2.5017242059348e-08,5.97111595916962e-07,4.85538568954876e-07,"Kif14/Cdc25b/Ect2/Cdca8/Ereg/Cit/Kif23/Cdc6/Birc5/Aurkb/Racgap1/Kif20b/Incenp",13
"GO:0051987","positive regulation of attachment of spindle microtubules to kinetochore","6/512","12/28943",2.51283154515292e-08,5.97111595916962e-07,4.85538568954876e-07,"Cenpe/Cdca8/Birc5/Aurkb/Ccnb1/Incenp",6
"GO:0090224","regulation of spindle organization","9/512","43/28943",5.2270043538014e-08,1.23435220827037e-06,1.00370786447301e-06,"Tpx2/Sass6/Stil/Tacc3/Plk1/Ccsap/Bora/Spag5/Ripor2",9
"GO:0006282","regulation of DNA repair","18/512","214/28943",5.83227092714058e-08,1.36878358425855e-06,1.11302012430227e-06,"Bard1/Rad51/Fancb/Rpa2/Aunip/Nsd2/Rad51ap1/Foxm1/Blm/Parpbp/Hmga2/Timeless/Cgas/Chek1/Brca1/Fignl1/Polq/Rmi2",18
"GO:0051298","centrosome duplication","11/512","73/28943",6.31552164691772e-08,1.47310511052645e-06,1.19784869725524e-06,"Plk4/Sass6/Stil/Brca2/Poc1a/Brca1/Cep72/Gen1/Ccnf/Ndc80/Kifc1",11
"GO:0036297","interstrand cross-link repair","8/512","32/28943",6.57637590319511e-08,1.52459641365535e-06,1.23971861538409e-06,"Mcm8/Rad51/Fancb/Poln/Rad51ap1/Fancd2/Fanca/Hrob",8
"GO:0007140","male meiotic nuclear division","10/512","58/28943",6.70564814049538e-08,1.54514389273718e-06,1.25642670421913e-06,"Mybl1/Sgo2a/Suv39h2/Kif18a/Brca2/Dnmt3l/Fanca/Fignl1/Trip13/Chtf18",10
"GO:1900262","regulation of DNA-directed DNA polymerase activity","6/512","14/28943",7.9241820905923e-08,1.80405630589413e-06,1.46696015128078e-06,"Gins1/Rfc3/Rfc5/Gins2/Dscc1/Chtf18",6
"GO:1900264","positive regulation of DNA-directed DNA polymerase activity","6/512","14/28943",7.9241820905923e-08,1.80405630589413e-06,1.46696015128078e-06,"Gins1/Rfc3/Rfc5/Gins2/Dscc1/Chtf18",6
"GO:0071479","cellular response to ionizing radiation","11/512","75/28943",8.42096184498523e-08,1.90574386515678e-06,1.54964692598506e-06,"Bard1/Rad51/Ect2/Brca2/Chek2/Rad51ap1/Ddias/Blm/Hmga2/Brca1/Fignl1",11
"GO:0007076","mitotic chromosome condensation","6/512","15/28943",1.30094805852201e-07,2.92674823579923e-06,2.3798719700275e-06,"Ncaph/Nusap1/Smc2/Ncapg/Ncapd2/Cdca5",6
"GO:0071478","cellular response to radiation","16/512","179/28943",1.37660180025953e-07,3.07872943799219e-06,2.50345479093637e-06,"Bard1/Rad51/Timp1/Ect2/Brca2/Chek2/Rad51ap1/Pold1/Ddias/Blm/Hmga2/Pbk/Chek1/Brca1/Fignl1/Aurkb",16
"GO:2000573","positive regulation of DNA biosynthetic process","11/512","80/28943",1.6636031086667e-07,3.69884153166713e-06,3.00769610966703e-06,"Nek2/Gins1/Grem1/Hgf/Rfc3/Rfc5/C3ar1/Gins2/Aurkb/Dscc1/Chtf18",11
"GO:0000731","DNA synthesis involved in DNA repair","8/512","36/28943",1.77798332310323e-07,3.93017011304562e-06,3.19579988981284e-06,"Dtl/Pola1/Poln/Pole/Pold1/Pclaf/Hrob/Pole2",8
"GO:2000001","regulation of DNA damage checkpoint","7/512","25/28943",1.89807896960148e-07,4.17138511122822e-06,3.39194276466051e-06,"Bard1/Rad51/Rpa2/Brca2/Chek2/Pbk/Brca1",7
"GO:0044843","cell cycle G1/S phase transition","19/512","257/28943",1.92962663746788e-07,4.21634510094994e-06,3.42850177510174e-06,"Kif14/Rbl1/Fam83d/Ccna2/Mlf1/Iqgap3/Sass6/Cdkn2c/Rpa2/Nasp/Ccne2/Stil/Dbf4/Pole/E2f7/Haspin/Ccl2/Rrm2/Tcf19",19
"GO:0007064","mitotic sister chromatid cohesion","7/512","26/28943",2.55786548394263e-07,5.55714546854278e-06,4.51876747448992e-06,"Cdc20/Esco2/Pttg1/Haspin/Dscc1/Sgo1/Cdca5",7
"GO:0060236","regulation of mitotic spindle organization","8/512","39/28943",3.4503978537843e-07,7.45364354550448e-06,6.06089623000268e-06,"Tpx2/Sass6/Stil/Tacc3/Plk1/Ccsap/Bora/Ripor2",8
"GO:0033314","mitotic DNA replication checkpoint signaling","5/512","10/28943",3.97890185460637e-07,8.49875553438957e-06,6.91072427379002e-06,"Clspn/Orc1/Ticrr/Topbp1/Cdc6",5
"GO:0044771","meiotic cell cycle phase transition","5/512","10/28943",3.97890185460637e-07,8.49875553438957e-06,6.91072427379002e-06,"Cdc25b/Ttk/Ccnb2/Ndc80/Cdc25c",5
"GO:0006513","protein monoubiquitination","11/512","88/28943",4.47499048606355e-07,9.50497979218637e-06,7.72893093652963e-06,"Dtl/Ube2t/Bard1/Rad51/Scml2/Fancb/Brca2/Rad18/Fanca/Brca1/Uhrf1",11
"GO:1901970","positive regulation of mitotic sister chromatid separation","6/512","18/28943",4.61221366147861e-07,9.74202018941205e-06,7.92167925366239e-06,"Cenpe/Cdca8/Cdt1/Birc5/Aurkb/Incenp",6
"GO:0000079","regulation of cyclin-dependent protein serine/threonine kinase activity","10/512","71/28943",4.83187705687965e-07,1.01496113647826e-05,8.25311015763625e-06,"Ccna2/Cdkn2c/Ccne2/Stil/Blm/Plk1/Ccnb2/Cdc6/Ccnb1/Ccnf",10
"GO:2000278","regulation of DNA biosynthetic process","13/512","129/28943",5.20126888144153e-07,1.08655078501323e-05,8.83523811728964e-06,"Nek2/Gins1/Grem1/Hgf/Rfc3/Rfc5/C3ar1/Gins2/Chek1/Pif1/Aurkb/Dscc1/Chtf18",13
"GO:0006301","postreplication repair","7/512","29/28943",5.79649944462204e-07,1.20427819062585e-05,9.79253314285588e-06,"Dtl/Poln/Rad18/Pold1/Pclaf/Brca1/Pole2",7
"GO:1904029","regulation of cyclin-dependent protein kinase activity","10/512","74/28943",7.1700403523199e-07,1.48154855540871e-05,1.20471444592469e-05,"Ccna2/Cdkn2c/Ccne2/Stil/Blm/Plk1/Ccnb2/Cdc6/Ccnb1/Ccnf",10
"GO:0051445","regulation of meiotic cell cycle","9/512","58/28943",7.80174739197255e-07,1.60336451806917e-05,1.30376853998426e-05,"Aspm/Cdc25b/Cdc20/Rad51ap1/Fbxo5/Ttk/Cntd1/Trip13/Cdc25c",9
"GO:0051653","spindle localization","9/512","59/28943",9.06300757223184e-07,1.85255670911965e-05,1.5063980328039e-05,"Aspm/Sapcd2/Nusap1/Cenpa/Mad2l1/Plk1/Spdl1/Spag5/Ndc80",9
"GO:2000780","negative regulation of double-strand break repair","7/512","31/28943",9.47132932980559e-07,1.92566813432732e-05,1.56584825452514e-05,"Fancb/Aunip/Parpbp/Hmga2/Cgas/Polq/Rmi2",7
"GO:0070507","regulation of microtubule cytoskeleton organization","14/512","161/28943",1.15816155526532e-06,2.34219693250998e-05,1.90454674569667e-05,"Tpx2/Kif18a/Sass6/Stmn1/Stil/Tacc3/Plk1/Ckap2/Ccsap/Ska3/Bora/Spag5/Ripor2/Ska1",14
"GO:0045738","negative regulation of DNA repair","7/512","32/28943",1.19391630168617e-06,2.40173004180466e-05,1.95295582180578e-05,"Fancb/Aunip/Parpbp/Hmga2/Cgas/Polq/Rmi2",7
"GO:0006335","DNA replication-dependent chromatin assembly","5/512","12/28943",1.21434170410405e-06,2.41723935026367e-05,1.9655671451935e-05,"Nasp/Asf1b/H3c8/Chaf1b/Chaf1a",5
"GO:0060623","regulation of chromosome condensation","5/512","12/28943",1.21434170410405e-06,2.41723935026367e-05,1.9655671451935e-05,"Ncaph/Smc2/Ncapg/Ncapd2/Ccnb1",5
"GO:0045910","negative regulation of DNA recombination","8/512","47/28943",1.55776991328587e-06,3.08470896370462e-05,2.50831701497839e-05,"Fancb/Rad18/Blm/Parpbp/Ankle1/Cgas/Polq/Rmi2",8
"GO:0090235","regulation of metaphase plate congression","5/512","13/28943",1.94457487438548e-06,3.83071174736455e-05,3.1149257736952e-05,"Cdca8/Birc5/Spag5/Aurkb/Incenp",5
"GO:0001556","oocyte maturation","7/512","35/28943",2.27828465473051e-06,4.46496817385845e-05,3.63066849210174e-05,"Cdc25b/Aurka/Brca2/Ereg/Fbxo5/Ccnb1/Trip13",7
"GO:0072089","stem cell proliferation","13/512","147/28943",2.30459359924771e-06,4.49336659709733e-05,3.65376054034576e-05,"Sox18/Cdkn2c/Abcb1a/Abcb1b/Brca2/Cxcl1/Tacc3/Foxm1/Mki67/Hmga2/Hmgb2/Prl2c3/Wnt10b",13
"GO:1904666","regulation of ubiquitin protein ligase activity","6/512","23/28943",2.32634413707936e-06,4.51263286182435e-05,3.66942681557576e-05,"Mastl/Cdc20/Mad2l1/Ube2s/Plk1/Fbxo5",6
"GO:0022616","DNA strand elongation","7/512","36/28943",2.78529859462503e-06,5.37548490191085e-05,4.3710510138465e-05,"Mcm3/Gins1/Pola1/Pole/Mcm7/Lig1/Mcm4",7
"GO:2000241","regulation of reproductive process","16/512","225/28943",2.93758949655994e-06,5.64076528581862e-05,4.58676254726025e-05,"Sgo2a/Aspm/Cdc25b/Aurka/Timp1/Cdc20/Cfap69/Abcb1a/Rad51ap1/Fbxo5/Fanca/Rnase10/Ttk/Cntd1/Trip13/Cdc25c",16
"GO:0045740","positive regulation of DNA replication","8/512","51/28943",2.96488014047902e-06,5.66455994678453e-05,4.60611106722394e-05,"Dbf4/Ereg/Il6/E2f8/E2f7/Cdk1/Cdt1/Atad5",8
"GO:0032506","cytokinetic process","7/512","37/28943",3.38308639360316e-06,6.43124723423961e-05,5.22953933579605e-05,"Ect2/Anln/Aurkb/Racgap1/Kif20a/Kif20b/Cep55",7
"GO:0000082","G1/S transition of mitotic cell cycle","16/512","230/28943",3.8988847661948e-06,7.37490541346897e-05,5.99687067730512e-05,"Kif14/Rbl1/Iqgap3/Sass6/Cdkn2c/Rpa2/Nasp/Ccne2/Stil/Dbf4/Pole/E2f7/Haspin/Ccl2/Rrm2/Tcf19",16
"GO:0007135","meiosis II","5/512","15/28943",4.40625911988509e-06,8.25251092305572e-05,6.71049159196397e-05,"Sgo2a/Mastl/Bub1b/Bub1/Sgo1",5
"GO:0061983","meiosis II cell cycle process","5/512","15/28943",4.40625911988509e-06,8.25251092305572e-05,6.71049159196397e-05,"Sgo2a/Mastl/Bub1b/Bub1/Sgo1",5
"GO:0051293","establishment of spindle localization","8/512","54/28943",4.62473191768887e-06,8.61923076032015e-05,7.00868815389692e-05,"Sapcd2/Nusap1/Cenpa/Mad2l1/Plk1/Spdl1/Spag5/Ndc80",8
"GO:0040001","establishment of mitotic spindle localization","7/512","39/28943",4.90203174267264e-06,9.09147545641043e-05,7.39269177316023e-05,"Sapcd2/Nusap1/Cenpa/Mad2l1/Plk1/Spdl1/Ndc80",7
"GO:0007019","microtubule depolymerization","8/512","55/28943",5.32881303274928e-06,9.83502288859843e-05,7.99730397403405e-05,"Tpx2/Kif18a/Stmn1/Kif2c/Kif24/Ckap2/Ccsap/Kif18b",8
"GO:0071674","mononuclear cell migration","14/512","184/28943",5.59279266600115e-06,0.000102723660464427,8.35292756676601e-05,"Grem1/S1pr1/Ecm1/Flt1/Slit2/Cxcl10/Serpine1/C3ar1/Spn/Ripk3/Ccl2/Ripor2/Itgb7/Pla2g7",14
"GO:0006284","base-excision repair","7/512","40/28943",5.8517777169809e-06,0.000106963744615199,8.69770807427779e-05,"Rpa2/Pole/Pold1/Lig1/Hmga2/Neil3/Polq",7
"GO:0050900","leukocyte migration","21/512","385/28943",6.18200468425382e-06,0.000112459243107814,9.14457202601535e-05,"Selp/Grem1/S1pr1/Ecm1/Spp1/Flt1/Slit2/Cxcl5/Ppbp/Cxcl1/Cxcl10/Serpine1/C3ar1/Podxl2/Spn/Ripk3/Ccl2/Ripor2/Syk/Itgb7/Pla2g7",21
"GO:0051307","meiotic chromosome separation","6/512","27/28943",6.42387352454472e-06,0.000116302700668186,9.4571010233523e-05,"Ncaph/Cenps/Ankle1/Ttk/Eme1/Espl1",6
"GO:0051294","establishment of spindle orientation","7/512","41/28943",6.94960335195085e-06,0.000125224606370223,0.000101825817134845,"Sapcd2/Cenpa/Mad2l1/Plk1/Spdl1/Spag5/Ndc80",7
"GO:0008406","gonad development","16/512","241/28943",7.06814826762931e-06,0.000126759904309088,0.00010307423764661,"Aspm/Ptprn/Kif18a/Ptx3/Sprr2d/Abcb1a/Brca2/Ereg/Vgf/Serpine1/Nup107/Hmga2/Fanca/Hmgb2/Rnase10/Brip1",16
"GO:0045137","development of primary sexual characteristics","16/512","245/28943",8.69681442809954e-06,0.000155236096035842,0.000126229522981608,"Aspm/Ptprn/Kif18a/Ptx3/Sprr2d/Abcb1a/Brca2/Ereg/Vgf/Serpine1/Nup107/Hmga2/Fanca/Hmgb2/Rnase10/Brip1",16
"GO:0001833","inner cell mass cell proliferation","5/512","17/28943",8.81747073264048e-06,0.000156654316474295,0.000127382742458264,"Gins1/Brca2/Palb2/Chek1/Ncapg2",5
"GO:0071675","regulation of mononuclear cell migration","11/512","120/28943",9.7689419901036e-06,0.000172751243936623,0.000140471885556594,"Grem1/Ecm1/Slit2/Cxcl10/Serpine1/C3ar1/Spn/Ripk3/Ccl2/Ripor2/Pla2g7",11
"GO:0090169","regulation of spindle assembly","6/512","29/28943",1.00039067263661e-05,0.00017608728413724,0.000143184571419772,"Sass6/Stil/Plk1/Ccsap/Spag5/Ripor2",6
"GO:2000042","negative regulation of double-strand break repair via homologous recombination","5/512","18/28943",1.2031412796676e-05,0.000210799223285541,0.000171410426310151,"Fancb/Parpbp/Cgas/Polq/Rmi2",5
"GO:0090025","regulation of monocyte chemotaxis","6/512","30/28943",1.23187393909951e-05,0.000214843335617263,0.000174698877795039,"Grem1/Slit2/Cxcl10/Serpine1/Ccl2/Pla2g7",6
"GO:0031109","microtubule polymerization or depolymerization","11/512","125/28943",1.44192301563839e-05,0.000250328370112199,0.000203553371638065,"Tpx2/Kif18a/Stmn1/Kif2c/Kif24/Fbxo5/Ckap2/Ccsap/Ska3/Kif18b/Ska1",11
"GO:0030593","neutrophil chemotaxis","10/512","103/28943",1.49100072103472e-05,0.000257672033698818,0.000209524838166458,"Spp1/Slit2/Cxcl5/Ppbp/Cxcl1/Cxcl10/C3ar1/Ccl2/Ripor2/Syk",10
"GO:0046850","regulation of bone remodeling","8/512","63/28943",1.49779918645875e-05,0.00025767567904598,0.000209527802363865,"Inpp5d/Grem1/S1pr1/P2rx7/Spp1/Il6/Syk/Tnfrsf11b",8
"GO:0001832","blastocyst growth","6/512","31/28943",1.50479249409186e-05,0.00025771266047465,0.000209557873643802,"Gins1/Brca2/Palb2/Chek1/Ncapg2/Rad51b",6
"GO:0030595","leukocyte chemotaxis","15/512","228/28943",1.51434083143528e-05,0.000258184925610625,0.000209941893883664,"Grem1/S1pr1/Spp1/Flt1/Slit2/Cxcl5/Ppbp/Cxcl1/Cxcl10/Serpine1/C3ar1/Ccl2/Ripor2/Syk/Pla2g7",15
"GO:0010824","regulation of centrosome duplication","7/512","46/28943",1.53299552670027e-05,0.000260198615737251,0.000211579316819487,"Plk4/Sass6/Stil/Poc1a/Gen1/Ccnf/Kifc1",7
"GO:0070601","centromeric sister chromatid cohesion","4/512","10/28943",1.86772777506675e-05,0.000315604488924613,0.000256632349724962,"Sgo2a/Bub1b/Bub1/Sgo1",4
"GO:0007063","regulation of sister chromatid cohesion","5/512","20/28943",2.11434447078516e-05,0.000355192044597568,0.00028882278993966,"Sgo2a/Bub1/Recql4/Fen1/Cdca5",5
"GO:0072678","T cell migration","8/512","66/28943",2.12068895643472e-05,0.000355192044597568,0.00028882278993966,"S1pr1/Ecm1/Cxcl10/Spn/Ripk3/Ccl2/Ripor2/Itgb7",8
"GO:0048608","reproductive structure development","18/512","324/28943",2.20882337517617e-05,0.000368330985632447,0.000299506659874996,"Aspm/Ptprn/Cd44/Kif18a/Ptx3/Sprr2d/Dhcr24/Abcb1a/Brca2/Ereg/Vgf/Serpine1/Nup107/Hmga2/Fanca/Hmgb2/Rnase10/Brip1",18
"GO:2001252","positive regulation of chromosome organization","10/512","109/28943",2.45204152743106e-05,0.000407103139183096,0.000331034059575501,"Sgo2a/Nek2/Ncaph/Smc2/Ncapg/Ncapd2/Cdt1/Dnmt1/Aurkb/Fen1",10
"GO:0061458","reproductive system development","18/512","328/28943",2.5976255120887e-05,0.000429398791172227,0.000349163667231327,"Aspm/Ptprn/Cd44/Kif18a/Ptx3/Sprr2d/Dhcr24/Abcb1a/Brca2/Ereg/Vgf/Serpine1/Nup107/Hmga2/Fanca/Hmgb2/Rnase10/Brip1",18
"GO:0019985","translesion synthesis","5/512","21/28943",2.73480547479301e-05,0.000448178035136338,0.000364433923750775,"Dtl/Poln/Pold1/Pclaf/Pole2",5
"GO:0046851","negative regulation of bone remodeling","5/512","21/28943",2.73480547479301e-05,0.000448178035136338,0.000364433923750775,"Inpp5d/Grem1/P2rx7/Il6/Tnfrsf11b",5
"GO:0045860","positive regulation of protein kinase activity","19/512","363/28943",2.99137140026265e-05,0.000488119916901227,0.000396912482609957,"Kif14/Tpx2/Cdc25b/Grem1/Cenpe/Ect2/Clspn/Stil/P2rx7/Flt1/Ereg/Hmga2/Ripk3/Ang2/Bora/Cdc6/Map2k6/Syk/Incenp",19
"GO:0000132","establishment of mitotic spindle orientation","6/512","35/28943",3.12442114817482e-05,0.000507651675442763,0.000412794642923501,"Sapcd2/Cenpa/Mad2l1/Plk1/Spdl1/Ndc80",6
"GO:0048477","oogenesis","10/512","114/28943",3.61866414162422e-05,0.000585453662402353,0.000476058973525211,"Aspm/Cdc25b/Aurka/Ptx3/Brca2/Ereg/Fbxo5/Ccnb1/Trip13/Nanos1",10
"GO:0010390","histone monoubiquitination","6/512","36/28943",3.69359940591727e-05,0.000592534385708754,0.000481816631364825,"Bard1/Rad51/Scml2/Brca2/Brca1/Uhrf1",6
"GO:0010573","vascular endothelial growth factor production","6/512","36/28943",3.69359940591727e-05,0.000592534385708754,0.000481816631364825,"Flt1/Adamts3/Il6/C3ar1/Brca1/Ccl2",6
"GO:0045124","regulation of bone resorption","7/512","53/28943",3.96811810797733e-05,0.000631246236256478,0.000513294995953729,"Inpp5d/S1pr1/P2rx7/Spp1/Il6/Syk/Tnfrsf11b",7
"GO:0051438","regulation of ubiquitin-protein transferase activity","7/512","53/28943",3.96811810797733e-05,0.000631246236256478,0.000513294995953729,"Mastl/Bub1b/Cdc20/Mad2l1/Ube2s/Plk1/Fbxo5",7
"GO:0007100","mitotic centrosome separation","4/512","12/28943",4.28016957383799e-05,0.000675236710362324,0.000549065649196862,"Nek2/Aurka/Chek1/Kif11",4
"GO:2000104","negative regulation of DNA-templated DNA replication","4/512","12/28943",4.28016957383799e-05,0.000675236710362324,0.000549065649196862,"Brca2/Timeless/Fbxo5/Cdt1",4
"GO:1902806","regulation of cell cycle G1/S phase transition","13/512","195/28943",4.8373508059853e-05,0.000759983791915541,0.000617977351769414,"Kif14/Rbl1/Fam83d/Mlf1/Sass6/Cdkn2c/Rpa2/Stil/Dbf4/E2f7/Haspin/Ccl2/Rrm2",13
"GO:0046605","regulation of centrosome cycle","7/512","55/28943",5.0673495802678e-05,0.000789592750171237,0.000642053741037383,"Plk4/Sass6/Stil/Poc1a/Gen1/Ccnf/Kifc1",7
"GO:0072698","protein localization to microtubule cytoskeleton","7/512","55/28943",5.0673495802678e-05,0.000789592750171237,0.000642053741037383,"Fam83d/Aurka/Stil/Ttk/Spag5/Cep72/Kif20b",7
"GO:0060326","cell chemotaxis","17/512","314/28943",5.11894736204602e-05,0.000794377055938733,0.000645944077436269,"Grem1/S1pr1/Spp1/Flt1/Hgf/Slit2/Cxcl5/Ppbp/Cxcl1/Cxcl10/Serpine1/C3ar1/Hmgb2/Ccl2/Ripor2/Syk/Pla2g7",17
"GO:0035518","histone H2A monoubiquitination","5/512","24/28943",5.46743132336043e-05,0.000845007068756762,0.000687113641279828,"Bard1/Rad51/Scml2/Brca2/Brca1",5
"GO:0007548","sex differentiation","17/512","317/28943",5.75729547640845e-05,0.000886203943372668,0.000720612691847927,"Aspm/Ptprn/Kif18a/Ptx3/Sprr2d/Dhcr24/Abcb1a/Brca2/Ereg/Vgf/Serpine1/Nup107/Hmga2/Fanca/Hmgb2/Rnase10/Brip1",17
"GO:0045144","meiotic sister chromatid segregation","4/512","13/28943",6.09604161223771e-05,0.000927086008389111,0.000753855756427039,"Sgo2a/Bub1b/Bub1/Sgo1",4
"GO:0051177","meiotic sister chromatid cohesion","4/512","13/28943",6.09604161223771e-05,0.000927086008389111,0.000753855756427039,"Sgo2a/Bub1b/Bub1/Sgo1",4
"GO:0051299","centrosome separation","4/512","13/28943",6.09604161223771e-05,0.000927086008389111,0.000753855756427039,"Nek2/Aurka/Chek1/Kif11",4
"GO:0021700","developmental maturation","18/512","355/28943",7.23425483907558e-05,0.00109580226685918,0.000891046611967498,"Kif14/Mreg/Ptprn/Sox18/Cdc25b/Aurka/Grem1/S1pr1/Cdc20/Brca2/Ereg/Ntn4/Ank3/Fbxo5/Arhgef15/Ccnb1/Trip13/Wnt10b",18
"GO:0044380","protein localization to cytoskeleton","7/512","59/28943",8.01608400009484e-05,0.00120941076858574,0.000983426846628176,"Fam83d/Aurka/Stil/Ttk/Spag5/Cep72/Kif20b",7
"GO:0006312","mitotic recombination","5/512","26/28943",8.21815404124239e-05,0.00123499690374718,0.00100423209565754,"Rad51/Brca2/Blm/Ankle1/Gen1",5
"GO:0009411","response to UV","11/512","151/28943",8.27888795629215e-05,0.00123922566967806,0.00100767069737381,"Dtl/Timp1/Ivl/Brca2/Rad18/Pold1/Ddias/Pbk/Chek1/Pclaf/Aurkb",11
"GO:2000105","positive regulation of DNA-templated DNA replication","4/512","14/28943",8.41522341652451e-05,0.00125469331096573,0.00102024813929133,"Dbf4/E2f8/E2f7/Cdt1",4
"GO:0033002","muscle cell proliferation","15/512","266/28943",8.89650075787192e-05,0.00132126937036832,0.0010743841581361,"Rgs5/S1pr1/Npr1/Orc1/Flt1/Hgf/Ereg/Il6/C3ar1/Cdk1/Ang2/Dnmt1/Ccnb1/Rtl1/Tafa5",15
"GO:0002548","monocyte chemotaxis","7/512","60/28943",8.93791913304183e-05,0.00132225558536284,0.00107518609435773,"Grem1/Flt1/Slit2/Cxcl10/Serpine1/Ccl2/Pla2g7",7
"GO:0006338","chromatin remodeling","17/512","330/28943",9.40901146802427e-05,0.00138655277524916,0.00112746906085627,"Suv39h2/Oip5/Nasp/Mcm2/Hmga2/Dnmt3l/Asf1b/Wdhd1/Chek1/Dnmt1/Cenpp/H3c8/Mis18a/Chaf1b/Chaf1a/Lmnb1/Hells",17
"GO:0071621","granulocyte chemotaxis","10/512","129/28943",0.000103341168382608,0.00151631000968241,0.00123298056381329,"Spp1/Slit2/Cxcl5/Ppbp/Cxcl1/Cxcl10/C3ar1/Ccl2/Ripor2/Syk",10
"GO:0045766","positive regulation of angiogenesis","12/512","182/28943",0.000104091770785668,0.00151631000968241,0.00123298056381329,"Tnn/Grem1/Ecm1/Flt1/Hgf/Serpine1/C3ar1/Hmga2/Brca1/Prl2c2/Notch4/Emilin2",12
"GO:1904018","positive regulation of vasculature development","12/512","182/28943",0.000104091770785668,0.00151631000968241,0.00123298056381329,"Tnn/Grem1/Ecm1/Flt1/Hgf/Serpine1/C3ar1/Hmga2/Brca1/Prl2c2/Notch4/Emilin2",12
"GO:0007018","microtubule-based movement","20/512","434/28943",0.000108810796802966,0.00157900247879723,0.00128395865894058,"Kif14/Mreg/Kif18a/Kif4/Rhox5/Cenpe/Kif2c/Kif24/Cfap69/Kif22/Rnase10/Kif23/Mns1/Kif15/Kif18b/Kifc5b/Kifc1/Kif20a/Kif20b/Kif11",20
"GO:0048599","oocyte development","7/512","62/28943",0.000110408929534665,0.00159610171137186,0.00129786282186637,"Cdc25b/Aurka/Brca2/Ereg/Fbxo5/Ccnb1/Trip13",7
"GO:0051782","negative regulation of cell division","4/512","15/28943",0.000113150770545376,0.00162954253641485,0.00132505507612348,"Aspm/Blm/E2f8/E2f7",4
"GO:0071214","cellular response to abiotic stimulus","17/512","336/28943",0.000116923527350456,0.00167121522927231,0.00135894103612303,"Bard1/Rad51/Timp1/Ect2/Brca2/Chek2/Rad51ap1/Pold1/Ddias/Blm/Hmga2/Pbk/Chek1/Brca1/Fignl1/Aurkb/Ripor2",17
"GO:0104004","cellular response to environmental stimulus","17/512","336/28943",0.000116923527350456,0.00167121522927231,0.00135894103612303,"Bard1/Rad51/Timp1/Ect2/Brca2/Chek2/Rad51ap1/Pold1/Ddias/Blm/Hmga2/Pbk/Chek1/Brca1/Fignl1/Aurkb/Ripor2",17
"GO:0071168","protein localization to chromatin","6/512","44/28943",0.000118773883161703,0.00169130450854231,0.00137527654187236,"Mcm8/Cenpa/Plk1/Esco2/Vrk1/Cdca5",6
"GO:0097529","myeloid leukocyte migration","14/512","243/28943",0.00012103408457305,0.00171705816995051,0.00139621801410466,"Grem1/Spp1/Flt1/Slit2/Cxcl5/Ppbp/Cxcl1/Cxcl10/Serpine1/C3ar1/Ccl2/Ripor2/Syk/Pla2g7",14
"GO:0033674","positive regulation of kinase activity","20/512","440/28943",0.000130738944187382,0.00184784188029899,0.00150256419126724,"Kif14/Tpx2/Cdc25b/Grem1/Pfkfb1/Cenpe/Ect2/Clspn/Stil/P2rx7/Flt1/Ereg/Hmga2/Ripk3/Ang2/Bora/Cdc6/Map2k6/Syk/Incenp",20
"GO:0034103","regulation of tissue remodeling","8/512","85/28943",0.000132587520865215,0.00186702871973906,0.00151816588218767,"Inpp5d/Grem1/S1pr1/P2rx7/Spp1/Il6/Syk/Tnfrsf11b",8
"GO:1990266","neutrophil migration","10/512","133/28943",0.000133191345833853,0.00186861068952143,0.00151945225369596,"Spp1/Slit2/Cxcl5/Ppbp/Cxcl1/Cxcl10/C3ar1/Ccl2/Ripor2/Syk",10
"GO:0045765","regulation of angiogenesis","16/512","308/28943",0.000136247741736785,0.00190446291942374,0.00154860533080858,"Tnn/Grem1/Ecm1/E2f2/Flt1/Hgf/Cxcl10/Serpine1/C3ar1/Hmga2/Brca1/Ccl2/Prl2c2/Tafa5/Notch4/Emilin2",16
"GO:0008156","negative regulation of DNA replication","5/512","29/28943",0.000142017854783727,0.00197062731345886,0.00160240660583867,"Brca2/Timeless/Fbxo5/Cdt1/Gmnn",5
"GO:0034104","negative regulation of tissue remodeling","5/512","29/28943",0.000142017854783727,0.00197062731345886,0.00160240660583867,"Inpp5d/Grem1/P2rx7/Il6/Tnfrsf11b",5
"GO:0001824","blastocyst development","11/512","161/28943",0.000146601983782792,0.00202683906306246,0.00164811493347392,"Nek2/Gins1/Nasp/Brca2/Palb2/Asf1b/Chek1/Rrm2/Ncapg2/G2e3/Rad51b",11
"GO:2000243","positive regulation of reproductive process","9/512","110/28943",0.000151177305375529,0.00208252215593392,0.00169339338630026,"Sgo2a/Cdc25b/Aurka/Cfap69/Abcb1a/Rad51ap1/Fbxo5/Rnase10/Cdc25c",9
"GO:1901342","regulation of vasculature development","16/512","312/28943",0.000157881945253858,0.00216702944352047,0.00176211010150326,"Tnn/Grem1/Ecm1/E2f2/Flt1/Hgf/Cxcl10/Serpine1/C3ar1/Hmga2/Brca1/Ccl2/Prl2c2/Tafa5/Notch4/Emilin2",16
"GO:0009994","oocyte differentiation","7/512","66/28943",0.00016453763506882,0.00225025931126494,0.00182978808859191,"Cdc25b/Aurka/Brca2/Ereg/Fbxo5/Ccnb1/Trip13",7
"GO:0009394","2'-deoxyribonucleotide metabolic process","6/512","47/28943",0.000172759141533745,0.00234582234325463,0.00190749473189702,"Dut/Cda/Dck/Tyms/Urah/Rrm2",6
"GO:0019692","deoxyribose phosphate metabolic process","6/512","47/28943",0.000172759141533745,0.00234582234325463,0.00190749473189702,"Dut/Cda/Dck/Tyms/Urah/Rrm2",6
"GO:0009162","deoxyribonucleoside monophosphate metabolic process","5/512","31/28943",0.000197363399577918,0.00267037596154891,0.00217140402532439,"Dut/Cda/Dck/Tyms/Urah",5
"GO:0009262","deoxyribonucleotide metabolic process","6/512","49/28943",0.000218379369646155,0.00293384580704834,0.00238564332769484,"Dut/Cda/Dck/Tyms/Urah/Rrm2",6
"GO:0044848","biological phase","6/512","49/28943",0.000218379369646155,0.00293384580704834,0.00238564332769484,"Mreg/Cdc20/Chek2/Ttk/Haspin/Wnt10b",6
"GO:0010574","regulation of vascular endothelial growth factor production","5/512","32/28943",0.000230533472859446,0.0030862262810268,0.00250955081463377,"Flt1/Il6/C3ar1/Brca1/Ccl2",5
"GO:2000045","regulation of G1/S transition of mitotic cell cycle","11/512","170/28943",0.000235862386291409,0.00314648699185942,0.00255855153661262,"Kif14/Rbl1/Sass6/Cdkn2c/Rpa2/Stil/Dbf4/E2f7/Haspin/Ccl2/Rrm2",11
"GO:0009263","deoxyribonucleotide biosynthetic process","4/512","18/28943",0.000243191213185281,0.00321046177961957,0.00261057234329375,"Dut/Dck/Tyms/Rrm2",4
"GO:0009265","2'-deoxyribonucleotide biosynthetic process","4/512","18/28943",0.000243191213185281,0.00321046177961957,0.00261057234329375,"Dut/Dck/Tyms/Rrm2",4
"GO:0046385","deoxyribose phosphate biosynthetic process","4/512","18/28943",0.000243191213185281,0.00321046177961957,0.00261057234329375,"Dut/Dck/Tyms/Rrm2",4
"GO:0048144","fibroblast proliferation","10/512","145/28943",0.000269691386538328,0.00354798149349039,0.00288502495816088,"Ccna2/Cks1b/Ereg/Serpine1/E2f8/Hmga2/Cdk1/Cdc6/Ccnb1/Cks2",10
"GO:0008585","female gonad development","9/512","119/28943",0.000273870228836303,0.00359053313805388,0.00291962563372857,"Ptprn/Ptx3/Sprr2d/Brca2/Ereg/Vgf/Serpine1/Nup107/Fanca",9
"GO:0045779","negative regulation of bone resorption","4/512","19/28943",0.000303751218234136,0.00395500730043214,0.00321599613537728,"Inpp5d/P2rx7/Il6/Tnfrsf11b",4
"GO:0060707","trophoblast giant cell differentiation","4/512","19/28943",0.000303751218234136,0.00395500730043214,0.00321599613537728,"Plk4/Gjb5/E2f8/E2f7",4
"GO:0033522","histone H2A ubiquitination","5/512","34/28943",0.000309415049602105,0.00398990363572682,0.00324437193115249,"Bard1/Rad51/Scml2/Brca2/Brca1",5
"GO:1990868","response to chemokine","7/512","73/28943",0.000309579582466968,0.00398990363572682,0.00324437193115249,"Slit2/Cxcl5/Ppbp/Cxcl1/Cxcl10/Ccl2/Ripor2",7
"GO:1990869","cellular response to chemokine","7/512","73/28943",0.000309579582466968,0.00398990363572682,0.00324437193115249,"Slit2/Cxcl5/Ppbp/Cxcl1/Cxcl10/Ccl2/Ripor2",7
"GO:0071695","anatomical structure maturation","15/512","299/28943",0.000317077755273571,0.0040727352214531,0.00331172605703584,"Kif14/Mreg/Sox18/Cdc25b/Aurka/Grem1/S1pr1/Brca2/Ereg/Ntn4/Ank3/Fbxo5/Ccnb1/Trip13/Wnt10b",15
"GO:0046545","development of primary female sexual characteristics","9/512","122/28943",0.000329654813010139,0.00422002558607592,0.0034314945447839,"Ptprn/Ptx3/Sprr2d/Brca2/Ereg/Vgf/Serpine1/Nup107/Fanca",9
"GO:0001890","placenta development","11/512","180/28943",0.000385090430026337,0.00491313360724878,0.00399509216880026,"Plac1/Cited1/Plk4/Gjb5/Serpine1/E2f8/E2f7/Dnmt3l/Rtl1/Ccnf/Fosl1",11
"GO:0016574","histone ubiquitination","6/512","55/28943",0.000414032651945787,0.00526472288527719,0.00428098538554753,"Bard1/Rad51/Scml2/Brca2/Brca1/Uhrf1",6
"GO:0071676","negative regulation of mononuclear cell migration","4/512","21/28943",0.000456063186761065,0.00577984078688523,0.00469985115620087,"Grem1/Slit2/Ccl2/Ripor2",4
"GO:0048660","regulation of smooth muscle cell proliferation","11/512","185/28943",0.000485372818028802,0.00613085532938706,0.00498527702937783,"Rgs5/S1pr1/Npr1/Orc1/Flt1/Ereg/Il6/C3ar1/Ang2/Dnmt1/Tafa5",11
"GO:0045453","bone resorption","7/512","79/28943",0.000502962997222508,0.00629190132945484,0.00511623084930615,"Inpp5d/S1pr1/P2rx7/Spp1/Il6/Syk/Tnfrsf11b",7
"GO:0032964","collagen biosynthetic process","6/512","57/28943",0.000503087323554517,0.00629190132945484,0.00511623084930615,"Adamts3/Serpine1/Il6/Nr1h4/Ccl2/Ltbp1",6
"GO:0072527","pyrimidine-containing compound metabolic process","6/512","57/28943",0.000503087323554517,0.00629190132945484,0.00511623084930615,"Dut/Cda/Dck/Tyms/Enpp3/Tk1",6
"GO:0071900","regulation of protein serine/threonine kinase activity","16/512","347/28943",0.000513700597284335,0.00640357269139358,0.00520703590758962,"Ccna2/Cdkn2c/Ccne2/Stil/P2rx7/Flt1/Blm/Plk1/Hmga2/Ccnb2/Cdc6/Map2k6/Ccnb1/Syk/Ccnf/Incenp",16
"GO:0051865","protein autoubiquitination","7/512","80/28943",0.00054292173237617,0.00674571381207255,0.00548524639831033,"Ube2t/Bard1/Rad51/Brca2/Rad18/Brca1/Uhrf1",7
"GO:0051444","negative regulation of ubiquitin-protein transferase activity","4/512","22/28943",0.000549659847211943,0.00678508681525912,0.00551726237614995,"Bub1b/Cdc20/Mad2l1/Fbxo5",4
"GO:0090026","positive regulation of monocyte chemotaxis","4/512","22/28943",0.000549659847211943,0.00678508681525912,0.00551726237614995,"Cxcl10/Serpine1/Ccl2/Pla2g7",4
"GO:0046849","bone remodeling","8/512","105/28943",0.000565154112344855,0.00695377325286453,0.00565442898299043,"Inpp5d/Grem1/S1pr1/P2rx7/Spp1/Il6/Syk/Tnfrsf11b",8
"GO:0045123","cellular extravasation","7/512","81/28943",0.000585364542313802,0.00717921287057121,0.00583774417920419,"Selp/Podxl2/Spn/Ripk3/Ccl2/Ripor2/Itgb7",7
"GO:0009157","deoxyribonucleoside monophosphate biosynthetic process","3/512","10/28943",0.000601996493626062,0.00728920660183104,0.00592718507975795,"Dut/Dck/Tyms",3
"GO:0010216","maintenance of DNA methylation","3/512","10/28943",0.000601996493626062,0.00728920660183104,0.00592718507975795,"Dnmt1/Uhrf1/Hells",3
"GO:0060717","chorion development","3/512","10/28943",0.000601996493626062,0.00728920660183104,0.00592718507975795,"E2f8/E2f7/Dnmt3l",3
"GO:0072091","regulation of stem cell proliferation","8/512","106/28943",0.000602001807726182,0.00728920660183104,0.00592718507975795,"Sox18/Cdkn2c/Cxcl1/Foxm1/Hmga2/Hmgb2/Prl2c3/Wnt10b",8
"GO:0032103","positive regulation of response to external stimulus","19/512","459/28943",0.000605918202247486,0.00731333652363474,0.00594680621554174,"Il18rap/S1pr1/Alox5ap/Slit2/Cxcl1/Ereg/Cxcl10/Serpine1/Il6/C3ar1/Nr1h4/Ulbp1/Hmgb2/Cgas/Ccl2/Ripor2/Syk/Emilin2/Pla2g7",19
"GO:0048659","smooth muscle cell proliferation","11/512","192/28943",0.000661724810143817,0.00796163838027466,0.00647396991136706,"Rgs5/S1pr1/Npr1/Orc1/Flt1/Ereg/Il6/C3ar1/Ang2/Dnmt1/Tafa5",11
"GO:0097530","granulocyte migration","10/512","163/28943",0.00068014765475886,0.00815748070471037,0.00663321820364195,"Spp1/Slit2/Cxcl5/Ppbp/Cxcl1/Cxcl10/C3ar1/Ccl2/Ripor2/Syk",10
"GO:0072676","lymphocyte migration","8/512","109/28943",0.000724332193405833,0.00866009748216659,0.00704191874224737,"S1pr1/Ecm1/Cxcl10/Spn/Ripk3/Ccl2/Ripor2/Itgb7",8
"GO:0022403","cell cycle phase","4/512","24/28943",0.000776422708837948,0.00925379040439461,0.00752467743229518,"Cdc20/Chek2/Ttk/Haspin",4
"GO:0051785","positive regulation of nuclear division","6/512","62/28943",0.00079127377905283,0.00940132158737144,0.00764464174038869,"Nusap1/Cenpe/Ereg/Rad51ap1/Fbxo5/Cdt1",6
"GO:1901977","negative regulation of cell cycle checkpoint","3/512","11/28943",0.000816892962088226,0.00964542559583676,0.00784313380076208,"Aurka/Chek2/Cdt1",3
"GO:1902035","positive regulation of hematopoietic stem cell proliferation","3/512","11/28943",0.000816892962088226,0.00964542559583676,0.00784313380076208,"Cxcl1/Prl2c3/Wnt10b",3
"GO:0006220","pyrimidine nucleotide metabolic process","5/512","42/28943",0.000842269958016377,0.00988614978454615,0.00803887757612671,"Dut/Cda/Dck/Tyms/Enpp3",5
"GO:0061138","morphogenesis of a branching epithelium","12/512","229/28943",0.000842480939030235,0.00988614978454615,0.00803887757612671,"Cd44/Grem1/Flt1/Hgf/Slit2/Il6/Hmga2/Ntn4/Timeless/Etv4/Adamts16/Notch4",12
"GO:0031424","keratinization","6/512","63/28943",0.000861688092980134,0.010049503464756,0.00817170787563014,"Sprr2d/Sprr2i/Sprr2k/Sprr1b/Sprr1a/Krt16",6
"GO:0070098","chemokine-mediated signaling pathway","6/512","63/28943",0.000861688092980134,0.010049503464756,0.00817170787563014,"Slit2/Cxcl5/Ppbp/Cxcl1/Cxcl10/Ccl2",6
"GO:0032303","regulation of icosanoid secretion","4/512","25/28943",0.000911483650268876,0.0105977395667348,0.00861750355976079,"Acsl4/P2rx7/Map2k6/Syk",4
"GO:0006303","double-strand break repair via nonhomologous end joining","6/512","64/28943",0.000936832538385931,0.0108592600943394,0.0088301577831819,"Pola1/Aunip/Nsd2/Lig1/Hmga2/Polq",6
"GO:0002685","regulation of leukocyte migration","12/512","234/28943",0.00101549667805322,0.0117161158142701,0.00952690610108567,"Selp/Grem1/Ecm1/Slit2/Cxcl10/Serpine1/C3ar1/Spn/Ripk3/Ccl2/Ripor2/Pla2g7",12
"GO:2000401","regulation of lymphocyte migration","6/512","65/28943",0.00101691694337431,0.0117161158142701,0.00952690610108567,"Ecm1/Cxcl10/Spn/Ripk3/Ccl2/Ripor2",6
"GO:0072711","cellular response to hydroxyurea","3/512","12/28943",0.00107492338420484,0.0123470051563348,0.0100399108901562,"Rad51/Blm/Timeless",3
"GO:0000723","telomere maintenance","9/512","144/28943",0.00109350249613077,0.0125225797900276,0.0101826786022069,"Nek2/Rad51/Rpa2/Ccne2/Brca2/Blm/Pif1/Aurkb/Recql4",9
"GO:0048732","gland development","19/512","483/28943",0.00110484973732998,0.0126145306346204,0.0102574480118165,"Cd44/Aurka/Iqgap3/Brca2/Hgf/Slit2/Il6/Foxm1/E2f8/Mki67/Hmga2/Ntn4/E2f7/Ripk3/Ccnb2/Etv4/Prl2c3/Prl2c2/Notch4",19
"GO:0044070","regulation of anion transport","8/512","117/28943",0.00115053055743338,0.013096758022041,0.0106495690109733,"Rgs4/Acsl4/P2rx7/Abcb1a/Abcb1b/Cck/Map2k6/Syk",8
"GO:0032635","interleukin-6 production","10/512","176/28943",0.00122230404205334,0.0138325412742303,0.0112478678043175,"Il18rap/Inpp5d/Tlr7/P2rx7/Hgf/Ereg/Spon2/Il6/Nr1h4/Syk",10
"GO:0010165","response to X-ray","4/512","27/28943",0.00122972092337976,0.0138325412742303,0.0112478678043175,"Brca2/Xrcc2/Blm/Hmga2",4
"GO:0031100","animal organ regeneration","4/512","27/28943",0.00122972092337976,0.0138325412742303,0.0112478678043175,"Aurka/Cxcl5/Il6/Cdk1",4
"GO:0051443","positive regulation of ubiquitin-protein transferase activity","4/512","27/28943",0.00122972092337976,0.0138325412742303,0.0112478678043175,"Mastl/Cdc20/Ube2s/Plk1",4
"GO:0001906","cell killing","13/512","273/28943",0.00125278219859987,0.0140503773424092,0.0114250002089359,"Il18rap/Hmgn2/P2rx7/Cxcl5/Ppbp/Cxcl1/Cxcl10/Ulbp1/Raet1e/Hmgn2-ps/Ripk3/Ccl2/Syk",13
"GO:0050728","negative regulation of inflammatory response","9/512","147/28943",0.00126364338798843,0.0141305063562706,0.0114901567508422,"Cd44/Smpdl3b/Hgf/Slit2/Siglecg/Spn/Nr1h4/Enpp3/Pbk",9
"GO:0019730","antimicrobial humoral response","10/512","177/28943",0.00127551155406998,0.0142213927524167,0.0115640606090555,"Slpi/Ivl/Hmgn2/Cxcl5/Ppbp/Cxcl1/Cxcl10/Spon2/Hmgn2-ps/Ang2",10
"GO:0006213","pyrimidine nucleoside metabolic process","3/512","13/28943",0.00137911227462958,0.015154291526421,0.0123226429893127,"Cda/Dck/Tk1",3
"GO:0019370","leukotriene biosynthetic process","3/512","13/28943",0.00137911227462958,0.015154291526421,0.0123226429893127,"Mgst2/Alox5ap/Syk",3
"GO:0072710","response to hydroxyurea","3/512","13/28943",0.00137911227462958,0.015154291526421,0.0123226429893127,"Rad51/Blm/Timeless",3
"GO:1903867","extraembryonic membrane development","3/512","13/28943",0.00137911227462958,0.015154291526421,0.0123226429893127,"E2f8/E2f7/Dnmt3l",3
"GO:1904181","positive regulation of membrane depolarization","3/512","13/28943",0.00137911227462958,0.015154291526421,0.0123226429893127,"P2rx7/Ank3/Cck",3
"GO:0032200","telomere organization","9/512","149/28943",0.00138848074896252,0.0152132674569323,0.0123705989980371,"Nek2/Rad51/Rpa2/Ccne2/Brca2/Blm/Pif1/Aurkb/Recql4",9
"GO:0010458","exit from mitosis","4/512","28/28943",0.00141479827240028,0.0154570776772008,0.0125688521658791,"Ube2c/Ube2s/Birc5/Cdca5",4
"GO:0019221","cytokine-mediated signaling pathway","17/512","421/28943",0.00150157446655696,0.0163581264236377,0.0133015358415858,"Il18rap/Ptprn/Traf1/Il13ra1/Ecm1/Slit2/Cxcl5/Ppbp/Cxcl1/Ereg/Cxcl10/Il6/Irf5/Nr1h4/Traip/Ccl2/Syk",17
"GO:0032965","regulation of collagen biosynthetic process","5/512","48/28943",0.00155448785068983,0.0168861794523506,0.0137309197518076,"Serpine1/Il6/Nr1h4/Ccl2/Ltbp1",5
"GO:0046660","female sex differentiation","9/512","152/28943",0.00159416650850177,0.0172678662829736,0.0140412866560794,"Ptprn/Ptx3/Sprr2d/Brca2/Ereg/Vgf/Serpine1/Nup107/Fanca",9
"GO:0007141","male meiosis I","4/512","29/28943",0.00161844313921893,0.0174315037260918,0.0141743476960966,"Mybl1/Brca2/Dnmt3l/Trip13",4
"GO:0051446","positive regulation of meiotic cell cycle","4/512","29/28943",0.00161844313921893,0.0174315037260918,0.0141743476960966,"Cdc25b/Rad51ap1/Fbxo5/Cdc25c",4
"GO:0015718","monocarboxylic acid transport","8/512","124/28943",0.00166928073102074,0.0179282636704544,0.0145782857776031,"Acsl4/P2rx7/Slco1a5/Stard10/Nr1h4/Slc16a11/Map2k6/Syk",8
"GO:0010332","response to gamma radiation","5/512","49/28943",0.00170631835989934,0.0182230966413969,0.0148180278622837,"Brca2/Chek2/Xrcc2/Fancd2/Ddias",5
"GO:2000404","regulation of T cell migration","5/512","49/28943",0.00170631835989934,0.0182230966413969,0.0148180278622837,"Ecm1/Cxcl10/Spn/Ripk3/Ripor2",5
"GO:0001763","morphogenesis of a branching structure","12/512","249/28943",0.00172028057945254,0.0182726184028198,0.0148582962565635,"Cd44/Grem1/Flt1/Hgf/Slit2/Il6/Hmga2/Ntn4/Timeless/Etv4/Adamts16/Notch4",12
"GO:0002697","regulation of immune effector process","18/512","464/28943",0.0017205674350893,0.0182726184028198,0.0148582962565635,"Il18rap/Tlr7/Ivl/P2rx7/Cxcl5/Cxcl1/Spon2/Nsd2/Il6/Siglecg/Spn/Ulbp1/Enpp3/Ripk3/Cgas/Atad5/Ccl2/Syk",18
"GO:0009120","deoxyribonucleoside metabolic process","3/512","14/28943",0.00173228319475622,0.0183457958397302,0.0149178001553995,"Dck/Urah/Tk1",3
"GO:0002040","sprouting angiogenesis","8/512","125/28943",0.00175644476239171,0.018550008296148,0.0150838545822937,"Tnn/Grem1/E2f2/Flt1/Slit2/E2f8/E2f7/Prl2c2",8
"GO:0030010","establishment of cell polarity","9/512","155/28943",0.00182361050511411,0.0192060031591242,0.0156172738111099,"Sapcd2/Cenpa/Mad2l1/Plk1/Spdl1/Spag5/Ripor2/Ndc80/Kif20b",9
"GO:0008340","determination of adult lifespan","4/512","30/28943",0.00184159474865842,0.0192408771482638,0.0156456314362111,"Inpp5d/Rad54l/Rad54b/Cgas",4
"GO:1902042","negative regulation of extrinsic apoptotic signaling pathway via death domain receptors","4/512","30/28943",0.00184159474865842,0.0192408771482638,0.0156456314362111,"Hgf/Serpine1/Hmgb2/Brca1",4
"GO:0002688","regulation of leukocyte chemotaxis","8/512","126/28943",0.0018471646920348,0.0192408771482638,0.0156456314362111,"Grem1/Slit2/Cxcl10/Serpine1/C3ar1/Ccl2/Ripor2/Pla2g7",8
"GO:0051261","protein depolymerization","8/512","126/28943",0.0018471646920348,0.0192408771482638,0.0156456314362111,"Tpx2/Kif18a/Stmn1/Kif2c/Kif24/Ckap2/Ccsap/Kif18b",8
"GO:0007281","germ cell development","16/512","395/28943",0.00197906866936928,0.0205585220790765,0.0167170683978648,"Aspm/Cdc25b/Aurka/Ptx3/Cfap69/Brca2/Ereg/Ddias/Fbxo5/Hmgb2/Mns1/Brip1/Ccnb1/Trip13/Chtf18/Nanos1",16
"GO:0043588","skin development","14/512","323/28943",0.00200439107029156,0.0207648361014946,0.0168848317035603,"Mreg/Sox18/Sprr2d/Sprr2i/Sprr2k/Sprr1b/Sprr1a/Ivl/Stmn1/Dhcr24/Itgb4/Krt16/Etv4/Wnt10b",14
"GO:0048469","cell maturation","11/512","221/28943",0.00205323500750017,0.0212130421155317,0.0172492883782266,"Kif14/Sox18/Cdc25b/Aurka/Brca2/Ereg/Ntn4/Ank3/Fbxo5/Ccnb1/Trip13",11
"GO:0009130","pyrimidine nucleoside monophosphate biosynthetic process","3/512","15/28943",0.00213706630080894,0.0218923267191144,0.0178016455533207,"Dut/Cda/Tyms",3
"GO:0006334","nucleosome assembly","6/512","75/28943",0.00213812040068076,0.0218923267191144,0.0178016455533207,"Nasp/Mcm2/Asf1b/H3c8/Chaf1b/Chaf1a",6
"GO:0045911","positive regulation of DNA recombination","6/512","75/28943",0.00213812040068076,0.0218923267191144,0.0178016455533207,"Fancb/Nsd2/Rad51ap1/Blm/Timeless/Atad5",6
"GO:0032147","activation of protein kinase activity","7/512","101/28943",0.00214201618608905,0.0218923267191144,0.0178016455533207,"Kif14/Tpx2/Ect2/Clspn/Ripk3/Ang2/Bora",7
"GO:0045332","phospholipid translocation","5/512","52/28943",0.00222710608523635,0.0227009580055458,0.0184591803932246,"Atp8b4/P2rx7/Abcb1a/Abcb1b/Xkr5",5
"GO:0044030","regulation of DNA methylation","4/512","32/28943",0.00235013473605074,0.0238909418889436,0.0194268103568281,"Dnmt3l/Dnmt1/Brca1/Mis18a",4
"GO:0061756","leukocyte adhesion to vascular endothelial cell","5/512","53/28943",0.00242391053711786,0.0245752209656589,0.0199832287649548,"Selp/Il6/Podxl2/Spn/Itgb7",5
"GO:0048146","positive regulation of fibroblast proliferation","6/512","77/28943",0.00244431892582482,0.0247162248829414,0.0200978854567399,"Ccna2/Ereg/Serpine1/Hmga2/Cdc6/Ccnb1",6
"GO:0018105","peptidyl-serine phosphorylation","14/512","332/28943",0.002573768726108,0.0259561503890255,0.0211061252228932,"Mastl/Cd44/Aurka/Pkn3/Clspn/Chek2/Hgf/Il6/Plk1/Cdk1/Pbk/Ttk/Syk/Vrk1",14
"GO:0031573","mitotic intra-S DNA damage checkpoint signaling","3/512","16/28943",0.00259590566422495,0.0260412489060244,0.0211753226935944,"Chek2/Fancd2/Eme1",3
"GO:0034112","positive regulation of homotypic cell-cell adhesion","3/512","16/28943",0.00259590566422495,0.0260412489060244,0.0211753226935944,"Il6/Ank3/Emilin2",3
"GO:0034204","lipid translocation","5/512","54/28943",0.00263304493159155,0.026249291118185,0.0213444912688915,"Atp8b4/P2rx7/Abcb1a/Abcb1b/Xkr5",5
"GO:0051642","centrosome localization","4/512","33/28943",0.00263735644585657,0.026249291118185,0.0213444912688915,"Aspm/Aurka/Mad2l1/Dlgap5",4
"GO:0060706","cell differentiation involved in embryonic placenta development","4/512","33/28943",0.00263735644585657,0.026249291118185,0.0213444912688915,"Plk4/Gjb5/E2f8/E2f7",4
"GO:0002237","response to molecule of bacterial origin","16/512","407/28943",0.00266253811519486,0.0264307308458769,0.0214920281553588,"Slpi/Cited1/Ptgfr/P2rx7/Cxcl5/Ppbp/Cxcl1/Cxcl10/Serpine1/Spon2/Il6/Irf5/Nr1h4/Raet1a/Hmgb2/Ccl2",16
"GO:0007129","homologous chromosome pairing at meiosis","5/512","55/28943",0.00285494615955613,0.0281935202561881,0.0229254323188417,"Ndc1/Ccne2/Fancd2/Brip1/Trip13",5
"GO:0010712","regulation of collagen metabolic process","5/512","55/28943",0.00285494615955613,0.0281935202561881,0.0229254323188417,"Serpine1/Il6/Nr1h4/Ccl2/Ltbp1",5
"GO:0061842","microtubule organizing center localization","4/512","34/28943",0.00294774863202382,0.0289595356562134,0.0235483142452168,"Aspm/Aurka/Mad2l1/Dlgap5",4
"GO:0071539","protein localization to centrosome","4/512","34/28943",0.00294774863202382,0.0289595356562134,0.0235483142452168,"Aurka/Stil/Spag5/Cep72",4
"GO:0032479","regulation of type I interferon production","7/512","107/28943",0.00296774785618644,0.0290808694567548,0.0236469762713499,"Pola1/Tlr7/Irf5/Hmgb2/Cgas/Traip/Syk",7
"GO:0032675","regulation of interleukin-6 production","9/512","167/28943",0.00301846955260552,0.0295018540848488,0.0239892980002771,"Inpp5d/Tlr7/P2rx7/Hgf/Ereg/Spon2/Il6/Nr1h4/Syk",9
"GO:0000712","resolution of meiotic recombination intermediates","3/512","17/28943",0.00311106637041862,0.0300210008637858,0.0244114398341424,"Cenps/Ankle1/Eme1",3
"GO:0007096","regulation of exit from mitosis","3/512","17/28943",0.00311106637041862,0.0300210008637858,0.0244114398341424,"Ube2c/Birc5/Cdca5",3
"GO:0009176","pyrimidine deoxyribonucleoside monophosphate metabolic process","3/512","17/28943",0.00311106637041862,0.0300210008637858,0.0244114398341424,"Dut/Cda/Tyms",3
"GO:0032306","regulation of prostaglandin secretion","3/512","17/28943",0.00311106637041862,0.0300210008637858,0.0244114398341424,"Acsl4/P2rx7/Map2k6",3
"GO:1902033","regulation of hematopoietic stem cell proliferation","3/512","17/28943",0.00311106637041862,0.0300210008637858,0.0244114398341424,"Cxcl1/Prl2c3/Wnt10b",3
"GO:0048661","positive regulation of smooth muscle cell proliferation","7/512","109/28943",0.00329103350056417,0.0316208970971456,0.0257123881542448,"S1pr1/Orc1/Flt1/Ereg/Il6/C3ar1/Dnmt1",7
"GO:0007163","establishment or maintenance of cell polarity","11/512","235/28943",0.00329349690964484,0.0316208970971456,0.0257123881542448,"Sapcd2/Kif2c/Cenpa/Mad2l1/Plk1/Spdl1/Spag5/Ripor2/Mtcl1/Ndc80/Kif20b",11
"GO:0061844","antimicrobial humoral immune response mediated by antimicrobial peptide","8/512","139/28943",0.00339754780889275,0.0325377248599754,0.0264579024651147,"Ivl/Hmgn2/Cxcl5/Ppbp/Cxcl1/Cxcl10/Hmgn2-ps/Ang2",8
"GO:0048771","tissue remodeling","10/512","203/28943",0.00347076541669047,0.0331554022971285,0.0269601640540066,"Inpp5d/Grem1/Timp1/S1pr1/P2rx7/Spp1/Abcb1b/Il6/Syk/Tnfrsf11b",10
"GO:0098754","detoxification","5/512","58/28943",0.00360162245534588,0.0343192194867796,0.0279065166900168,"Abcb1a/Abcb1b/Nqo1/Mt2/Dhfr",5
"GO:1905508","protein localization to microtubule organizing center","4/512","36/28943",0.00364157082834276,0.0345049423888961,0.0280575364202187,"Aurka/Stil/Spag5/Cep72",4
"GO:0046661","male sex differentiation","9/512","172/28943",0.00366933297025593,0.0345049423888961,0.0280575364202187,"Aspm/Kif18a/Dhcr24/Abcb1a/Hmga2/Fanca/Hmgb2/Rnase10/Brip1",9
"GO:2001022","positive regulation of response to DNA damage stimulus","9/512","172/28943",0.00366933297025593,0.0345049423888961,0.0280575364202187,"Fancb/Rad51ap1/Foxm1/Blm/Hmga2/Timeless/Ankle1/Pbk/Brca1",9
"GO:0006978","DNA damage response, signal transduction by p53 class mediator resulting in transcription of p21 class mediator","3/512","18/28943",0.00368464140186529,0.0345049423888961,0.0280575364202187,"Brca2/Chek2/Foxm1",3
"GO:0031145","anaphase-promoting complex-dependent catabolic process","3/512","18/28943",0.00368464140186529,0.0345049423888961,0.0280575364202187,"Ube2c/Cdc20/Ube2s",3
"GO:0060712","spongiotrophoblast layer development","3/512","18/28943",0.00368464140186529,0.0345049423888961,0.0280575364202187,"Plac1/Cited1/Gjb5",3
"GO:1901570","fatty acid derivative biosynthetic process","3/512","18/28943",0.00368464140186529,0.0345049423888961,0.0280575364202187,"Acsl4/Far1/Hmgcll1",3
"GO:0008584","male gonad development","8/512","141/28943",0.00370595724484027,0.0346192861053629,0.0281505144913898,"Aspm/Kif18a/Abcb1a/Hmga2/Fanca/Hmgb2/Rnase10/Brip1",8
"GO:0097193","intrinsic apoptotic signaling pathway","13/512","310/28943",0.0037773272128211,0.03519950505673,0.0286223168835283,"Cd44/Bub1/E2f2/Melk/Brca2/Chek2/Ddias/Ripk3/Brca1/Atad5/Fignl1/G2e3/Hells",13
"GO:0032606","type I interferon production","7/512","112/28943",0.00382548047956062,0.0355610679298031,0.0289163200835659,"Pola1/Tlr7/Irf5/Hmgb2/Cgas/Traip/Syk",7
"GO:0061351","neural precursor cell proliferation","10/512","206/28943",0.00384974295841266,0.0356227238207128,0.0289664552898567,"Kif14/Aspm/Melk/Tacc3/Hmga2/Shcbp1/Rpgrip1/Prl2c2/Racgap1/Cip2a",10
"GO:0046546","development of primary male sexual characteristics","8/512","142/28943",0.00386805929967177,0.0356227238207128,0.0289664552898567,"Aspm/Kif18a/Abcb1a/Hmga2/Fanca/Hmgb2/Rnase10/Brip1",8
"GO:0097035","regulation of membrane lipid distribution","5/512","59/28943",0.00387896045812075,0.0356227238207128,0.0289664552898567,"Atp8b4/P2rx7/Abcb1a/Abcb1b/Xkr5",5
"GO:1902808","positive regulation of cell cycle G1/S phase transition","5/512","59/28943",0.00387896045812075,0.0356227238207128,0.0289664552898567,"Fam83d/Sass6/Stil/Dbf4/Rrm2",5
"GO:1903793","positive regulation of anion transport","5/512","59/28943",0.00387896045812075,0.0356227238207128,0.0289664552898567,"P2rx7/Abcb1a/Abcb1b/Cck/Map2k6",5
"GO:0032496","response to lipopolysaccharide","15/512","386/28943",0.00396644127809596,0.0363383367212551,0.0295483526538183,"Slpi/Cited1/Ptgfr/P2rx7/Cxcl5/Ppbp/Cxcl1/Cxcl10/Serpine1/Spon2/Il6/Nr1h4/Raet1a/Hmgb2/Ccl2",15
"GO:0002700","regulation of production of molecular mediator of immune response","10/512","207/28943",0.00398309759466802,0.0364032140743457,0.0296011073773785,"Tlr7/Ivl/P2rx7/Spon2/Nsd2/Il6/Siglecg/Cgas/Atad5/Syk",10
"GO:0040020","regulation of meiotic nuclear division","4/512","37/28943",0.00402672580326864,0.036538452276915,0.0297110757045597,"Cdc20/Rad51ap1/Fbxo5/Trip13",4
"GO:0050901","leukocyte tethering or rolling","4/512","37/28943",0.00402672580326864,0.036538452276915,0.0297110757045597,"Selp/Podxl2/Spn/Itgb7",4
"GO:2000191","regulation of fatty acid transport","4/512","37/28943",0.00402672580326864,0.036538452276915,0.0297110757045597,"Acsl4/P2rx7/Map2k6/Syk",4
"GO:0002689","negative regulation of leukocyte chemotaxis","3/512","19/28943",0.00431855831129613,0.0388159780131156,0.0315630353621419,"Grem1/Slit2/Ccl2",3
"GO:0042772","DNA damage response, signal transduction resulting in transcription","3/512","19/28943",0.00431855831129613,0.0388159780131156,0.0315630353621419,"Brca2/Chek2/Foxm1",3
"GO:0046485","ether lipid metabolic process","3/512","19/28943",0.00431855831129613,0.0388159780131156,0.0315630353621419,"Far1/Pla2g4c/Pla2g7",3
"GO:1901673","regulation of mitotic spindle assembly","3/512","19/28943",0.00431855831129613,0.0388159780131156,0.0315630353621419,"Plk1/Ccsap/Ripor2",3
"GO:0090316","positive regulation of intracellular protein transport","8/512","145/28943",0.0043873691681517,0.0393414565502659,0.0319903258362997,"Ect2/Il6/Ank3/Cdk1/Brca1/Ccl2/Mtcl1/Kif20b",8
"GO:0018107","peptidyl-threonine phosphorylation","7/512","115/28943",0.00442335405532697,0.0394041567349953,0.0320413102053437,"Cit/Plk1/Cdk1/Pbk/Chek1/Ttk/Ttc36",7
"GO:0040029","epigenetic regulation of gene expression","9/512","177/28943",0.00442545368906969,0.0394041567349953,0.0320413102053437,"Hmga2/Dnmt3l/Wdhd1/Chek1/Dnmt1/Brca1/H3c8/Lmnb1/Hells",9
"GO:0051494","negative regulation of cytoskeleton organization","9/512","177/28943",0.00442545368906969,0.0394041567349953,0.0320413102053437,"Tmeff2/Tpx2/S1pr1/Stmn1/Slit2/Gmfg/Ckap2/Ccnf/Kifc1",9
"GO:0070663","regulation of leukocyte proliferation","12/512","280/28943",0.00445720561299187,0.039594148926624,0.0321958014888271,"Inpp5d/Cd44/Grem1/Il6/Siglecg/Blm/Spn/Enpp3/Ripk3/Atad5/Ripor2/Syk",12
"GO:0018209","peptidyl-serine modification","14/512","354/28943",0.00454131192935192,0.0402202210263607,0.0327048891592849,"Mastl/Cd44/Aurka/Pkn3/Clspn/Chek2/Hgf/Il6/Plk1/Cdk1/Pbk/Ttk/Syk/Vrk1",14
"GO:0009410","response to xenobiotic stimulus","13/512","317/28943",0.00454884141013548,0.0402202210263607,0.0327048891592849,"Fancb/Rad54l/Rad54b/P2rx7/Abcb1a/Abcb1b/Mcm7/Serpine1/Blm/Nr1h4/Nqo1/Gsta1/Dnmt1",13
"GO:0031341","regulation of cell killing","8/512","146/28943",0.00457187103496718,0.0403300549302674,0.032794200096956,"Il18rap/P2rx7/Cxcl5/Cxcl1/Ulbp1/Ripk3/Ccl2/Syk",8
"GO:0032890","regulation of organic acid transport","6/512","88/28943",0.00475150293558869,0.0418176253729357,0.0340038112130214,"Rgs4/Acsl4/P2rx7/Cck/Map2k6/Syk",6
"GO:1902115","regulation of organelle assembly","10/512","213/28943",0.00486176163980439,0.0426323059022829,0.0346662649671931,"Plk4/Sass6/Kif24/Stil/Plk1/Ccsap/Mns1/Spag5/Adamts16/Ripor2",10
"GO:0030866","cortical actin cytoskeleton organization","4/512","39/28943",0.00487770990728382,0.0426323059022829,0.0346662649671931,"Ect2/Anln/Fmnl3/Racgap1",4
"GO:1905168","positive regulation of double-strand break repair via homologous recombination","4/512","39/28943",0.00487770990728382,0.0426323059022829,0.0346662649671931,"Fancb/Rad51ap1/Blm/Timeless",4
"GO:0033599","regulation of mammary gland epithelial cell proliferation","3/512","20/28943",0.0050145856906515,0.0434820046838611,0.0353571936533404,"Iqgap3/Brca2/Etv4",3
"GO:0090594","inflammatory response to wounding","3/512","20/28943",0.0050145856906515,0.0434820046838611,0.0353571936533404,"Cd44/Timp1/Siglecg",3
"GO:2000773","negative regulation of cellular senescence","3/512","20/28943",0.0050145856906515,0.0434820046838611,0.0353571936533404,"Rbl1/Hmga2/Fbxo5",3
"GO:0031507","heterochromatin formation","6/512","89/28943",0.00502067334461206,0.0434820046838611,0.0353571936533404,"Hmga2/Dnmt3l/Wdhd1/Dnmt1/Lmnb1/Hells",6
"GO:0001892","embryonic placenta development","7/512","118/28943",0.00508922502623693,0.0439755307948927,0.0357585021580332,"Plac1/Cited1/Plk4/Gjb5/E2f8/E2f7/Rtl1",7
"GO:0009416","response to light stimulus","13/512","322/28943",0.00517395482544187,0.0445053761229185,0.0361893434682609,"Dtl/Timp1/Ivl/Brca2/Rad18/Pold1/Ddias/Pbk/Chek1/Ttc36/Pclaf/Cck/Aurkb",13
"GO:0015849","organic acid transport","13/512","322/28943",0.00517395482544187,0.0445053761229185,0.0361893434682609,"Rgs4/Acsl4/P2rx7/Abcb1a/Abcb1b/Slc29a4/Slco1a5/Nr1h4/Slc7a8/Cck/Map2k6/Syk/Slc38a4",13
"GO:0071425","hematopoietic stem cell proliferation","4/512","40/28943",0.00534515912854886,0.0458742550942275,0.0373024411561079,"Brca2/Cxcl1/Prl2c3/Wnt10b",4
"GO:0072331","signal transduction by p53 class mediator","8/512","150/28943",0.00537009109655636,0.0459844287142056,0.0373920283323519,"Cd44/Mlf1/E2f2/Brca2/Chek2/Foxm1/E2f7/Atad5",8
"GO:0050921","positive regulation of chemotaxis","8/512","151/28943",0.0055853097683396,0.0476727724508589,0.0387648973360759,"S1pr1/Slit2/Cxcl10/Serpine1/C3ar1/Ccl2/Ripor2/Pla2g7",8
"GO:0034644","cellular response to UV","6/512","91/28943",0.00559233469570833,0.0476727724508589,0.0387648973360759,"Timp1/Pold1/Ddias/Pbk/Chek1/Aurkb",6
"GO:0031396","regulation of protein ubiquitination","10/512","218/28943",0.00570446302911161,0.0485198399030925,0.0394536863687762,"Mastl/Bub1b/Cdc20/Mad2l1/Fanci/Ube2s/Plk1/Fbxo5/Ttc36/Brca1",10
"GO:0006662","glycerol ether metabolic process","3/512","21/28943",0.0057743394412999,0.0485708817606687,0.0394951908223051,"Far1/Pla2g4c/Pla2g7",3
"GO:0032310","prostaglandin secretion","3/512","21/28943",0.0057743394412999,0.0485708817606687,0.0394951908223051,"Acsl4/P2rx7/Map2k6",3
"GO:0051447","negative regulation of meiotic cell cycle","3/512","21/28943",0.0057743394412999,0.0485708817606687,0.0394951908223051,"Fbxo5/Ttk/Trip13",3
"GO:0072520","seminiferous tubule development","3/512","21/28943",0.0057743394412999,0.0485708817606687,0.0394951908223051,"Kif18a/Rnase10/Brip1",3
"GO:1902410","mitotic cytokinetic process","3/512","21/28943",0.0057743394412999,0.0485708817606687,0.0394951908223051,"Kif20a/Kif20b/Cep55",3
"GO:0007099","centriole replication","4/512","41/28943",0.00584162758222369,0.0489204142458468,0.0397794115673336,"Plk4/Sass6/Stil/Cep72",4
"GO:0034110","regulation of homotypic cell-cell adhesion","4/512","41/28943",0.00584162758222369,0.0489204142458468,0.0397794115673336,"Il6/Ank3/Syk/Emilin2",4
"GO:0042542","response to hydrogen peroxide","7/512","122/28943",0.00609082755590903,0.0508952227858596,0.0413852181184611,"Ect2/Hgf/Il6/Lig1/Nqo1/Ripk3/Hba-a1",7
"GO:0050727","regulation of inflammatory response","14/512","367/28943",0.00618608268512966,0.0515778209843486,0.0419402697281298,"Cd44/Smpdl3b/Alox5ap/Hgf/Slit2/Serpine1/Il6/Fancd2/Siglecg/Spn/Nr1h4/Enpp3/Fanca/Pbk",14
"GO:2000648","positive regulation of stem cell proliferation","5/512","66/28943",0.0062629151208881,0.0520536183877581,0.0423271622151349,"Cxcl1/Foxm1/Hmga2/Prl2c3/Wnt10b",5
"GO:0046434","organophosphate catabolic process","8/512","154/28943",0.00627053056854109,0.0520536183877581,0.0423271622151349,"Dut/Smpdl3b/Cda/Pla2g4c/Urah/Enpp3/Pla2g7/Pnliprp2",8
"GO:0032388","positive regulation of intracellular transport","9/512","187/28943",0.00629776795562045,0.0521658252010217,0.0424184026732193,"Ect2/Il6/Ank3/Cdk1/Brca1/Spag5/Ccl2/Mtcl1/Kif20b",9
"GO:0018210","peptidyl-threonine modification","7/512","123/28943",0.00636269634503096,0.0525177084894562,0.0427045349631864,"Cit/Plk1/Cdk1/Pbk/Chek1/Ttk/Ttc36",7
"GO:0061081","positive regulation of myeloid leukocyte cytokine production involved in immune response","4/512","42/28943",0.00636787575319288,0.0525177084894562,0.0427045349631864,"Tlr7/P2rx7/Spon2/Syk",4
"GO:0031099","regeneration","8/512","155/28943",0.00651253982369358,0.0535945376832965,0.0435801537074232,"Aurka/Hgf/Cxcl5/Serpine1/Il6/Cdk1/Dhfr/Wnt10b",8
"GO:0009219","pyrimidine deoxyribonucleotide metabolic process","3/512","22/28943",0.00659928885089274,0.0538422665474124,0.0437815933026248,"Dut/Cda/Tyms",3
"GO:0046599","regulation of centriole replication","3/512","22/28943",0.00659928885089274,0.0538422665474124,0.0437815933026248,"Plk4/Sass6/Stil",3
"GO:0046931","pore complex assembly","3/512","22/28943",0.00659928885089274,0.0538422665474124,0.0437815933026248,"Ndc1/P2rx7/Nup107",3
"GO:0097398","cellular response to interleukin-17","3/512","22/28943",0.00659928885089274,0.0538422665474124,0.0437815933026248,"Cxcl1/Cxcl10/Il6",3
"GO:0032963","collagen metabolic process","7/512","124/28943",0.0066434989886042,0.0540856656635705,0.0439795121830357,"P2rx7/Adamts3/Serpine1/Il6/Nr1h4/Ccl2/Ltbp1",7
"GO:0009123","nucleoside monophosphate metabolic process","5/512","67/28943",0.00667179831567979,0.0540856656635705,0.0439795121830357,"Dut/Cda/Dck/Tyms/Urah",5
"GO:0030330","DNA damage response, signal transduction by p53 class mediator","5/512","67/28943",0.00667179831567979,0.0540856656635705,0.0439795121830357,"Cd44/Brca2/Chek2/Foxm1/E2f7",5
"GO:0030216","keratinocyte differentiation","8/512","156/28943",0.00676155813997158,0.0546966894641956,0.0444763633977526,"Sprr2d/Sprr2i/Sprr2k/Sprr1b/Sprr1a/Ivl/Krt16/Etv4",8
"GO:0009124","nucleoside monophosphate biosynthetic process","4/512","43/28943",0.00692464302091211,0.0558491969518073,0.0454135196011678,"Dut/Cda/Dck/Tyms",4
"GO:0001910","regulation of leukocyte mediated cytotoxicity","7/512","125/28943",0.00693340898507445,0.0558491969518073,0.0454135196011678,"Il18rap/P2rx7/Cxcl5/Cxcl1/Ulbp1/Ripk3/Ccl2",7
"GO:0000302","response to reactive oxygen species","9/512","190/28943",0.00696380610239258,0.0559754562395277,0.0455161867647202,"Ptprn/Ect2/Hgf/Il6/Lig1/Nqo1/Ripk3/Hba-a1/Dhfr",9
"GO:0048754","branching morphogenesis of an epithelial tube","9/512","191/28943",0.00719739516767915,0.057731005121342,0.0469437033255022,"Cd44/Grem1/Flt1/Slit2/Hmga2/Timeless/Etv4/Adamts16/Notch4",9
"GO:0009129","pyrimidine nucleoside monophosphate metabolic process","3/512","23/28943",0.00749076248209107,0.0596306557201072,0.0484883955397312,"Dut/Cda/Tyms",3
"GO:0071359","cellular response to dsRNA","3/512","23/28943",0.00749076248209107,0.0596306557201072,0.0484883955397312,"P2rx7/Raet1a/Cgas",3
"GO:0045840","positive regulation of mitotic nuclear division","4/512","44/28943",0.00751264705153377,0.0596306557201072,0.0484883955397312,"Nusap1/Cenpe/Ereg/Cdt1",4
"GO:0098534","centriole assembly","4/512","44/28943",0.00751264705153377,0.0596306557201072,0.0484883955397312,"Plk4/Sass6/Stil/Cep72",4
"GO:2000772","regulation of cellular senescence","4/512","44/28943",0.00751264705153377,0.0596306557201072,0.0484883955397312,"Rbl1/Hmga2/Fbxo5/Cgas",4
"GO:0045814","negative regulation of gene expression, epigenetic","6/512","97/28943",0.007592421693161,0.0600132791629899,0.0487995240459872,"Hmga2/Dnmt3l/Wdhd1/Dnmt1/Lmnb1/Hells",6
"GO:0070828","heterochromatin organization","6/512","97/28943",0.007592421693161,0.0600132791629899,0.0487995240459872,"Hmga2/Dnmt3l/Wdhd1/Dnmt1/Lmnb1/Hells",6
"GO:0002687","positive regulation of leukocyte migration","8/512","160/28943",0.00783022874003176,0.061764584376765,0.0502235898874717,"Selp/Cxcl10/Serpine1/C3ar1/Spn/Ccl2/Ripor2/Pla2g7",8
"GO:0001960","negative regulation of cytokine-mediated signaling pathway","5/512","70/28943",0.0080100172059614,0.0629216640848456,0.0511644639710932,"Ecm1/Slit2/Il6/Nr1h4/Traip",5
"GO:0071677","positive regulation of mononuclear cell migration","5/512","70/28943",0.0080100172059614,0.0629216640848456,0.0511644639710932,"Cxcl10/Serpine1/Spn/Ccl2/Pla2g7",5
"GO:0072006","nephron development","8/512","161/28943",0.00811617398794988,0.0636215669254611,0.0517335867715272,"Cd44/Grem1/Cited1/C3ar1/Nup107/Timeless/Adamts16/Nid1",8
"GO:0042771","intrinsic apoptotic signaling pathway in response to DNA damage by p53 class mediator","4/512","45/28943",0.00813258325243926,0.0636215669254611,0.0517335867715272,"Cd44/Brca2/Chek2/Atad5",4
"GO:0002703","regulation of leukocyte mediated immunity","12/512","303/28943",0.0081735459189807,0.0638107219383257,0.0518873973069195,"Il18rap/P2rx7/Cxcl5/Cxcl1/Nsd2/Il6/Spn/Ulbp1/Ripk3/Atad5/Ccl2/Syk",12
"GO:0006869","lipid transport","15/512","419/28943",0.00823005874478237,0.0641202527616037,0.0521390908831446,"Atp8b4/Acsl4/P2rx7/Spp1/Abcb1a/Abcb1b/Atg9b/Slco1a5/Stard10/Nr1h4/Xkr5/Esyt3/Map2k6/Syk/Stard4",15
"GO:0002690","positive regulation of leukocyte chemotaxis","6/512","99/28943",0.00836096402989375,0.0650069227845727,0.0528600825654891,"Cxcl10/Serpine1/C3ar1/Ccl2/Ripor2/Pla2g7",6
"GO:0050920","regulation of chemotaxis","10/512","231/28943",0.00843287761948901,0.0654312110899855,0.0532050906645498,"Grem1/S1pr1/Slit2/Cxcl10/Serpine1/C3ar1/Ccl2/Ripor2/Tubb2b/Pla2g7",10
"GO:0006691","leukotriene metabolic process","3/512","24/28943",0.00844995387827009,0.0654312110899855,0.0532050906645498,"Mgst2/Alox5ap/Syk",3
"GO:0009620","response to fungus","5/512","71/28943",0.00849461190108958,0.0656433220486637,0.0533775677225077,"Ptx3/Cxcl1/Spon2/Ang2/Syk",5
"GO:0031349","positive regulation of defense response","12/512","305/28943",0.00858599248309479,0.066214895376727,0.053842339965516,"Il18rap/Alox5ap/Cxcl1/Ereg/Serpine1/Il6/Ulbp1/Hmgb2/Cgas/Cck/Syk/Emilin2",12
"GO:2001243","negative regulation of intrinsic apoptotic signaling pathway","6/512","100/28943",0.00876546740763234,0.0674621600887007,0.0548565475734417,"Cd44/Ddias/Atad5/Fignl1/G2e3/Hells",6
"GO:0002691","regulation of cellular extravasation","4/512","46/28943",0.00878512428631112,0.0674768536092018,0.0548684955425747,"Selp/Ripk3/Ccl2/Ripor2",4
"GO:0032481","positive regulation of type I interferon production","5/512","72/28943",0.00899911997452079,0.0688423624610222,0.0559788528331411,"Tlr7/Irf5/Hmgb2/Cgas/Syk",5
"GO:2000134","negative regulation of G1/S transition of mitotic cell cycle","5/512","72/28943",0.00899911997452079,0.0688423624610222,0.0559788528331411,"Rbl1/Rpa2/E2f7/Haspin/Ccl2",5
"GO:0070661","leukocyte proliferation","14/512","384/28943",0.00902221815051922,0.0688804686913134,0.0560098387403824,"Inpp5d/Cd44/Grem1/P2rx7/Il6/Siglecg/Blm/Spn/Enpp3/Ripk3/Atad5/Ripor2/Syk/Hells",14
"GO:0001776","leukocyte homeostasis","7/512","132/28943",0.00923233794791523,0.0703433845249974,0.0571994020736779,"Cd44/P2rx7/Cxcl5/Il6/Ripk3/Ccnb2/Ccl2",7
"GO:1900087","positive regulation of G1/S transition of mitotic cell cycle","4/512","47/28943",0.00947091964197857,0.0716403157070852,0.0582539957450952,"Sass6/Stil/Dbf4/Rrm2",4
"GO:0015732","prostaglandin transport","3/512","25/28943",0.00947792709117934,0.0716403157070852,0.0582539957450952,"Acsl4/P2rx7/Map2k6",3
"GO:0018904","ether metabolic process","3/512","25/28943",0.00947792709117934,0.0716403157070852,0.0582539957450952,"Far1/Pla2g4c/Pla2g7",3
"GO:0097396","response to interleukin-17","3/512","25/28943",0.00947792709117934,0.0716403157070852,0.0582539957450952,"Cxcl1/Cxcl10/Il6",3
"GO:0031343","positive regulation of cell killing","6/512","102/28943",0.00961618030229222,0.0725411061692759,0.0589864693981459,"Il18rap/P2rx7/Cxcl1/Ulbp1/Ccl2/Syk",6
"GO:0070664","negative regulation of leukocyte proliferation","6/512","103/28943",0.0100628810088428,0.0756598098771268,0.0615224290841722,"Inpp5d/Cd44/Grem1/Spn/Enpp3/Ripor2",6
"GO:0060761","negative regulation of response to cytokine stimulus","5/512","74/28943",0.0100694013145256,0.0756598098771268,0.0615224290841722,"Ecm1/Slit2/Il6/Nr1h4/Traip",5
"GO:0010876","lipid localization","16/512","470/28943",0.0101892013814727,0.0761191417998407,0.0618959327406994,"Atp8b4/Acsl4/P2rx7/Spp1/Abcb1a/Abcb1b/Atg9b/Slco1a5/Stard10/Pla2g4c/Nr1h4/Xkr5/Esyt3/Map2k6/Syk/Stard4",16
"GO:0002686","negative regulation of leukocyte migration","4/512","48/28943",0.0101905952593685,0.0761191417998407,0.0618959327406994,"Grem1/Slit2/Ccl2/Ripor2",4
"GO:0051972","regulation of telomerase activity","4/512","48/28943",0.0101905952593685,0.0761191417998407,0.0618959327406994,"Nek2/Grem1/Pif1/Aurkb",4
"GO:0006221","pyrimidine nucleotide biosynthetic process","3/512","26/28943",0.0105756220354122,0.0783791714983179,0.0637336655750601,"Dut/Cda/Tyms",3
"GO:0010575","positive regulation of vascular endothelial growth factor production","3/512","26/28943",0.0105756220354122,0.0783791714983179,0.0637336655750601,"Il6/C3ar1/Brca1",3
"GO:0046386","deoxyribose phosphate catabolic process","3/512","26/28943",0.0105756220354122,0.0783791714983179,0.0637336655750601,"Dut/Cda/Urah",3
"GO:1902230","negative regulation of intrinsic apoptotic signaling pathway in response to DNA damage","3/512","26/28943",0.0105756220354122,0.0783791714983179,0.0637336655750601,"Cd44/Ddias/Atad5",3
"GO:0001909","leukocyte mediated cytotoxicity","8/512","169/28943",0.0106937645235117,0.0791005694910344,0.0643202670603195,"Il18rap/P2rx7/Cxcl5/Cxcl1/Ulbp1/Raet1e/Ripk3/Ccl2",8
"GO:0010543","regulation of platelet activation","4/512","49/28943",0.0109447532059879,0.0807999061925557,0.0657020749432532,"Selp/Il6/Syk/Emilin2",4
"GO:0046777","protein autophosphorylation","10/512","241/28943",0.0111398475616673,0.0819060839434455,0.0666015583327056,"Nek2/Pask/Grem1/Melk/Flt1/Chek2/Ripk3/Ttk/Syk/Vrk1",10
"GO:2001234","negative regulation of apoptotic signaling pathway","10/512","241/28943",0.0111398475616673,0.0819060839434455,0.0666015583327056,"Cd44/Hgf/Serpine1/Ddias/Hmgb2/Brca1/Atad5/Fignl1/G2e3/Hells",10
"GO:0001889","liver development","7/512","137/28943",0.0111856170966647,0.0819060839434455,0.0666015583327056,"Aurka/Hgf/Il6/Foxm1/E2f8/Mki67/E2f7",7
"GO:0006289","nucleotide-excision repair","5/512","76/28943",0.0112238479049277,0.0819060839434455,0.0666015583327056,"Rpa2/Pole/Brca2/Pold1/Brip1",5
"GO:0006305","DNA alkylation","5/512","76/28943",0.0112238479049277,0.0819060839434455,0.0666015583327056,"Dnmt3l/Dnmt1/Brca1/Mis18a/Hells",5
"GO:0006306","DNA methylation","5/512","76/28943",0.0112238479049277,0.0819060839434455,0.0666015583327056,"Dnmt3l/Dnmt1/Brca1/Mis18a/Hells",5
"GO:0002262","myeloid cell homeostasis","9/512","206/28943",0.0114684550500028,0.0835307779695609,0.0679226708648081,"Inpp5d/Cd44/Il6/Ank1/Hmgb2/Hba-a1/Ccl2/Ncapg2/Adgrf5",9
"GO:0034728","nucleosome organization","6/512","106/28943",0.0114912635958205,0.0835368722587179,0.0679276264082213,"Nasp/Mcm2/Asf1b/H3c8/Chaf1b/Chaf1a",6
"GO:0006298","mismatch repair","3/512","27/28943",0.0117438596744162,0.0850479132992963,0.0691563225338556,"Exo1/Rpa2/Rnaseh2c",3
"GO:0009264","deoxyribonucleotide catabolic process","3/512","27/28943",0.0117438596744162,0.0850479132992963,0.0691563225338556,"Dut/Cda/Urah",3
"GO:0070167","regulation of biomineral tissue development","6/512","107/28943",0.0119976110655017,0.0867203750399952,0.070516277165056,"Grem1/S1pr1/Ecm1/P2rx7/Fbxo5/Wnt10b",6
"GO:0031348","negative regulation of defense response","10/512","244/28943",0.0120679048678702,0.0870629493503651,0.0707948399019968,"Cd44/Smpdl3b/Hgf/Slit2/Siglecg/Spn/Nr1h4/Enpp3/Pbk/Cck",10
"GO:0002699","positive regulation of immune effector process","12/512","320/28943",0.0122201593802621,0.0879944052343875,0.0715522490028506,"Il18rap/Tlr7/P2rx7/Cxcl1/Spon2/Nsd2/Il6/Ulbp1/Enpp3/Atad5/Ccl2/Syk",12
"GO:0072593","reactive oxygen species metabolic process","10/512","245/28943",0.012389865412737,0.0890477661611081,0.0724087846327901,"P2rx7/Cxcl1/Foxm1/Nqo1/Ripk3/Bco2/Hba-a1/Brca1/Syk/Dhfr",10
"GO:0061008","hepaticobiliary system development","7/512","140/28943",0.0124922460357456,0.0894167987015991,0.0727088617587964,"Aurka/Hgf/Il6/Foxm1/E2f8/Mki67/E2f7",7
"GO:0051222","positive regulation of protein transport","12/512","321/28943",0.012498856037057,0.0894167987015991,0.0727088617587964,"Acsl4/Ect2/P2rx7/Il6/Nr1h4/Ank3/Cdk1/Ang2/Brca1/Ccl2/Mtcl1/Kif20b",12
"GO:0032755","positive regulation of interleukin-6 production","6/512","108/28943",0.0125194588063157,0.0894167987015991,0.0727088617587964,"Tlr7/P2rx7/Ereg/Spon2/Il6/Syk",6
"GO:0032309","icosanoid secretion","4/512","51/28943",0.0125588033947012,0.0894167987015991,0.0727088617587964,"Acsl4/P2rx7/Map2k6/Syk",4
"GO:1902041","regulation of extrinsic apoptotic signaling pathway via death domain receptors","4/512","51/28943",0.0125588033947012,0.0894167987015991,0.0727088617587964,"Hgf/Serpine1/Hmgb2/Brca1",4
"GO:0035581","sequestering of extracellular ligand from receptor","2/512","10/28943",0.0127933681054218,0.0905779991374557,0.0736530865934016,"Grem1/Ltbp1",2
"GO:0061043","regulation of vascular wound healing","2/512","10/28943",0.0127933681054218,0.0905779991374557,0.0736530865934016,"Serpine1/Tafa5",2
"GO:1901731","positive regulation of platelet aggregation","2/512","10/28943",0.0127933681054218,0.0905779991374557,0.0736530865934016,"Il6/Emilin2",2
"GO:0050678","regulation of epithelial cell proliferation","15/512","442/28943",0.0129319717023317,0.0913891383127604,0.0743126607116967,"Ptprn/Iqgap3/Ecm1/Flt1/Brca2/Il6/Hmga2/Hmgb2/Ang2/Birc5/Etv4/Ccl2/Prl2c2/Wnt10b/Uhrf1",15
"GO:0060445","branching involved in salivary gland morphogenesis","3/512","28/28943",0.0129833470426581,0.0915819767276182,0.0744694663886084,"Hgf/Il6/Ntn4",3
"GO:0016525","negative regulation of angiogenesis","6/512","109/28943",0.0130570369794663,0.0915919826493189,0.0744776026581715,"E2f2/Flt1/Cxcl10/Serpine1/Ccl2/Tafa5",6
"GO:0070227","lymphocyte apoptotic process","6/512","109/28943",0.0130570369794663,0.0915919826493189,0.0744776026581715,"Cd44/P2rx7/Chek2/Blm/Ripk3/Aurkb",6
"GO:0110149","regulation of biomineralization","6/512","109/28943",0.0130570369794663,0.0915919826493189,0.0744776026581715,"Grem1/S1pr1/Ecm1/P2rx7/Fbxo5/Wnt10b",6
"GO:0042307","positive regulation of protein import into nucleus","4/512","52/28943",0.0134197781704899,0.0938074348224468,0.0762790874812498,"Ect2/Il6/Cdk1/Brca1",4
"GO:0002702","positive regulation of production of molecular mediator of immune response","7/512","142/28943",0.0134222105584984,0.0938074348224468,0.0762790874812498,"Tlr7/P2rx7/Spon2/Nsd2/Il6/Atad5/Syk",7
"GO:2001242","regulation of intrinsic apoptotic signaling pathway","8/512","177/28943",0.013832344492271,0.0964964656139709,0.0784656605964264,"Cd44/Bub1/Ddias/Ripk3/Atad5/Fignl1/G2e3/Hells",8
"GO:0051346","negative regulation of hydrolase activity","13/512","366/28943",0.0141426466108225,0.0984804806123577,0.0800789533371618,"Mastl/Slpi/Cd44/Gchfr/Timp1/Ptx3/Ecm1/Dhcr24/Hgf/Serpine1/Il6/Birc5/Spink10",13
"GO:2000181","negative regulation of blood vessel morphogenesis","6/512","111/28943",0.0141802908970327,0.0985620950466514,0.0801453177419128,"E2f2/Flt1/Cxcl10/Serpine1/Ccl2/Tafa5",6
"GO:0072528","pyrimidine-containing compound biosynthetic process","3/512","29/28943",0.0142946821084396,0.099175878423882,0.0806444128937516,"Dut/Cda/Tyms",3
"GO:0032102","negative regulation of response to external stimulus","14/512","407/28943",0.0143884916210145,0.0996448909710328,0.0810257883058565,"Cd44/Grem1/Smpdl3b/Hgf/Slit2/Serpine1/Siglecg/Spn/Nr1h4/Enpp3/Pbk/Cck/Ccl2/Tafa5",14
"GO:1901343","negative regulation of vasculature development","6/512","112/28943",0.0147664122414179,0.101483896914457,0.0825211675953816,"E2f2/Flt1/Cxcl10/Serpine1/Ccl2/Tafa5",6
"GO:0031032","actomyosin structure organization","9/512","215/28943",0.0148080444646421,0.101483896914457,0.0825211675953816,"Tmeff2/Ect2/S1pr1/Stmn1/Cit/Csrp2/Anln/Arhgef15/Racgap1",9
"GO:1903320","regulation of protein modification by small protein conjugation or removal","10/512","252/28943",0.0148279386809324,0.101483896914457,0.0825211675953816,"Mastl/Bub1b/Cdc20/Mad2l1/Fanci/Ube2s/Plk1/Fbxo5/Ttc36/Brca1",10
"GO:0046942","carboxylic acid transport","11/512","290/28943",0.0148470632034656,0.101483896914457,0.0825211675953816,"Rgs4/Acsl4/P2rx7/Slco1a5/Stard10/Nr1h4/Slc7a8/Cck/Slc16a11/Map2k6/Syk",11
"GO:0050670","regulation of lymphocyte proliferation","10/512","253/28943",0.0152034822990775,0.101483896914457,0.0825211675953816,"Inpp5d/Cd44/Il6/Siglecg/Blm/Spn/Ripk3/Atad5/Ripor2/Syk",10
"GO:1902807","negative regulation of cell cycle G1/S phase transition","5/512","82/28943",0.0152203940161289,0.101483896914457,0.0825211675953816,"Rbl1/Rpa2/E2f7/Haspin/Ccl2",5
"GO:0061647","histone H3-K9 modification","4/512","54/28943",0.0152521484250338,0.101483896914457,0.0825211675953816,"Suv39h2/Chek1/Dnmt1/Brca1",4
"GO:0008630","intrinsic apoptotic signaling pathway in response to DNA damage","6/512","113/28943",0.015369154990389,0.101483896914457,0.0825211675953816,"Cd44/Brca2/Chek2/Ddias/Brca1/Atad5",6
"GO:0071482","cellular response to light stimulus","6/512","113/28943",0.015369154990389,0.101483896914457,0.0825211675953816,"Timp1/Pold1/Ddias/Pbk/Chek1/Aurkb",6
"GO:1903829","positive regulation of protein localization","16/512","493/28943",0.0153955560004558,0.101483896914457,0.0825211675953816,"Acsl4/Ect2/P2rx7/Il6/Nr1h4/Ank3/Cdk1/Cdt1/Ang2/Brca1/Ccl2/Vrk1/Mtcl1/Ndc80/Cenpq/Kif20b",16
"GO:0001547","antral ovarian follicle growth","2/512","11/28943",0.0154548070261626,0.101483896914457,0.0825211675953816,"Ptx3/Ereg",2
"GO:0002246","wound healing involved in inflammatory response","2/512","11/28943",0.0154548070261626,0.101483896914457,0.0825211675953816,"Cd44/Timp1",2
"GO:0008611","ether lipid biosynthetic process","2/512","11/28943",0.0154548070261626,0.101483896914457,0.0825211675953816,"Far1/Pla2g4c",2
"GO:0009221","pyrimidine deoxyribonucleotide biosynthetic process","2/512","11/28943",0.0154548070261626,0.101483896914457,0.0825211675953816,"Dut/Tyms",2
"GO:0010826","negative regulation of centrosome duplication","2/512","11/28943",0.0154548070261626,0.101483896914457,0.0825211675953816,"Ccnf/Kifc1",2
"GO:0010992","ubiquitin recycling","2/512","11/28943",0.0154548070261626,0.101483896914457,0.0825211675953816,"Ube2c/Ube2s",2
"GO:0035336","long-chain fatty-acyl-CoA metabolic process","2/512","11/28943",0.0154548070261626,0.101483896914457,0.0825211675953816,"Acsl4/Far1",2
"GO:0046504","glycerol ether biosynthetic process","2/512","11/28943",0.0154548070261626,0.101483896914457,0.0825211675953816,"Far1/Pla2g4c",2
"GO:0046606","negative regulation of centrosome cycle","2/512","11/28943",0.0154548070261626,0.101483896914457,0.0825211675953816,"Ccnf/Kifc1",2
"GO:0046618","xenobiotic export from cell","2/512","11/28943",0.0154548070261626,0.101483896914457,0.0825211675953816,"Abcb1a/Abcb1b",2
"GO:0051901","positive regulation of mitochondrial depolarization","2/512","11/28943",0.0154548070261626,0.101483896914457,0.0825211675953816,"P2rx7/Cck",2
"GO:0060693","regulation of branching involved in salivary gland morphogenesis","2/512","11/28943",0.0154548070261626,0.101483896914457,0.0825211675953816,"Hgf/Ntn4",2
"GO:0071864","positive regulation of cell proliferation in bone marrow","2/512","11/28943",0.0154548070261626,0.101483896914457,0.0825211675953816,"Il6/Hmga2",2
"GO:0097384","cellular lipid biosynthetic process","2/512","11/28943",0.0154548070261626,0.101483896914457,0.0825211675953816,"Far1/Pla2g4c",2
"GO:0097421","liver regeneration","2/512","11/28943",0.0154548070261626,0.101483896914457,0.0825211675953816,"Aurka/Il6",2
"GO:1900115","extracellular regulation of signal transduction","2/512","11/28943",0.0154548070261626,0.101483896914457,0.0825211675953816,"Grem1/Ltbp1",2
"GO:1900116","extracellular negative regulation of signal transduction","2/512","11/28943",0.0154548070261626,0.101483896914457,0.0825211675953816,"Grem1/Ltbp1",2
"GO:1904667","negative regulation of ubiquitin protein ligase activity","2/512","11/28943",0.0154548070261626,0.101483896914457,0.0825211675953816,"Mad2l1/Fbxo5",2
"GO:1905097","regulation of guanyl-nucleotide exchange factor activity","2/512","11/28943",0.0154548070261626,0.101483896914457,0.0825211675953816,"Stmn1/Ripor2",2
"GO:1905634","regulation of protein localization to chromatin","2/512","11/28943",0.0154548070261626,0.101483896914457,0.0825211675953816,"Vrk1/Cdca5",2
"GO:0060907","positive regulation of macrophage cytokine production","3/512","30/28943",0.0156783584817486,0.102070409156863,0.082998087348406,"Tlr7/P2rx7/Spon2",3
"GO:0071312","cellular response to alkaloid","3/512","30/28943",0.0156783584817486,0.102070409156863,0.082998087348406,"Rad51/Fancb/Blm",3
"GO:0090314","positive regulation of protein targeting to membrane","3/512","30/28943",0.0156783584817486,0.102070409156863,0.082998087348406,"Ank3/Ccl2/Mtcl1",3
"GO:0090330","regulation of platelet aggregation","3/512","30/28943",0.0156783584817486,0.102070409156863,0.082998087348406,"Il6/Syk/Emilin2",3
"GO:2001032","regulation of double-strand break repair via nonhomologous end joining","3/512","30/28943",0.0156783584817486,0.102070409156863,0.082998087348406,"Aunip/Nsd2/Hmga2",3
"GO:0071887","leukocyte apoptotic process","7/512","148/28943",0.0165089317763398,0.107293946348109,0.0872455827748269,"Cd44/P2rx7/Chek2/Il6/Blm/Ripk3/Aurkb",7
"GO:0001822","kidney development","12/512","334/28943",0.016582127923742,0.10758575147793,0.0874828627843186,"Cenpf/Cd44/Grem1/Cited1/Spp1/Slit2/C3ar1/Nup107/Timeless/Adamts16/Nid1/Hells",12
"GO:0043154","negative regulation of cysteine-type endopeptidase activity involved in apoptotic process","5/512","84/28943",0.016739116143966,0.108234897243808,0.0880107127010889,"Cd44/Dhcr24/Hgf/Il6/Birc5",5
"GO:0072332","intrinsic apoptotic signaling pathway by p53 class mediator","5/512","84/28943",0.016739116143966,0.108234897243808,0.0880107127010889,"Cd44/E2f2/Brca2/Chek2/Atad5",5
"GO:0048872","homeostasis of number of cells","13/512","375/28943",0.0169417784628447,0.109359323795816,0.0889250350198819,"Inpp5d/Cd44/P2rx7/Cxcl5/Il6/Ank1/Hmgb2/Ripk3/Ccnb2/Hba-a1/Ccl2/Ncapg2/Adgrf5",13
"GO:0032967","positive regulation of collagen biosynthetic process","3/512","31/28943",0.0171347699714197,0.110230787531874,0.0896336617794276,"Serpine1/Ccl2/Ltbp1",3
"GO:0070979","protein K11-linked ubiquitination","3/512","31/28943",0.0171347699714197,0.110230787531874,0.0896336617794276,"Ube2t/Ube2c/Ube2s",3
"GO:0032944","regulation of mononuclear cell proliferation","10/512","258/28943",0.0171882776839278,0.110388229314685,0.0897616848465433,"Inpp5d/Cd44/Il6/Siglecg/Blm/Spn/Ripk3/Atad5/Ripor2/Syk",10
"GO:0002720","positive regulation of cytokine production involved in immune response","5/512","85/28943",0.0175348401285742,0.112046154905612,0.091109819473901,"Tlr7/P2rx7/Spon2/Il6/Syk",5
"GO:0070228","regulation of lymphocyte apoptotic process","5/512","85/28943",0.0175348401285742,0.112046154905612,0.091109819473901,"Cd44/P2rx7/Blm/Ripk3/Aurkb",5
"GO:1902117","positive regulation of organelle assembly","5/512","85/28943",0.0175348401285742,0.112046154905612,0.091109819473901,"Plk4/Sass6/Stil/Mns1/Spag5",5
"GO:0002705","positive regulation of leukocyte mediated immunity","8/512","185/28943",0.0175947682584706,0.112240451205881,0.0912678106236807,"Il18rap/P2rx7/Cxcl1/Nsd2/Il6/Ulbp1/Atad5/Ccl2",8
"GO:1904951","positive regulation of establishment of protein localization","12/512","337/28943",0.0176529016246088,0.112422666627743,0.0914159782623221,"Acsl4/Ect2/P2rx7/Il6/Nr1h4/Ank3/Cdk1/Ang2/Brca1/Ccl2/Mtcl1/Kif20b",12
"GO:1903900","regulation of viral life cycle","7/512","151/28943",0.0182270035788182,0.112955656134222,0.0918493762469088,"Slpi/Trim59/Ptx3/Ppih/Hmga2/Kpna2/Fam111a",7
"GO:0009116","nucleoside metabolic process","4/512","57/28943",0.0182835747818535,0.112955656134222,0.0918493762469088,"Cda/Dck/Urah/Tk1",4
"GO:0001781","neutrophil apoptotic process","2/512","12/28943",0.0183307837545542,0.112955656134222,0.0918493762469088,"Cd44/Il6",2
"GO:0003337","mesenchymal to epithelial transition involved in metanephros morphogenesis","2/512","12/28943",0.0183307837545542,0.112955656134222,0.0918493762469088,"Grem1/Cited1",2
"GO:0006266","DNA ligation","2/512","12/28943",0.0183307837545542,0.112955656134222,0.0918493762469088,"Rad51/Lig1",2
"GO:0009143","nucleoside triphosphate catabolic process","2/512","12/28943",0.0183307837545542,0.112955656134222,0.0918493762469088,"Dut/Enpp3",2
"GO:0009223","pyrimidine deoxyribonucleotide catabolic process","2/512","12/28943",0.0183307837545542,0.112955656134222,0.0918493762469088,"Dut/Cda",2
"GO:0033262","regulation of nuclear cell cycle DNA replication","2/512","12/28943",0.0183307837545542,0.112955656134222,0.0918493762469088,"Dbf4/Cdt1",2
"GO:0034770","histone H4-K20 methylation","2/512","12/28943",0.0183307837545542,0.112955656134222,0.0918493762469088,"Nsd2/Brca1",2
"GO:0045835","negative regulation of meiotic nuclear division","2/512","12/28943",0.0183307837545542,0.112955656134222,0.0918493762469088,"Fbxo5/Trip13",2
"GO:0046054","dGMP metabolic process","2/512","12/28943",0.0183307837545542,0.112955656134222,0.0918493762469088,"Dck/Urah",2
"GO:0060856","establishment of blood-brain barrier","2/512","12/28943",0.0183307837545542,0.112955656134222,0.0918493762469088,"Abcb1a/Abcb1b",2
"GO:0071073","positive regulation of phospholipid biosynthetic process","2/512","12/28943",0.0183307837545542,0.112955656134222,0.0918493762469088,"Nr1h4/Adgrf5",2
"GO:0072697","protein localization to cell cortex","2/512","12/28943",0.0183307837545542,0.112955656134222,0.0918493762469088,"Sapcd2/Plk1",2
"GO:0090435","protein localization to nuclear envelope","2/512","12/28943",0.0183307837545542,0.112955656134222,0.0918493762469088,"Plk1/Lmnb1",2
"GO:0098762","meiotic cell cycle phase","2/512","12/28943",0.0183307837545542,0.112955656134222,0.0918493762469088,"Ttk/Haspin",2
"GO:0098764","meiosis I cell cycle phase","2/512","12/28943",0.0183307837545542,0.112955656134222,0.0918493762469088,"Ttk/Haspin",2
"GO:1901503","ether biosynthetic process","2/512","12/28943",0.0183307837545542,0.112955656134222,0.0918493762469088,"Far1/Pla2g4c",2
"GO:1902166","negative regulation of intrinsic apoptotic signaling pathway in response to DNA damage by p53 class mediator","2/512","12/28943",0.0183307837545542,0.112955656134222,0.0918493762469088,"Cd44/Atad5",2
"GO:2001225","regulation of chloride transport","2/512","12/28943",0.0183307837545542,0.112955656134222,0.0918493762469088,"Abcb1a/Abcb1b",2
"GO:0002833","positive regulation of response to biotic stimulus","8/512","187/28943",0.0186399796361671,0.114675085075578,0.0932475220429618,"Il18rap/Cxcl1/Ereg/Ulbp1/Hmgb2/Cgas/Syk/Emilin2",8
"GO:0071216","cellular response to biotic stimulus","12/512","340/28943",0.0187748154118678,0.115318010009566,0.0937703135186729,"Cxcl5/Ppbp/Cxcl1/Cxcl10/Serpine1/Spon2/Il6/Nr1h4/Raet1a/Eme1/Ccl2/Syk",12
"GO:0010466","negative regulation of peptidase activity","10/512","262/28943",0.0189090687393469,0.11595528926935,0.0942885142401727,"Slpi/Cd44/Timp1/Ecm1/Dhcr24/Hgf/Serpine1/Il6/Birc5/Spink10",10
"GO:0002637","regulation of immunoglobulin production","5/512","87/28943",0.0192004384889021,0.117175067632112,0.095280371448687,"Nsd2/Il6/Siglecg/Cgas/Atad5",5
"GO:0031397","negative regulation of protein ubiquitination","5/512","87/28943",0.0192004384889021,0.117175067632112,0.095280371448687,"Bub1b/Cdc20/Mad2l1/Fbxo5/Ttc36",5
"GO:2000781","positive regulation of double-strand break repair","5/512","87/28943",0.0192004384889021,0.117175067632112,0.095280371448687,"Fancb/Rad51ap1/Foxm1/Blm/Timeless",5
"GO:0001649","osteoblast differentiation","9/512","225/28943",0.0193043130762337,0.117462558399619,0.0955141432541546,"Tnn/Grem1/Cited1/Spp1/Il6/Fbxo5/Map2k6/Fignl1/Wnt10b",9
"GO:0009395","phospholipid catabolic process","4/512","58/28943",0.0193711268060392,0.117462558399619,0.0955141432541546,"Smpdl3b/Pla2g4c/Pla2g7/Pnliprp2",4
"GO:0032757","positive regulation of interleukin-8 production","4/512","58/28943",0.0193711268060392,0.117462558399619,0.0955141432541546,"Tlr7/Serpine1/Il6/Syk",4
"GO:0140353","lipid export from cell","4/512","58/28943",0.0193711268060392,0.117462558399619,0.0955141432541546,"Acsl4/P2rx7/Spp1/Map2k6",4
"GO:0030500","regulation of bone mineralization","5/512","88/28943",0.0200708562933185,0.121318594001903,0.0986496610048976,"Grem1/S1pr1/Ecm1/P2rx7/Wnt10b",5
"GO:0072088","nephron epithelium morphogenesis","5/512","88/28943",0.0200708562933185,0.121318594001903,0.0986496610048976,"Cd44/Grem1/Cited1/Timeless/Adamts16",5
"GO:0033598","mammary gland epithelial cell proliferation","3/512","33/28943",0.0202669008507594,0.122115304333736,0.0992975023749775,"Iqgap3/Brca2/Etv4",3
"GO:0070741","response to interleukin-6","3/512","33/28943",0.0202669008507594,0.122115304333736,0.0992975023749775,"Selp/Cited1/Il6",3
"GO:0046651","lymphocyte proliferation","12/512","344/28943",0.0203526467084164,0.122437915799682,0.0995598324160877,"Inpp5d/Cd44/P2rx7/Il6/Siglecg/Blm/Spn/Ripk3/Atad5/Ripor2/Syk/Hells",12
"GO:0071622","regulation of granulocyte chemotaxis","4/512","59/28943",0.0204978298131606,0.123116507029442,0.100111625777422,"Slit2/C3ar1/Ccl2/Ripor2",4
"GO:0033157","regulation of intracellular protein transport","9/512","228/28943",0.0208275842310018,0.124899803227553,0.10156170494181,"Bard1/Ect2/Il6/Ank3/Cdk1/Brca1/Ccl2/Mtcl1/Kif20b",9
"GO:0000279","M phase","2/512","13/28943",0.0214129058418132,0.12621995040399,0.102635176593073,"Cdc20/Haspin",2
"GO:0032060","bleb assembly","2/512","13/28943",0.0214129058418132,0.12621995040399,0.102635176593073,"P2rx7/Anln",2
"GO:0033689","negative regulation of osteoblast proliferation","2/512","13/28943",0.0214129058418132,0.12621995040399,0.102635176593073,"Tnn/Grem1",2
"GO:0034086","maintenance of sister chromatid cohesion","2/512","13/28943",0.0214129058418132,0.12621995040399,0.102635176593073,"Sgo2a/Dscc1",2
"GO:0035999","tetrahydrofolate interconversion","2/512","13/28943",0.0214129058418132,0.12621995040399,0.102635176593073,"Tyms/Dhfr",2
"GO:0048012","hepatocyte growth factor receptor signaling pathway","2/512","13/28943",0.0214129058418132,0.12621995040399,0.102635176593073,"Stmn1/Hgf",2
"GO:0051573","negative regulation of histone H3-K9 methylation","2/512","13/28943",0.0214129058418132,0.12621995040399,0.102635176593073,"Dnmt1/Brca1",2
"GO:0070091","glucagon secretion","2/512","13/28943",0.0214129058418132,0.12621995040399,0.102635176593073,"Pask/Il6",2
"GO:0070092","regulation of glucagon secretion","2/512","13/28943",0.0214129058418132,0.12621995040399,0.102635176593073,"Pask/Il6",2
"GO:0071863","regulation of cell proliferation in bone marrow","2/512","13/28943",0.0214129058418132,0.12621995040399,0.102635176593073,"Il6/Hmga2",2
"GO:1902667","regulation of axon guidance","2/512","13/28943",0.0214129058418132,0.12621995040399,0.102635176593073,"Slit2/Tubb2b",2
"GO:0009636","response to toxic substance","6/512","122/28943",0.0215760654438198,0.126984830986692,0.10325713574792,"Abcb1a/Abcb1b/Nqo1/Mt2/Dhfr/Trpm6",6
"GO:0071715","icosanoid transport","4/512","60/28943",0.0216640143464133,0.127305382604426,0.103517790832857,"Acsl4/P2rx7/Map2k6/Syk",4
"GO:0072028","nephron morphogenesis","5/512","90/28943",0.0218882202817657,0.127564354260585,0.103728372453096,"Cd44/Grem1/Cited1/Timeless/Adamts16",5
"GO:0002052","positive regulation of neuroblast proliferation","3/512","34/28943",0.0219429478396692,0.127564354260585,0.103728372453096,"Aspm/Prl2c2/Cip2a",3
"GO:0010714","positive regulation of collagen metabolic process","3/512","34/28943",0.0219429478396692,0.127564354260585,0.103728372453096,"Serpine1/Ccl2/Ltbp1",3
"GO:0051497","negative regulation of stress fiber assembly","3/512","34/28943",0.0219429478396692,0.127564354260585,0.103728372453096,"Tmeff2/S1pr1/Stmn1",3
"GO:0051973","positive regulation of telomerase activity","3/512","34/28943",0.0219429478396692,0.127564354260585,0.103728372453096,"Nek2/Grem1/Aurkb",3
"GO:0090322","regulation of superoxide metabolic process","3/512","34/28943",0.0219429478396692,0.127564354260585,0.103728372453096,"Cxcl1/Syk/Dhfr",3
"GO:1903959","regulation of anion transmembrane transport","3/512","34/28943",0.0219429478396692,0.127564354260585,0.103728372453096,"Rgs4/Abcb1a/Abcb1b",3
"GO:0072001","renal system development","12/512","348/28943",0.0220271098101333,0.127695777070683,0.103835238311303,"Cenpf/Cd44/Grem1/Cited1/Spp1/Slit2/C3ar1/Nup107/Timeless/Adamts16/Nid1/Hells",12
"GO:0022612","gland morphogenesis","7/512","157/28943",0.022032727448282,0.127695777070683,0.103835238311303,"Cd44/Hgf/Slit2/Il6/Mki67/Ntn4/Etv4",7
"GO:0060419","heart growth","6/512","123/28943",0.0223562382181167,0.12937354293041,0.105199505962683,"Rgs4/Dusp9/S1pr1/Cdk1/Ang2/Ccnb1",6
"GO:0001912","positive regulation of leukocyte mediated cytotoxicity","5/512","91/28943",0.0228356554902574,0.131947054975621,0.107292145536532,"Il18rap/P2rx7/Cxcl1/Ulbp1/Ccl2",5
"GO:0048145","regulation of fibroblast proliferation","6/512","124/28943",0.0231551910602953,0.133590343567895,0.108628378155239,"Ccna2/Ereg/Serpine1/Hmga2/Cdc6/Ccnb1",6
"GO:0016311","dephosphorylation","12/512","351/28943",0.0233483015503301,0.134296887283442,0.109202900952814,"Akp3/Ptprn/Inpp5d/Mastl/Dusp2/Cdc25b/Mtmr11/Cdkn3/Ripk3/Cdca2/Pxylp1/Cdc25c",12
"GO:0032943","mononuclear cell proliferation","12/512","351/28943",0.0233483015503301,0.134296887283442,0.109202900952814,"Inpp5d/Cd44/P2rx7/Il6/Siglecg/Blm/Spn/Ripk3/Atad5/Ripor2/Syk/Hells",12
"GO:0021846","cell proliferation in forebrain","3/512","35/28943",0.0236923932680949,0.135456359707213,0.110145720662279,"Kif14/Tacc3/Hmga2",3
"GO:0042908","xenobiotic transport","3/512","35/28943",0.0236923932680949,0.135456359707213,0.110145720662279,"Abcb1a/Abcb1b/Slc29a4",3
"GO:0046466","membrane lipid catabolic process","3/512","35/28943",0.0236923932680949,0.135456359707213,0.110145720662279,"Mgst2/Smpdl3b/Pnliprp2",3
"GO:0046475","glycerophospholipid catabolic process","3/512","35/28943",0.0236923932680949,0.135456359707213,0.110145720662279,"Pla2g4c/Pla2g7/Pnliprp2",3
"GO:0015914","phospholipid transport","5/512","92/28943",0.0238092367315058,0.135716218970293,0.110357024036033,"Atp8b4/P2rx7/Abcb1a/Abcb1b/Xkr5",5
"GO:0031110","regulation of microtubule polymerization or depolymerization","5/512","92/28943",0.0238092367315058,0.135716218970293,0.110357024036033,"Tpx2/Stmn1/Ckap2/Ska3/Ska1",5
"GO:0001578","microtubule bundle formation","6/512","125/28943",0.0239730960388778,0.135856689729145,0.110471247192475,"Cfap69/Prc1/Plk1/Mns1/Mtcl1/Kif20a",6
"GO:0015748","organophosphate ester transport","6/512","125/28943",0.0239730960388778,0.135856689729145,0.110471247192475,"Atp8b4/P2rx7/Abcb1a/Abcb1b/Xkr5/Slc37a2",6
"GO:0031398","positive regulation of protein ubiquitination","6/512","125/28943",0.0239730960388778,0.135856689729145,0.110471247192475,"Mastl/Cdc20/Fanci/Ube2s/Plk1/Brca1",6
"GO:0030336","negative regulation of cell migration","11/512","312/28943",0.0239768118906513,0.135856689729145,0.110471247192475,"Tmeff2/Tnn/Grem1/Timp1/Slit2/Serpine1/Krt16/Ccl2/Ripor2/Tafa5/Emilin2",11
"GO:0051090","regulation of DNA-binding transcription factor activity","14/512","436/28943",0.0243192201936946,0.136656219157582,0.111121380898092,"Il18rap/Traf1/Grem1/Tacc3/Il6/Fancd2/Hmga2/Nr1h4/Fanca/Ripk3/Traip/Syk/Wnt10b/Fosl1",14
"GO:0002318","myeloid progenitor cell differentiation","2/512","14/28943",0.0246930096163227,0.136656219157582,0.111121380898092,"Mlf1/Ankle1",2
"GO:0006999","nuclear pore organization","2/512","14/28943",0.0246930096163227,0.136656219157582,0.111121380898092,"Ndc1/Nup107",2
"GO:0010359","regulation of anion channel activity","2/512","14/28943",0.0246930096163227,0.136656219157582,0.111121380898092,"Abcb1a/Abcb1b",2
"GO:0010457","centriole-centriole cohesion","2/512","14/28943",0.0246930096163227,0.136656219157582,0.111121380898092,"Nek2/Sgo1",2
"GO:0015816","glycine transport","2/512","14/28943",0.0246930096163227,0.136656219157582,0.111121380898092,"Rgs4/Slc7a8",2
"GO:0016446","somatic hypermutation of immunoglobulin genes","2/512","14/28943",0.0246930096163227,0.136656219157582,0.111121380898092,"Exo1/Polq",2
"GO:0045842","positive regulation of mitotic metaphase/anaphase transition","2/512","14/28943",0.0246930096163227,0.136656219157582,0.111121380898092,"Cenpe/Cdt1",2
"GO:0046073","dTMP metabolic process","2/512","14/28943",0.0246930096163227,0.136656219157582,0.111121380898092,"Dut/Tyms",2
"GO:0060346","bone trabecula formation","2/512","14/28943",0.0246930096163227,0.136656219157582,0.111121380898092,"Grem1/Wnt10b",2
"GO:0071838","cell proliferation in bone marrow","2/512","14/28943",0.0246930096163227,0.136656219157582,0.111121380898092,"Il6/Hmga2",2
"GO:0072683","T cell extravasation","2/512","14/28943",0.0246930096163227,0.136656219157582,0.111121380898092,"Ripk3/Ccl2",2
"GO:1903671","negative regulation of sprouting angiogenesis","2/512","14/28943",0.0246930096163227,0.136656219157582,0.111121380898092,"E2f2/Flt1",2
"GO:1903961","positive regulation of anion transmembrane transport","2/512","14/28943",0.0246930096163227,0.136656219157582,0.111121380898092,"Abcb1a/Abcb1b",2
"GO:2000402","negative regulation of lymphocyte migration","2/512","14/28943",0.0246930096163227,0.136656219157582,0.111121380898092,"Ccl2/Ripor2",2
"GO:2000615","regulation of histone H3-K9 acetylation","2/512","14/28943",0.0246930096163227,0.136656219157582,0.111121380898092,"Chek1/Brca1",2
"GO:0070301","cellular response to hydrogen peroxide","5/512","93/28943",0.0248091852036633,0.137099596140011,0.111481910867746,"Ect2/Hgf/Il6/Nqo1/Ripk3",5
"GO:2000377","regulation of reactive oxygen species metabolic process","7/512","161/28943",0.0248557845707097,0.137157754626761,0.111529202175807,"Cxcl1/Foxm1/Ripk3/Bco2/Brca1/Syk/Dhfr",7
"GO:0042176","regulation of protein catabolic process","12/512","355/28943",0.0251995472200877,0.138853157290976,0.11290781111426,"Dtl/Fam83d/Aurka/Timp1/Cdc20/Chek2/Mad2l1/Plk1/Nqo1/Pbk/Ttc36/Wnt10b",12
"GO:0014912","negative regulation of smooth muscle cell migration","3/512","36/28943",0.0255151953080723,0.140388961738482,0.114156643491216,"Slit2/Serpine1/Tafa5",3
"GO:0015711","organic anion transport","12/512","356/28943",0.0256786924625426,0.141084376795646,0.114722117071019,"Rgs4/Acsl4/P2rx7/Slco1a5/Stard10/Nr1h4/Slc7a8/Slc37a2/Cck/Slc16a11/Map2k6/Syk",12
"GO:0031640","killing of cells of another organism","5/512","94/28943",0.0258357126422984,0.141742250311715,0.115257063918023,"Hmgn2/Ppbp/Cxcl10/Hmgn2-ps/Syk",5
"GO:0030865","cortical cytoskeleton organization","4/512","64/28943",0.0267293225215483,0.14643355075926,0.119071773465474,"Ect2/Anln/Fmnl3/Racgap1",4
"GO:2001233","regulation of apoptotic signaling pathway","13/512","401/28943",0.0273966204038837,0.148366488822818,0.120643533229773,"Cd44/Bub1/Traf1/Hgf/Serpine1/Ddias/Hmgb2/Ripk3/Brca1/Atad5/Fignl1/G2e3/Hells",13
"GO:0007435","salivary gland morphogenesis","3/512","37/28943",0.0274112367349668,0.148366488822818,0.120643533229773,"Hgf/Il6/Ntn4",3
"GO:0033687","osteoblast proliferation","3/512","37/28943",0.0274112367349668,0.148366488822818,0.120643533229773,"Tnn/Grem1/Fignl1",3
"GO:0044342","type B pancreatic cell proliferation","3/512","37/28943",0.0274112367349668,0.148366488822818,0.120643533229773,"Ptprn/Birc5/Tcf19",3
"GO:0045577","regulation of B cell differentiation","3/512","37/28943",0.0274112367349668,0.148366488822818,0.120643533229773,"Inpp5d/Hmgb3/Syk",3
"GO:0090022","regulation of neutrophil chemotaxis","3/512","37/28943",0.0274112367349668,0.148366488822818,0.120643533229773,"Slit2/C3ar1/Ripor2",3
"GO:0090313","regulation of protein targeting to membrane","3/512","37/28943",0.0274112367349668,0.148366488822818,0.120643533229773,"Ank3/Ccl2/Mtcl1",3
"GO:0006997","nucleus organization","6/512","129/28943",0.0274375242294398,0.148366488822818,0.120643533229773,"Ndc1/Plk1/Nup107/Hmgb2/Chek1/Lmnb1",6
"GO:0030879","mammary gland development","7/512","165/28943",0.0279173378658939,0.148366488822818,0.120643533229773,"Iqgap3/Brca2/Slit2/Etv4/Prl2c3/Prl2c2/Notch4",7
"GO:0044728","DNA methylation or demethylation","5/512","96/28943",0.0279693036817303,0.148366488822818,0.120643533229773,"Dnmt3l/Dnmt1/Brca1/Mis18a/Hells",5
"GO:2000117","negative regulation of cysteine-type endopeptidase activity","5/512","96/28943",0.0279693036817303,0.148366488822818,0.120643533229773,"Cd44/Dhcr24/Hgf/Il6/Birc5",5
"GO:1901264","carbohydrate derivative transport","4/512","65/28943",0.0280970191829263,0.148366488822818,0.120643533229773,"P2rx7/Abcb1a/Slc29a4/Slc37a2",4
"GO:0002566","somatic diversification of immune receptors via somatic mutation","2/512","15/28943",0.0281631547417863,0.148366488822818,0.120643533229773,"Exo1/Polq",2
"GO:0009170","purine deoxyribonucleoside monophosphate metabolic process","2/512","15/28943",0.0281631547417863,0.148366488822818,0.120643533229773,"Dck/Urah",2
"GO:0014049","positive regulation of glutamate secretion","2/512","15/28943",0.0281631547417863,0.148366488822818,0.120643533229773,"P2rx7/Cck",2
"GO:0032308","positive regulation of prostaglandin secretion","2/512","15/28943",0.0281631547417863,0.148366488822818,0.120643533229773,"P2rx7/Map2k6",2
"GO:0034638","phosphatidylcholine catabolic process","2/512","15/28943",0.0281631547417863,0.148366488822818,0.120643533229773,"Pla2g7/Pnliprp2",2
"GO:0048308","organelle inheritance","2/512","15/28943",0.0281631547417863,0.148366488822818,0.120643533229773,"Cdk1/Vrk1",2
"GO:0048313","Golgi inheritance","2/512","15/28943",0.0281631547417863,0.148366488822818,0.120643533229773,"Cdk1/Vrk1",2
"GO:0055089","fatty acid homeostasis","2/512","15/28943",0.0281631547417863,0.148366488822818,0.120643533229773,"Pold1/Nr1h4",2
"GO:0061952","midbody abscission","2/512","15/28943",0.0281631547417863,0.148366488822818,0.120643533229773,"Kif20a/Cep55",2
"GO:0070365","hepatocyte differentiation","2/512","15/28943",0.0281631547417863,0.148366488822818,0.120643533229773,"E2f8/E2f7",2
"GO:0070943","neutrophil-mediated killing of symbiont cell","2/512","15/28943",0.0281631547417863,0.148366488822818,0.120643533229773,"Cxcl5/Cxcl1",2
"GO:0072283","metanephric renal vesicle morphogenesis","2/512","15/28943",0.0281631547417863,0.148366488822818,0.120643533229773,"Grem1/Cited1",2
"GO:1902093","positive regulation of flagellated sperm motility","2/512","15/28943",0.0281631547417863,0.148366488822818,0.120643533229773,"Cfap69/Rnase10",2
"GO:1902101","positive regulation of metaphase/anaphase transition of cell cycle","2/512","15/28943",0.0281631547417863,0.148366488822818,0.120643533229773,"Cenpe/Cdt1",2
"GO:2000155","positive regulation of cilium-dependent cell motility","2/512","15/28943",0.0281631547417863,0.148366488822818,0.120643533229773,"Cfap69/Rnase10",2
"GO:0045861","negative regulation of proteolysis","12/512","361/28943",0.0281748040321079,0.148366488822818,0.120643533229773,"Slpi/Cd44/Timp1/Ecm1/Dhcr24/Hgf/Serpine1/Il6/Pbk/Ttc36/Birc5/Spink10",12
"GO:0009913","epidermal cell differentiation","9/512","242/28943",0.0290930560839057,0.152990040430165,0.124403153117029,"Sprr2d/Sprr2i/Sprr2k/Sprr1b/Sprr1a/Ivl/Krt16/Etv4/Ripor2",9
"GO:0030282","bone mineralization","6/512","131/28943",0.0292875973168802,0.153800338396103,0.125062043209766,"Grem1/S1pr1/Ecm1/P2rx7/Spp1/Wnt10b",6
"GO:0071902","positive regulation of protein serine/threonine kinase activity","8/512","204/28943",0.0293743549857527,0.153862271503796,0.125112403833619,"Stil/P2rx7/Flt1/Hmga2/Cdc6/Map2k6/Syk/Incenp",8
"GO:1902229","regulation of intrinsic apoptotic signaling pathway in response to DNA damage","3/512","38/28943",0.0293803285407039,0.153862271503796,0.125112403833619,"Cd44/Ddias/Atad5",3
"GO:0070231","T cell apoptotic process","4/512","66/28943",0.0295056710578965,0.154306136674171,0.125473330771074,"P2rx7/Chek2/Blm/Ripk3",4
"GO:1903321","negative regulation of protein modification by small protein conjugation or removal","5/512","98/28943",0.0302115123171895,0.157780453063124,0.128298455285693,"Bub1b/Cdc20/Mad2l1/Fbxo5/Ttc36",5
"GO:0022409","positive regulation of cell-cell adhesion","11/512","324/28943",0.0304101139054008,0.158599798447646,0.128964702245559,"Selp/Cd44/Il6/Blm/Spn/Ank3/Rnase10/Ccl2/Syk/Wnt10b/Emilin2",11
"GO:0120032","regulation of plasma membrane bounded cell projection assembly","8/512","206/28943",0.0308684115068893,0.160769452807114,0.130728946785485,"Kif24/P2rx7/Slit2/Mns1/Anln/Adamts16/Ripor2/Prl2c2",8
"GO:0001658","branching involved in ureteric bud morphogenesis","4/512","67/28943",0.0309554407558149,0.160777444106517,0.130735444874122,"Cd44/Grem1/Timeless/Adamts16",4
"GO:0043903","regulation of biological process involved in symbiotic interaction","4/512","67/28943",0.0309554407558149,0.160777444106517,0.130735444874122,"Trim59/Ptx3/Cxcl5/Cxcl1",4
"GO:2000146","negative regulation of cell motility","11/512","325/28943",0.0309968086612512,0.160777444106517,0.130735444874122,"Tmeff2/Tnn/Grem1/Timp1/Slit2/Serpine1/Krt16/Ccl2/Ripor2/Tafa5/Emilin2",11
"GO:0045739","positive regulation of DNA repair","6/512","133/28943",0.0312177879601363,0.160855030640348,0.130798534009995,"Fancb/Rad51ap1/Foxm1/Blm/Timeless/Brca1",6
"GO:0002532","production of molecular mediator involved in inflammatory response","5/512","99/28943",0.0313737755239605,0.160855030640348,0.130798534009995,"Alox5ap/Serpine1/Il6/Adcy7/Syk",5
"GO:0008544","epidermis development","12/512","367/28943",0.0313971100783754,0.160855030640348,0.130798534009995,"Mreg/Sox18/Sprr2d/Sprr2i/Sprr2k/Sprr1b/Sprr1a/Ivl/Krt16/Etv4/Ripor2/Wnt10b",12
"GO:0045589","regulation of regulatory T cell differentiation","3/512","39/28943",0.0314222134268222,0.160855030640348,0.130798534009995,"Cd44/Fancd2/Fanca",3
"GO:0000722","telomere maintenance via recombination","2/512","16/28943",0.0318156188957237,0.160855030640348,0.130798534009995,"Rad51/Brca2",2
"GO:0003353","positive regulation of cilium movement","2/512","16/28943",0.0318156188957237,0.160855030640348,0.130798534009995,"Cfap69/Rnase10",2
"GO:0006244","pyrimidine nucleotide catabolic process","2/512","16/28943",0.0318156188957237,0.160855030640348,0.130798534009995,"Dut/Cda",2
"GO:0023035","CD40 signaling pathway","2/512","16/28943",0.0318156188957237,0.160855030640348,0.130798534009995,"Fancd2/Fanca",2
"GO:0035627","ceramide transport","2/512","16/28943",0.0318156188957237,0.160855030640348,0.130798534009995,"Abcb1a/Abcb1b",2
"GO:0035729","cellular response to hepatocyte growth factor stimulus","2/512","16/28943",0.0318156188957237,0.160855030640348,0.130798534009995,"Hgf/Il6",2
"GO:0042454","ribonucleoside catabolic process","2/512","16/28943",0.0318156188957237,0.160855030640348,0.130798534009995,"Cda/Urah",2
"GO:0042640","anagen","2/512","16/28943",0.0318156188957237,0.160855030640348,0.130798534009995,"Mreg/Wnt10b",2
"GO:0043970","histone H3-K9 acetylation","2/512","16/28943",0.0318156188957237,0.160855030640348,0.130798534009995,"Chek1/Brca1",2
"GO:0047484","regulation of response to osmotic stress","2/512","16/28943",0.0318156188957237,0.160855030640348,0.130798534009995,"Abcb1a/Abcb1b",2
"GO:0051151","negative regulation of smooth muscle cell differentiation","2/512","16/28943",0.0318156188957237,0.160855030640348,0.130798534009995,"Ereg/Dnmt1",2
"GO:0061042","vascular wound healing","2/512","16/28943",0.0318156188957237,0.160855030640348,0.130798534009995,"Serpine1/Tafa5",2
"GO:0090128","regulation of synapse maturation","2/512","16/28943",0.0318156188957237,0.160855030640348,0.130798534009995,"Cdc20/Arhgef15",2
"GO:0099527","postsynapse to nucleus signaling pathway","2/512","16/28943",0.0318156188957237,0.160855030640348,0.130798534009995,"Anks1b/Kpna2",2
"GO:1902165","regulation of intrinsic apoptotic signaling pathway in response to DNA damage by p53 class mediator","2/512","16/28943",0.0318156188957237,0.160855030640348,0.130798534009995,"Cd44/Atad5",2
"GO:0001894","tissue homeostasis","10/512","286/28943",0.0319785564041667,0.161464105509485,0.131293800459967,"Inpp5d/S1pr1/P2rx7/Spp1/Abcb1a/Il6/Syk/Tnfrsf11b/Adgrf5/Nanos1",10
"GO:0006801","superoxide metabolic process","4/512","68/28943",0.0324464678387336,0.163176548575219,0.132686265723142,"Cxcl1/Nqo1/Syk/Dhfr",4
"GO:0046427","positive regulation of receptor signaling pathway via JAK-STAT","4/512","68/28943",0.0324464678387336,0.163176548575219,0.132686265723142,"Cxcl5/Il6/Prl2c3/Prl2c2",4
"GO:0061082","myeloid leukocyte cytokine production","4/512","68/28943",0.0324464678387336,0.163176548575219,0.132686265723142,"Tlr7/P2rx7/Spon2/Syk",4
"GO:0060491","regulation of cell projection assembly","8/512","209/28943",0.0332058799196109,0.166775106280529,0.135612416497111,"Kif24/P2rx7/Slit2/Mns1/Anln/Adamts16/Ripor2/Prl2c2",8
"GO:0010803","regulation of tumor necrosis factor-mediated signaling pathway","3/512","40/28943",0.0335365691807362,0.167771100033104,0.136422304271222,"Nr1h4/Traip/Syk",3
"GO:0032232","negative regulation of actin filament bundle assembly","3/512","40/28943",0.0335365691807362,0.167771100033104,0.136422304271222,"Tmeff2/S1pr1/Stmn1",3
"GO:1903670","regulation of sprouting angiogenesis","3/512","40/28943",0.0335365691807362,0.167771100033104,0.136422304271222,"Tnn/E2f2/Flt1",3
"GO:0002831","regulation of response to biotic stimulus","12/512","371/28943",0.0336873736352148,0.168304066440324,0.136855683472752,"Il18rap/Ivl/Smpdl3b/Cxcl5/Cxcl1/Ereg/Spn/Ulbp1/Hmgb2/Cgas/Syk/Emilin2",12
"GO:0048525","negative regulation of viral process","5/512","101/28943",0.0337813893855127,0.168552286671547,0.137057522620874,"Slpi/Trim59/Ptx3/Hmga2/Fam111a",5
"GO:0006820","anion transport","15/512","500/28943",0.0340095152654065,0.1694681219385,0.137802229888251,"Rgs4/Acsl4/P2rx7/Abcb1a/Abcb1b/Slco1a5/Stard10/Nr1h4/Slc7a8/Slc37a2/Cck/Slc16a11/Map2k6/Syk/Racgap1",15
"GO:0001959","regulation of cytokine-mediated signaling pathway","6/512","137/28943",0.0353226977916933,0.174350309871924,0.141772158723619,"Ecm1/Slit2/Il6/Nr1h4/Traip/Syk",6
"GO:0001886","endothelial cell morphogenesis","2/512","17/28943",0.0356428925657643,0.174350309871924,0.141772158723619,"Col15a1/Notch4",2
"GO:0002295","T-helper cell lineage commitment","2/512","17/28943",0.0356428925657643,0.174350309871924,0.141772158723619,"Il6/Spn",2
"GO:0010713","negative regulation of collagen metabolic process","2/512","17/28943",0.0356428925657643,0.174350309871924,0.141772158723619,"Il6/Nr1h4",2
"GO:0032966","negative regulation of collagen biosynthetic process","2/512","17/28943",0.0356428925657643,0.174350309871924,0.141772158723619,"Il6/Nr1h4",2
"GO:0035337","fatty-acyl-CoA metabolic process","2/512","17/28943",0.0356428925657643,0.174350309871924,0.141772158723619,"Acsl4/Far1",2
"GO:0035728","response to hepatocyte growth factor","2/512","17/28943",0.0356428925657643,0.174350309871924,0.141772158723619,"Hgf/Il6",2
"GO:0046415","urate metabolic process","2/512","17/28943",0.0356428925657643,0.174350309871924,0.141772158723619,"Spp1/Urah",2
"GO:0061450","trophoblast cell migration","2/512","17/28943",0.0356428925657643,0.174350309871924,0.141772158723619,"Timp1/Itgb4",2
"GO:0070942","neutrophil mediated cytotoxicity","2/512","17/28943",0.0356428925657643,0.174350309871924,0.141772158723619,"Cxcl5/Cxcl1",2
"GO:0071360","cellular response to exogenous dsRNA","2/512","17/28943",0.0356428925657643,0.174350309871924,0.141772158723619,"Raet1a/Cgas",2
"GO:1904355","positive regulation of telomere capping","2/512","17/28943",0.0356428925657643,0.174350309871924,0.141772158723619,"Nek2/Aurkb",2
"GO:0002446","neutrophil mediated immunity","3/512","41/28943",0.0357230119385136,0.174350309871924,0.141772158723619,"Cxcl5/Cxcl1/Syk",3
"GO:0007431","salivary gland development","3/512","41/28943",0.0357230119385136,0.174350309871924,0.141772158723619,"Hgf/Il6/Ntn4",3
"GO:0032733","positive regulation of interleukin-10 production","3/512","41/28943",0.0357230119385136,0.174350309871924,0.141772158723619,"Hgf/Il6/Syk",3
"GO:0051567","histone H3-K9 methylation","3/512","41/28943",0.0357230119385136,0.174350309871924,0.141772158723619,"Suv39h2/Dnmt1/Brca1",3
"GO:0032609","interferon-gamma production","6/512","138/28943",0.0364005656974789,0.17742942407925,0.144275926387983,"Il18rap/Tlr7/Spn/Nr1h4/Ulbp1/Ripk3",6
"GO:0050792","regulation of viral process","7/512","175/28943",0.0366634439917514,0.178481964221048,0.145131794600409,"Slpi/Trim59/Ptx3/Ppih/Hmga2/Kpna2/Fam111a",7
"GO:0051259","protein complex oligomerization","9/512","253/28943",0.0370251208904244,0.180012160646283,0.14637606683965,"Kcna4/Ect2/Alox5ap/Blm/Tk1/Ripor2/Rrm2/Polq/Trpm6",9
"GO:0032434","regulation of proteasomal ubiquitin-dependent protein catabolic process","6/512","139/28943",0.0374993088859876,0.182084766774617,0.148061397053365,"Aurka/Cdc20/Plk1/Pbk/Ttc36/Wnt10b",6
"GO:0007229","integrin-mediated signaling pathway","5/512","104/28943",0.0376025458774035,0.182353162533021,0.148279641839332,"Timp1/Itgb4/Syk/Nid1/Itgb7",5
"GO:0050863","regulation of T cell activation","12/512","378/28943",0.0379781546009563,0.18372027949203,0.149391306754919,"Cd44/Il6/Fancd2/Blm/Spn/Fanca/Ripk3/Cgas/Ccl2/Ripor2/Syk/Wnt10b",12
"GO:0001706","endoderm formation","3/512","42/28943",0.0379810993373844,0.18372027949203,0.149391306754919,"Dusp2/Hmga2/Col12a1",3
"GO:0006606","protein import into nucleus","7/512","177/28943",0.0386064898975196,0.186296020269445,0.151485758612187,"Ect2/Il6/Nup107/Cdk1/Brca1/Kpna2/Syk",7
"GO:0000209","protein polyubiquitination","9/512","255/28943",0.0386115896823573,0.186296020269445,0.151485758612187,"Dtl/Ube2t/Bard1/Ube2c/Traf1/Ube2s/Ttc36/Brca1/G2e3",9
"GO:0002440","production of molecular mediator of immune response","13/512","422/28943",0.0387981079832832,0.186958690180536,0.152024605625913,"Exo1/Il18rap/Tlr7/Ivl/P2rx7/Spon2/Nsd2/Il6/Siglecg/Cgas/Atad5/Syk/Polq",13
"GO:0001878","response to yeast","2/512","18/28943",0.0396376739612517,0.188850170928169,0.153562654562982,"Ptx3/Ang2",2
"GO:0008228","opsonization","2/512","18/28943",0.0396376739612517,0.188850170928169,0.153562654562982,"Ptx3/Spon2",2
"GO:0019430","removal of superoxide radicals","2/512","18/28943",0.0396376739612517,0.188850170928169,0.153562654562982,"Nqo1/Dhfr",2
"GO:0045579","positive regulation of B cell differentiation","2/512","18/28943",0.0396376739612517,0.188850170928169,0.153562654562982,"Inpp5d/Syk",2
"GO:0061430","bone trabecula morphogenesis","2/512","18/28943",0.0396376739612517,0.188850170928169,0.153562654562982,"Grem1/Wnt10b",2
"GO:0072077","renal vesicle morphogenesis","2/512","18/28943",0.0396376739612517,0.188850170928169,0.153562654562982,"Grem1/Cited1",2
"GO:0080154","regulation of fertilization","2/512","18/28943",0.0396376739612517,0.188850170928169,0.153562654562982,"Cfap69/Rnase10",2
"GO:1903727","positive regulation of phospholipid metabolic process","2/512","18/28943",0.0396376739612517,0.188850170928169,0.153562654562982,"Nr1h4/Adgrf5",2
"GO:1904424","regulation of GTP binding","2/512","18/28943",0.0396376739612517,0.188850170928169,0.153562654562982,"Stmn1/Ripor2",2
"GO:1903825","organic acid transmembrane transport","6/512","141/28943",0.0397598190890656,0.189195034013301,0.153843078406674,"Rgs4/Abcb1a/Abcb1b/Slc29a4/Slc7a8/Slc38a4",6
"GO:0032386","regulation of intracellular transport","11/512","339/28943",0.0400758415386936,0.190460436912641,0.154872034998872,"Bard1/Ect2/Il6/Ank3/Cdk1/Brca1/Spag5/Ccl2/Arhgap8/Mtcl1/Kif20b",11
"GO:0045066","regulatory T cell differentiation","3/512","43/28943",0.0403103335611198,0.191097117455583,0.155389748876505,"Cd44/Fancd2/Fanca",3
"GO:1901568","fatty acid derivative metabolic process","3/512","43/28943",0.0403103335611198,0.191097117455583,0.155389748876505,"Acsl4/Far1/Hmgcll1",3
"GO:0048662","negative regulation of smooth muscle cell proliferation","4/512","73/28943",0.0405237730826924,0.191352394000546,0.155597325833939,"Rgs5/Npr1/Ang2/Tafa5",4
"GO:1904894","positive regulation of receptor signaling pathway via STAT","4/512","73/28943",0.0405237730826924,0.191352394000546,0.155597325833939,"Cxcl5/Il6/Prl2c3/Prl2c2",4
"GO:1905330","regulation of morphogenesis of an epithelium","4/512","73/28943",0.0405237730826924,0.191352394000546,0.155597325833939,"Grem1/Hgf/Cxcl10/Ntn4",4
"GO:0031214","biomineral tissue development","7/512","179/28943",0.0406158290264179,0.191352394000546,0.155597325833939,"Grem1/S1pr1/Ecm1/P2rx7/Spp1/Fbxo5/Wnt10b",7
"GO:1902904","negative regulation of supramolecular fiber organization","7/512","179/28943",0.0406158290264179,0.191352394000546,0.155597325833939,"Tmeff2/Tpx2/S1pr1/Stmn1/Slit2/Gmfg/Ckap2",7
"GO:0045089","positive regulation of innate immune response","6/512","142/28943",0.0409217724065906,0.192367866969317,0.156423053043795,"Il18rap/Ereg/Ulbp1/Hmgb2/Cgas/Syk",6
"GO:0035265","organ growth","8/512","218/28943",0.0409325629611197,0.192367866969317,0.156423053043795,"Rgs4/Dusp9/S1pr1/Ecm1/Cdk1/Ang2/Poc1a/Ccnb1",8
"GO:0001503","ossification","13/512","426/28943",0.0413024680667261,0.193866646407028,0.157641778703021,"Tnn/Grem1/Cited1/S1pr1/Ecm1/P2rx7/Spp1/Il6/Col10a1/Fbxo5/Map2k6/Fignl1/Wnt10b",13
"GO:0001657","ureteric bud development","5/512","107/28943",0.0416780873063535,0.195147891550192,0.15868361734348,"Cd44/Grem1/Slit2/Timeless/Adamts16",5
"GO:0060993","kidney morphogenesis","5/512","107/28943",0.0416780873063535,0.195147891550192,0.15868361734348,"Cd44/Grem1/Cited1/Timeless/Adamts16",5
"GO:0034614","cellular response to reactive oxygen species","6/512","143/28943",0.0421049735715315,0.19668031218881,0.159929698191682,"Ect2/Hgf/Il6/Nqo1/Ripk3/Dhfr",6
"GO:0001885","endothelial cell development","4/512","74/28943",0.0422640228980162,0.19668031218881,0.159929698191682,"Sox18/Col15a1/Abcb1b/Notch4",4
"GO:0010833","telomere maintenance via telomere lengthening","4/512","74/28943",0.0422640228980162,0.19668031218881,0.159929698191682,"Nek2/Rad51/Pif1/Aurkb",4
"GO:0046824","positive regulation of nucleocytoplasmic transport","4/512","74/28943",0.0422640228980162,0.19668031218881,0.159929698191682,"Ect2/Il6/Cdk1/Brca1",4
"GO:0060675","ureteric bud morphogenesis","4/512","74/28943",0.0422640228980162,0.19668031218881,0.159929698191682,"Cd44/Grem1/Timeless/Adamts16",4
"GO:0051170","import into nucleus","7/512","181/28943",0.0426920898178017,0.198429493260736,0.161352036796916,"Ect2/Il6/Nup107/Cdk1/Brca1/Kpna2/Syk",7
"GO:0042177","negative regulation of protein catabolic process","5/512","108/28943",0.043093554709268,0.200050909651571,0.16267048413485,"Timp1/Mad2l1/Nqo1/Pbk/Ttc36",5
"GO:0045619","regulation of lymphocyte differentiation","8/512","221/28943",0.0437527861895801,0.201818750389576,0.164107995762392,"Inpp5d/Cd44/Hmgb3/Il6/Fancd2/Fanca/Syk/Wnt10b",8
"GO:0002244","hematopoietic progenitor cell differentiation","7/512","182/28943",0.043755499045919,0.201818750389576,0.164107995762392,"Mlf1/Flt1/Rbm47/Siglecg/Ankle1/Esco2/Anln",7
"GO:0030214","hyaluronan catabolic process","2/512","19/28943",0.0437928640377171,0.201818750389576,0.164107995762392,"Cd44/Hmmr",2
"GO:0033623","regulation of integrin activation","2/512","19/28943",0.0437928640377171,0.201818750389576,0.164107995762392,"Kif14/Selp",2
"GO:0045836","positive regulation of meiotic nuclear division","2/512","19/28943",0.0437928640377171,0.201818750389576,0.164107995762392,"Rad51ap1/Fbxo5",2
"GO:0060231","mesenchymal to epithelial transition","2/512","19/28943",0.0437928640377171,0.201818750389576,0.164107995762392,"Grem1/Cited1",2
"GO:0016445","somatic diversification of immunoglobulins","4/512","75/28943",0.0440458877722819,0.202493912104251,0.164657000429188,"Exo1/Nsd2/Atad5/Polq",4
"GO:1901292","nucleoside phosphate catabolic process","4/512","75/28943",0.0440458877722819,0.202493912104251,0.164657000429188,"Dut/Cda/Urah/Enpp3",4
"GO:0006304","DNA modification","5/512","109/28943",0.0445376180616622,0.204507275205845,0.1662941574461,"Dnmt3l/Dnmt1/Brca1/Mis18a/Hells",5
"GO:0071356","cellular response to tumor necrosis factor","7/512","183/28943",0.0448358524500794,0.20562836069385,0.167205762993947,"Traf1/Il6/Nr1h4/Traip/Brca1/Ccl2/Syk",7
"GO:0010935","regulation of macrophage cytokine production","3/512","45/28943",0.0451799914976831,0.206707975540543,0.168083646879087,"Tlr7/P2rx7/Spon2",3
"GO:0016578","histone deubiquitination","3/512","45/28943",0.0451799914976831,0.206707975540543,0.168083646879087,"Bard1/Brca1/Epop",3
"GO:0071222","cellular response to lipopolysaccharide","10/512","304/28943",0.0452400469488237,0.206733964542581,0.168104779717479,"Cxcl5/Ppbp/Cxcl1/Cxcl10/Serpine1/Spon2/Il6/Nr1h4/Raet1a/Ccl2",10
"GO:0032677","regulation of interleukin-8 production","4/512","76/28943",0.0458693344315794,0.208792775963427,0.169778892827759,"Tlr7/Serpine1/Il6/Syk",4
"GO:0032642","regulation of chemokine production","5/512","110/28943",0.0460103344981367,0.208792775963427,0.169778892827759,"Tlr7/Cxcl5/Il6/Nr1h4/Syk",5
"GO:0072163","mesonephric epithelium development","5/512","110/28943",0.0460103344981367,0.208792775963427,0.169778892827759,"Cd44/Grem1/Slit2/Timeless/Adamts16",5
"GO:0072164","mesonephric tubule development","5/512","110/28943",0.0460103344981367,0.208792775963427,0.169778892827759,"Cd44/Grem1/Slit2/Timeless/Adamts16",5
"GO:0006913","nucleocytoplasmic transport","11/512","347/28943",0.0460200805516443,0.208792775963427,0.169778892827759,"Bard1/Cited1/Ect2/Ndc1/Il6/Nup107/Cdk1/Ankle1/Brca1/Kpna2/Syk",11
"GO:0051169","nuclear transport","11/512","347/28943",0.0460200805516443,0.208792775963427,0.169778892827759,"Bard1/Cited1/Ect2/Ndc1/Il6/Nup107/Cdk1/Ankle1/Brca1/Kpna2/Syk",11
"GO:0001655","urogenital system development","12/512","391/28943",0.0469428647373678,0.212712122146055,0.172965891287955,"Cenpf/Cd44/Grem1/Cited1/Spp1/Slit2/C3ar1/Nup107/Timeless/Adamts16/Nid1/Hells",12
"GO:0060759","regulation of response to cytokine stimulus","6/512","147/28943",0.0470517871448796,0.212712122146055,0.172965891287955,"Ecm1/Slit2/Il6/Nr1h4/Traip/Syk",6
"GO:1903322","positive regulation of protein modification by small protein conjugation or removal","6/512","147/28943",0.0470517871448796,0.212712122146055,0.172965891287955,"Mastl/Cdc20/Fanci/Ube2s/Plk1/Brca1",6
"GO:0032760","positive regulation of tumor necrosis factor production","5/512","111/28943",0.0475117516491322,0.212901207595155,0.17311964525789,"Spon2/Il6/Spn/Ccl2/Syk",5
"GO:0110020","regulation of actomyosin structure organization","5/512","111/28943",0.0475117516491322,0.212901207595155,0.17311964525789,"Tmeff2/Ect2/S1pr1/Stmn1/Arhgef15",5
"GO:0036230","granulocyte activation","3/512","46/28943",0.0477191682798718,0.212901207595155,0.17311964525789,"Il18rap/Enpp3/Syk",3
"GO:2000273","positive regulation of signaling receptor activity","3/512","46/28943",0.0477191682798718,0.212901207595155,0.17311964525789,"Grem1/Ereg/Ccl2",3
"GO:0032637","interleukin-8 production","4/512","77/28943",0.0477343096104404,0.212901207595155,0.17311964525789,"Tlr7/Serpine1/Il6/Syk",4
"GO:0000729","DNA double-strand break processing","2/512","20/28943",0.0481015616318355,0.212901207595155,0.17311964525789,"Blm/Brip1",2
"GO:0009083","branched-chain amino acid catabolic process","2/512","20/28943",0.0481015616318355,0.212901207595155,0.17311964525789,"Bcat1/Hmgcll1",2
"GO:0009159","deoxyribonucleoside monophosphate catabolic process","2/512","20/28943",0.0481015616318355,0.212901207595155,0.17311964525789,"Cda/Urah",2
"GO:0010804","negative regulation of tumor necrosis factor-mediated signaling pathway","2/512","20/28943",0.0481015616318355,0.212901207595155,0.17311964525789,"Nr1h4/Traip",2
"GO:0014856","skeletal muscle cell proliferation","2/512","20/28943",0.0481015616318355,0.212901207595155,0.17311964525789,"Hgf/Rtl1",2
"GO:0030502","negative regulation of bone mineralization","2/512","20/28943",0.0481015616318355,0.212901207595155,0.17311964525789,"Grem1/Ecm1",2
"GO:0032305","positive regulation of icosanoid secretion","2/512","20/28943",0.0481015616318355,0.212901207595155,0.17311964525789,"P2rx7/Map2k6",2
"GO:0043373","CD4-positive, alpha-beta T cell lineage commitment","2/512","20/28943",0.0481015616318355,0.212901207595155,0.17311964525789,"Il6/Spn",2
"GO:0055062","phosphate ion homeostasis","2/512","20/28943",0.0481015616318355,0.212901207595155,0.17311964525789,"Spp1/Enpp3",2
"GO:0071450","cellular response to oxygen radical","2/512","20/28943",0.0481015616318355,0.212901207595155,0.17311964525789,"Nqo1/Dhfr",2
"GO:0071451","cellular response to superoxide","2/512","20/28943",0.0481015616318355,0.212901207595155,0.17311964525789,"Nqo1/Dhfr",2
"GO:0072087","renal vesicle development","2/512","20/28943",0.0481015616318355,0.212901207595155,0.17311964525789,"Grem1/Cited1",2
"GO:0072506","trivalent inorganic anion homeostasis","2/512","20/28943",0.0481015616318355,0.212901207595155,0.17311964525789,"Spp1/Enpp3",2
"GO:0002367","cytokine production involved in immune response","6/512","148/28943",0.0483423303294657,0.213469848911299,0.173582033348788,"Il18rap/Tlr7/P2rx7/Spon2/Il6/Syk",6
"GO:0002456","T cell mediated immunity","6/512","148/28943",0.0483423303294657,0.213469848911299,0.173582033348788,"Il18rap/P2rx7/Il6/Spn/Raet1e/Ripk3",6
"GO:0051260","protein homooligomerization","7/512","187/28943",0.0493279589011884,0.21756948926023,0.176915637187435,"Kcna4/Ect2/Alox5ap/Blm/Tk1/Ripor2/Polq",7
"GO:0042306","regulation of protein import into nucleus","4/512","78/28943",0.049640740439661,0.218189705377562,0.177419963092527,"Ect2/Il6/Cdk1/Brca1",4
"GO:0072171","mesonephric tubule morphogenesis","4/512","78/28943",0.049640740439661,0.218189705377562,0.177419963092527,"Cd44/Grem1/Timeless/Adamts16",4
"GO:1901657","glycosyl compound metabolic process","4/512","78/28943",0.049640740439661,0.218189705377562,0.177419963092527,"Cda/Dck/Urah/Tk1",4
"GO:0022411","cellular component disassembly","13/512","439/28943",0.0502241144482518,0.220498941261263,0.179297707711822,"Tpx2/Kif18a/Stmn1/Kif2c/Kif24/Atg9b/Il6/Plk1/Cdk1/Ckap2/Ccsap/Kif18b/Vrk1",13
"GO:0010951","negative regulation of endopeptidase activity","7/512","188/28943",0.0504939442877622,0.220877567286746,0.179605585736364,"Cd44/Timp1/Dhcr24/Hgf/Serpine1/Il6/Birc5",7
"GO:0110148","biomineralization","7/512","188/28943",0.0504939442877622,0.220877567286746,0.179605585736364,"Grem1/S1pr1/Ecm1/P2rx7/Spp1/Fbxo5/Wnt10b",7
"GO:0001823","mesonephros development","5/512","113/28943",0.0506008314326028,0.220877567286746,0.179605585736364,"Cd44/Grem1/Slit2/Timeless/Adamts16",5
"GO:0055017","cardiac muscle tissue growth","5/512","113/28943",0.0506008314326028,0.220877567286746,0.179605585736364,"Rgs4/S1pr1/Cdk1/Ang2/Ccnb1",5
"GO:1903557","positive regulation of tumor necrosis factor superfamily cytokine production","5/512","113/28943",0.0506008314326028,0.220877567286746,0.179605585736364,"Spon2/Il6/Spn/Ccl2/Syk",5
"GO:0030218","erythrocyte differentiation","6/512","150/28943",0.0509884247986054,0.222314209959057,0.180773785168402,"Inpp5d/Ank1/Hmgb2/Hba-a1/Ncapg2/Adgrf5",6
"GO:0060562","epithelial tube morphogenesis","12/512","397/28943",0.0515348819222098,0.224416029135279,0.182482869838677,"Cd44/Grem1/Stil/Flt1/Slit2/Cxcl10/Hmga2/Timeless/Etv4/Adamts16/Notch4/Kif20b",12
"GO:0061180","mammary gland epithelium development","4/512","79/28943",0.0515885348406718,0.224416029135279,0.182482869838677,"Iqgap3/Brca2/Slit2/Etv4",4
"GO:0097306","cellular response to alcohol","6/512","151/28943",0.0523440698145967,0.226555484347617,0.184222558079944,"Rad51/Fancb/Ptgfr/Blm/Adcy7/Brca1",6
"GO:0035584","calcium-mediated signaling using intracellular calcium source","2/512","21/28943",0.0525570587045235,0.226555484347617,0.184222558079944,"Selp/Ptgfr",2
"GO:0046653","tetrahydrofolate metabolic process","2/512","21/28943",0.0525570587045235,0.226555484347617,0.184222558079944,"Tyms/Dhfr",2
"GO:0051546","keratinocyte migration","2/512","21/28943",0.0525570587045235,0.226555484347617,0.184222558079944,"Serpine1/Krt16",2
"GO:0051900","regulation of mitochondrial depolarization","2/512","21/28943",0.0525570587045235,0.226555484347617,0.184222558079944,"P2rx7/Cck",2
"GO:0061469","regulation of type B pancreatic cell proliferation","2/512","21/28943",0.0525570587045235,0.226555484347617,0.184222558079944,"Ptprn/Birc5",2
"GO:0071071","regulation of phospholipid biosynthetic process","2/512","21/28943",0.0525570587045235,0.226555484347617,0.184222558079944,"Nr1h4/Adgrf5",2
"GO:0090280","positive regulation of calcium ion import","2/512","21/28943",0.0525570587045235,0.226555484347617,0.184222558079944,"Serpine1/Ccl2",2
"GO:0003382","epithelial cell morphogenesis","3/512","48/28943",0.0530027639579339,0.22795985132134,0.185364512674984,"Col15a1/Rnase10/Notch4",3
"GO:0048821","erythrocyte development","3/512","48/28943",0.0530027639579339,0.22795985132134,0.185364512674984,"Ank1/Hba-a1/Adgrf5",3
"GO:2000242","negative regulation of reproductive process","4/512","80/28943",0.0535775819257177,0.230171713538507,0.187163078341758,"Timp1/Fbxo5/Ttk/Trip13",4
"GO:0071219","cellular response to molecule of bacterial origin","10/512","314/28943",0.0540193757914812,0.231612883975222,0.188334959504756,"Cxcl5/Ppbp/Cxcl1/Cxcl10/Serpine1/Spon2/Il6/Nr1h4/Raet1a/Ccl2",10
"GO:0002706","regulation of lymphocyte mediated immunity","8/512","231/28943",0.0540661564919491,0.231612883975222,0.188334959504756,"Il18rap/P2rx7/Nsd2/Il6/Spn/Ulbp1/Ripk3/Atad5",8
"GO:0050731","positive regulation of peptidyl-tyrosine phosphorylation","7/512","191/28943",0.0540958024644916,0.231612883975222,0.188334959504756,"Cd44/Grem1/Hgf/Ereg/Il6/Cck/Syk",7
"GO:0034599","cellular response to oxidative stress","9/512","273/28943",0.0549955201048231,0.235200188344811,0.191251959680144,"Ect2/Melk/Hgf/Il6/Fancd2/Ddias/Nqo1/Ripk3/Dhfr",9
"GO:0050679","positive regulation of epithelial cell proliferation","8/512","232/28943",0.0551759898854576,0.235706869151135,0.191663964865274,"Ptprn/Iqgap3/Ecm1/Il6/Hmga2/Hmgb2/Ang2/Ccl2",8
"GO:0007405","neuroblast proliferation","4/512","81/28943",0.05560775240314,0.236810130307692,0.192561076639356,"Aspm/Prl2c2/Racgap1/Cip2a",4
"GO:0033209","tumor necrosis factor-mediated signaling pathway","4/512","81/28943",0.05560775240314,0.236810130307692,0.192561076639356,"Traf1/Nr1h4/Traip/Syk",4
"GO:0031111","negative regulation of microtubule polymerization or depolymerization","3/512","49/28943",0.055745677702626,0.236810130307692,0.192561076639356,"Tpx2/Stmn1/Ckap2",3
"GO:0032210","regulation of telomere maintenance via telomerase","3/512","49/28943",0.055745677702626,0.236810130307692,0.192561076639356,"Nek2/Pif1/Aurkb",3
"GO:0070232","regulation of T cell apoptotic process","3/512","49/28943",0.055745677702626,0.236810130307692,0.192561076639356,"P2rx7/Blm/Ripk3",3
"GO:0040013","negative regulation of locomotion","11/512","360/28943",0.0569161761884113,0.238785803618625,0.194167586375011,"Tmeff2/Tnn/Grem1/Timp1/Slit2/Serpine1/Krt16/Ccl2/Ripor2/Tafa5/Emilin2",11
"GO:0032602","chemokine production","5/512","117/28943",0.057124454344128,0.238785803618625,0.194167586375011,"Tlr7/Cxcl5/Il6/Nr1h4/Syk",5
"GO:0002363","alpha-beta T cell lineage commitment","2/512","22/28943",0.0571528356898866,0.238785803618625,0.194167586375011,"Il6/Spn",2
"GO:0009158","ribonucleoside monophosphate catabolic process","2/512","22/28943",0.0571528356898866,0.238785803618625,0.194167586375011,"Cda/Urah",2
"GO:0009164","nucleoside catabolic process","2/512","22/28943",0.0571528356898866,0.238785803618625,0.194167586375011,"Cda/Urah",2
"GO:0017121","plasma membrane phospholipid scrambling","2/512","22/28943",0.0571528356898866,0.238785803618625,0.194167586375011,"P2rx7/Xkr5",2
"GO:0035634","response to stilbenoid","2/512","22/28943",0.0571528356898866,0.238785803618625,0.194167586375011,"Gsta1/Hba-a1",2
"GO:0044851","hair cycle phase","2/512","22/28943",0.0571528356898866,0.238785803618625,0.194167586375011,"Mreg/Wnt10b",2
"GO:0051770","positive regulation of nitric-oxide synthase biosynthetic process","2/512","22/28943",0.0571528356898866,0.238785803618625,0.194167586375011,"Map2k6/Ccl2",2
"GO:0060055","angiogenesis involved in wound healing","2/512","22/28943",0.0571528356898866,0.238785803618625,0.194167586375011,"Serpine1/Tafa5",2
"GO:0072273","metanephric nephron morphogenesis","2/512","22/28943",0.0571528356898866,0.238785803618625,0.194167586375011,"Grem1/Cited1",2
"GO:0150104","transport across blood-brain barrier","2/512","22/28943",0.0571528356898866,0.238785803618625,0.194167586375011,"Abcb1a/Abcb1b",2
"GO:1901317","regulation of flagellated sperm motility","2/512","22/28943",0.0571528356898866,0.238785803618625,0.194167586375011,"Cfap69/Rnase10",2
"GO:1902254","negative regulation of intrinsic apoptotic signaling pathway by p53 class mediator","2/512","22/28943",0.0571528356898866,0.238785803618625,0.194167586375011,"Cd44/Atad5",2
"GO:2000114","regulation of establishment of cell polarity","2/512","22/28943",0.0571528356898866,0.238785803618625,0.194167586375011,"Ripor2/Kif20b",2
"GO:0072073","kidney epithelium development","6/512","155/28943",0.0579848213623237,0.241995928451762,0.19677788473181,"Cd44/Grem1/Cited1/Slit2/Timeless/Adamts16",6
"GO:0003254","regulation of membrane depolarization","3/512","50/28943",0.0585549355515729,0.24383993972298,0.198277334080786,"P2rx7/Ank3/Cck",3
"GO:0045429","positive regulation of nitric oxide biosynthetic process","3/512","50/28943",0.0585549355515729,0.24383993972298,0.198277334080786,"Ptx3/Il6/Ulbp1",3
"GO:1901136","carbohydrate derivative catabolic process","6/512","156/28943",0.0594496834927173,0.247295072909531,0.201086859861926,"Dut/Cd44/Cda/Urah/Hmmr/Pnliprp2",6
"GO:0008625","extrinsic apoptotic signaling pathway via death domain receptors","4/512","83/28943",0.0597908568110227,0.248145573985262,0.201778440929902,"Hgf/Serpine1/Hmgb2/Brca1",4
"GO:0034504","protein localization to nucleus","10/512","320/28943",0.0597932354149636,0.248145573985262,0.201778440929902,"Bard1/Ect2/Il6/Plk1/Nup107/Cdk1/Brca1/Kpna2/Syk/Lmnb1",10
"GO:0006979","response to oxidative stress","12/512","407/28943",0.0598499451195385,0.248145573985262,0.201778440929902,"Ptprn/Ect2/Melk/Hgf/Il6/Fancd2/Ddias/Lig1/Nqo1/Ripk3/Hba-a1/Dhfr",12
"GO:0042129","regulation of T cell proliferation","7/512","196/28943",0.0604476265551829,0.250350627628328,0.203571470235721,"Cd44/Il6/Blm/Spn/Ripk3/Ripor2/Syk",7
"GO:2000106","regulation of leukocyte apoptotic process","5/512","119/28943",0.0605589423105224,0.250538736305339,0.203724429947889,"Cd44/P2rx7/Blm/Ripk3/Aurkb",5
"GO:0051098","regulation of binding","12/512","408/28943",0.0607277653656003,0.250964091217405,0.204070305353282,"Nek2/Slpi/Aurka/Stmn1/Blm/Plk1/Hmga2/Cdt1/Hmgb2/Ttc36/Aurkb/Ripor2",12
"GO:0042098","T cell proliferation","8/512","237/28943",0.0609424234306835,0.251343621660956,0.204378918801248,"Cd44/P2rx7/Il6/Blm/Spn/Ripk3/Ripor2/Syk",8
"GO:0022602","ovulation cycle process","3/512","51/28943",0.0614296938113775,0.251343621660956,0.204378918801248,"Ptprn/Ptx3/Ereg",3
"GO:0031146","SCF-dependent proteasomal ubiquitin-dependent protein catabolic process","3/512","51/28943",0.0614296938113775,0.251343621660956,0.204378918801248,"Kif14/Fbxo48/Ccnf",3
"GO:0043029","T cell homeostasis","3/512","51/28943",0.0614296938113775,0.251343621660956,0.204378918801248,"P2rx7/Ripk3/Ccnb2",3
"GO:0046456","icosanoid biosynthetic process","3/512","51/28943",0.0614296938113775,0.251343621660956,0.204378918801248,"Mgst2/Alox5ap/Syk",3
"GO:0046640","regulation of alpha-beta T cell proliferation","3/512","51/28943",0.0614296938113775,0.251343621660956,0.204378918801248,"Cd44/Blm/Syk",3
"GO:1902692","regulation of neuroblast proliferation","3/512","51/28943",0.0614296938113775,0.251343621660956,0.204378918801248,"Aspm/Prl2c2/Cip2a",3
"GO:0030198","extracellular matrix organization","10/512","322/28943",0.0618037490957922,0.251343621660956,0.204378918801248,"Grem1/Ptx3/Col15a1/Adamts3/Il6/Col10a1/Ntn4/Adamts16/Nid1/Tnfrsf11b",10
"GO:0000303","response to superoxide","2/512","23/28943",0.0618825569477719,0.251343621660956,0.204378918801248,"Nqo1/Dhfr",2
"GO:0002693","positive regulation of cellular extravasation","2/512","23/28943",0.0618825569477719,0.251343621660956,0.204378918801248,"Ccl2/Ripor2",2
"GO:0009151","purine deoxyribonucleotide metabolic process","2/512","23/28943",0.0618825569477719,0.251343621660956,0.204378918801248,"Dck/Urah",2
"GO:0010232","vascular transport","2/512","23/28943",0.0618825569477719,0.251343621660956,0.204378918801248,"Abcb1a/Abcb1b",2
"GO:0072202","cell differentiation involved in metanephros development","2/512","23/28943",0.0618825569477719,0.251343621660956,0.204378918801248,"Grem1/Cited1",2
"GO:0072529","pyrimidine-containing compound catabolic process","2/512","23/28943",0.0618825569477719,0.251343621660956,0.204378918801248,"Dut/Cda",2
"GO:1901623","regulation of lymphocyte chemotaxis","2/512","23/28943",0.0618825569477719,0.251343621660956,0.204378918801248,"Cxcl10/Ccl2",2
"GO:2001044","regulation of integrin-mediated signaling pathway","2/512","23/28943",0.0618825569477719,0.251343621660956,0.204378918801248,"Timp1/Nid1",2
"GO:0034109","homotypic cell-cell adhesion","4/512","84/28943",0.0619434438443755,0.251343621660956,0.204378918801248,"Il6/Ank3/Syk/Emilin2",4
"GO:0032984","protein-containing complex disassembly","8/512","238/28943",0.0621393794809672,0.251869851584901,0.204806820262149,"Tpx2/Kif18a/Stmn1/Kif2c/Kif24/Ckap2/Ccsap/Kif18b",8
"GO:0072009","nephron epithelium development","5/512","120/28943",0.0623192723939472,0.252330003878368,0.205180990999409,"Cd44/Grem1/Cited1/Timeless/Adamts16",5
"GO:0043062","extracellular structure organization","10/512","323/28943",0.0628252300233558,0.254108004839148,0.206626764365729,"Grem1/Ptx3/Col15a1/Adamts3/Il6/Col10a1/Ntn4/Adamts16/Nid1/Tnfrsf11b",10
"GO:0002819","regulation of adaptive immune response","8/512","239/28943",0.063350954021901,0.255962090532697,0.208134405685243,"Cd44/P2rx7/Nsd2/Il6/Spn/Adcy7/Ripk3/Atad5",8
"GO:0045229","external encapsulating structure organization","10/512","324/28943",0.0638575585621443,0.257735071818761,0.209576097325978,"Grem1/Ptx3/Col15a1/Adamts3/Il6/Col10a1/Ntn4/Adamts16/Nid1/Tnfrsf11b",10
"GO:0014855","striated muscle cell proliferation","4/512","85/28943",0.0641364613118225,0.258586241683509,0.210268222216691,"Hgf/Cdk1/Ccnb1/Rtl1",4
"GO:0010934","macrophage cytokine production","3/512","52/28943",0.0643690764016359,0.258974844951344,0.210584213190314,"Tlr7/P2rx7/Spon2",3
"GO:1904407","positive regulation of nitric oxide metabolic process","3/512","52/28943",0.0643690764016359,0.258974844951344,0.210584213190314,"Ptx3/Il6/Ulbp1",3
"GO:0002708","positive regulation of lymphocyte mediated immunity","6/512","160/28943",0.0655282341710446,0.263359774120837,0.214149798331321,"Il18rap/P2rx7/Nsd2/Il6/Ulbp1/Atad5",6
"GO:0071241","cellular response to inorganic substance","8/512","241/28943",0.0658180456225154,0.263768952328478,0.214482519723342,"Rad51/Ect2/Alox5ap/Blm/Ank3/Timeless/Mt2/Adcy7",8
"GO:0001764","neuron migration","7/512","200/28943",0.0658450602386148,0.263768952328478,0.214482519723342,"Tnn/Aspm/Robo3/Cck/Tubb2a/Tubb2b/Kif20b",7
"GO:0030308","negative regulation of cell growth","7/512","200/28943",0.0658450602386148,0.263768952328478,0.214482519723342,"Rgs4/Grem1/Tro/Cdkn2c/Cda/Slit2/Cgref1",7
"GO:0002200","somatic diversification of immune receptors","4/512","86/28943",0.0663696941145708,0.263768952328478,0.214482519723342,"Exo1/Nsd2/Atad5/Polq",4
"GO:0072078","nephron tubule morphogenesis","4/512","86/28943",0.0663696941145708,0.263768952328478,0.214482519723342,"Cd44/Grem1/Timeless/Adamts16",4
"GO:0001558","regulation of cell growth","13/512","459/28943",0.0663995891931808,0.263768952328478,0.214482519723342,"Rgs4/Kif14/Ccn5/Cd44/Grem1/Tro/Acsl4/Cdkn2c/Cda/Slit2/Cgref1/Pttg1/Nanos1",13
"GO:0000305","response to oxygen radical","2/512","24/28943",0.0667400663177265,0.263768952328478,0.214482519723342,"Nqo1/Dhfr",2
"GO:0009081","branched-chain amino acid metabolic process","2/512","24/28943",0.0667400663177265,0.263768952328478,0.214482519723342,"Bcat1/Hmgcll1",2
"GO:0009190","cyclic nucleotide biosynthetic process","2/512","24/28943",0.0667400663177265,0.263768952328478,0.214482519723342,"Npr1/Adcy7",2
"GO:0032930","positive regulation of superoxide anion generation","2/512","24/28943",0.0667400663177265,0.263768952328478,0.214482519723342,"Cxcl1/Syk",2
"GO:0034405","response to fluid shear stress","2/512","24/28943",0.0667400663177265,0.263768952328478,0.214482519723342,"P2rx7/Spp1",2
"GO:0043173","nucleotide salvage","2/512","24/28943",0.0667400663177265,0.263768952328478,0.214482519723342,"Cda/Dck",2
"GO:0043369","CD4-positive or CD8-positive, alpha-beta T cell lineage commitment","2/512","24/28943",0.0667400663177265,0.263768952328478,0.214482519723342,"Il6/Spn",2
"GO:0045737","positive regulation of cyclin-dependent protein serine/threonine kinase activity","2/512","24/28943",0.0667400663177265,0.263768952328478,0.214482519723342,"Stil/Cdc6",2
"GO:0051882","mitochondrial depolarization","2/512","24/28943",0.0667400663177265,0.263768952328478,0.214482519723342,"P2rx7/Cck",2
"GO:0052652","cyclic purine nucleotide metabolic process","2/512","24/28943",0.0667400663177265,0.263768952328478,0.214482519723342,"Npr1/Adcy7",2
"GO:0045667","regulation of osteoblast differentiation","6/512","161/28943",0.0671026515749285,0.264926564161867,0.21542382650223,"Tnn/Grem1/Cited1/Il6/Fbxo5/Wnt10b",6
"GO:0046460","neutral lipid biosynthetic process","3/512","53/28943",0.0673721769846472,0.265164613763591,0.215617395449394,"Acsl4/Nr1h4/Ang2",3
"GO:0046463","acylglycerol biosynthetic process","3/512","53/28943",0.0673721769846472,0.265164613763591,0.215617395449394,"Acsl4/Nr1h4/Ang2",3
"GO:0051955","regulation of amino acid transport","3/512","53/28943",0.0673721769846472,0.265164613763591,0.215617395449394,"Rgs4/P2rx7/Cck",3
"GO:0002695","negative regulation of leukocyte activation","7/512","202/28943",0.0686495042197801,0.269549499377163,0.219182945173103,"Inpp5d/Cd44/Hmgb3/Spn/Enpp3/Ripor2/Adgrf5",7
"GO:0034612","response to tumor necrosis factor","7/512","202/28943",0.0686495042197801,0.269549499377163,0.219182945173103,"Traf1/Il6/Nr1h4/Traip/Brca1/Ccl2/Syk",7
"GO:0034101","erythrocyte homeostasis","6/512","162/28943",0.0686989649911813,0.269549499377163,0.219182945173103,"Inpp5d/Ank1/Hmgb2/Hba-a1/Ncapg2/Adgrf5",6
"GO:0002673","regulation of acute inflammatory response","3/512","54/28943",0.0704380610175658,0.27552006994731,0.224037887382056,"Alox5ap/Il6/Spn",3
"GO:0032715","negative regulation of interleukin-6 production","3/512","54/28943",0.0704380610175658,0.27552006994731,0.224037887382056,"Inpp5d/Hgf/Nr1h4",3
"GO:0035272","exocrine system development","3/512","54/28943",0.0704380610175658,0.27552006994731,0.224037887382056,"Hgf/Il6/Ntn4",3
"GO:0009125","nucleoside monophosphate catabolic process","2/512","25/28943",0.0717193827722089,0.277110867174734,0.225331436887011,"Cda/Urah",2
"GO:0010759","positive regulation of macrophage chemotaxis","2/512","25/28943",0.0717193827722089,0.277110867174734,0.225331436887011,"C3ar1/Ccl2",2
"GO:0014048","regulation of glutamate secretion","2/512","25/28943",0.0717193827722089,0.277110867174734,0.225331436887011,"P2rx7/Cck",2
"GO:0030194","positive regulation of blood coagulation","2/512","25/28943",0.0717193827722089,0.277110867174734,0.225331436887011,"Serpine1/Emilin2",2
"GO:0035024","negative regulation of Rho protein signal transduction","2/512","25/28943",0.0717193827722089,0.277110867174734,0.225331436887011,"Stmn1/Ripor2",2
"GO:0045736","negative regulation of cyclin-dependent protein serine/threonine kinase activity","2/512","25/28943",0.0717193827722089,0.277110867174734,0.225331436887011,"Cdkn2c/Plk1",2
"GO:0070242","thymocyte apoptotic process","2/512","25/28943",0.0717193827722089,0.277110867174734,0.225331436887011,"Chek2/Blm",2
"GO:0097150","neuronal stem cell population maintenance","2/512","25/28943",0.0717193827722089,0.277110867174734,0.225331436887011,"Aspm/Fancd2",2
"GO:0098869","cellular oxidant detoxification","2/512","25/28943",0.0717193827722089,0.277110867174734,0.225331436887011,"Nqo1/Dhfr",2
"GO:1900048","positive regulation of hemostasis","2/512","25/28943",0.0717193827722089,0.277110867174734,0.225331436887011,"Serpine1/Emilin2",2
"GO:1901739","regulation of myoblast fusion","2/512","25/28943",0.0717193827722089,0.277110867174734,0.225331436887011,"Cxcl10/Ripor2",2
"GO:2000193","positive regulation of fatty acid transport","2/512","25/28943",0.0717193827722089,0.277110867174734,0.225331436887011,"P2rx7/Map2k6",2
"GO:0002683","negative regulation of immune system process","13/512","465/28943",0.0718542151399881,0.277349975596178,0.225525866808598,"Inpp5d/Cd44/Grem1/Hmgb3/Smpdl3b/Slit2/Siglecg/Spn/Enpp3/Ccl2/Ripor2/Tnfrsf11b/Adgrf5",13
"GO:0051607","defense response to virus","9/512","289/28943",0.0728786429459079,0.281018864584525,0.22850920714437,"Tlr7/Cxcl10/Spon2/Il6/Irf5/Spn/Ripk3/Cgas/Slfn9",9
"GO:0002260","lymphocyte homeostasis","4/512","89/28943",0.0733082975799407,0.281952670268881,0.22926852697464,"Cd44/P2rx7/Ripk3/Ccnb2",4
"GO:0002718","regulation of cytokine production involved in immune response","5/512","126/28943",0.0734811754440462,0.281952670268881,0.22926852697464,"Tlr7/P2rx7/Spon2/Il6/Syk",5
"GO:0032355","response to estradiol","3/512","55/28943",0.073565767729282,0.281952670268881,0.22926852697464,"Ptgfr/Sprr2d/H2az1",3
"GO:0032892","positive regulation of organic acid transport","3/512","55/28943",0.073565767729282,0.281952670268881,0.22926852697464,"P2rx7/Cck/Map2k6",3
"GO:0070527","platelet aggregation","3/512","55/28943",0.073565767729282,0.281952670268881,0.22926852697464,"Il6/Syk/Emilin2",3
"GO:1902622","regulation of neutrophil migration","3/512","55/28943",0.073565767729282,0.281952670268881,0.22926852697464,"Slit2/C3ar1/Ripor2",3
"GO:0140546","defense response to symbiont","9/512","290/28943",0.0741029214232752,0.283725384945914,0.230710001823458,"Tlr7/Cxcl10/Spon2/Il6/Irf5/Spn/Ripk3/Cgas/Slfn9",9
"GO:0033627","cell adhesion mediated by integrin","4/512","90/28943",0.0756999290821815,0.289548420895829,0.235444976929331,"Serpine1/Itgb4/Syk/Itgb7",4
"GO:0046633","alpha-beta T cell proliferation","3/512","56/28943",0.0767543120242618,0.291175946985756,0.236768392341196,"Cd44/Blm/Syk",3
"GO:0070169","positive regulation of biomineral tissue development","3/512","56/28943",0.0767543120242618,0.291175946985756,0.236768392341196,"P2rx7/Fbxo5/Wnt10b",3
"GO:1901861","regulation of muscle tissue development","3/512","56/28943",0.0767543120242618,0.291175946985756,0.236768392341196,"Tnn/Cenpf/Wnt10b",3
"GO:0002523","leukocyte migration involved in inflammatory response","2/512","26/28943",0.0768146961669418,0.291175946985756,0.236768392341196,"Ppbp/Ccl2",2
"GO:0006760","folic acid-containing compound metabolic process","2/512","26/28943",0.0768146961669418,0.291175946985756,0.236768392341196,"Tyms/Dhfr",2
"GO:0034656","nucleobase-containing small molecule catabolic process","2/512","26/28943",0.0768146961669418,0.291175946985756,0.236768392341196,"Cda/Urah",2
"GO:0035743","CD4-positive, alpha-beta T cell cytokine production","2/512","26/28943",0.0768146961669418,0.291175946985756,0.236768392341196,"Il18rap/Il6",2
"GO:1904030","negative regulation of cyclin-dependent protein kinase activity","2/512","26/28943",0.0768146961669418,0.291175946985756,0.236768392341196,"Cdkn2c/Plk1",2
"GO:1904353","regulation of telomere capping","2/512","26/28943",0.0768146961669418,0.291175946985756,0.236768392341196,"Nek2/Aurkb",2
"GO:0060420","regulation of heart growth","4/512","91/28943",0.0781304703967527,0.295868574151846,0.240584180703777,"Rgs4/Dusp9/Cdk1/Ccnb1",4
"GO:2000058","regulation of ubiquitin-dependent protein catabolic process","6/512","168/28943",0.0787353865848383,0.297862626662244,0.242205635401592,"Aurka/Cdc20/Plk1/Pbk/Ttc36/Wnt10b",6
"GO:0042752","regulation of circadian rhythm","5/512","129/28943",0.079444311861016,0.30024579890217,0.244143501031499,"Suv39h2/Cort/Il6/Timeless/Cdk1",5
"GO:0031646","positive regulation of nervous system process","3/512","57/28943",0.0800026863155067,0.300860745174636,0.244643541786291,"Hgf/Il6/Cck",3
"GO:0034113","heterotypic cell-cell adhesion","3/512","57/28943",0.0800026863155067,0.300860745174636,0.244643541786291,"Cd44/Rnase10/Itgb7",3
"GO:0061383","trabecula morphogenesis","3/512","57/28943",0.0800026863155067,0.300860745174636,0.244643541786291,"Grem1/S1pr1/Wnt10b",3
"GO:0110151","positive regulation of biomineralization","3/512","57/28943",0.0800026863155067,0.300860745174636,0.244643541786291,"P2rx7/Fbxo5/Wnt10b",3
"GO:1903533","regulation of protein targeting","3/512","57/28943",0.0800026863155067,0.300860745174636,0.244643541786291,"Ank3/Ccl2/Mtcl1",3
"GO:0009914","hormone transport","11/512","383/28943",0.0801210314295085,0.301008064718371,0.244763334000901,"Pask/Ptprn/Acsl4/Spp1/Abcb1a/Vgf/Il6/Hmga2/Nr1h4/Slc7a8/Birc5",11
"GO:0061333","renal tubule morphogenesis","4/512","92/28943",0.0805996173815366,0.301296058409932,0.244997514756768,"Cd44/Grem1/Timeless/Adamts16",4
"GO:1900182","positive regulation of protein localization to nucleus","4/512","92/28943",0.0805996173815366,0.301296058409932,0.244997514756768,"Ect2/Il6/Cdk1/Brca1",4
"GO:0003338","metanephros morphogenesis","2/512","27/28943",0.082020363086344,0.301296058409932,0.244997514756768,"Grem1/Cited1",2
"GO:0006346","DNA methylation-dependent heterochromatin formation","2/512","27/28943",0.082020363086344,0.301296058409932,0.244997514756768,"Dnmt1/Hells",2
"GO:0031061","negative regulation of histone methylation","2/512","27/28943",0.082020363086344,0.301296058409932,0.244997514756768,"Dnmt1/Brca1",2
"GO:0032878","regulation of establishment or maintenance of cell polarity","2/512","27/28943",0.082020363086344,0.301296058409932,0.244997514756768,"Ripor2/Kif20b",2
"GO:0034368","protein-lipid complex remodeling","2/512","27/28943",0.082020363086344,0.301296058409932,0.244997514756768,"Nr1h4/Pla2g7",2
"GO:0034369","plasma lipoprotein particle remodeling","2/512","27/28943",0.082020363086344,0.301296058409932,0.244997514756768,"Nr1h4/Pla2g7",2
"GO:0036342","post-anal tail morphogenesis","2/512","27/28943",0.082020363086344,0.301296058409932,0.244997514756768,"Akp3/Palb2",2
"GO:0043687","post-translational protein modification","2/512","27/28943",0.082020363086344,0.301296058409932,0.244997514756768,"Esco2/Dscc1",2
"GO:0045187","regulation of circadian sleep/wake cycle, sleep","2/512","27/28943",0.082020363086344,0.301296058409932,0.244997514756768,"Cort/Il6",2
"GO:0045780","positive regulation of bone resorption","2/512","27/28943",0.082020363086344,0.301296058409932,0.244997514756768,"Spp1/Syk",2
"GO:0051571","positive regulation of histone H3-K4 methylation","2/512","27/28943",0.082020363086344,0.301296058409932,0.244997514756768,"Dnmt1/Brca1",2
"GO:0060252","positive regulation of glial cell proliferation","2/512","27/28943",0.082020363086344,0.301296058409932,0.244997514756768,"Flt1/Il6",2
"GO:0070168","negative regulation of biomineral tissue development","2/512","27/28943",0.082020363086344,0.301296058409932,0.244997514756768,"Grem1/Ecm1",2
"GO:0070193","synaptonemal complex organization","2/512","27/28943",0.082020363086344,0.301296058409932,0.244997514756768,"Plk1/Trip13",2
"GO:0071605","monocyte chemotactic protein-1 production","2/512","27/28943",0.082020363086344,0.301296058409932,0.244997514756768,"Nr1h4/Syk",2
"GO:0071637","regulation of monocyte chemotactic protein-1 production","2/512","27/28943",0.082020363086344,0.301296058409932,0.244997514756768,"Nr1h4/Syk",2
"GO:0090382","phagosome maturation","2/512","27/28943",0.082020363086344,0.301296058409932,0.244997514756768,"Mreg/P2rx7",2
"GO:1903489","positive regulation of lactation","2/512","27/28943",0.082020363086344,0.301296058409932,0.244997514756768,"Prl2c3/Prl2c2",2
"GO:1904031","positive regulation of cyclin-dependent protein kinase activity","2/512","27/28943",0.082020363086344,0.301296058409932,0.244997514756768,"Stil/Cdc6",2
"GO:1904996","positive regulation of leukocyte adhesion to vascular endothelial cell","2/512","27/28943",0.082020363086344,0.301296058409932,0.244997514756768,"Selp/Il6",2
"GO:2000269","regulation of fibroblast apoptotic process","2/512","27/28943",0.082020363086344,0.301296058409932,0.244997514756768,"Xrcc2/Ddias",2
"GO:0043281","regulation of cysteine-type endopeptidase activity involved in apoptotic process","7/512","211/28943",0.082142348057498,0.301452902813328,0.245125052067539,"Cd44/Dhcr24/Hgf/Il6/Cck/Birc5/Syk",7
"GO:0002639","positive regulation of immunoglobulin production","3/512","58/28943",0.0833098622887503,0.303977059905786,0.247177558886817,"Nsd2/Il6/Atad5",3
"GO:0033619","membrane protein proteolysis","3/512","58/28943",0.0833098622887503,0.303977059905786,0.247177558886817,"Timp1/P2rx7/Tmprss6",3
"GO:0045058","T cell selection","3/512","58/28943",0.0833098622887503,0.303977059905786,0.247177558886817,"Il6/Spn/Syk",3
"GO:0045071","negative regulation of viral genome replication","3/512","58/28943",0.0833098622887503,0.303977059905786,0.247177558886817,"Slpi/Hmga2/Fam111a",3
"GO:0070229","negative regulation of lymphocyte apoptotic process","3/512","58/28943",0.0833098622887503,0.303977059905786,0.247177558886817,"Cd44/Blm/Aurkb",3
"GO:1904356","regulation of telomere maintenance via telomere lengthening","3/512","58/28943",0.0833098622887503,0.303977059905786,0.247177558886817,"Nek2/Pif1/Aurkb",3
"GO:0071466","cellular response to xenobiotic stimulus","6/512","171/28943",0.0840467497155193,0.306371756872871,0.249124795796014,"Fancb/Mcm7/Serpine1/Blm/Nr1h4/Gsta1",6
"GO:0043270","positive regulation of ion transport","10/512","343/28943",0.0855556015399172,0.310891472263305,0.252799981737403,"P2rx7/Abcb1a/Abcb1b/Cxcl1/Cxcl10/Serpine1/Ank3/Cck/Map2k6/Ccl2",10
"GO:0046425","regulation of receptor signaling pathway via JAK-STAT","5/512","132/28943",0.0856585106164731,0.310891472263305,0.252799981737403,"Cxcl5/Il6/Hmga2/Prl2c3/Prl2c2",5
"GO:0046822","regulation of nucleocytoplasmic transport","5/512","132/28943",0.0856585106164731,0.310891472263305,0.252799981737403,"Bard1/Ect2/Il6/Cdk1/Brca1",5
"GO:0007264","small GTPase mediated signal transduction","12/512","434/28943",0.0865904606909051,0.310891472263305,0.252799981737403,"Kif14/Iqgap3/Stmn1/Dhcr24/Slit2/Foxm1/Arhgap18/Dnmt1/Ripor2/Racgap1/Arhgap8/Arhgap19",12
"GO:0002204","somatic recombination of immunoglobulin genes involved in immune response","3/512","59/28943",0.0866747925999427,0.310891472263305,0.252799981737403,"Exo1/Nsd2/Atad5",3
"GO:0002208","somatic diversification of immunoglobulins involved in immune response","3/512","59/28943",0.0866747925999427,0.310891472263305,0.252799981737403,"Exo1/Nsd2/Atad5",3
"GO:0045190","isotype switching","3/512","59/28943",0.0866747925999427,0.310891472263305,0.252799981737403,"Exo1/Nsd2/Atad5",3
"GO:0050832","defense response to fungus","3/512","59/28943",0.0866747925999427,0.310891472263305,0.252799981737403,"Cxcl1/Spon2/Ang2",3
"GO:0016570","histone modification","13/512","480/28943",0.0867396311660048,0.310891472263305,0.252799981737403,"Bard1/Suv39h2/Rad51/Phf19/Scml2/Brca2/Nsd2/Nr1h4/Chek1/Dnmt1/Brca1/Epop/Uhrf1",13
"GO:0002903","negative regulation of B cell apoptotic process","2/512","28/28943",0.0873309027820121,0.310891472263305,0.252799981737403,"Cd44/Aurkb",2
"GO:0006837","serotonin transport","2/512","28/28943",0.0873309027820121,0.310891472263305,0.252799981737403,"Slc29a4/Syk",2
"GO:0006925","inflammatory cell apoptotic process","2/512","28/28943",0.0873309027820121,0.310891472263305,0.252799981737403,"Cd44/Il6",2
"GO:0031639","plasminogen activation","2/512","28/28943",0.0873309027820121,0.310891472263305,0.252799981737403,"Dhcr24/Serpine1",2
"GO:0032740","positive regulation of interleukin-17 production","2/512","28/28943",0.0873309027820121,0.310891472263305,0.252799981737403,"Il6/Nr1h4",2
"GO:0032928","regulation of superoxide anion generation","2/512","28/28943",0.0873309027820121,0.310891472263305,0.252799981737403,"Cxcl1/Syk",2
"GO:0033622","integrin activation","2/512","28/28943",0.0873309027820121,0.310891472263305,0.252799981737403,"Kif14/Selp",2
"GO:0045648","positive regulation of erythrocyte differentiation","2/512","28/28943",0.0873309027820121,0.310891472263305,0.252799981737403,"Inpp5d/Hmgb2",2
"GO:0048634","regulation of muscle organ development","2/512","28/28943",0.0873309027820121,0.310891472263305,0.252799981737403,"Cenpf/Il6",2
"GO:0048820","hair follicle maturation","2/512","28/28943",0.0873309027820121,0.310891472263305,0.252799981737403,"Mreg/Wnt10b",2
"GO:0050820","positive regulation of coagulation","2/512","28/28943",0.0873309027820121,0.310891472263305,0.252799981737403,"Serpine1/Emilin2",2
"GO:0051767","nitric-oxide synthase biosynthetic process","2/512","28/28943",0.0873309027820121,0.310891472263305,0.252799981737403,"Map2k6/Ccl2",2
"GO:0051769","regulation of nitric-oxide synthase biosynthetic process","2/512","28/28943",0.0873309027820121,0.310891472263305,0.252799981737403,"Map2k6/Ccl2",2
"GO:0071480","cellular response to gamma radiation","2/512","28/28943",0.0873309027820121,0.310891472263305,0.252799981737403,"Chek2/Ddias",2
"GO:0110150","negative regulation of biomineralization","2/512","28/28943",0.0873309027820121,0.310891472263305,0.252799981737403,"Grem1/Ecm1",2
"GO:1903487","regulation of lactation","2/512","28/28943",0.0873309027820121,0.310891472263305,0.252799981737403,"Prl2c3/Prl2c2",2
"GO:2000027","regulation of animal organ morphogenesis","5/512","133/28943",0.0877851013452362,0.312216048002421,0.253877054454196,"Sapcd2/Grem1/Hgf/Ntn4/Tnfrsf11b",5
"GO:0030168","platelet activation","4/512","95/28943",0.0882354530752116,0.312939545328316,0.254465363002648,"Selp/Il6/Syk/Emilin2",4
"GO:0045069","regulation of viral genome replication","4/512","95/28943",0.0882354530752116,0.312939545328316,0.254465363002648,"Slpi/Ppih/Hmga2/Fam111a",4
"GO:0050672","negative regulation of lymphocyte proliferation","4/512","95/28943",0.0882354530752116,0.312939545328316,0.254465363002648,"Inpp5d/Cd44/Spn/Ripor2",4
"GO:0060249","anatomical structure homeostasis","10/512","346/28943",0.0893461015659548,0.316583297440597,0.257428263402373,"Inpp5d/S1pr1/P2rx7/Spp1/Abcb1a/Il6/Syk/Tnfrsf11b/Adgrf5/Nanos1",10
"GO:0001936","regulation of endothelial cell proliferation","6/512","174/28943",0.0895516943381029,0.317016333215519,0.257780384466341,"Ecm1/Flt1/Hmgb2/Ang2/Ccl2/Prl2c2",6
"GO:0006278","RNA-templated DNA biosynthetic process","3/512","60/28943",0.0900964125080232,0.318056230599354,0.258625972277832,"Nek2/Pif1/Aurkb",3
"GO:0007004","telomere maintenance via telomerase","3/512","60/28943",0.0900964125080232,0.318056230599354,0.258625972277832,"Nek2/Pif1/Aurkb",3
"GO:0050922","negative regulation of chemotaxis","3/512","60/28943",0.0900964125080232,0.318056230599354,0.258625972277832,"Grem1/Slit2/Ccl2",3
"GO:0002312","B cell activation involved in immune response","4/512","96/28943",0.0908557204401455,0.319845786216142,0.260081141259949,"Exo1/Nsd2/Il6/Atad5",4
"GO:0032945","negative regulation of mononuclear cell proliferation","4/512","96/28943",0.0908557204401455,0.319845786216142,0.260081141259949,"Inpp5d/Cd44/Spn/Ripor2",4
"GO:0070555","response to interleukin-1","4/512","96/28943",0.0908557204401455,0.319845786216142,0.260081141259949,"Cited1/Serpine1/Il6/Ccl2",4
"GO:0043161","proteasome-mediated ubiquitin-dependent protein catabolic process","12/512","438/28943",0.0910964811095619,0.320396689341863,0.260529105622263,"Dtl/Kif14/Ube2c/Aurka/Cdc20/Ube2s/Plk1/Pbk/Ttc36/Fbxo48/Wnt10b/Ccnf",12
"GO:0001780","neutrophil homeostasis","2/512","29/28943",0.0927409932022767,0.323190885568337,0.262801193530886,"Cd44/Il6",2
"GO:0010528","regulation of transposition","2/512","29/28943",0.0927409932022767,0.323190885568337,0.262801193530886,"Mybl1/Dnmt3l",2
"GO:0010529","negative regulation of transposition","2/512","29/28943",0.0927409932022767,0.323190885568337,0.262801193530886,"Mybl1/Dnmt3l",2
"GO:0030318","melanocyte differentiation","2/512","29/28943",0.0927409932022767,0.323190885568337,0.262801193530886,"Mreg/Cited1",2
"GO:0032891","negative regulation of organic acid transport","2/512","29/28943",0.0927409932022767,0.323190885568337,0.262801193530886,"Rgs4/Acsl4",2
"GO:0034367","protein-containing complex remodeling","2/512","29/28943",0.0927409932022767,0.323190885568337,0.262801193530886,"Nr1h4/Pla2g7",2
"GO:0050802","circadian sleep/wake cycle, sleep","2/512","29/28943",0.0927409932022767,0.323190885568337,0.262801193530886,"Cort/Il6",2
"GO:0060045","positive regulation of cardiac muscle cell proliferation","2/512","29/28943",0.0927409932022767,0.323190885568337,0.262801193530886,"Cdk1/Ccnb1",2
"GO:0090023","positive regulation of neutrophil chemotaxis","2/512","29/28943",0.0927409932022767,0.323190885568337,0.262801193530886,"C3ar1/Ripor2",2
"GO:1901380","negative regulation of potassium ion transmembrane transport","2/512","29/28943",0.0927409932022767,0.323190885568337,0.262801193530886,"Rgs4/Ank3",2
"GO:0016571","histone methylation","6/512","176/28943",0.0933283011911945,0.324939744623555,0.264223270289703,"Suv39h2/Phf19/Nsd2/Nr1h4/Dnmt1/Brca1",6
"GO:0046470","phosphatidylcholine metabolic process","3/512","61/28943",0.0935736414449306,0.325198340743717,0.26443354654456,"Pla2g4c/Pla2g7/Pnliprp2",3
"GO:0140115","export across plasma membrane","3/512","61/28943",0.0935736414449306,0.325198340743717,0.26443354654456,"Abcb1a/Abcb1b/Slc29a4",3
"GO:0051100","negative regulation of binding","6/512","177/28943",0.0952483647453587,0.330509926843324,0.268752638538953,"Nek2/Slpi/Aurka/Hmga2/Ttc36/Aurkb",6
"GO:0051348","negative regulation of transferase activity","8/512","262/28943",0.0952758758075443,0.330509926843324,0.268752638538953,"Bub1b/Cdkn2c/Cdc20/Il6/Mad2l1/Plk1/Fbxo5/Pif1",8
"GO:0048511","rhythmic process","9/512","306/28943",0.0954105134153593,0.330675270743114,0.268887087176424,"Dtl/Ptprn/Suv39h2/Ptx3/Cort/Ereg/Il6/Timeless/Cdk1",9
"GO:0015908","fatty acid transport","4/512","98/28943",0.0962065560166203,0.332827412170328,0.270637091155418,"Acsl4/P2rx7/Map2k6/Syk",4
"GO:0032091","negative regulation of protein binding","4/512","98/28943",0.0962065560166203,0.332827412170328,0.270637091155418,"Slpi/Aurka/Ttc36/Aurkb",4
"GO:0034968","histone lysine methylation","5/512","137/28943",0.096563453006801,0.333208187692309,0.270946717033226,"Suv39h2/Phf19/Nsd2/Dnmt1/Brca1",5
"GO:0090398","cellular senescence","5/512","137/28943",0.096563453006801,0.333208187692309,0.270946717033226,"Rbl1/Brca2/Hmga2/Fbxo5/Cgas",5
"GO:0030858","positive regulation of epithelial cell differentiation","3/512","62/28943",0.0971053845247443,0.333208187692309,0.270946717033226,"Serpine1/Etv4/Wnt10b",3
"GO:0031062","positive regulation of histone methylation","3/512","62/28943",0.0971053845247443,0.333208187692309,0.270946717033226,"Phf19/Dnmt1/Brca1",3
"GO:0032653","regulation of interleukin-10 production","3/512","62/28943",0.0971053845247443,0.333208187692309,0.270946717033226,"Hgf/Il6/Syk",3
"GO:0048260","positive regulation of receptor-mediated endocytosis","3/512","62/28943",0.0971053845247443,0.333208187692309,0.270946717033226,"Grem1/Serpine1/Syk",3
"GO:0051058","negative regulation of small GTPase mediated signal transduction","3/512","62/28943",0.0971053845247443,0.333208187692309,0.270946717033226,"Stmn1/Slit2/Ripor2",3
"GO:0060711","labyrinthine layer development","3/512","62/28943",0.0971053845247443,0.333208187692309,0.270946717033226,"Cited1/Gjb5/Rtl1",3
"GO:0090303","positive regulation of wound healing","3/512","62/28943",0.0971053845247443,0.333208187692309,0.270946717033226,"Serpine1/Ccl2/Emilin2",3
"GO:0032682","negative regulation of chemokine production","2/512","30/28943",0.0982454671108859,0.33470364332938,0.272162739959132,"Il6/Nr1h4",2
"GO:0042749","regulation of circadian sleep/wake cycle","2/512","30/28943",0.0982454671108859,0.33470364332938,0.272162739959132,"Cort/Il6",2
"GO:0046641","positive regulation of alpha-beta T cell proliferation","2/512","30/28943",0.0982454671108859,0.33470364332938,0.272162739959132,"Blm/Syk",2
"GO:0046856","phosphatidylinositol dephosphorylation","2/512","30/28943",0.0982454671108859,0.33470364332938,0.272162739959132,"Inpp5d/Mtmr11",2
"GO:0051570","regulation of histone H3-K9 methylation","2/512","30/28943",0.0982454671108859,0.33470364332938,0.272162739959132,"Dnmt1/Brca1",2
"GO:0060343","trabecula formation","2/512","30/28943",0.0982454671108859,0.33470364332938,0.272162739959132,"Grem1/Wnt10b",2
"GO:1901658","glycosyl compound catabolic process","2/512","30/28943",0.0982454671108859,0.33470364332938,0.272162739959132,"Cda/Urah",2
"GO:1905562","regulation of vascular endothelial cell proliferation","2/512","30/28943",0.0982454671108859,0.33470364332938,0.272162739959132,"Flt1/Ccl2",2
"GO:0009165","nucleotide biosynthetic process","8/512","264/28943",0.0984187091369385,0.334993672460734,0.272398575823577,"Dut/Acsl4/Npr1/Cda/Dck/Tyms/Adcy7/Rrm2",8
"GO:0042886","amide transport","10/512","353/28943",0.0985776496808465,0.335234547483523,0.272594442248984,"Pask/Ptprn/Acsl4/Abcb1a/Abcb1b/Vgf/Il6/Hmga2/Nr1h4/Birc5",10
"GO:0003158","endothelium development","5/512","138/28943",0.0988252156876025,0.335553996839058,0.272854201034445,"Sox18/Col15a1/Abcb1b/Cxcl10/Notch4",5
"GO:0051492","regulation of stress fiber assembly","4/512","99/28943",0.0989363573005218,0.335553996839058,0.272854201034445,"Tmeff2/S1pr1/Stmn1/Arhgef15",4
"GO:2001237","negative regulation of extrinsic apoptotic signaling pathway","4/512","99/28943",0.0989363573005218,0.335553996839058,0.272854201034445,"Hgf/Serpine1/Hmgb2/Brca1",4
"GO:0052547","regulation of peptidase activity","12/512","445/28943",0.0993228445346258,0.336564576578117,0.273675949336895,"Slpi/Cd44/Timp1/Ecm1/Dhcr24/Hgf/Serpine1/Il6/Cck/Birc5/Syk/Spink10",12
"GO:0042698","ovulation cycle","3/512","63/28943",0.100690533993801,0.340895289621042,0.277197448882029,"Ptprn/Ptx3/Ereg",3
"GO:0060537","muscle tissue development","13/512","494/28943",0.102260387790535,0.345902130230975,0.281268738472375,"Tnn/Cenpf/Rgs4/Grem1/S1pr1/Csrp2/Cdk1/Ang2/AW551984/Ripor2/Ccnb1/Rtl1/Wnt10b",13
"GO:0030278","regulation of ossification","5/512","140/28943",0.103428105705994,0.346313201868135,0.281602999497969,"Grem1/S1pr1/Ecm1/P2rx7/Wnt10b",5
"GO:1904892","regulation of receptor signaling pathway via STAT","5/512","140/28943",0.103428105705994,0.346313201868135,0.281602999497969,"Cxcl5/Il6/Hmga2/Prl2c3/Prl2c2",5
"GO:1905039","carboxylic acid transmembrane transport","5/512","140/28943",0.103428105705994,0.346313201868135,0.281602999497969,"Rgs4/Abcb1a/Abcb1b/Slc7a8/Slc38a4",5
"GO:0006027","glycosaminoglycan catabolic process","2/512","31/28943",0.103839308292918,0.346313201868135,0.281602999497969,"Cd44/Hmmr",2
"GO:0007288","sperm axoneme assembly","2/512","31/28943",0.103839308292918,0.346313201868135,0.281602999497969,"Cfap69/Mns1",2
"GO:0015721","bile acid and bile salt transport","2/512","31/28943",0.103839308292918,0.346313201868135,0.281602999497969,"Slco1a5/Nr1h4",2
"GO:0033688","regulation of osteoblast proliferation","2/512","31/28943",0.103839308292918,0.346313201868135,0.281602999497969,"Tnn/Grem1",2
"GO:0042558","pteridine-containing compound metabolic process","2/512","31/28943",0.103839308292918,0.346313201868135,0.281602999497969,"Tyms/Dhfr",2
"GO:0046597","negative regulation of viral entry into host cell","2/512","31/28943",0.103839308292918,0.346313201868135,0.281602999497969,"Trim59/Ptx3",2
"GO:0051957","positive regulation of amino acid transport","2/512","31/28943",0.103839308292918,0.346313201868135,0.281602999497969,"P2rx7/Cck",2
"GO:0060295","regulation of cilium movement involved in cell motility","2/512","31/28943",0.103839308292918,0.346313201868135,0.281602999497969,"Cfap69/Rnase10",2
"GO:0071354","cellular response to interleukin-6","2/512","31/28943",0.103839308292918,0.346313201868135,0.281602999497969,"Selp/Il6",2
"GO:0071624","positive regulation of granulocyte chemotaxis","2/512","31/28943",0.103839308292918,0.346313201868135,0.281602999497969,"C3ar1/Ripor2",2
"GO:0101023","vascular endothelial cell proliferation","2/512","31/28943",0.103839308292918,0.346313201868135,0.281602999497969,"Flt1/Ccl2",2
"GO:1902019","regulation of cilium-dependent cell motility","2/512","31/28943",0.103839308292918,0.346313201868135,0.281602999497969,"Cfap69/Rnase10",2
"GO:1905523","positive regulation of macrophage migration","2/512","31/28943",0.103839308292918,0.346313201868135,0.281602999497969,"C3ar1/Ccl2",2
"GO:0032613","interleukin-10 production","3/512","64/28943",0.104327970623584,0.34730715134602,0.282411224979446,"Hgf/Il6/Syk",3
"GO:0009798","axis specification","4/512","101/28943",0.104502730441832,0.34730715134602,0.282411224979446,"Aurka/Cited1/Stil/Mns1",4
"GO:0014066","regulation of phosphatidylinositol 3-kinase signaling","4/512","101/28943",0.104502730441832,0.34730715134602,0.282411224979446,"Selp/Flt1/Hgf/Cep55",4
"GO:0045185","maintenance of protein location","4/512","101/28943",0.104502730441832,0.34730715134602,0.282411224979446,"Bard1/Tacc3/Ank3/Ltbp1",4
"GO:0022407","regulation of cell-cell adhesion","13/512","497/28943",0.105791269545315,0.351282451363571,0.285643722045131,"Selp/Cd44/Il6/Blm/Spn/Ank3/Rnase10/Ccl2/Ripor2/Syk/Wnt10b/Notch4/Emilin2",13
"GO:0050866","negative regulation of cell activation","7/512","225/28943",0.105943139921567,0.351479771362825,0.28580417190194,"Inpp5d/Cd44/Hmgb3/Spn/Enpp3/Ripor2/Adgrf5",7
"GO:1901293","nucleoside phosphate biosynthetic process","8/512","269/28943",0.106528927735815,0.353115068222816,0.287133906080016,"Dut/Acsl4/Npr1/Cda/Dck/Tyms/Adcy7/Rrm2",8
"GO:0043331","response to dsRNA","3/512","65/28943",0.108016565048132,0.357422959367273,0.290636848102572,"P2rx7/Raet1a/Cgas",3
"GO:0070534","protein K63-linked ubiquitination","3/512","65/28943",0.108016565048132,0.357422959367273,0.290636848102572,"Ube2t/Traf1/Ube2s",3
"GO:0060271","cilium assembly","10/512","360/28943",0.108348509960636,0.358027598547485,0.29112850769234,"Plk4/Kif24/Stil/Cfap69/Rpgrip1/Poc1a/Ttc36/Mns1/Hyls1/Adamts16",10
"GO:0001945","lymph vessel development","2/512","32/28943",0.109517647846061,0.358027598547485,0.29112850769234,"Sox18/Syk",2
"GO:0002360","T cell lineage commitment","2/512","32/28943",0.109517647846061,0.358027598547485,0.29112850769234,"Il6/Spn",2
"GO:0003416","endochondral bone growth","2/512","32/28943",0.109517647846061,0.358027598547485,0.29112850769234,"Ecm1/Poc1a",2
"GO:0022410","circadian sleep/wake cycle process","2/512","32/28943",0.109517647846061,0.358027598547485,0.29112850769234,"Cort/Il6",2
"GO:0032196","transposition","2/512","32/28943",0.109517647846061,0.358027598547485,0.29112850769234,"Mybl1/Dnmt3l",2
"GO:0035987","endodermal cell differentiation","2/512","32/28943",0.109517647846061,0.358027598547485,0.29112850769234,"Hmga2/Col12a1",2
"GO:0045662","negative regulation of myoblast differentiation","2/512","32/28943",0.109517647846061,0.358027598547485,0.29112850769234,"Cxcl10/Prl2c2",2
"GO:0045830","positive regulation of isotype switching","2/512","32/28943",0.109517647846061,0.358027598547485,0.29112850769234,"Nsd2/Atad5",2
"GO:0051150","regulation of smooth muscle cell differentiation","2/512","32/28943",0.109517647846061,0.358027598547485,0.29112850769234,"Ereg/Dnmt1",2
"GO:0070633","transepithelial transport","2/512","32/28943",0.109517647846061,0.358027598547485,0.29112850769234,"Abcb1a/Abcb1b",2
"GO:0070670","response to interleukin-4","2/512","32/28943",0.109517647846061,0.358027598547485,0.29112850769234,"Cited1/Mcm2",2
"GO:0072574","hepatocyte proliferation","2/512","32/28943",0.109517647846061,0.358027598547485,0.29112850769234,"Il6/Mki67",2
"GO:0072575","epithelial cell proliferation involved in liver morphogenesis","2/512","32/28943",0.109517647846061,0.358027598547485,0.29112850769234,"Il6/Mki67",2
"GO:0051091","positive regulation of DNA-binding transcription factor activity","8/512","271/28943",0.109873490098137,0.358882310440822,0.291823512767433,"Il18rap/Traf1/Grem1/Il6/Hmga2/Ripk3/Wnt10b/Fosl1",8
"GO:0001938","positive regulation of endothelial cell proliferation","4/512","103/28943",0.110208686891057,0.359668178162918,0.292462537518893,"Ecm1/Hmgb2/Ang2/Ccl2",4
"GO:1903039","positive regulation of leukocyte cell-cell adhesion","8/512","272/28943",0.111567133179059,0.363467229032702,0.295551718394487,"Selp/Cd44/Il6/Blm/Spn/Ccl2/Syk/Wnt10b",8
"GO:0009166","nucleotide catabolic process","3/512","66/28943",0.111755179047667,0.363467229032702,0.295551718394487,"Dut/Cda/Urah",3
"GO:0051148","negative regulation of muscle cell differentiation","3/512","66/28943",0.111755179047667,0.363467229032702,0.295551718394487,"Rgs4/Ereg/Dnmt1",3
"GO:0060688","regulation of morphogenesis of a branching structure","3/512","66/28943",0.111755179047667,0.363467229032702,0.295551718394487,"Grem1/Hgf/Ntn4",3
"GO:0032680","regulation of tumor necrosis factor production","6/512","186/28943",0.113464869086059,0.368397465640645,0.299560717790242,"Spon2/Il6/Spn/Nr1h4/Ccl2/Syk",6
"GO:0061136","regulation of proteasomal protein catabolic process","6/512","186/28943",0.113464869086059,0.368397465640645,0.299560717790242,"Aurka/Cdc20/Plk1/Pbk/Ttc36/Wnt10b",6
"GO:0051258","protein polymerization","8/512","274/28943",0.114996907962549,0.370399004298423,0.301188259814632,"Tpx2/Ube2c/Stmn1/Slit2/Ube2s/Arhgap18/Fbxo5/Diaph3",8
"GO:0002675","positive regulation of acute inflammatory response","2/512","33/28943",0.115275760555436,0.370399004298423,0.301188259814632,"Alox5ap/Il6",2
"GO:0002828","regulation of type 2 immune response","2/512","33/28943",0.115275760555436,0.370399004298423,0.301188259814632,"Ecm1/Il6",2
"GO:0009187","cyclic nucleotide metabolic process","2/512","33/28943",0.115275760555436,0.370399004298423,0.301188259814632,"Npr1/Adcy7",2
"GO:0032212","positive regulation of telomere maintenance via telomerase","2/512","33/28943",0.115275760555436,0.370399004298423,0.301188259814632,"Nek2/Aurkb",2
"GO:0044346","fibroblast apoptotic process","2/512","33/28943",0.115275760555436,0.370399004298423,0.301188259814632,"Xrcc2/Ddias",2
"GO:0060074","synapse maturation","2/512","33/28943",0.115275760555436,0.370399004298423,0.301188259814632,"Cdc20/Arhgef15",2
"GO:1901797","negative regulation of signal transduction by p53 class mediator","2/512","33/28943",0.115275760555436,0.370399004298423,0.301188259814632,"Cd44/Atad5",2
"GO:1902253","regulation of intrinsic apoptotic signaling pathway by p53 class mediator","2/512","33/28943",0.115275760555436,0.370399004298423,0.301188259814632,"Cd44/Atad5",2
"GO:1903429","regulation of cell maturation","2/512","33/28943",0.115275760555436,0.370399004298423,0.301188259814632,"Kif14/Aurka",2
"GO:1903792","negative regulation of anion transport","2/512","33/28943",0.115275760555436,0.370399004298423,0.301188259814632,"Rgs4/Acsl4",2
"GO:1904706","negative regulation of vascular associated smooth muscle cell proliferation","2/512","33/28943",0.115275760555436,0.370399004298423,0.301188259814632,"Rgs5/Tafa5",2
"GO:0007159","leukocyte cell-cell adhesion","11/512","411/28943",0.115351195299154,0.370399004298423,0.301188259814632,"Selp/Cd44/Il6/Podxl2/Blm/Spn/Ccl2/Ripor2/Syk/Itgb7/Wnt10b",11
"GO:0032608","interferon-beta production","3/512","67/28943",0.115542666780097,0.370399004298423,0.301188259814632,"Tlr7/Hmgb2/Traip",3
"GO:0032648","regulation of interferon-beta production","3/512","67/28943",0.115542666780097,0.370399004298423,0.301188259814632,"Tlr7/Hmgb2/Traip",3
"GO:0019731","antibacterial humoral response","4/512","105/28943",0.116050764948857,0.371401522167976,0.302003452644687,"Slpi/Ivl/Spon2/Ang2",4
"GO:0072080","nephron tubule development","4/512","105/28943",0.116050764948857,0.371401522167976,0.302003452644687,"Cd44/Grem1/Timeless/Adamts16",4
"GO:0018108","peptidyl-tyrosine phosphorylation","9/512","320/28943",0.116689669466429,0.373132147444377,0.30341070268948,"Cd44/Grem1/Flt1/Hgf/Ereg/Il6/Ttk/Cck/Syk",9
"GO:0007188","adenylate cyclase-modulating G protein-coupled receptor signaling pathway","7/512","231/28943",0.117166228560105,0.374341177298757,0.304393819797461,"Ptgfr/S1pr1/Cort/Cxcl10/Adcy7/Adgrf5/Gna14",7
"GO:0045580","regulation of T cell differentiation","6/512","188/28943",0.11773700978849,0.375848959878958,0.305619866320911,"Cd44/Il6/Fancd2/Fanca/Syk/Wnt10b",6
"GO:0006644","phospholipid metabolic process","10/512","367/28943",0.118653131510455,0.378455709733852,0.307739533068004,"Inpp5d/Mtmr11/Smpdl3b/Hycc1/Far1/Pla2g4c/Nr1h4/Adgrf5/Pla2g7/Pnliprp2",10
"GO:0016447","somatic recombination of immunoglobulin gene segments","3/512","68/28943",0.119377875962006,0.380448184750669,0.309359705034114,"Exo1/Nsd2/Atad5",3
"GO:1903555","regulation of tumor necrosis factor superfamily cytokine production","6/512","189/28943",0.119902904651912,0.380857445205418,0.309692493304996,"Spon2/Il6/Spn/Nr1h4/Ccl2/Syk",6
"GO:0018212","peptidyl-tyrosine modification","9/512","322/28943",0.119926623107321,0.380857445205418,0.309692493304996,"Cd44/Grem1/Flt1/Hgf/Ereg/Il6/Ttk/Cck/Syk",9
"GO:0032956","regulation of actin cytoskeleton organization","10/512","368/28943",0.12016834266925,0.380857445205418,0.309692493304996,"Tmeff2/Rgs4/Ect2/S1pr1/Iqgap3/Stmn1/Slit2/Gmfg/Arhgap18/Arhgef15",10
"GO:0006650","glycerophospholipid metabolic process","8/512","277/28943",0.120247028188667,0.380857445205418,0.309692493304996,"Inpp5d/Mtmr11/Hycc1/Far1/Pla2g4c/Nr1h4/Pla2g7/Pnliprp2",8
"GO:0002092","positive regulation of receptor internalization","2/512","34/28943",0.121109061350171,0.380857445205418,0.309692493304996,"Grem1/Syk",2
"GO:0007097","nuclear migration","2/512","34/28943",0.121109061350171,0.380857445205418,0.309692493304996,"Tacc3/Lmnb1",2
"GO:0009119","ribonucleoside metabolic process","2/512","34/28943",0.121109061350171,0.380857445205418,0.309692493304996,"Cda/Urah",2
"GO:0010758","regulation of macrophage chemotaxis","2/512","34/28943",0.121109061350171,0.380857445205418,0.309692493304996,"C3ar1/Ccl2",2
"GO:0010863","positive regulation of phospholipase C activity","2/512","34/28943",0.121109061350171,0.380857445205418,0.309692493304996,"Flt1/Ang2",2
"GO:0014047","glutamate secretion","2/512","34/28943",0.121109061350171,0.380857445205418,0.309692493304996,"P2rx7/Cck",2
"GO:0043094","cellular metabolic compound salvage","2/512","34/28943",0.121109061350171,0.380857445205418,0.309692493304996,"Cda/Dck",2
"GO:0044319","wound healing, spreading of cells","2/512","34/28943",0.121109061350171,0.380857445205418,0.309692493304996,"Tmeff2/Cd44",2
"GO:0072576","liver morphogenesis","2/512","34/28943",0.121109061350171,0.380857445205418,0.309692493304996,"Il6/Mki67",2
"GO:0090505","epiboly involved in wound healing","2/512","34/28943",0.121109061350171,0.380857445205418,0.309692493304996,"Tmeff2/Cd44",2
"GO:1903901","negative regulation of viral life cycle","2/512","34/28943",0.121109061350171,0.380857445205418,0.309692493304996,"Trim59/Ptx3",2
"GO:2000108","positive regulation of leukocyte apoptotic process","2/512","34/28943",0.121109061350171,0.380857445205418,0.309692493304996,"Cd44/P2rx7",2
"GO:0050680","negative regulation of epithelial cell proliferation","6/512","190/28943",0.122088505188637,0.383620245229089,0.311939051534603,"Flt1/Brca2/Etv4/Ccl2/Prl2c2/Wnt10b",6
"GO:0097305","response to alcohol","7/512","234/28943",0.123001034847401,0.386168401725697,0.31401107335983,"Rad51/Fancb/Ptgfr/Blm/Cdk1/Adcy7/Brca1",7
"GO:0045668","negative regulation of osteoblast differentiation","3/512","69/28943",0.123259649000691,0.386661044142433,0.31441166329254,"Tnn/Grem1/Cited1",3
"GO:0110053","regulation of actin filament organization","8/512","279/28943",0.123816775511135,0.388088524726573,0.315572412614399,"Tmeff2/Rgs4/S1pr1/Stmn1/Slit2/Gmfg/Arhgap18/Arhgef15",8
"GO:0001935","endothelial cell proliferation","6/512","191/28943",0.124293673925636,0.389262395605658,0.316526940362086,"Ecm1/Flt1/Hmgb2/Ang2/Ccl2/Prl2c2",6
"GO:0031589","cell-substrate adhesion","10/512","371/28943",0.124778053047853,0.390457742953035,0.317498931601945,"Tmeff2/Tnn/Kif14/Grem1/Spp1/Serpine1/Ntn4/Itgb4/Nid1/Itgb7",10
"GO:0050671","positive regulation of lymphocyte proliferation","5/512","149/28943",0.125410484063405,0.392114029941666,0.318845733807324,"Il6/Blm/Spn/Atad5/Syk",5
"GO:0030217","T cell differentiation","9/512","326/28943",0.126545535313574,0.3934615989809,0.319941503421164,"Cd44/Il6/Fancd2/Blm/Spn/Fanca/Ripk3/Syk/Wnt10b",9
"GO:0051056","regulation of small GTPase mediated signal transduction","7/512","236/28943",0.126972073656457,0.3934615989809,0.319941503421164,"Kif14/Stmn1/Slit2/Foxm1/Arhgap18/Ripor2/Arhgap19",7
"GO:0002063","chondrocyte development","2/512","35/28943",0.127013101839994,0.3934615989809,0.319941503421164,"Ecm1/Poc1a",2
"GO:0032104","regulation of response to extracellular stimulus","2/512","35/28943",0.127013101839994,0.3934615989809,0.319941503421164,"Nr1h4/Cck",2
"GO:0032107","regulation of response to nutrient levels","2/512","35/28943",0.127013101839994,0.3934615989809,0.319941503421164,"Nr1h4/Cck",2
"GO:0060142","regulation of syncytium formation by plasma membrane fusion","2/512","35/28943",0.127013101839994,0.3934615989809,0.319941503421164,"Cxcl10/Ripor2",2
"GO:0061436","establishment of skin barrier","2/512","35/28943",0.127013101839994,0.3934615989809,0.319941503421164,"Stmn1/Krt16",2
"GO:0090504","epiboly","2/512","35/28943",0.127013101839994,0.3934615989809,0.319941503421164,"Tmeff2/Cd44",2
"GO:0140718","facultative heterochromatin formation","2/512","35/28943",0.127013101839994,0.3934615989809,0.319941503421164,"Dnmt1/Hells",2
"GO:1904994","regulation of leukocyte adhesion to vascular endothelial cell","2/512","35/28943",0.127013101839994,0.3934615989809,0.319941503421164,"Selp/Il6",2
"GO:2000406","positive regulation of T cell migration","2/512","35/28943",0.127013101839994,0.3934615989809,0.319941503421164,"Cxcl10/Spn",2
"GO:0000768","syncytium formation by plasma membrane fusion","3/512","70/28943",0.127186824078781,0.3934615989809,0.319941503421164,"Cd44/Cxcl10/Ripor2",3
"GO:0140253","cell-cell fusion","3/512","70/28943",0.127186824078781,0.3934615989809,0.319941503421164,"Cd44/Cxcl10/Ripor2",3
"GO:0034446","substrate adhesion-dependent cell spreading","4/512","109/28943",0.128128771072102,0.396053323265147,0.322048952194063,"Tmeff2/Kif14/Ntn4/Itgb7",4
"GO:0051047","positive regulation of secretion","11/512","420/28943",0.128293664582473,0.396240871439936,0.322201456136408,"Acsl4/P2rx7/Spp1/Sytl2/Nr1h4/Ang2/Cck/Map2k6/Syk/Prl2c3/Prl2c2",11
"GO:0032640","tumor necrosis factor production","6/512","193/28943",0.128762148668401,0.397365007497776,0.323115542241194,"Spon2/Il6/Spn/Nr1h4/Ccl2/Syk",6
"GO:0018022","peptidyl-lysine methylation","5/512","151/28943",0.13056692265931,0.402607818289291,0.327378709907708,"Suv39h2/Phf19/Nsd2/Dnmt1/Brca1",5
"GO:0001913","T cell mediated cytotoxicity","3/512","71/28943",0.13115823619291,0.403336506999029,0.327971239806238,"P2rx7/Raet1e/Ripk3",3
"GO:0001937","negative regulation of endothelial cell proliferation","3/512","71/28943",0.13115823619291,0.403336506999029,0.327971239806238,"Flt1/Ccl2/Prl2c2",3
"GO:0046503","glycerolipid catabolic process","3/512","71/28943",0.13115823619291,0.403336506999029,0.327971239806238,"Pla2g4c/Pla2g7/Pnliprp2",3
"GO:0042102","positive regulation of T cell proliferation","4/512","110/28943",0.131227579999421,0.403336506999029,0.327971239806238,"Il6/Blm/Spn/Syk",4
"GO:0002902","regulation of B cell apoptotic process","2/512","36/28943",0.132983566930107,0.40610724615925,0.330224253708496,"Cd44/Aurkb",2
"GO:0007026","negative regulation of microtubule depolymerization","2/512","36/28943",0.132983566930107,0.40610724615925,0.330224253708496,"Tpx2/Ckap2",2
"GO:0008045","motor neuron axon guidance","2/512","36/28943",0.132983566930107,0.40610724615925,0.330224253708496,"Slit2/Etv4",2
"GO:0010043","response to zinc ion","2/512","36/28943",0.132983566930107,0.40610724615925,0.330224253708496,"P2rx7/Mt2",2
"GO:0034122","negative regulation of toll-like receptor signaling pathway","2/512","36/28943",0.132983566930107,0.40610724615925,0.330224253708496,"Ptgs2os/Smpdl3b",2
"GO:0045954","positive regulation of natural killer cell mediated cytotoxicity","2/512","36/28943",0.132983566930107,0.40610724615925,0.330224253708496,"Il18rap/Ulbp1",2
"GO:0070536","protein K63-linked deubiquitination","2/512","36/28943",0.132983566930107,0.40610724615925,0.330224253708496,"Bard1/Brca1",2
"GO:0120033","negative regulation of plasma membrane bounded cell projection assembly","2/512","36/28943",0.132983566930107,0.40610724615925,0.330224253708496,"Kif24/Slit2",2
"GO:0032946","positive regulation of mononuclear cell proliferation","5/512","152/28943",0.133180712526196,0.406382880437075,0.330448384463493,"Il6/Blm/Spn/Atad5/Syk",5
"GO:0030098","lymphocyte differentiation","12/512","471/28943",0.133643238133533,0.407467194373449,0.33133008939196,"Inpp5d/Cd44/Hmgb3/Il6/Fancd2/Blm/Spn/Fanca/Ripk3/Syk/Wnt10b/Hells",12
"GO:0002709","regulation of T cell mediated immunity","4/512","111/28943",0.134357143676067,0.408987878507933,0.332566626755392,"P2rx7/Il6/Spn/Ripk3",4
"GO:0061326","renal tubule development","4/512","111/28943",0.134357143676067,0.408987878507933,0.332566626755392,"Cd44/Grem1/Timeless/Adamts16",4
"GO:0045088","regulation of innate immune response","7/512","240/28943",0.135105627873839,0.410156962807913,0.333517262318126,"Il18rap/Smpdl3b/Ereg/Ulbp1/Hmgb2/Cgas/Syk",7
"GO:0006949","syncytium formation","3/512","72/28943",0.1351727181479,0.410156962807913,0.333517262318126,"Cd44/Cxcl10/Ripor2",3
"GO:1902017","regulation of cilium assembly","3/512","72/28943",0.1351727181479,0.410156962807913,0.333517262318126,"Kif24/Mns1/Adamts16",3
"GO:1904705","regulation of vascular associated smooth muscle cell proliferation","3/512","72/28943",0.1351727181479,0.410156962807913,0.333517262318126,"Rgs5/Dnmt1/Tafa5",3
"GO:0071706","tumor necrosis factor superfamily cytokine production","6/512","196/28943",0.135607987622278,0.411130218644132,0.33430866085933,"Spon2/Il6/Spn/Nr1h4/Ccl2/Syk",6
"GO:0006959","humoral immune response","11/512","425/28943",0.135815526343494,0.411130218644132,0.33430866085933,"Exo1/Slpi/Ivl/Hmgn2/Cxcl5/Ppbp/Cxcl1/Cxcl10/Spon2/Hmgn2-ps/Ang2",11
"GO:0007189","adenylate cyclase-activating G protein-coupled receptor signaling pathway","5/512","153/28943",0.135817873386909,0.411130218644132,0.33430866085933,"Ptgfr/S1pr1/Cxcl10/Adcy7/Adgrf5",5
"GO:0002526","acute inflammatory response","4/512","112/28943",0.137516967230876,0.415942330478753,0.33822160763479,"Alox5ap/Cxcl1/Il6/Spn",4
"GO:0019934","cGMP-mediated signaling","2/512","37/28943",0.139016271512687,0.417797193317125,0.33972988088607,"Npr1/Cgas",2
"GO:0045671","negative regulation of osteoclast differentiation","2/512","37/28943",0.139016271512687,0.417797193317125,0.33972988088607,"Inpp5d/Tnfrsf11b",2
"GO:0045746","negative regulation of Notch signaling pathway","2/512","37/28943",0.139016271512687,0.417797193317125,0.33972988088607,"Notch4/Dlk2",2
"GO:0071711","basement membrane organization","2/512","37/28943",0.139016271512687,0.417797193317125,0.33972988088607,"Ntn4/Nid1",2
"GO:0090279","regulation of calcium ion import","2/512","37/28943",0.139016271512687,0.417797193317125,0.33972988088607,"Serpine1/Ccl2",2
"GO:1904358","positive regulation of telomere maintenance via telomere lengthening","2/512","37/28943",0.139016271512687,0.417797193317125,0.33972988088607,"Nek2/Aurkb",2
"GO:0042060","wound healing","10/512","380/28943",0.139176137316368,0.417797193317125,0.33972988088607,"Tmeff2/Selp/Cd44/Timp1/Serpine1/Il6/Ccl2/Syk/Tafa5/Emilin2",10
"GO:0001541","ovarian follicle development","3/512","73/28943",0.139229101507837,0.417797193317125,0.33972988088607,"Ptx3/Ereg/Vgf",3
"GO:0030888","regulation of B cell proliferation","3/512","73/28943",0.139229101507837,0.417797193317125,0.33972988088607,"Inpp5d/Siglecg/Atad5",3
"GO:0045428","regulation of nitric oxide biosynthetic process","3/512","73/28943",0.139229101507837,0.417797193317125,0.33972988088607,"Ptx3/Il6/Ulbp1",3
"GO:0021987","cerebral cortex development","4/512","113/28943",0.140706550195951,0.421565251256899,0.34279386000208,"Kif14/Aspm/Slit2/Tacc3",4
"GO:1902106","negative regulation of leukocyte differentiation","4/512","113/28943",0.140706550195951,0.421565251256899,0.34279386000208,"Inpp5d/Cd44/Hmgb3/Tnfrsf11b",4
"GO:0050878","regulation of body fluid levels","10/512","381/28943",0.140827807312572,0.421596317639683,0.342819121489451,"Selp/Stmn1/Serpine1/Il6/Sytl2/Krt16/Syk/Prl2c3/Prl2c2/Emilin2",10
"GO:0001837","epithelial to mesenchymal transition","5/512","155/28943",0.141161253334255,0.421930098409465,0.343090533798997,"Fam83d/Grem1/Il6/Hmga2/Notch4",5
"GO:0071331","cellular response to hexose stimulus","5/512","155/28943",0.141161253334255,0.421930098409465,0.343090533798997,"Ptprn/Slc2a5/Nr1h4/Ang2/Birc5",5
"GO:2000116","regulation of cysteine-type endopeptidase activity","7/512","243/28943",0.141370199062908,0.42222269979354,0.343328461279002,"Cd44/Dhcr24/Hgf/Il6/Cck/Birc5/Syk",7
"GO:0032259","methylation","10/512","382/28943",0.14248970532049,0.424898713434121,0.345504449557301,"Suv39h2/Phf19/Nsd2/Tyms/Nr1h4/Dnmt3l/Dnmt1/Brca1/Mis18a/Hells",10
"GO:0046486","glycerolipid metabolic process","10/512","382/28943",0.14248970532049,0.424898713434121,0.345504449557301,"Inpp5d/Acsl4/Mtmr11/Hycc1/Far1/Pla2g4c/Nr1h4/Ang2/Pla2g7/Pnliprp2",10
"GO:0014068","positive regulation of phosphatidylinositol 3-kinase signaling","3/512","74/28943",0.143326217505435,0.427058212347699,0.347260436242751,"Selp/Flt1/Hgf",3
"GO:0051403","stress-activated MAPK cascade","7/512","244/28943",0.143489143068099,0.427208866049265,0.347382939612584,"Traf1/Tlr7/Hgf/Foxm1/Pbk/Map2k6/Lmnb1",7
"GO:0071326","cellular response to monosaccharide stimulus","5/512","156/28943",0.143866934454836,0.427998501406328,0.348025027999221,"Ptprn/Slc2a5/Nr1h4/Ang2/Birc5",5
"GO:0002717","positive regulation of natural killer cell mediated immunity","2/512","38/28943",0.145107157233352,0.429002653033596,0.348841549311906,"Il18rap/Ulbp1",2
"GO:0007212","dopamine receptor signaling pathway","2/512","38/28943",0.145107157233352,0.429002653033596,0.348841549311906,"Rgs4/Gna14",2
"GO:0042745","circadian sleep/wake cycle","2/512","38/28943",0.145107157233352,0.429002653033596,0.348841549311906,"Cort/Il6",2
"GO:0050869","negative regulation of B cell activation","2/512","38/28943",0.145107157233352,0.429002653033596,0.348841549311906,"Inpp5d/Hmgb3",2
"GO:0051482","positive regulation of cytosolic calcium ion concentration involved in phospholipase C-activating G protein-coupled signaling pathway","2/512","38/28943",0.145107157233352,0.429002653033596,0.348841549311906,"S1pr1/C3ar1",2
"GO:0072210","metanephric nephron development","2/512","38/28943",0.145107157233352,0.429002653033596,0.348841549311906,"Grem1/Cited1",2
"GO:0098868","bone growth","2/512","38/28943",0.145107157233352,0.429002653033596,0.348841549311906,"Ecm1/Poc1a",2
"GO:1900274","regulation of phospholipase C activity","2/512","38/28943",0.145107157233352,0.429002653033596,0.348841549311906,"Flt1/Ang2",2
"GO:0014706","striated muscle tissue development","8/512","291/28943",0.146375484838641,0.432057249079312,0.351325380145059,"Cenpf/Rgs4/Grem1/S1pr1/Cdk1/Ang2/AW551984/Ccnb1",8
"GO:0030072","peptide hormone secretion","8/512","291/28943",0.146375484838641,0.432057249079312,0.351325380145059,"Pask/Ptprn/Acsl4/Vgf/Il6/Hmga2/Nr1h4/Birc5",8
"GO:0032368","regulation of lipid transport","5/512","157/28943",0.146594910918546,0.432057249079312,0.351325380145059,"Acsl4/P2rx7/Spp1/Map2k6/Syk",5
"GO:0051147","regulation of muscle cell differentiation","5/512","157/28943",0.146594910918546,0.432057249079312,0.351325380145059,"Rgs4/Grem1/Ereg/Dnmt1/Nid1",5
"GO:0032231","regulation of actin filament bundle assembly","4/512","115/28943",0.147172966530128,0.432149850417456,0.351400678500531,"Tmeff2/S1pr1/Stmn1/Arhgef15",4
"GO:0120034","positive regulation of plasma membrane bounded cell projection assembly","4/512","115/28943",0.147172966530128,0.432149850417456,0.351400678500531,"P2rx7/Mns1/Anln/Ripor2",4
"GO:0002886","regulation of myeloid leukocyte mediated immunity","3/512","75/28943",0.147462897910983,0.432149850417456,0.351400678500531,"Cxcl5/Cxcl1/Syk",3
"GO:0071867","response to monoamine","3/512","75/28943",0.147462897910983,0.432149850417456,0.351400678500531,"Rgs4/Nr1h4/Gna14",3
"GO:0071869","response to catecholamine","3/512","75/28943",0.147462897910983,0.432149850417456,0.351400678500531,"Rgs4/Nr1h4/Gna14",3
"GO:1990874","vascular associated smooth muscle cell proliferation","3/512","75/28943",0.147462897910983,0.432149850417456,0.351400678500531,"Rgs5/Dnmt1/Tafa5",3
"GO:2000179","positive regulation of neural precursor cell proliferation","3/512","75/28943",0.147462897910983,0.432149850417456,0.351400678500531,"Aspm/Prl2c2/Cip2a",3
"GO:0043414","macromolecule methylation","9/512","338/28943",0.147535640673818,0.432149850417456,0.351400678500531,"Suv39h2/Phf19/Nsd2/Nr1h4/Dnmt3l/Dnmt1/Brca1/Mis18a/Hells",9
"GO:0051495","positive regulation of cytoskeleton organization","6/512","202/28943",0.149799340080525,0.438442718234146,0.356517695244522,"Plk4/Sass6/Stil/P2rx7/Arhgef15/Spag5",6
"GO:0030038","contractile actin filament bundle assembly","4/512","116/28943",0.150448774002877,0.43966659397305,0.357512884215745,"Tmeff2/S1pr1/Stmn1/Arhgef15",4
"GO:0043149","stress fiber assembly","4/512","116/28943",0.150448774002877,0.43966659397305,0.357512884215745,"Tmeff2/S1pr1/Stmn1/Arhgef15",4
"GO:0062197","cellular response to chemical stress","9/512","340/28943",0.151194821551484,0.439985619002655,0.357772297962512,"Ect2/Melk/Hgf/Il6/Fancd2/Ddias/Nqo1/Ripk3/Dhfr",9
"GO:0006734","NADH metabolic process","2/512","39/28943",0.151252289331002,0.439985619002655,0.357772297962512,"Nqo1/Slc37a2",2
"GO:0016233","telomere capping","2/512","39/28943",0.151252289331002,0.439985619002655,0.357772297962512,"Nek2/Aurkb",2
"GO:0030431","sleep","2/512","39/28943",0.151252289331002,0.439985619002655,0.357772297962512,"Cort/Il6",2
"GO:0031114","regulation of microtubule depolymerization","2/512","39/28943",0.151252289331002,0.439985619002655,0.357772297962512,"Tpx2/Ckap2",2
"GO:0032435","negative regulation of proteasomal ubiquitin-dependent protein catabolic process","2/512","39/28943",0.151252289331002,0.439985619002655,0.357772297962512,"Pbk/Ttc36",2
"GO:0046847","filopodium assembly","3/512","76/28943",0.151637975862192,0.440433601396526,0.358136572801461,"Itgb4/Ripor2/Fgd3",3
"GO:1905515","non-motile cilium assembly","3/512","76/28943",0.151637975862192,0.440433601396526,0.358136572801461,"Stil/Rpgrip1/Poc1a",3
"GO:0008360","regulation of cell shape","5/512","159/28943",0.152116630387497,0.441430344628743,0.358947070011523,"Sprr1b/Il6/Arhgap18/Ccl2/Fmnl3",5
"GO:0044782","cilium organization","10/512","388/28943",0.152673369161521,0.441430344628743,0.358947070011523,"Plk4/Kif24/Stil/Cfap69/Rpgrip1/Poc1a/Ttc36/Mns1/Hyls1/Adamts16",10
"GO:0051235","maintenance of location","9/512","341/28943",0.153041200149198,0.441430344628743,0.358947070011523,"Bard1/Aspm/P2rx7/Cxcl10/Tacc3/Pla2g4c/Ank3/Ltbp1/Stard4",9
"GO:0051952","regulation of amine transport","4/512","117/28943",0.15375228974301,0.441430344628743,0.358947070011523,"Rgs4/P2rx7/Sncg/Cck",4
"GO:1903707","negative regulation of hemopoiesis","4/512","117/28943",0.15375228974301,0.441430344628743,0.358947070011523,"Inpp5d/Cd44/Hmgb3/Tnfrsf11b",4
"GO:1902903","regulation of supramolecular fiber organization","10/512","389/28943",0.154405586142291,0.441430344628743,0.358947070011523,"Tmeff2/Rgs4/Tpx2/S1pr1/Stmn1/Slit2/Gmfg/Arhgap18/Ckap2/Arhgef15",10
"GO:0007492","endoderm development","3/512","77/28943",0.155850286656182,0.441430344628743,0.358947070011523,"Dusp2/Hmga2/Col12a1",3
"GO:0080164","regulation of nitric oxide metabolic process","3/512","77/28943",0.155850286656182,0.441430344628743,0.358947070011523,"Ptx3/Il6/Ulbp1",3
"GO:0006026","aminoglycan catabolic process","2/512","40/28943",0.157447853549437,0.441430344628743,0.358947070011523,"Cd44/Hmmr",2
"GO:0006730","one-carbon metabolic process","2/512","40/28943",0.157447853549437,0.441430344628743,0.358947070011523,"Tyms/Dhfr",2
"GO:0019432","triglyceride biosynthetic process","2/512","40/28943",0.157447853549437,0.441430344628743,0.358947070011523,"Acsl4/Nr1h4",2
"GO:0030212","hyaluronan metabolic process","2/512","40/28943",0.157447853549437,0.441430344628743,0.358947070011523,"Cd44/Hmmr",2
"GO:0033144","negative regulation of intracellular steroid hormone receptor signaling pathway","2/512","40/28943",0.157447853549437,0.441430344628743,0.358947070011523,"Hmga2/Brca1",2
"GO:0042119","neutrophil activation","2/512","40/28943",0.157447853549437,0.441430344628743,0.358947070011523,"Il18rap/Syk",2
"GO:0042398","cellular modified amino acid biosynthetic process","2/512","40/28943",0.157447853549437,0.441430344628743,0.358947070011523,"Mgst2/Dhfr",2
"GO:0043267","negative regulation of potassium ion transport","2/512","40/28943",0.157447853549437,0.441430344628743,0.358947070011523,"Rgs4/Ank3",2
"GO:0050931","pigment cell differentiation","2/512","40/28943",0.157447853549437,0.441430344628743,0.358947070011523,"Mreg/Cited1",2
"GO:0051647","nucleus localization","2/512","40/28943",0.157447853549437,0.441430344628743,0.358947070011523,"Tacc3/Lmnb1",2
"GO:0120316","sperm flagellum assembly","2/512","40/28943",0.157447853549437,0.441430344628743,0.358947070011523,"Cfap69/Mns1",2
"GO:1901532","regulation of hematopoietic progenitor cell differentiation","2/512","40/28943",0.157447853549437,0.441430344628743,0.358947070011523,"Flt1/Ankle1",2
"GO:2000403","positive regulation of lymphocyte migration","2/512","40/28943",0.157447853549437,0.441430344628743,0.358947070011523,"Cxcl10/Spn",2
"GO:0002821","positive regulation of adaptive immune response","5/512","161/28943",0.157724136282203,0.441430344628743,0.358947070011523,"Cd44/P2rx7/Nsd2/Il6/Atad5",5
"GO:0006865","amino acid transport","5/512","161/28943",0.157724136282203,0.441430344628743,0.358947070011523,"Rgs4/P2rx7/Slc7a8/Cck/Slc38a4",5
"GO:0002562","somatic diversification of immune receptors via germline recombination within a single locus","3/512","78/28943",0.160098668504842,0.441430344628743,0.358947070011523,"Exo1/Nsd2/Atad5",3
"GO:0016444","somatic cell DNA recombination","3/512","78/28943",0.160098668504842,0.441430344628743,0.358947070011523,"Exo1/Nsd2/Atad5",3
"GO:0042130","negative regulation of T cell proliferation","3/512","78/28943",0.160098668504842,0.441430344628743,0.358947070011523,"Cd44/Spn/Ripor2",3
"GO:0046635","positive regulation of alpha-beta T cell activation","3/512","78/28943",0.160098668504842,0.441430344628743,0.358947070011523,"Il6/Blm/Syk",3
"GO:2000379","positive regulation of reactive oxygen species metabolic process","3/512","78/28943",0.160098668504842,0.441430344628743,0.358947070011523,"Cxcl1/Ripk3/Syk",3
"GO:0046394","carboxylic acid biosynthetic process","8/512","298/28943",0.16040304252342,0.441430344628743,0.358947070011523,"Mgst2/Alox5ap/Bcat1/Brca1/Fads6/Syk/Dhfr/Stard4",8
"GO:0045445","myoblast differentiation","4/512","119/28943",0.160440348461383,0.441430344628743,0.358947070011523,"Cxcl10/Ripor2/Prl2c2/Wnt10b",4
"GO:0046634","regulation of alpha-beta T cell activation","4/512","119/28943",0.160440348461383,0.441430344628743,0.358947070011523,"Cd44/Il6/Blm/Syk",4
"GO:0006470","protein dephosphorylation","7/512","252/28943",0.160977841185857,0.441430344628743,0.358947070011523,"Ptprn/Mastl/Dusp2/Cdc25b/Cdkn3/Cdca2/Cdc25c",7
"GO:0001933","negative regulation of protein phosphorylation","9/512","346/28943",0.162438362419011,0.441430344628743,0.358947070011523,"Grem1/Cdkn2c/Hgf/Slit2/Il6/Plk1/Pbk/Ttc36/Ccnb1",9
"GO:0002790","peptide secretion","8/512","299/28943",0.162456999642331,0.441430344628743,0.358947070011523,"Pask/Ptprn/Acsl4/Vgf/Il6/Hmga2/Nr1h4/Birc5",8
"GO:0016053","organic acid biosynthetic process","8/512","299/28943",0.162456999642331,0.441430344628743,0.358947070011523,"Mgst2/Alox5ap/Bcat1/Brca1/Fads6/Syk/Dhfr/Stard4",8
"GO:0002158","osteoclast proliferation","1/512","10/28943",0.163484977290928,0.441430344628743,0.358947070011523,"Grem1",1
"GO:0002784","regulation of antimicrobial peptide production","1/512","10/28943",0.163484977290928,0.441430344628743,0.358947070011523,"Ivl",1
"GO:0002934","desmosome organization","1/512","10/28943",0.163484977290928,0.441430344628743,0.358947070011523,"Pkp3",1
"GO:0003149","membranous septum morphogenesis","1/512","10/28943",0.163484977290928,0.441430344628743,0.358947070011523,"Nsd2",1
"GO:0006196","AMP catabolic process","1/512","10/28943",0.163484977290928,0.441430344628743,0.358947070011523,"Urah",1
"GO:0006607","NLS-bearing protein import into nucleus","1/512","10/28943",0.163484977290928,0.441430344628743,0.358947070011523,"Kpna2",1
"GO:0008300","isoprenoid catabolic process","1/512","10/28943",0.163484977290928,0.441430344628743,0.358947070011523,"Bco2",1
"GO:0009131","pyrimidine nucleoside monophosphate catabolic process","1/512","10/28943",0.163484977290928,0.441430344628743,0.358947070011523,"Cda",1
"GO:0009178","pyrimidine deoxyribonucleoside monophosphate catabolic process","1/512","10/28943",0.163484977290928,0.441430344628743,0.358947070011523,"Cda",1
"GO:0010873","positive regulation of cholesterol esterification","1/512","10/28943",0.163484977290928,0.441430344628743,0.358947070011523,"Stard4",1
"GO:0015671","oxygen transport","1/512","10/28943",0.163484977290928,0.441430344628743,0.358947070011523,"Hba-a1",1
"GO:0015858","nucleoside transport","1/512","10/28943",0.163484977290928,0.441430344628743,0.358947070011523,"Slc29a4",1
"GO:0021957","corticospinal tract morphogenesis","1/512","10/28943",0.163484977290928,0.441430344628743,0.358947070011523,"Slit2",1
"GO:0022027","interkinetic nuclear migration","1/512","10/28943",0.163484977290928,0.441430344628743,0.358947070011523,"Tacc3",1
"GO:0030853","negative regulation of granulocyte differentiation","1/512","10/28943",0.163484977290928,0.441430344628743,0.358947070011523,"Inpp5d",1
"GO:0032430","positive regulation of phospholipase A2 activity","1/512","10/28943",0.163484977290928,0.441430344628743,0.358947070011523,"Ang2",1
"GO:0032762","mast cell cytokine production","1/512","10/28943",0.163484977290928,0.441430344628743,0.358947070011523,"Syk",1
"GO:0032836","glomerular basement membrane development","1/512","10/28943",0.163484977290928,0.441430344628743,0.358947070011523,"Nid1",1
"GO:0033007","negative regulation of mast cell activation involved in immune response","1/512","10/28943",0.163484977290928,0.441430344628743,0.358947070011523,"Enpp3",1
"GO:0033034","positive regulation of myeloid cell apoptotic process","1/512","10/28943",0.163484977290928,0.441430344628743,0.358947070011523,"Cd44",1
"GO:0033131","regulation of glucokinase activity","1/512","10/28943",0.163484977290928,0.441430344628743,0.358947070011523,"Pfkfb1",1
"GO:0033206","meiotic cytokinesis","1/512","10/28943",0.163484977290928,0.441430344628743,0.358947070011523,"Plk1",1
"GO:0033504","floor plate development","1/512","10/28943",0.163484977290928,0.441430344628743,0.358947070011523,"Stil",1
"GO:0034372","very-low-density lipoprotein particle remodeling","1/512","10/28943",0.163484977290928,0.441430344628743,0.358947070011523,"Nr1h4",1
"GO:0035360","positive regulation of peroxisome proliferator activated receptor signaling pathway","1/512","10/28943",0.163484977290928,0.441430344628743,0.358947070011523,"Stard10",1
"GO:0035524","proline transmembrane transport","1/512","10/28943",0.163484977290928,0.441430344628743,0.358947070011523,"Slc7a8",1
"GO:0036363","transforming growth factor beta activation","1/512","10/28943",0.163484977290928,0.441430344628743,0.358947070011523,"Ltbp1",1
"GO:0038130","ERBB4 signaling pathway","1/512","10/28943",0.163484977290928,0.441430344628743,0.358947070011523,"Ereg",1
"GO:0042373","vitamin K metabolic process","1/512","10/28943",0.163484977290928,0.441430344628743,0.358947070011523,"Nqo1",1
"GO:0043045","DNA methylation involved in embryo development","1/512","10/28943",0.163484977290928,0.441430344628743,0.358947070011523,"Dnmt1",1
"GO:0043615","astrocyte cell migration","1/512","10/28943",0.163484977290928,0.441430344628743,0.358947070011523,"Ccl2",1
"GO:0045654","positive regulation of megakaryocyte differentiation","1/512","10/28943",0.163484977290928,0.441430344628743,0.358947070011523,"Hmgb2",1
"GO:0046055","dGMP catabolic process","1/512","10/28943",0.163484977290928,0.441430344628743,0.358947070011523,"Urah",1
"GO:0046130","purine ribonucleoside catabolic process","1/512","10/28943",0.163484977290928,0.441430344628743,0.358947070011523,"Urah",1
"GO:0051095","regulation of helicase activity","1/512","10/28943",0.163484977290928,0.441430344628743,0.358947070011523,"Mcm2",1
"GO:0051340","regulation of ligase activity","1/512","10/28943",0.163484977290928,0.441430344628743,0.358947070011523,"Ripk3",1
"GO:0051643","endoplasmic reticulum localization","1/512","10/28943",0.163484977290928,0.441430344628743,0.358947070011523,"Esyt3",1
"GO:0060638","mesenchymal-epithelial cell signaling","1/512","10/28943",0.163484977290928,0.441430344628743,0.358947070011523,"Hgf",1
"GO:0060923","cardiac muscle cell fate commitment","1/512","10/28943",0.163484977290928,0.441430344628743,0.358947070011523,"AW551984",1
"GO:0061687","detoxification of inorganic compound","1/512","10/28943",0.163484977290928,0.441430344628743,0.358947070011523,"Mt2",1
"GO:0070257","positive regulation of mucus secretion","1/512","10/28943",0.163484977290928,0.441430344628743,0.358947070011523,"Sytl2",1
"GO:0070662","mast cell proliferation","1/512","10/28943",0.163484977290928,0.441430344628743,0.358947070011523,"Enpp3",1
"GO:0070666","regulation of mast cell proliferation","1/512","10/28943",0.163484977290928,0.441430344628743,0.358947070011523,"Enpp3",1
"GO:0071351","cellular response to interleukin-18","1/512","10/28943",0.163484977290928,0.441430344628743,0.358947070011523,"Il18rap",1
"GO:0071670","smooth muscle cell chemotaxis","1/512","10/28943",0.163484977290928,0.441430344628743,0.358947070011523,"Slit2",1
"GO:0071895","odontoblast differentiation","1/512","10/28943",0.163484977290928,0.441430344628743,0.358947070011523,"Serpine1",1
"GO:0090129","positive regulation of synapse maturation","1/512","10/28943",0.163484977290928,0.441430344628743,0.358947070011523,"Cdc20",1
"GO:0090237","regulation of arachidonic acid secretion","1/512","10/28943",0.163484977290928,0.441430344628743,0.358947070011523,"Syk",1
"GO:0097501","stress response to metal ion","1/512","10/28943",0.163484977290928,0.441430344628743,0.358947070011523,"Mt2",1
"GO:1901538","changes to DNA methylation involved in embryo development","1/512","10/28943",0.163484977290928,0.441430344628743,0.358947070011523,"Dnmt1",1
"GO:1901724","positive regulation of cell proliferation involved in kidney development","1/512","10/28943",0.163484977290928,0.441430344628743,0.358947070011523,"C3ar1",1
"GO:1902224","ketone body metabolic process","1/512","10/28943",0.163484977290928,0.441430344628743,0.358947070011523,"Hmgcll1",1
"GO:1904779","regulation of protein localization to centrosome","1/512","10/28943",0.163484977290928,0.441430344628743,0.358947070011523,"Cep72",1
"GO:1905456","regulation of lymphoid progenitor cell differentiation","1/512","10/28943",0.163484977290928,0.441430344628743,0.358947070011523,"Ankle1",1
"GO:2000192","negative regulation of fatty acid transport","1/512","10/28943",0.163484977290928,0.441430344628743,0.358947070011523,"Acsl4",1
"GO:2000389","regulation of neutrophil extravasation","1/512","10/28943",0.163484977290928,0.441430344628743,0.358947070011523,"Ripor2",1
"GO:2000987","positive regulation of behavioral fear response","1/512","10/28943",0.163484977290928,0.441430344628743,0.358947070011523,"Cck",1
"GO:0033561","regulation of water loss via skin","2/512","41/28943",0.163690153119228,0.441430344628743,0.358947070011523,"Stmn1/Krt16",2
"GO:0035850","epithelial cell differentiation involved in kidney development","2/512","41/28943",0.163690153119228,0.441430344628743,0.358947070011523,"Grem1/Cited1",2
"GO:0043368","positive T cell selection","2/512","41/28943",0.163690153119228,0.441430344628743,0.358947070011523,"Il6/Spn",2
"GO:0060603","mammary gland duct morphogenesis","2/512","41/28943",0.163690153119228,0.441430344628743,0.358947070011523,"Slit2/Etv4",2
"GO:0071827","plasma lipoprotein particle organization","2/512","41/28943",0.163690153119228,0.441430344628743,0.358947070011523,"Nr1h4/Pla2g7",2
"GO:1901031","regulation of response to reactive oxygen species","2/512","41/28943",0.163690153119228,0.441430344628743,0.358947070011523,"Hgf/Dhfr",2
"GO:2000279","negative regulation of DNA biosynthetic process","2/512","41/28943",0.163690153119228,0.441430344628743,0.358947070011523,"Chek1/Pif1",2
"GO:0002062","chondrocyte differentiation","4/512","120/28943",0.163823833843019,0.441430344628743,0.358947070011523,"Grem1/Ecm1/Hmga2/Poc1a",4
"GO:0045446","endothelial cell differentiation","4/512","120/28943",0.163823833843019,0.441430344628743,0.358947070011523,"Sox18/Col15a1/Abcb1b/Notch4",4
"GO:0051702","biological process involved in interaction with symbiont","4/512","120/28943",0.163823833843019,0.441430344628743,0.358947070011523,"Ptx3/Cxcl5/Cxcl1/Hmga2",4
"GO:0009615","response to virus","9/512","347/28943",0.164350373070565,0.441682137310626,0.359151814081594,"Tlr7/Cxcl10/Spon2/Il6/Irf5/Spn/Ripk3/Cgas/Slfn9",9
"GO:0045669","positive regulation of osteoblast differentiation","3/512","79/28943",0.164381963254744,0.441682137310626,0.359151814081594,"Il6/Fbxo5/Wnt10b",3
"GO:0071347","cellular response to interleukin-1","3/512","79/28943",0.164381963254744,0.441682137310626,0.359151814081594,"Serpine1/Il6/Ccl2",3
"GO:1903036","positive regulation of response to wounding","3/512","79/28943",0.164381963254744,0.441682137310626,0.359151814081594,"Serpine1/Ccl2/Emilin2",3
"GO:0031098","stress-activated protein kinase signaling cascade","7/512","254/28943",0.165494780040288,0.44435815940196,0.361327809231583,"Traf1/Tlr7/Hgf/Foxm1/Pbk/Map2k6/Lmnb1",7
"GO:0071322","cellular response to carbohydrate stimulus","5/512","164/28943",0.166291132114285,0.445866632086398,0.362554416910145,"Ptprn/Slc2a5/Nr1h4/Ang2/Birc5",5
"GO:2001236","regulation of extrinsic apoptotic signaling pathway","5/512","164/28943",0.166291132114285,0.445866632086398,0.362554416910145,"Traf1/Hgf/Serpine1/Hmgb2/Brca1",5
"GO:1902105","regulation of leukocyte differentiation","9/512","349/28943",0.168206408373492,0.450684118841449,0.36647173427762,"Inpp5d/Cd44/Hmgb3/Il6/Fancd2/Fanca/Syk/Tnfrsf11b/Wnt10b",9
"GO:0043966","histone H3 acetylation","3/512","80/28943",0.168699017072758,0.451367813448716,0.367027677427082,"Brca2/Chek1/Brca1",3
"GO:2000107","negative regulation of leukocyte apoptotic process","3/512","80/28943",0.168699017072758,0.451367813448716,0.367027677427082,"Cd44/Blm/Aurkb",3
"GO:0003352","regulation of cilium movement","2/512","42/28943",0.169975605808321,0.452871235657488,0.368250178334406,"Cfap69/Rnase10",2
"GO:0009126","purine nucleoside monophosphate metabolic process","2/512","42/28943",0.169975605808321,0.452871235657488,0.368250178334406,"Dck/Urah",2
"GO:0018149","peptide cross-linking","2/512","42/28943",0.169975605808321,0.452871235657488,0.368250178334406,"Sprr1a/Ivl",2
"GO:0033006","regulation of mast cell activation involved in immune response","2/512","42/28943",0.169975605808321,0.452871235657488,0.368250178334406,"Enpp3/Syk",2
"GO:0051569","regulation of histone H3-K4 methylation","2/512","42/28943",0.169975605808321,0.452871235657488,0.368250178334406,"Dnmt1/Brca1",2
"GO:1903725","regulation of phospholipid metabolic process","2/512","42/28943",0.169975605808321,0.452871235657488,0.368250178334406,"Nr1h4/Adgrf5",2
"GO:0015837","amine transport","4/512","122/28943",0.170667049373574,0.454395043220118,0.369489255499179,"Rgs4/P2rx7/Sncg/Cck",4
"GO:1901796","regulation of signal transduction by p53 class mediator","3/512","81/28943",0.173048681098512,0.456465289154727,0.371172666532139,"Cd44/Mlf1/Atad5",3
"GO:0042692","muscle cell differentiation","11/512","449/28943",0.175076789369221,0.456465289154727,0.371172666532139,"Rgs4/Grem1/Ereg/Cxcl10/Csrp2/Ang2/Dnmt1/AW551984/Ripor2/Nid1/Wnt10b",11
"GO:0008206","bile acid metabolic process","2/512","43/28943",0.176300741039891,0.456465289154727,0.371172666532139,"Nr1h4/Stard4",2
"GO:0042092","type 2 immune response","2/512","43/28943",0.176300741039891,0.456465289154727,0.371172666532139,"Ecm1/Il6",2
"GO:0045191","regulation of isotype switching","2/512","43/28943",0.176300741039891,0.456465289154727,0.371172666532139,"Nsd2/Atad5",2
"GO:1902624","positive regulation of neutrophil migration","2/512","43/28943",0.176300741039891,0.456465289154727,0.371172666532139,"C3ar1/Ripor2",2
"GO:1990748","cellular detoxification","2/512","43/28943",0.176300741039891,0.456465289154727,0.371172666532139,"Nqo1/Dhfr",2
"GO:0060348","bone development","7/512","259/28943",0.177029196921631,0.456465289154727,0.371172666532139,"Tnn/Grem1/Ecm1/Nsd2/Col10a1/Poc1a/Map2k6",7
"GO:0043279","response to alkaloid","3/512","82/28943",0.177429812064769,0.456465289154727,0.371172666532139,"Rad51/Fancb/Blm",3
"GO:0034767","positive regulation of ion transmembrane transport","6/512","213/28943",0.177439106957513,0.456465289154727,0.371172666532139,"P2rx7/Abcb1a/Abcb1b/Cxcl10/Ank3/Ccl2",6
"GO:0002224","toll-like receptor signaling pathway","4/512","124/28943",0.1776083374495,0.456465289154727,0.371172666532139,"Ptgs2os/Tlr7/Smpdl3b/Nr1h4",4
"GO:0046620","regulation of organ growth","4/512","124/28943",0.1776083374495,0.456465289154727,0.371172666532139,"Rgs4/Dusp9/Cdk1/Ccnb1",4
"GO:0030856","regulation of epithelial cell differentiation","5/512","168/28943",0.177991876894288,0.456465289154727,0.371172666532139,"Cited1/Serpine1/Etv4/Wnt10b/Notch4",5
"GO:0070665","positive regulation of leukocyte proliferation","5/512","168/28943",0.177991876894288,0.456465289154727,0.371172666532139,"Il6/Blm/Spn/Atad5/Syk",5
"GO:0003418","growth plate cartilage chondrocyte differentiation","1/512","11/28943",0.178287994317404,0.456465289154727,0.371172666532139,"Poc1a",1
"GO:0006171","cAMP biosynthetic process","1/512","11/28943",0.178287994317404,0.456465289154727,0.371172666532139,"Adcy7",1
"GO:0006521","regulation of cellular amino acid metabolic process","1/512","11/28943",0.178287994317404,0.456465289154727,0.371172666532139,"Nr1h4",1
"GO:0009172","purine deoxyribonucleoside monophosphate catabolic process","1/512","11/28943",0.178287994317404,0.456465289154727,0.371172666532139,"Urah",1
"GO:0019372","lipoxygenase pathway","1/512","11/28943",0.178287994317404,0.456465289154727,0.371172666532139,"Alox5ap",1
"GO:0019627","urea metabolic process","1/512","11/28943",0.178287994317404,0.456465289154727,0.371172666532139,"Nr1h4",1
"GO:0030223","neutrophil differentiation","1/512","11/28943",0.178287994317404,0.456465289154727,0.371172666532139,"Inpp5d",1
"GO:0030643","cellular phosphate ion homeostasis","1/512","11/28943",0.178287994317404,0.456465289154727,0.371172666532139,"Spp1",1
"GO:0031077","post-embryonic camera-type eye development","1/512","11/28943",0.178287994317404,0.456465289154727,0.371172666532139,"Flt1",1
"GO:0031442","positive regulation of mRNA 3'-end processing","1/512","11/28943",0.178287994317404,0.456465289154727,0.371172666532139,"Ccnb1",1
"GO:0033629","negative regulation of cell adhesion mediated by integrin","1/512","11/28943",0.178287994317404,0.456465289154727,0.371172666532139,"Serpine1",1
"GO:0034351","negative regulation of glial cell apoptotic process","1/512","11/28943",0.178287994317404,0.456465289154727,0.371172666532139,"Ccl2",1
"GO:0034370","triglyceride-rich lipoprotein particle remodeling","1/512","11/28943",0.178287994317404,0.456465289154727,0.371172666532139,"Nr1h4",1
"GO:0035744","T-helper 1 cell cytokine production","1/512","11/28943",0.178287994317404,0.456465289154727,0.371172666532139,"Il18rap",1
"GO:0042118","endothelial cell activation","1/512","11/28943",0.178287994317404,0.456465289154727,0.371172666532139,"Cxcl10",1
"GO:0045602","negative regulation of endothelial cell differentiation","1/512","11/28943",0.178287994317404,0.456465289154727,0.371172666532139,"Notch4",1
"GO:0045898","regulation of RNA polymerase II transcription preinitiation complex assembly","1/512","11/28943",0.178287994317404,0.456465289154727,0.371172666532139,"Wnt10b",1
"GO:0048262","determination of dorsal/ventral asymmetry","1/512","11/28943",0.178287994317404,0.456465289154727,0.371172666532139,"Grem1",1
"GO:0048263","determination of dorsal identity","1/512","11/28943",0.178287994317404,0.456465289154727,0.371172666532139,"Grem1",1
"GO:0048563","post-embryonic animal organ morphogenesis","1/512","11/28943",0.178287994317404,0.456465289154727,0.371172666532139,"Flt1",1
"GO:0050774","negative regulation of dendrite morphogenesis","1/512","11/28943",0.178287994317404,0.456465289154727,0.371172666532139,"Cit",1
"GO:0051657","maintenance of organelle location","1/512","11/28943",0.178287994317404,0.456465289154727,0.371172666532139,"Aspm",1
"GO:0051709","regulation of killing of cells of another organism","1/512","11/28943",0.178287994317404,0.456465289154727,0.371172666532139,"Syk",1
"GO:0060159","regulation of dopamine receptor signaling pathway","1/512","11/28943",0.178287994317404,0.456465289154727,0.371172666532139,"Rgs4",1
"GO:0061299","retina vasculature morphogenesis in camera-type eye","1/512","11/28943",0.178287994317404,0.456465289154727,0.371172666532139,"Arhgef15",1
"GO:0070493","thrombin-activated receptor signaling pathway","1/512","11/28943",0.178287994317404,0.456465289154727,0.371172666532139,"Stmn1",1
"GO:0070782","phosphatidylserine exposure on apoptotic cell surface","1/512","11/28943",0.178287994317404,0.456465289154727,0.371172666532139,"Xkr5",1
"GO:0071481","cellular response to X-ray","1/512","11/28943",0.178287994317404,0.456465289154727,0.371172666532139,"Hmga2",1
"GO:0071492","cellular response to UV-A","1/512","11/28943",0.178287994317404,0.456465289154727,0.371172666532139,"Timp1",1
"GO:0071941","nitrogen cycle metabolic process","1/512","11/28943",0.178287994317404,0.456465289154727,0.371172666532139,"Nr1h4",1
"GO:0072502","cellular trivalent inorganic anion homeostasis","1/512","11/28943",0.178287994317404,0.456465289154727,0.371172666532139,"Spp1",1
"GO:0090091","positive regulation of extracellular matrix disassembly","1/512","11/28943",0.178287994317404,0.456465289154727,0.371172666532139,"Il6",1
"GO:0099612","protein localization to axon","1/512","11/28943",0.178287994317404,0.456465289154727,0.371172666532139,"Ank3",1
"GO:0110011","regulation of basement membrane organization","1/512","11/28943",0.178287994317404,0.456465289154727,0.371172666532139,"Nid1",1
"GO:0140719","constitutive heterochromatin formation","1/512","11/28943",0.178287994317404,0.456465289154727,0.371172666532139,"Hells",1
"GO:1902260","negative regulation of delayed rectifier potassium channel activity","1/512","11/28943",0.178287994317404,0.456465289154727,0.371172666532139,"Ank3",1
"GO:1902915","negative regulation of protein polyubiquitination","1/512","11/28943",0.178287994317404,0.456465289154727,0.371172666532139,"Ttc36",1
"GO:1903299","regulation of hexokinase activity","1/512","11/28943",0.178287994317404,0.456465289154727,0.371172666532139,"Pfkfb1",1
"GO:1903367","positive regulation of fear response","1/512","11/28943",0.178287994317404,0.456465289154727,0.371172666532139,"Cck",1
"GO:1903431","positive regulation of cell maturation","1/512","11/28943",0.178287994317404,0.456465289154727,0.371172666532139,"Aurka",1
"GO:1903800","positive regulation of miRNA maturation","1/512","11/28943",0.178287994317404,0.456465289154727,0.371172666532139,"Il6",1
"GO:1990504","dense core granule exocytosis","1/512","11/28943",0.178287994317404,0.456465289154727,0.371172666532139,"P2rx7",1
"GO:2000727","positive regulation of cardiac muscle cell differentiation","1/512","11/28943",0.178287994317404,0.456465289154727,0.371172666532139,"Grem1",1
"GO:0009743","response to carbohydrate","6/512","214/28943",0.180049185716985,0.460354407596487,0.374335085442809,"Ptprn/Slc2a5/Nr1h4/Cdt1/Ang2/Birc5",6
"GO:0045017","glycerolipid biosynthetic process","6/512","214/28943",0.180049185716985,0.460354407596487,0.374335085442809,"Acsl4/Hycc1/Far1/Pla2g4c/Nr1h4/Ang2",6
"GO:0032649","regulation of interferon-gamma production","4/512","125/28943",0.181114405319278,0.46244850803716,0.376037893658501,"Tlr7/Nr1h4/Ulbp1/Ripk3",4
"GO:2000177","regulation of neural precursor cell proliferation","4/512","125/28943",0.181114405319278,0.46244850803716,0.376037893658501,"Aspm/Shcbp1/Prl2c2/Cip2a",4
"GO:0019058","viral life cycle","7/512","261/28943",0.18173692982282,0.46244850803716,0.376037893658501,"Slpi/Trim59/Ptx3/Ppih/Hmga2/Kpna2/Fam111a",7
"GO:0045926","negative regulation of growth","7/512","261/28943",0.18173692982282,0.46244850803716,0.376037893658501,"Rgs4/Grem1/Tro/Cdkn2c/Cda/Slit2/Cgref1",7
"GO:0002381","immunoglobulin production involved in immunoglobulin-mediated immune response","3/512","83/28943",0.181841272886785,0.46244850803716,0.376037893658501,"Exo1/Nsd2/Atad5",3
"GO:0032722","positive regulation of chemokine production","3/512","83/28943",0.181841272886785,0.46244850803716,0.376037893658501,"Tlr7/Il6/Syk",3
"GO:0046785","microtubule polymerization","3/512","83/28943",0.181841272886785,0.46244850803716,0.376037893658501,"Tpx2/Stmn1/Fbxo5",3
"GO:0055021","regulation of cardiac muscle tissue growth","3/512","83/28943",0.181841272886785,0.46244850803716,0.376037893658501,"Rgs4/Cdk1/Ccnb1",3
"GO:0010563","negative regulation of phosphorus metabolic process","11/512","453/28943",0.182103372170839,0.462496340009037,0.376076788008124,"Mastl/Grem1/Cdkn2c/Cda/Hgf/Slit2/Il6/Plk1/Pbk/Ttc36/Ccnb1",11
"GO:0045936","negative regulation of phosphate metabolic process","11/512","453/28943",0.182103372170839,0.462496340009037,0.376076788008124,"Mastl/Grem1/Cdkn2c/Cda/Hgf/Slit2/Il6/Plk1/Pbk/Ttc36/Ccnb1",11
"GO:0001562","response to protozoan","2/512","44/28943",0.182662197076013,0.462987782188668,0.37647640197351,"Il6/Spn",2
"GO:0046839","phospholipid dephosphorylation","2/512","44/28943",0.182662197076013,0.462987782188668,0.37647640197351,"Inpp5d/Mtmr11",2
"GO:0050892","intestinal absorption","2/512","44/28943",0.182662197076013,0.462987782188668,0.37647640197351,"Abcb1a/Slco1a5",2
"GO:0034655","nucleobase-containing compound catabolic process","10/512","405/28943",0.183423657331846,0.464608091389527,0.377793949004967,"Dut/Cda/Il6/Urah/Pkp3/Enpp3/Slfn9/Rnaseh2c/Nanos1/Fen1",10
"GO:0071248","cellular response to metal ion","5/512","170/28943",0.183955882013912,0.465645980969968,0.378637904180292,"Ect2/Alox5ap/Ank3/Mt2/Adcy7",5
"GO:0006479","protein methylation","6/512","216/28943",0.185315252266982,0.466966868147216,0.379711977559837,"Suv39h2/Phf19/Nsd2/Nr1h4/Dnmt1/Brca1",6
"GO:0008213","protein alkylation","6/512","216/28943",0.185315252266982,0.466966868147216,0.379711977559837,"Suv39h2/Phf19/Nsd2/Nr1h4/Dnmt1/Brca1",6
"GO:0051250","negative regulation of lymphocyte activation","5/512","171/28943",0.186965193227718,0.466966868147216,0.379711977559837,"Inpp5d/Cd44/Hmgb3/Spn/Ripor2",5
"GO:0051101","regulation of DNA binding","4/512","127/28943",0.188194666682852,0.466966868147216,0.379711977559837,"Nek2/Hmga2/Cdt1/Hmgb2",4
"GO:0001569","branching involved in blood vessel morphogenesis","2/512","45/28943",0.189056718265703,0.466966868147216,0.379711977559837,"Flt1/Notch4",2
"GO:0003298","physiological muscle hypertrophy","2/512","45/28943",0.189056718265703,0.466966868147216,0.379711977559837,"Rgs4/Ang2",2
"GO:0003301","physiological cardiac muscle hypertrophy","2/512","45/28943",0.189056718265703,0.466966868147216,0.379711977559837,"Rgs4/Ang2",2
"GO:0006509","membrane protein ectodomain proteolysis","2/512","45/28943",0.189056718265703,0.466966868147216,0.379711977559837,"Timp1/P2rx7",2
"GO:0010765","positive regulation of sodium ion transport","2/512","45/28943",0.189056718265703,0.466966868147216,0.379711977559837,"Cxcl1/Ank3",2
"GO:0032660","regulation of interleukin-17 production","2/512","45/28943",0.189056718265703,0.466966868147216,0.379711977559837,"Il6/Nr1h4",2
"GO:0042554","superoxide anion generation","2/512","45/28943",0.189056718265703,0.466966868147216,0.379711977559837,"Cxcl1/Syk",2
"GO:0061049","cell growth involved in cardiac muscle cell development","2/512","45/28943",0.189056718265703,0.466966868147216,0.379711977559837,"Rgs4/Ang2",2
"GO:0061098","positive regulation of protein tyrosine kinase activity","2/512","45/28943",0.189056718265703,0.466966868147216,0.379711977559837,"Grem1/Ereg",2
"GO:0071825","protein-lipid complex subunit organization","2/512","45/28943",0.189056718265703,0.466966868147216,0.379711977559837,"Nr1h4/Pla2g7",2
"GO:1902742","apoptotic process involved in development","2/512","45/28943",0.189056718265703,0.466966868147216,0.379711977559837,"Xkr5/Chek1",2
"GO:0007565","female pregnancy","5/512","172/28943",0.189992285649859,0.466966868147216,0.379711977559837,"Acsl4/Timp1/Itgb4/Prl2c3/Prl2c2",5
"GO:0006809","nitric oxide biosynthetic process","3/512","85/28943",0.190750669998879,0.466966868147216,0.379711977559837,"Ptx3/Il6/Ulbp1",3
"GO:0051262","protein tetramerization","3/512","85/28943",0.190750669998879,0.466966868147216,0.379711977559837,"Tk1/Rrm2/Trpm6",3
"GO:0052548","regulation of endopeptidase activity","9/512","361/28943",0.192207119779771,0.466966868147216,0.379711977559837,"Cd44/Timp1/Dhcr24/Hgf/Serpine1/Il6/Cck/Birc5/Syk",9
"GO:0002223","stimulatory C-type lectin receptor signaling pathway","1/512","12/28943",0.192829558914027,0.466966868147216,0.379711977559837,"Syk",1
"GO:0002778","antibacterial peptide production","1/512","12/28943",0.192829558914027,0.466966868147216,0.379711977559837,"Ivl",1
"GO:0006072","glycerol-3-phosphate metabolic process","1/512","12/28943",0.192829558914027,0.466966868147216,0.379711977559837,"Slc37a2",1
"GO:0006152","purine nucleoside catabolic process","1/512","12/28943",0.192829558914027,0.466966868147216,0.379711977559837,"Urah",1
"GO:0006182","cGMP biosynthetic process","1/512","12/28943",0.192829558914027,0.466966868147216,0.379711977559837,"Npr1",1
"GO:0007168","receptor guanylyl cyclase signaling pathway","1/512","12/28943",0.192829558914027,0.466966868147216,0.379711977559837,"Npr1",1
"GO:0009222","pyrimidine ribonucleotide catabolic process","1/512","12/28943",0.192829558914027,0.466966868147216,0.379711977559837,"Cda",1
"GO:0010572","positive regulation of platelet activation","1/512","12/28943",0.192829558914027,0.466966868147216,0.379711977559837,"Selp",1
"GO:0010649","regulation of cell communication by electrical coupling","1/512","12/28943",0.192829558914027,0.466966868147216,0.379711977559837,"Ank3",1
"GO:0016078","tRNA catabolic process","1/512","12/28943",0.192829558914027,0.466966868147216,0.379711977559837,"Slfn9",1
"GO:0021683","cerebellar granular layer morphogenesis","1/512","12/28943",0.192829558914027,0.466966868147216,0.379711977559837,"Kif14",1
"GO:0030388","fructose 1,6-bisphosphate metabolic process","1/512","12/28943",0.192829558914027,0.466966868147216,0.379711977559837,"Aldoc",1
"GO:0034088","maintenance of mitotic sister chromatid cohesion","1/512","12/28943",0.192829558914027,0.466966868147216,0.379711977559837,"Dscc1",1
"GO:0034154","toll-like receptor 7 signaling pathway","1/512","12/28943",0.192829558914027,0.466966868147216,0.379711977559837,"Tlr7",1
"GO:0034969","histone arginine methylation","1/512","12/28943",0.192829558914027,0.466966868147216,0.379711977559837,"Nr1h4",1
"GO:0035331","negative regulation of hippo signaling","1/512","12/28943",0.192829558914027,0.466966868147216,0.379711977559837,"Cit",1
"GO:0035563","positive regulation of chromatin binding","1/512","12/28943",0.192829558914027,0.466966868147216,0.379711977559837,"Cdt1",1
"GO:0036151","phosphatidylcholine acyl-chain remodeling","1/512","12/28943",0.192829558914027,0.466966868147216,0.379711977559837,"Pla2g4c",1
"GO:0038063","collagen-activated tyrosine kinase receptor signaling pathway","1/512","12/28943",0.192829558914027,0.466966868147216,0.379711977559837,"Syk",1
"GO:0042447","hormone catabolic process","1/512","12/28943",0.192829558914027,0.466966868147216,0.379711977559837,"Spp1",1
"GO:0042994","cytoplasmic sequestering of transcription factor","1/512","12/28943",0.192829558914027,0.466966868147216,0.379711977559837,"Tacc3",1
"GO:0043313","regulation of neutrophil degranulation","1/512","12/28943",0.192829558914027,0.466966868147216,0.379711977559837,"Syk",1
"GO:0045588","positive regulation of gamma-delta T cell differentiation","1/512","12/28943",0.192829558914027,0.466966868147216,0.379711977559837,"Syk",1
"GO:0045741","positive regulation of epidermal growth factor-activated receptor activity","1/512","12/28943",0.192829558914027,0.466966868147216,0.379711977559837,"Ereg",1
"GO:0045869","negative regulation of single stranded viral RNA replication via double stranded DNA intermediate","1/512","12/28943",0.192829558914027,0.466966868147216,0.379711977559837,"Hmga2",1
"GO:0046645","positive regulation of gamma-delta T cell activation","1/512","12/28943",0.192829558914027,0.466966868147216,0.379711977559837,"Syk",1
"GO:0048241","epinephrine transport","1/512","12/28943",0.192829558914027,0.466966868147216,0.379711977559837,"Slc29a4",1
"GO:0048845","venous blood vessel morphogenesis","1/512","12/28943",0.192829558914027,0.466966868147216,0.379711977559837,"Notch4",1
"GO:0051574","positive regulation of histone H3-K9 methylation","1/512","12/28943",0.192829558914027,0.466966868147216,0.379711977559837,"Brca1",1
"GO:0051610","serotonin uptake","1/512","12/28943",0.192829558914027,0.466966868147216,0.379711977559837,"Slc29a4",1
"GO:0051798","positive regulation of hair follicle development","1/512","12/28943",0.192829558914027,0.466966868147216,0.379711977559837,"Wnt10b",1
"GO:0051971","positive regulation of transmission of nerve impulse","1/512","12/28943",0.192829558914027,0.466966868147216,0.379711977559837,"Il6",1
"GO:0060352","cell adhesion molecule production","1/512","12/28943",0.192829558914027,0.466966868147216,0.379711977559837,"Notch4",1
"GO:0060502","epithelial cell proliferation involved in lung morphogenesis","1/512","12/28943",0.192829558914027,0.466966868147216,0.379711977559837,"Hmga2",1
"GO:0061626","pharyngeal arch artery morphogenesis","1/512","12/28943",0.192829558914027,0.466966868147216,0.379711977559837,"Adgrf5",1
"GO:0070244","negative regulation of thymocyte apoptotic process","1/512","12/28943",0.192829558914027,0.466966868147216,0.379711977559837,"Blm",1
"GO:0070944","neutrophil-mediated killing of bacterium","1/512","12/28943",0.192829558914027,0.466966868147216,0.379711977559837,"Cxcl5",1
"GO:0072124","regulation of glomerular mesangial cell proliferation","1/512","12/28943",0.192829558914027,0.466966868147216,0.379711977559837,"C3ar1",1
"GO:0090209","negative regulation of triglyceride metabolic process","1/512","12/28943",0.192829558914027,0.466966868147216,0.379711977559837,"Nr1h4",1
"GO:0090309","positive regulation of DNA methylation-dependent heterochromatin formation","1/512","12/28943",0.192829558914027,0.466966868147216,0.379711977559837,"Dnmt1",1
"GO:0090399","replicative senescence","1/512","12/28943",0.192829558914027,0.466966868147216,0.379711977559837,"Serpine1",1
"GO:0097264","self proteolysis","1/512","12/28943",0.192829558914027,0.466966868147216,0.379711977559837,"Tmprss6",1
"GO:0140042","lipid droplet formation","1/512","12/28943",0.192829558914027,0.466966868147216,0.379711977559837,"Pla2g4c",1
"GO:1902947","regulation of tau-protein kinase activity","1/512","12/28943",0.192829558914027,0.466966868147216,0.379711977559837,"Hgf",1
"GO:1903960","negative regulation of anion transmembrane transport","1/512","12/28943",0.192829558914027,0.466966868147216,0.379711977559837,"Rgs4",1
"GO:1990840","response to lectin","1/512","12/28943",0.192829558914027,0.466966868147216,0.379711977559837,"Syk",1
"GO:1990858","cellular response to lectin","1/512","12/28943",0.192829558914027,0.466966868147216,0.379711977559837,"Syk",1
"GO:2000551","regulation of T-helper 2 cell cytokine production","1/512","12/28943",0.192829558914027,0.466966868147216,0.379711977559837,"Il6",1
"GO:2001223","negative regulation of neuron migration","1/512","12/28943",0.192829558914027,0.466966868147216,0.379711977559837,"Tnn",1
"GO:1903050","regulation of proteolysis involved in protein catabolic process","6/512","219/28943",0.193326023541936,0.467871127629816,0.380447272031,"Aurka/Cdc20/Plk1/Pbk/Ttc36/Wnt10b",6
"GO:0071692","protein localization to extracellular region","10/512","411/28943",0.194907583586095,0.469797308000879,0.382013536808489,"Ptprn/Acsl4/P2rx7/Vgf/Il6/Nr1h4/Sncg/Ang2/Birc5/Ltbp1",10
"GO:0045661","regulation of myoblast differentiation","3/512","86/28943",0.195246367922408,0.469797308000879,0.382013536808489,"Cxcl10/Ripor2/Prl2c2",3
"GO:0046632","alpha-beta T cell differentiation","4/512","129/28943",0.195362117962357,0.469797308000879,0.382013536808489,"Il6/Blm/Spn/Syk",4
"GO:0000578","embryonic axis specification","2/512","46/28943",0.195481152355968,0.469797308000879,0.382013536808489,"Cited1/Stil",2
"GO:0001783","B cell apoptotic process","2/512","46/28943",0.195481152355968,0.469797308000879,0.382013536808489,"Cd44/Aurkb",2
"GO:0009261","ribonucleotide catabolic process","2/512","46/28943",0.195481152355968,0.469797308000879,0.382013536808489,"Cda/Urah",2
"GO:0030279","negative regulation of ossification","2/512","46/28943",0.195481152355968,0.469797308000879,0.382013536808489,"Grem1/Ecm1",2
"GO:0030501","positive regulation of bone mineralization","2/512","46/28943",0.195481152355968,0.469797308000879,0.382013536808489,"P2rx7/Wnt10b",2
"GO:0033028","myeloid cell apoptotic process","2/512","46/28943",0.195481152355968,0.469797308000879,0.382013536808489,"Cd44/Il6",2
"GO:0055023","positive regulation of cardiac muscle tissue growth","2/512","46/28943",0.195481152355968,0.469797308000879,0.382013536808489,"Cdk1/Ccnb1",2
"GO:1902275","regulation of chromatin organization","2/512","46/28943",0.195481152355968,0.469797308000879,0.382013536808489,"Mki67/Dnmt1",2
"GO:1901215","negative regulation of neuron death","7/512","267/28943",0.196167506675281,0.471148995817699,0.383112655587525,"Kif14/Cited1/Xrcc2/Il6/Sncg/Birc5/Ccl2",7
"GO:0050730","regulation of peptidyl-tyrosine phosphorylation","7/512","268/28943",0.198615881656842,0.476728271502093,0.38764941814603,"Cd44/Grem1/Hgf/Ereg/Il6/Cck/Syk",7
"GO:0019079","viral genome replication","4/512","130/28943",0.198977169970259,0.476993190559222,0.387864835868223,"Slpi/Ppih/Hmga2/Fam111a",4
"GO:0043406","positive regulation of MAP kinase activity","4/512","130/28943",0.198977169970259,0.476993190559222,0.387864835868223,"P2rx7/Flt1/Map2k6/Syk",4
"GO:0000266","mitochondrial fission","2/512","47/28943",0.201932447864488,0.479858922957247,0.390195093088246,"Aurka/Mtfr2",2
"GO:0015804","neutral amino acid transport","2/512","47/28943",0.201932447864488,0.479858922957247,0.390195093088246,"Rgs4/Slc7a8",2
"GO:0043277","apoptotic cell clearance","2/512","47/28943",0.201932447864488,0.479858922957247,0.390195093088246,"Xkr5/Ccl2",2
"GO:0048246","macrophage chemotaxis","2/512","47/28943",0.201932447864488,0.479858922957247,0.390195093088246,"C3ar1/Ccl2",2
"GO:0120163","negative regulation of cold-induced thermogenesis","2/512","47/28943",0.201932447864488,0.479858922957247,0.390195093088246,"Map2k6/Wnt10b",2
"GO:0002822","regulation of adaptive immune response based on somatic recombination of immune receptors built from immunoglobulin superfamily domains","6/512","223/28943",0.2042066450762,0.479858922957247,0.390195093088246,"P2rx7/Nsd2/Il6/Spn/Ripk3/Atad5",6
"GO:0003281","ventricular septum development","3/512","88/28943",0.204314227723782,0.479858922957247,0.390195093088246,"Slit2/Nsd2/Ltbp1",3
"GO:0051881","regulation of mitochondrial membrane potential","3/512","88/28943",0.204314227723782,0.479858922957247,0.390195093088246,"P2rx7/Bco2/Cck",3
"GO:0032970","regulation of actin filament-based process","10/512","416/28943",0.204712319748218,0.479858922957247,0.390195093088246,"Tmeff2/Rgs4/Ect2/S1pr1/Iqgap3/Stmn1/Slit2/Gmfg/Arhgap18/Arhgef15",10
"GO:0007596","blood coagulation","5/512","177/28943",0.205383178506191,0.479858922957247,0.390195093088246,"Selp/Serpine1/Il6/Syk/Emilin2",5
"GO:1903034","regulation of response to wounding","5/512","177/28943",0.205383178506191,0.479858922957247,0.390195093088246,"Serpine1/Siglecg/Ccl2/Tafa5/Emilin2",5
"GO:0048738","cardiac muscle tissue development","7/512","271/28943",0.206032172110416,0.479858922957247,0.390195093088246,"Rgs4/Grem1/S1pr1/Cdk1/Ang2/AW551984/Ccnb1",7
"GO:0035264","multicellular organism growth","6/512","224/28943",0.206961010033084,0.479858922957247,0.390195093088246,"Akp3/Stil/Brca2/Xrcc2/Palb2/Hmga2",6
"GO:0000012","single strand break repair","1/512","13/28943",0.207114280003378,0.479858922957247,0.390195093088246,"Smc2",1
"GO:0000255","allantoin metabolic process","1/512","13/28943",0.207114280003378,0.479858922957247,0.390195093088246,"Urah",1
"GO:0002430","complement receptor mediated signaling pathway","1/512","13/28943",0.207114280003378,0.479858922957247,0.390195093088246,"C3ar1",1
"GO:0002674","negative regulation of acute inflammatory response","1/512","13/28943",0.207114280003378,0.479858922957247,0.390195093088246,"Spn",1
"GO:0002759","regulation of antimicrobial humoral response","1/512","13/28943",0.207114280003378,0.479858922957247,0.390195093088246,"Ivl",1
"GO:0003157","endocardium development","1/512","13/28943",0.207114280003378,0.479858922957247,0.390195093088246,"Sox18",1
"GO:0010872","regulation of cholesterol esterification","1/512","13/28943",0.207114280003378,0.479858922957247,0.390195093088246,"Stard4",1
"GO:0014052","regulation of gamma-aminobutyric acid secretion","1/512","13/28943",0.207114280003378,0.479858922957247,0.390195093088246,"P2rx7",1
"GO:0016553","base conversion or substitution editing","1/512","13/28943",0.207114280003378,0.479858922957247,0.390195093088246,"Rbm47",1
"GO:0021554","optic nerve development","1/512","13/28943",0.207114280003378,0.479858922957247,0.390195093088246,"Nav2",1
"GO:0030953","astral microtubule organization","1/512","13/28943",0.207114280003378,0.479858922957247,0.390195093088246,"Tacc3",1
"GO:0031053","primary miRNA processing","1/512","13/28943",0.207114280003378,0.479858922957247,0.390195093088246,"Il6",1
"GO:0031915","positive regulation of synaptic plasticity","1/512","13/28943",0.207114280003378,0.479858922957247,0.390195093088246,"Cdc20",1
"GO:0032486","Rap protein signal transduction","1/512","13/28943",0.207114280003378,0.479858922957247,0.390195093088246,"Kif14",1
"GO:0032650","regulation of interleukin-1 alpha production","1/512","13/28943",0.207114280003378,0.479858922957247,0.390195093088246,"P2rx7",1
"GO:0032725","positive regulation of granulocyte macrophage colony-stimulating factor production","1/512","13/28943",0.207114280003378,0.479858922957247,0.390195093088246,"Syk",1
"GO:0033240","positive regulation of cellular amine metabolic process","1/512","13/28943",0.207114280003378,0.479858922957247,0.390195093088246,"Nr1h4",1
"GO:0034374","low-density lipoprotein particle remodeling","1/512","13/28943",0.207114280003378,0.479858922957247,0.390195093088246,"Pla2g7",1
"GO:0043589","skin morphogenesis","1/512","13/28943",0.207114280003378,0.479858922957247,0.390195093088246,"Itgb4",1
"GO:0043922","negative regulation by host of viral transcription","1/512","13/28943",0.207114280003378,0.479858922957247,0.390195093088246,"Hmga2",1
"GO:0044793","negative regulation by host of viral process","1/512","13/28943",0.207114280003378,0.479858922957247,0.390195093088246,"Ptx3",1
"GO:0045618","positive regulation of keratinocyte differentiation","1/512","13/28943",0.207114280003378,0.479858922957247,0.390195093088246,"Etv4",1
"GO:0045628","regulation of T-helper 2 cell differentiation","1/512","13/28943",0.207114280003378,0.479858922957247,0.390195093088246,"Il6",1
"GO:0048304","positive regulation of isotype switching to IgG isotypes","1/512","13/28943",0.207114280003378,0.479858922957247,0.390195093088246,"Atad5",1
"GO:0051549","positive regulation of keratinocyte migration","1/512","13/28943",0.207114280003378,0.479858922957247,0.390195093088246,"Serpine1",1
"GO:0051917","regulation of fibrinolysis","1/512","13/28943",0.207114280003378,0.479858922957247,0.390195093088246,"Serpine1",1
"GO:0051974","negative regulation of telomerase activity","1/512","13/28943",0.207114280003378,0.479858922957247,0.390195093088246,"Pif1",1
"GO:0060394","negative regulation of pathway-restricted SMAD protein phosphorylation","1/512","13/28943",0.207114280003378,0.479858922957247,0.390195093088246,"Grem1",1
"GO:0070255","regulation of mucus secretion","1/512","13/28943",0.207114280003378,0.479858922957247,0.390195093088246,"Sytl2",1
"GO:0070508","cholesterol import","1/512","13/28943",0.207114280003378,0.479858922957247,0.390195093088246,"Stard4",1
"GO:0070673","response to interleukin-18","1/512","13/28943",0.207114280003378,0.479858922957247,0.390195093088246,"Il18rap",1
"GO:0070986","left/right axis specification","1/512","13/28943",0.207114280003378,0.479858922957247,0.390195093088246,"Mns1",1
"GO:0072110","glomerular mesangial cell proliferation","1/512","13/28943",0.207114280003378,0.479858922957247,0.390195093088246,"C3ar1",1
"GO:0072540","T-helper 17 cell lineage commitment","1/512","13/28943",0.207114280003378,0.479858922957247,0.390195093088246,"Il6",1
"GO:0090520","sphingolipid mediated signaling pathway","1/512","13/28943",0.207114280003378,0.479858922957247,0.390195093088246,"S1pr1",1
"GO:0097709","connective tissue replacement","1/512","13/28943",0.207114280003378,0.479858922957247,0.390195093088246,"Timp1",1
"GO:1901298","regulation of hydrogen peroxide-mediated programmed cell death","1/512","13/28943",0.207114280003378,0.479858922957247,0.390195093088246,"Hgf",1
"GO:1904058","positive regulation of sensory perception of pain","1/512","13/28943",0.207114280003378,0.479858922957247,0.390195093088246,"Cck",1
"GO:1904179","positive regulation of adipose tissue development","1/512","13/28943",0.207114280003378,0.479858922957247,0.390195093088246,"Nr1h4",1
"GO:1904753","negative regulation of vascular associated smooth muscle cell migration","1/512","13/28943",0.207114280003378,0.479858922957247,0.390195093088246,"Tafa5",1
"GO:2000562","negative regulation of CD4-positive, alpha-beta T cell proliferation","1/512","13/28943",0.207114280003378,0.479858922957247,0.390195093088246,"Cd44",1
"GO:2000774","positive regulation of cellular senescence","1/512","13/28943",0.207114280003378,0.479858922957247,0.390195093088246,"Cgas",1
"GO:0015833","peptide transport","8/512","320/28943",0.208260624453105,0.480221752152061,0.390490125992027,"Pask/Ptprn/Acsl4/Vgf/Il6/Hmga2/Nr1h4/Birc5",8
"GO:0002369","T cell cytokine production","2/512","48/28943",0.208407651512599,0.480221752152061,0.390490125992027,"Il18rap/Il6",2
"GO:0032620","interleukin-17 production","2/512","48/28943",0.208407651512599,0.480221752152061,0.390490125992027,"Il6/Nr1h4",2
"GO:0032728","positive regulation of interferon-beta production","2/512","48/28943",0.208407651512599,0.480221752152061,0.390490125992027,"Tlr7/Hmgb2",2
"GO:0032873","negative regulation of stress-activated MAPK cascade","2/512","48/28943",0.208407651512599,0.480221752152061,0.390490125992027,"Foxm1/Pbk",2
"GO:0043124","negative regulation of I-kappaB kinase/NF-kappaB signaling","2/512","48/28943",0.208407651512599,0.480221752152061,0.390490125992027,"Trim59/Nr1h4",2
"GO:0048010","vascular endothelial growth factor receptor signaling pathway","2/512","48/28943",0.208407651512599,0.480221752152061,0.390490125992027,"Flt1/Ccl2",2
"GO:0048741","skeletal muscle fiber development","2/512","48/28943",0.208407651512599,0.480221752152061,0.390490125992027,"Ripor2/Wnt10b",2
"GO:0070303","negative regulation of stress-activated protein kinase signaling cascade","2/512","48/28943",0.208407651512599,0.480221752152061,0.390490125992027,"Foxm1/Pbk",2
"GO:0002444","myeloid leukocyte mediated immunity","4/512","133/28943",0.209941045825679,0.483462057074036,0.393124965150321,"Cxcl5/Cxcl1/Spon2/Syk",4
"GO:1903037","regulation of leukocyte cell-cell adhesion","9/512","371/28943",0.213267530143907,0.488585567166285,0.397291123997724,"Selp/Cd44/Il6/Blm/Spn/Ccl2/Ripor2/Syk/Wnt10b",9
"GO:0014065","phosphatidylinositol 3-kinase signaling","4/512","134/28943",0.21363341497174,0.488585567166285,0.397291123997724,"Selp/Flt1/Hgf/Cep55",4
"GO:0007599","hemostasis","5/512","180/28943",0.214810311968023,0.488585567166285,0.397291123997724,"Selp/Serpine1/Il6/Syk/Emilin2",5
"GO:0050817","coagulation","5/512","180/28943",0.214810311968023,0.488585567166285,0.397291123997724,"Selp/Serpine1/Il6/Syk/Emilin2",5
"GO:0010677","negative regulation of cellular carbohydrate metabolic process","2/512","49/28943",0.214903905717279,0.488585567166285,0.397291123997724,"Pask/Il6",2
"GO:0010799","regulation of peptidyl-threonine phosphorylation","2/512","49/28943",0.214903905717279,0.488585567166285,0.397291123997724,"Plk1/Ttc36",2
"GO:0021772","olfactory bulb development","2/512","49/28943",0.214903905717279,0.488585567166285,0.397291123997724,"Kif14/Slit2",2
"GO:0033628","regulation of cell adhesion mediated by integrin","2/512","49/28943",0.214903905717279,0.488585567166285,0.397291123997724,"Serpine1/Syk",2
"GO:0060421","positive regulation of heart growth","2/512","49/28943",0.214903905717279,0.488585567166285,0.397291123997724,"Cdk1/Ccnb1",2
"GO:0089718","amino acid import across plasma membrane","2/512","49/28943",0.214903905717279,0.488585567166285,0.397291123997724,"Rgs4/Slc7a8",2
"GO:1905521","regulation of macrophage migration","2/512","49/28943",0.214903905717279,0.488585567166285,0.397291123997724,"C3ar1/Ccl2",2
"GO:0001667","ameboidal-type cell migration","11/512","471/28943",0.215280016559863,0.488585567166285,0.397291123997724,"Grem1/Pkn3/Timp1/Slit2/Serpine1/Anln/Itgb4/Krt16/Prl2c2/Itgb7/Nanos1",11
"GO:0032414","positive regulation of ion transmembrane transporter activity","4/512","135/28943",0.217343742202803,0.488585567166285,0.397291123997724,"Abcb1a/Abcb1b/Ank3/Ccl2",4
"GO:0001656","metanephros development","3/512","91/28943",0.218090841329929,0.488585567166285,0.397291123997724,"Grem1/Cited1/Slit2",3
"GO:0046209","nitric oxide metabolic process","3/512","91/28943",0.218090841329929,0.488585567166285,0.397291123997724,"Ptx3/Il6/Ulbp1",3
"GO:0046683","response to organophosphorus","3/512","91/28943",0.218090841329929,0.488585567166285,0.397291123997724,"Cited1/P2rx7/Wnt10b",3
"GO:0044242","cellular lipid catabolic process","6/512","228/28943",0.218108741599658,0.488585567166285,0.397291123997724,"Mgst2/Smpdl3b/Pla2g4c/Bco2/Pla2g7/Pnliprp2",6
"GO:0001767","establishment of lymphocyte polarity","1/512","14/28943",0.221146685417767,0.488585567166285,0.397291123997724,"Ripor2",1
"GO:0001768","establishment of T cell polarity","1/512","14/28943",0.221146685417767,0.488585567166285,0.397291123997724,"Ripor2",1
"GO:0002775","antimicrobial peptide production","1/512","14/28943",0.221146685417767,0.488585567166285,0.397291123997724,"Ivl",1
"GO:0006651","diacylglycerol biosynthetic process","1/512","14/28943",0.221146685417767,0.488585567166285,0.397291123997724,"Ang2",1
"GO:0006750","glutathione biosynthetic process","1/512","14/28943",0.221146685417767,0.488585567166285,0.397291123997724,"Mgst2",1
"GO:0006924","activation-induced cell death of T cells","1/512","14/28943",0.221146685417767,0.488585567166285,0.397291123997724,"Ripk3",1
"GO:0009173","pyrimidine ribonucleoside monophosphate metabolic process","1/512","14/28943",0.221146685417767,0.488585567166285,0.397291123997724,"Cda",1
"GO:0010225","response to UV-C","1/512","14/28943",0.221146685417767,0.488585567166285,0.397291123997724,"Brca2",1
"GO:0010452","histone H3-K36 methylation","1/512","14/28943",0.221146685417767,0.488585567166285,0.397291123997724,"Nsd2",1
"GO:0010940","positive regulation of necrotic cell death","1/512","14/28943",0.221146685417767,0.488585567166285,0.397291123997724,"Ripk3",1
"GO:0015867","ATP transport","1/512","14/28943",0.221146685417767,0.488585567166285,0.397291123997724,"P2rx7",1
"GO:0032099","negative regulation of appetite","1/512","14/28943",0.221146685417767,0.488585567166285,0.397291123997724,"Cck",1
"GO:0032328","alanine transport","1/512","14/28943",0.221146685417767,0.488585567166285,0.397291123997724,"Slc7a8",1
"GO:0032494","response to peptidoglycan","1/512","14/28943",0.221146685417767,0.488585567166285,0.397291123997724,"Irf5",1
"GO:0032610","interleukin-1 alpha production","1/512","14/28943",0.221146685417767,0.488585567166285,0.397291123997724,"P2rx7",1
"GO:0032782","bile acid secretion","1/512","14/28943",0.221146685417767,0.488585567166285,0.397291123997724,"Stard10",1
"GO:0033004","negative regulation of mast cell activation","1/512","14/28943",0.221146685417767,0.488585567166285,0.397291123997724,"Enpp3",1
"GO:0034116","positive regulation of heterotypic cell-cell adhesion","1/512","14/28943",0.221146685417767,0.488585567166285,0.397291123997724,"Cd44",1
"GO:0035435","phosphate ion transmembrane transport","1/512","14/28943",0.221146685417767,0.488585567166285,0.397291123997724,"Slc37a2",1
"GO:0036065","fucosylation","1/512","14/28943",0.221146685417767,0.488585567166285,0.397291123997724,"Sec1",1
"GO:0036093","germ cell proliferation","1/512","14/28943",0.221146685417767,0.488585567166285,0.397291123997724,"Fanca",1
"GO:0036444","calcium import into the mitochondrion","1/512","14/28943",0.221146685417767,0.488585567166285,0.397291123997724,"Mcub",1
"GO:0042487","regulation of odontogenesis of dentin-containing tooth","1/512","14/28943",0.221146685417767,0.488585567166285,0.397291123997724,"Tnfrsf11b",1
"GO:0042559","pteridine-containing compound biosynthetic process","1/512","14/28943",0.221146685417767,0.488585567166285,0.397291123997724,"Dhfr",1
"GO:0045060","negative thymic T cell selection","1/512","14/28943",0.221146685417767,0.488585567166285,0.397291123997724,"Spn",1
"GO:0045091","regulation of single stranded viral RNA replication via double stranded DNA intermediate","1/512","14/28943",0.221146685417767,0.488585567166285,0.397291123997724,"Hmga2",1
"GO:0045161","neuronal ion channel clustering","1/512","14/28943",0.221146685417767,0.488585567166285,0.397291123997724,"Ank3",1
"GO:0045188","regulation of circadian sleep/wake cycle, non-REM sleep","1/512","14/28943",0.221146685417767,0.488585567166285,0.397291123997724,"Il6",1
"GO:0046049","UMP metabolic process","1/512","14/28943",0.221146685417767,0.488585567166285,0.397291123997724,"Cda",1
"GO:0046058","cAMP metabolic process","1/512","14/28943",0.221146685417767,0.488585567166285,0.397291123997724,"Adcy7",1
"GO:0046548","retinal rod cell development","1/512","14/28943",0.221146685417767,0.488585567166285,0.397291123997724,"Rpgrip1",1
"GO:0048635","negative regulation of muscle organ development","1/512","14/28943",0.221146685417767,0.488585567166285,0.397291123997724,"Il6",1
"GO:0051764","actin crosslink formation","1/512","14/28943",0.221146685417767,0.488585567166285,0.397291123997724,"Gas2l3",1
"GO:0052646","alditol phosphate metabolic process","1/512","14/28943",0.221146685417767,0.488585567166285,0.397291123997724,"Slc37a2",1
"GO:0061052","negative regulation of cell growth involved in cardiac muscle cell development","1/512","14/28943",0.221146685417767,0.488585567166285,0.397291123997724,"Rgs4",1
"GO:0061085","regulation of histone H3-K27 methylation","1/512","14/28943",0.221146685417767,0.488585567166285,0.397291123997724,"Phf19",1
"GO:0070831","basement membrane assembly","1/512","14/28943",0.221146685417767,0.488585567166285,0.397291123997724,"Ntn4",1
"GO:0071285","cellular response to lithium ion","1/512","14/28943",0.221146685417767,0.488585567166285,0.397291123997724,"Adcy7",1
"GO:0071294","cellular response to zinc ion","1/512","14/28943",0.221146685417767,0.488585567166285,0.397291123997724,"Mt2",1
"GO:0072044","collecting duct development","1/512","14/28943",0.221146685417767,0.488585567166285,0.397291123997724,"Spp1",1
"GO:0072172","mesonephric tubule formation","1/512","14/28943",0.221146685417767,0.488585567166285,0.397291123997724,"Grem1",1
"GO:1902510","regulation of apoptotic DNA fragmentation","1/512","14/28943",0.221146685417767,0.488585567166285,0.397291123997724,"Il6",1
"GO:1903817","negative regulation of voltage-gated potassium channel activity","1/512","14/28943",0.221146685417767,0.488585567166285,0.397291123997724,"Ank3",1
"GO:1905048","regulation of metallopeptidase activity","1/512","14/28943",0.221146685417767,0.488585567166285,0.397291123997724,"Timp1",1
"GO:1905063","regulation of vascular associated smooth muscle cell differentiation","1/512","14/28943",0.221146685417767,0.488585567166285,0.397291123997724,"Dnmt1",1
"GO:1905288","vascular associated smooth muscle cell apoptotic process","1/512","14/28943",0.221146685417767,0.488585567166285,0.397291123997724,"Dnmt1",1
"GO:1905459","regulation of vascular associated smooth muscle cell apoptotic process","1/512","14/28943",0.221146685417767,0.488585567166285,0.397291123997724,"Dnmt1",1
"GO:1905809","negative regulation of synapse organization","1/512","14/28943",0.221146685417767,0.488585567166285,0.397291123997724,"Arhgef15",1
"GO:2000822","regulation of behavioral fear response","1/512","14/28943",0.221146685417767,0.488585567166285,0.397291123997724,"Cck",1
"GO:0006998","nuclear envelope organization","2/512","50/28943",0.22141844614085,0.488585567166285,0.397291123997724,"Plk1/Lmnb1",2
"GO:0042088","T-helper 1 type immune response","2/512","50/28943",0.22141844614085,0.488585567166285,0.397291123997724,"Il18rap/Spn",2
"GO:0051873","killing by host of symbiont cells","2/512","50/28943",0.22141844614085,0.488585567166285,0.397291123997724,"Cxcl5/Cxcl1",2
"GO:0097237","cellular response to toxic substance","2/512","50/28943",0.22141844614085,0.488585567166285,0.397291123997724,"Nqo1/Dhfr",2
"GO:1902743","regulation of lamellipodium organization","2/512","50/28943",0.22141844614085,0.488585567166285,0.397291123997724,"Cd44/Slit2",2
"GO:1903018","regulation of glycoprotein metabolic process","2/512","50/28943",0.22141844614085,0.488585567166285,0.397291123997724,"Ptx3/Pxylp1",2
"GO:0046879","hormone secretion","9/512","375/28943",0.221940014377357,0.489452398296237,0.397995983774758,"Pask/Ptprn/Acsl4/Spp1/Vgf/Il6/Hmga2/Nr1h4/Birc5",9
"GO:0032436","positive regulation of proteasomal ubiquitin-dependent protein catabolic process","3/512","92/28943",0.222725376968638,0.49033114257948,0.398710530678018,"Aurka/Cdc20/Plk1",3
"GO:0045638","negative regulation of myeloid cell differentiation","3/512","92/28943",0.222725376968638,0.49033114257948,0.398710530678018,"Inpp5d/Hmgb3/Tnfrsf11b",3
"GO:0097581","lamellipodium organization","3/512","92/28943",0.222725376968638,0.49033114257948,0.398710530678018,"Cd44/S1pr1/Slit2",3
"GO:0043254","regulation of protein-containing complex assembly","10/512","425/28943",0.222868617917555,0.490362549376471,0.398736068971648,"Kif14/Selp/Dut/Stmn1/Slit2/Arhgap18/Cdt1/Cck/Syk/Wnt10b",10
"GO:0050864","regulation of B cell activation","7/512","278/28943",0.223731914542463,0.491977292707024,0.40004909014107,"Inpp5d/Hmgb3/Nsd2/Il6/Siglecg/Atad5/Syk",7
"GO:0042303","molting cycle","4/512","137/28943",0.224816082501231,0.493220280247939,0.40105981978687,"Mreg/Sox18/Krt16/Wnt10b",4
"GO:0042633","hair cycle","4/512","137/28943",0.224816082501231,0.493220280247939,0.40105981978687,"Mreg/Sox18/Krt16/Wnt10b",4
"GO:0055076","transition metal ion homeostasis","4/512","137/28943",0.224816082501231,0.493220280247939,0.40105981978687,"Steap1/Ank1/Mt2/Tmprss6",4
"GO:0061041","regulation of wound healing","4/512","137/28943",0.224816082501231,0.493220280247939,0.40105981978687,"Serpine1/Ccl2/Tafa5/Emilin2",4
"GO:0010631","epithelial cell migration","8/512","328/28943",0.226924237241488,0.493485365234688,0.401275372433976,"Grem1/Pkn3/Slit2/Serpine1/Anln/Krt16/Prl2c2/Nanos1",8
"GO:0055072","iron ion homeostasis","3/512","93/28943",0.227379321116406,0.493485365234688,0.401275372433976,"Steap1/Ank1/Tmprss6",3
"GO:2001057","reactive nitrogen species metabolic process","3/512","93/28943",0.227379321116406,0.493485365234688,0.401275372433976,"Ptx3/Il6/Ulbp1",3
"GO:0008038","neuron recognition","2/512","51/28943",0.227948599297154,0.493485365234688,0.401275372433976,"Tnn/Robo3",2
"GO:0010518","positive regulation of phospholipase activity","2/512","51/28943",0.227948599297154,0.493485365234688,0.401275372433976,"Flt1/Ang2",2
"GO:0031057","negative regulation of histone modification","2/512","51/28943",0.227948599297154,0.493485365234688,0.401275372433976,"Dnmt1/Brca1",2
"GO:0045646","regulation of erythrocyte differentiation","2/512","51/28943",0.227948599297154,0.493485365234688,0.401275372433976,"Inpp5d/Hmgb2",2
"GO:1901799","negative regulation of proteasomal protein catabolic process","2/512","51/28943",0.227948599297154,0.493485365234688,0.401275372433976,"Pbk/Ttc36",2
"GO:0002377","immunoglobulin production","7/512","280/28943",0.228884821212913,0.493485365234688,0.401275372433976,"Exo1/Nsd2/Il6/Siglecg/Cgas/Atad5/Polq",7
"GO:0051402","neuron apoptotic process","8/512","329/28943",0.229299040983999,0.493485365234688,0.401275372433976,"Kif14/Mybl2/Cited1/Xrcc2/Cit/Nqo1/Birc5/Ccl2",8
"GO:1901605","alpha-amino acid metabolic process","5/512","185/28943",0.23081456216911,0.493485365234688,0.401275372433976,"Bcat1/Nr1h4/Hmgcll1/Ttc36/Dhfr",5
"GO:0090132","epithelium migration","8/512","330/28943",0.231682732351629,0.493485365234688,0.401275372433976,"Grem1/Pkn3/Slit2/Serpine1/Anln/Krt16/Prl2c2/Nanos1",8
"GO:0032204","regulation of telomere maintenance","3/512","94/28943",0.232051635699813,0.493485365234688,0.401275372433976,"Nek2/Pif1/Aurkb",3
"GO:0051899","membrane depolarization","3/512","94/28943",0.232051635699813,0.493485365234688,0.401275372433976,"P2rx7/Ank3/Cck",3
"GO:1903035","negative regulation of response to wounding","3/512","94/28943",0.232051635699813,0.493485365234688,0.401275372433976,"Serpine1/Siglecg/Tafa5",3
"GO:0007160","cell-matrix adhesion","6/512","233/28943",0.232319801448468,0.493485365234688,0.401275372433976,"Tnn/Grem1/Serpine1/Itgb4/Nid1/Itgb7",6
"GO:0035051","cardiocyte differentiation","5/512","186/28943",0.234056266397924,0.493485365234688,0.401275372433976,"Rgs4/Sox18/Grem1/Ang2/AW551984",5
"GO:0021988","olfactory lobe development","2/512","52/28943",0.234491780212975,0.493485365234688,0.401275372433976,"Kif14/Slit2",2
"GO:0046596","regulation of viral entry into host cell","2/512","52/28943",0.234491780212975,0.493485365234688,0.401275372433976,"Trim59/Ptx3",2
"GO:0046638","positive regulation of alpha-beta T cell differentiation","2/512","52/28943",0.234491780212975,0.493485365234688,0.401275372433976,"Il6/Syk",2
"GO:0060043","regulation of cardiac muscle cell proliferation","2/512","52/28943",0.234491780212975,0.493485365234688,0.401275372433976,"Cdk1/Ccnb1",2
"GO:0060251","regulation of glial cell proliferation","2/512","52/28943",0.234491780212975,0.493485365234688,0.401275372433976,"Flt1/Il6",2
"GO:0061005","cell differentiation involved in kidney development","2/512","52/28943",0.234491780212975,0.493485365234688,0.401275372433976,"Grem1/Cited1",2
"GO:0061028","establishment of endothelial barrier","2/512","52/28943",0.234491780212975,0.493485365234688,0.401275372433976,"Sox18/Abcb1b",2
"GO:0001553","luteinization","1/512","15/28943",0.234931223323195,0.493485365234688,0.401275372433976,"Ptprn",1
"GO:0002638","negative regulation of immunoglobulin production","1/512","15/28943",0.234931223323195,0.493485365234688,0.401275372433976,"Siglecg",1
"GO:0006570","tyrosine metabolic process","1/512","15/28943",0.234931223323195,0.493485365234688,0.401275372433976,"Ttc36",1
"GO:0007028","cytoplasm organization","1/512","15/28943",0.234931223323195,0.493485365234688,0.401275372433976,"Fosl1",1
"GO:0009155","purine deoxyribonucleotide catabolic process","1/512","15/28943",0.234931223323195,0.493485365234688,0.401275372433976,"Urah",1
"GO:0009169","purine ribonucleoside monophosphate catabolic process","1/512","15/28943",0.234931223323195,0.493485365234688,0.401275372433976,"Urah",1
"GO:0010421","hydrogen peroxide-mediated programmed cell death","1/512","15/28943",0.234931223323195,0.493485365234688,0.401275372433976,"Hgf",1
"GO:0010960","magnesium ion homeostasis","1/512","15/28943",0.234931223323195,0.493485365234688,0.401275372433976,"Ank3",1
"GO:0010988","regulation of low-density lipoprotein particle clearance","1/512","15/28943",0.234931223323195,0.493485365234688,0.401275372433976,"Nr1h4",1
"GO:0014841","skeletal muscle satellite cell proliferation","1/512","15/28943",0.234931223323195,0.493485365234688,0.401275372433976,"Rtl1",1
"GO:0019732","antifungal humoral response","1/512","15/28943",0.234931223323195,0.493485365234688,0.401275372433976,"Ang2",1
"GO:0031115","negative regulation of microtubule polymerization","1/512","15/28943",0.234931223323195,0.493485365234688,0.401275372433976,"Stmn1",1
"GO:0031453","positive regulation of heterochromatin formation","1/512","15/28943",0.234931223323195,0.493485365234688,0.401275372433976,"Dnmt1",1
"GO:0032026","response to magnesium ion","1/512","15/28943",0.234931223323195,0.493485365234688,0.401275372433976,"Ank3",1
"GO:0032096","negative regulation of response to food","1/512","15/28943",0.234931223323195,0.493485365234688,0.401275372433976,"Cck",1
"GO:0032105","negative regulation of response to extracellular stimulus","1/512","15/28943",0.234931223323195,0.493485365234688,0.401275372433976,"Cck",1
"GO:0032108","negative regulation of response to nutrient levels","1/512","15/28943",0.234931223323195,0.493485365234688,0.401275372433976,"Cck",1
"GO:0032429","regulation of phospholipase A2 activity","1/512","15/28943",0.234931223323195,0.493485365234688,0.401275372433976,"Ang2",1
"GO:0032530","regulation of microvillus organization","1/512","15/28943",0.234931223323195,0.493485365234688,0.401275372433976,"Prl2c2",1
"GO:0032688","negative regulation of interferon-beta production","1/512","15/28943",0.234931223323195,0.493485365234688,0.401275372433976,"Traip",1
"GO:0033147","negative regulation of intracellular estrogen receptor signaling pathway","1/512","15/28943",0.234931223323195,0.493485365234688,0.401275372433976,"Brca1",1
"GO:0033280","response to vitamin D","1/512","15/28943",0.234931223323195,0.493485365234688,0.401275372433976,"Spp1",1
"GO:0034350","regulation of glial cell apoptotic process","1/512","15/28943",0.234931223323195,0.493485365234688,0.401275372433976,"Ccl2",1
"GO:0034392","negative regulation of smooth muscle cell apoptotic process","1/512","15/28943",0.234931223323195,0.493485365234688,0.401275372433976,"Dnmt1",1
"GO:0035630","bone mineralization involved in bone maturation","1/512","15/28943",0.234931223323195,0.493485365234688,0.401275372433976,"Grem1",1
"GO:0038128","ERBB2 signaling pathway","1/512","15/28943",0.234931223323195,0.493485365234688,0.401275372433976,"Ereg",1
"GO:0039692","single stranded viral RNA replication via double stranded DNA intermediate","1/512","15/28943",0.234931223323195,0.493485365234688,0.401275372433976,"Hmga2",1
"GO:0042574","retinal metabolic process","1/512","15/28943",0.234931223323195,0.493485365234688,0.401275372433976,"Bco2",1
"GO:0042693","muscle cell fate commitment","1/512","15/28943",0.234931223323195,0.493485365234688,0.401275372433976,"AW551984",1
"GO:0042748","circadian sleep/wake cycle, non-REM sleep","1/512","15/28943",0.234931223323195,0.493485365234688,0.401275372433976,"Il6",1
"GO:0043031","negative regulation of macrophage activation","1/512","15/28943",0.234931223323195,0.493485365234688,0.401275372433976,"Adgrf5",1
"GO:0043383","negative T cell selection","1/512","15/28943",0.234931223323195,0.493485365234688,0.401275372433976,"Spn",1
"GO:0043486","histone exchange","1/512","15/28943",0.234931223323195,0.493485365234688,0.401275372433976,"Nasp",1
"GO:0043518","negative regulation of DNA damage response, signal transduction by p53 class mediator","1/512","15/28943",0.234931223323195,0.493485365234688,0.401275372433976,"Cd44",1
"GO:0045586","regulation of gamma-delta T cell differentiation","1/512","15/28943",0.234931223323195,0.493485365234688,0.401275372433976,"Syk",1
"GO:0045760","positive regulation of action potential","1/512","15/28943",0.234931223323195,0.493485365234688,0.401275372433976,"Ank3",1
"GO:0046085","adenosine metabolic process","1/512","15/28943",0.234931223323195,0.493485365234688,0.401275372433976,"Urah",1
"GO:0046643","regulation of gamma-delta T cell activation","1/512","15/28943",0.234931223323195,0.493485365234688,0.401275372433976,"Syk",1
"GO:0051290","protein heterotetramerization","1/512","15/28943",0.234931223323195,0.493485365234688,0.401275372433976,"Rrm2",1
"GO:0051547","regulation of keratinocyte migration","1/512","15/28943",0.234931223323195,0.493485365234688,0.401275372433976,"Serpine1",1
"GO:0060442","branching involved in prostate gland morphogenesis","1/512","15/28943",0.234931223323195,0.493485365234688,0.401275372433976,"Cd44",1
"GO:0070141","response to UV-A","1/512","15/28943",0.234931223323195,0.493485365234688,0.401275372433976,"Timp1",1
"GO:0070207","protein homotrimerization","1/512","15/28943",0.234931223323195,0.493485365234688,0.401275372433976,"Alox5ap",1
"GO:0070572","positive regulation of neuron projection regeneration","1/512","15/28943",0.234931223323195,0.493485365234688,0.401275372433976,"Hgf",1
"GO:0071379","cellular response to prostaglandin stimulus","1/512","15/28943",0.234931223323195,0.493485365234688,0.401275372433976,"Ptgfr",1
"GO:0090239","regulation of histone H4 acetylation","1/512","15/28943",0.234931223323195,0.493485365234688,0.401275372433976,"Brca1",1
"GO:0120263","positive regulation of heterochromatin organization","1/512","15/28943",0.234931223323195,0.493485365234688,0.401275372433976,"Dnmt1",1
"GO:1900153","positive regulation of nuclear-transcribed mRNA catabolic process, deadenylation-dependent decay","1/512","15/28943",0.234931223323195,0.493485365234688,0.401275372433976,"Nanos1",1
"GO:1900426","positive regulation of defense response to bacterium","1/512","15/28943",0.234931223323195,0.493485365234688,0.401275372433976,"Emilin2",1
"GO:1903238","positive regulation of leukocyte tethering or rolling","1/512","15/28943",0.234931223323195,0.493485365234688,0.401275372433976,"Selp",1
"GO:1903365","regulation of fear response","1/512","15/28943",0.234931223323195,0.493485365234688,0.401275372433976,"Cck",1
"GO:1903998","regulation of eating behavior","1/512","15/28943",0.234931223323195,0.493485365234688,0.401275372433976,"Cck",1
"GO:2001046","positive regulation of integrin-mediated signaling pathway","1/512","15/28943",0.234931223323195,0.493485365234688,0.401275372433976,"Nid1",1
"GO:0045621","positive regulation of lymphocyte differentiation","4/512","140/28943",0.236145629691881,0.495762387680029,0.403126922842893,"Inpp5d/Il6/Syk/Wnt10b",4
"GO:0090130","tissue migration","8/512","332/28943",0.236476273925251,0.496182557099229,0.403468581688429,"Grem1/Pkn3/Slit2/Serpine1/Anln/Krt16/Prl2c2/Nanos1",8
"GO:0043409","negative regulation of MAPK cascade","5/512","187/28943",0.237310807933401,0.497384615084229,0.404446029652643,"Dusp2/Dusp9/P2rx7/Foxm1/Pbk",5
"GO:1905952","regulation of lipid localization","5/512","187/28943",0.237310807933401,0.497384615084229,0.404446029652643,"Acsl4/P2rx7/Spp1/Map2k6/Syk",5
"GO:0030073","insulin secretion","6/512","235/28943",0.238084421944951,0.497992380746968,0.404940231527408,"Ptprn/Acsl4/Vgf/Il6/Nr1h4/Birc5",6
"GO:0090276","regulation of peptide hormone secretion","6/512","235/28943",0.238084421944951,0.497992380746968,0.404940231527408,"Pask/Acsl4/Il6/Hmga2/Nr1h4/Birc5",6
"GO:0002449","lymphocyte mediated immunity","11/512","483/28943",0.238693022959455,0.497992380746968,0.404940231527408,"Exo1/Il18rap/Inpp5d/P2rx7/Nsd2/Il6/Spn/Ulbp1/Raet1e/Ripk3/Atad5",11
"GO:1901361","organic cyclic compound catabolic process","11/512","484/28943",0.240686602446008,0.497992380746968,0.404940231527408,"Dut/Cda/Spp1/Il6/Urah/Pkp3/Enpp3/Slfn9/Rnaseh2c/Nanos1/Fen1",11
"GO:0002042","cell migration involved in sprouting angiogenesis","2/512","53/28943",0.241045490143498,0.497992380746968,0.404940231527408,"Grem1/Slit2",2
"GO:0007520","myoblast fusion","2/512","53/28943",0.241045490143498,0.497992380746968,0.404940231527408,"Cxcl10/Ripor2",2
"GO:0043392","negative regulation of DNA binding","2/512","53/28943",0.241045490143498,0.497992380746968,0.404940231527408,"Nek2/Hmga2",2
"GO:0043550","regulation of lipid kinase activity","2/512","53/28943",0.241045490143498,0.497992380746968,0.404940231527408,"Rbl1/Flt1",2
"GO:0051954","positive regulation of amine transport","2/512","53/28943",0.241045490143498,0.497992380746968,0.404940231527408,"P2rx7/Cck",2
"GO:0060412","ventricular septum morphogenesis","2/512","53/28943",0.241045490143498,0.497992380746968,0.404940231527408,"Slit2/Nsd2",2
"GO:0051146","striated muscle cell differentiation","8/512","334/28943",0.241303847393834,0.497992380746968,0.404940231527408,"Rgs4/Grem1/Cxcl10/Csrp2/Ang2/AW551984/Ripor2/Wnt10b",8
"GO:0022904","respiratory electron transport chain","3/512","96/28943",0.241447280067222,0.497992380746968,0.404940231527408,"Cdk1/Slc37a2/Ccnb1",3
"GO:0061053","somite development","3/512","96/28943",0.241447280067222,0.497992380746968,0.404940231527408,"Xrcc2/Palb2/Rad51b",3
"GO:1903706","regulation of hemopoiesis","10/512","435/28943",0.243749820519675,0.497992380746968,0.404940231527408,"Inpp5d/Cd44/Hmgb3/Il6/Fancd2/Fanca/Hmgb2/Syk/Tnfrsf11b/Wnt10b",10
"GO:0002460","adaptive immune response based on somatic recombination of immune receptors built from immunoglobulin superfamily domains","11/512","486/28943",0.244692360452276,0.497992380746968,0.404940231527408,"Exo1/Il18rap/Inpp5d/P2rx7/Nsd2/Il6/C3ar1/Spn/Raet1e/Ripk3/Atad5",11
"GO:0046700","heterocycle catabolic process","10/512","436/28943",0.245875968567537,0.497992380746968,0.404940231527408,"Dut/Cda/Il6/Urah/Pkp3/Enpp3/Slfn9/Rnaseh2c/Nanos1/Fen1",10
"GO:0001570","vasculogenesis","3/512","97/28943",0.246168590683296,0.497992380746968,0.404940231527408,"Sox18/Cited1/Foxm1",3
"GO:0035773","insulin secretion involved in cellular response to glucose stimulus","3/512","97/28943",0.246168590683296,0.497992380746968,0.404940231527408,"Ptprn/Nr1h4/Birc5",3
"GO:0061515","myeloid cell development","3/512","97/28943",0.246168590683296,0.497992380746968,0.404940231527408,"Ank1/Hba-a1/Adgrf5",3
"GO:0097191","extrinsic apoptotic signaling pathway","6/512","238/28943",0.246811568450561,0.497992380746968,0.404940231527408,"Traf1/P2rx7/Hgf/Serpine1/Hmgb2/Brca1",6
"GO:0044703","multi-organism reproductive process","5/512","190/28943",0.247148104192465,0.497992380746968,0.404940231527408,"Acsl4/Timp1/Itgb4/Prl2c3/Prl2c2",5
"GO:0002714","positive regulation of B cell mediated immunity","2/512","54/28943",0.247607314340649,0.497992380746968,0.404940231527408,"Nsd2/Atad5",2
"GO:0002891","positive regulation of immunoglobulin mediated immune response","2/512","54/28943",0.247607314340649,0.497992380746968,0.404940231527408,"Nsd2/Atad5",2
"GO:0009161","ribonucleoside monophosphate metabolic process","2/512","54/28943",0.247607314340649,0.497992380746968,0.404940231527408,"Cda/Urah",2
"GO:0014904","myotube cell development","2/512","54/28943",0.247607314340649,0.497992380746968,0.404940231527408,"Ripor2/Wnt10b",2
"GO:0038066","p38MAPK cascade","2/512","54/28943",0.247607314340649,0.497992380746968,0.404940231527408,"Hgf/Pbk",2
"GO:0045912","negative regulation of carbohydrate metabolic process","2/512","54/28943",0.247607314340649,0.497992380746968,0.404940231527408,"Pask/Il6",2
"GO:0048066","developmental pigmentation","2/512","54/28943",0.247607314340649,0.497992380746968,0.404940231527408,"Mreg/Cited1",2
"GO:0048247","lymphocyte chemotaxis","2/512","54/28943",0.247607314340649,0.497992380746968,0.404940231527408,"Cxcl10/Ccl2",2
"GO:0048483","autonomic nervous system development","2/512","54/28943",0.247607314340649,0.497992380746968,0.404940231527408,"Rhox5/Nav2",2
"GO:2000059","negative regulation of ubiquitin-dependent protein catabolic process","2/512","54/28943",0.247607314340649,0.497992380746968,0.404940231527408,"Pbk/Ttc36",2
"GO:2000351","regulation of endothelial cell apoptotic process","2/512","54/28943",0.247607314340649,0.497992380746968,0.404940231527408,"Serpine1/Ccl2",2
"GO:0032411","positive regulation of transporter activity","4/512","143/28943",0.247607416184614,0.497992380746968,0.404940231527408,"Abcb1a/Abcb1b/Ank3/Ccl2",4
"GO:0002883","regulation of hypersensitivity","1/512","16/28943",0.248472263618359,0.497992380746968,0.404940231527408,"Spn",1
"GO:0006000","fructose metabolic process","1/512","16/28943",0.248472263618359,0.497992380746968,0.404940231527408,"Pfkfb1",1
"GO:0006544","glycine metabolic process","1/512","16/28943",0.248472263618359,0.497992380746968,0.404940231527408,"Dhfr",1
"GO:0006968","cellular defense response","1/512","16/28943",0.248472263618359,0.497992380746968,0.404940231527408,"Pnliprp2",1
"GO:0009070","serine family amino acid biosynthetic process","1/512","16/28943",0.248472263618359,0.497992380746968,0.404940231527408,"Dhfr",1
"GO:0009128","purine nucleoside monophosphate catabolic process","1/512","16/28943",0.248472263618359,0.497992380746968,0.404940231527408,"Urah",1
"GO:0010226","response to lithium ion","1/512","16/28943",0.248472263618359,0.497992380746968,0.404940231527408,"Adcy7",1
"GO:0010715","regulation of extracellular matrix disassembly","1/512","16/28943",0.248472263618359,0.497992380746968,0.404940231527408,"Il6",1
"GO:0010752","regulation of cGMP-mediated signaling","1/512","16/28943",0.248472263618359,0.497992380746968,0.404940231527408,"Npr1",1
"GO:0010819","regulation of T cell chemotaxis","1/512","16/28943",0.248472263618359,0.497992380746968,0.404940231527408,"Cxcl10",1
"GO:0019184","nonribosomal peptide biosynthetic process","1/512","16/28943",0.248472263618359,0.497992380746968,0.404940231527408,"Mgst2",1
"GO:0019377","glycolipid catabolic process","1/512","16/28943",0.248472263618359,0.497992380746968,0.404940231527408,"Pnliprp2",1
"GO:0021681","cerebellar granular layer development","1/512","16/28943",0.248472263618359,0.497992380746968,0.404940231527408,"Kif14",1
"GO:0030322","stabilization of membrane potential","1/512","16/28943",0.248472263618359,0.497992380746968,0.404940231527408,"Kcnk10",1
"GO:0030644","cellular chloride ion homeostasis","1/512","16/28943",0.248472263618359,0.497992380746968,0.404940231527408,"Spp1",1
"GO:0032402","melanosome transport","1/512","16/28943",0.248472263618359,0.497992380746968,0.404940231527408,"Mreg",1
"GO:0032645","regulation of granulocyte macrophage colony-stimulating factor production","1/512","16/28943",0.248472263618359,0.497992380746968,0.404940231527408,"Syk",1
"GO:0033084","regulation of immature T cell proliferation in thymus","1/512","16/28943",0.248472263618359,0.497992380746968,0.404940231527408,"Blm",1
"GO:0034162","toll-like receptor 9 signaling pathway","1/512","16/28943",0.248472263618359,0.497992380746968,0.404940231527408,"Nr1h4",1
"GO:0034433","steroid esterification","1/512","16/28943",0.248472263618359,0.497992380746968,0.404940231527408,"Stard4",1
"GO:0034434","sterol esterification","1/512","16/28943",0.248472263618359,0.497992380746968,0.404940231527408,"Stard4",1
"GO:0034435","cholesterol esterification","1/512","16/28943",0.248472263618359,0.497992380746968,0.404940231527408,"Stard4",1
"GO:0035358","regulation of peroxisome proliferator activated receptor signaling pathway","1/512","16/28943",0.248472263618359,0.497992380746968,0.404940231527408,"Stard10",1
"GO:0035590","purinergic nucleotide receptor signaling pathway","1/512","16/28943",0.248472263618359,0.497992380746968,0.404940231527408,"P2rx7",1
"GO:0038065","collagen-activated signaling pathway","1/512","16/28943",0.248472263618359,0.497992380746968,0.404940231527408,"Syk",1
"GO:0040034","regulation of development, heterochronic","1/512","16/28943",0.248472263618359,0.497992380746968,0.404940231527408,"Hmgn2",1
"GO:0042048","olfactory behavior","1/512","16/28943",0.248472263618359,0.497992380746968,0.404940231527408,"Cfap69",1
"GO:0043084","penile erection","1/512","16/28943",0.248472263618359,0.497992380746968,0.404940231527408,"Vgf",1
"GO:0043312","neutrophil degranulation","1/512","16/28943",0.248472263618359,0.497992380746968,0.404940231527408,"Syk",1
"GO:0044804","autophagy of nucleus","1/512","16/28943",0.248472263618359,0.497992380746968,0.404940231527408,"Atg9b",1
"GO:0045717","negative regulation of fatty acid biosynthetic process","1/512","16/28943",0.248472263618359,0.497992380746968,0.404940231527408,"Brca1",1
"GO:0046500","S-adenosylmethionine metabolic process","1/512","16/28943",0.248472263618359,0.497992380746968,0.404940231527408,"Dnmt1",1
"GO:0046642","negative regulation of alpha-beta T cell proliferation","1/512","16/28943",0.248472263618359,0.497992380746968,0.404940231527408,"Cd44",1
"GO:0055057","neuroblast division","1/512","16/28943",0.248472263618359,0.497992380746968,0.404940231527408,"Aspm",1
"GO:0060911","cardiac cell fate commitment","1/512","16/28943",0.248472263618359,0.497992380746968,0.404940231527408,"AW551984",1
"GO:0061548","ganglion development","1/512","16/28943",0.248472263618359,0.497992380746968,0.404940231527408,"Tubb3",1
"GO:0070234","positive regulation of T cell apoptotic process","1/512","16/28943",0.248472263618359,0.497992380746968,0.404940231527408,"P2rx7",1
"GO:0070593","dendrite self-avoidance","1/512","16/28943",0.248472263618359,0.497992380746968,0.404940231527408,"Tnn",1
"GO:0070857","regulation of bile acid biosynthetic process","1/512","16/28943",0.248472263618359,0.497992380746968,0.404940231527408,"Stard4",1
"GO:0072109","glomerular mesangium development","1/512","16/28943",0.248472263618359,0.497992380746968,0.404940231527408,"C3ar1",1
"GO:0072673","lamellipodium morphogenesis","1/512","16/28943",0.248472263618359,0.497992380746968,0.404940231527408,"Cd44",1
"GO:0090494","dopamine uptake","1/512","16/28943",0.248472263618359,0.497992380746968,0.404940231527408,"Slc29a4",1
"GO:0097468","programmed cell death in response to reactive oxygen species","1/512","16/28943",0.248472263618359,0.497992380746968,0.404940231527408,"Hgf",1
"GO:1901163","regulation of trophoblast cell migration","1/512","16/28943",0.248472263618359,0.497992380746968,0.404940231527408,"Timp1",1
"GO:1901722","regulation of cell proliferation involved in kidney development","1/512","16/28943",0.248472263618359,0.497992380746968,0.404940231527408,"C3ar1",1
"GO:1902563","regulation of neutrophil activation","1/512","16/28943",0.248472263618359,0.497992380746968,0.404940231527408,"Syk",1
"GO:1903624","regulation of DNA catabolic process","1/512","16/28943",0.248472263618359,0.497992380746968,0.404940231527408,"Il6",1
"GO:1903799","negative regulation of miRNA maturation","1/512","16/28943",0.248472263618359,0.497992380746968,0.404940231527408,"Il6",1
"GO:2000252","negative regulation of feeding behavior","1/512","16/28943",0.248472263618359,0.497992380746968,0.404940231527408,"Cck",1
"GO:2000833","positive regulation of steroid hormone secretion","1/512","16/28943",0.248472263618359,0.497992380746968,0.404940231527408,"Spp1",1
"GO:0046631","alpha-beta T cell activation","5/512","191/28943",0.250450642640498,0.501693015447405,0.407949385744076,"Cd44/Il6/Blm/Spn/Syk",5
"GO:0003333","amino acid transmembrane transport","3/512","98/28943",0.250904233883296,0.502336965362976,0.408473010678883,"Rgs4/Slc7a8/Slc38a4",3
"GO:0016042","lipid catabolic process","8/512","338/28943",0.251056983281791,0.5023782370723,0.408506570580953,"Mgst2/Smpdl3b/Spp1/Pla2g4c/Bco2/Pla2g7/Pnliprp2/Lipn",8
"GO:0002791","regulation of peptide secretion","6/512","240/28943",0.252680459074798,0.505360918149595,0.410931924085761,"Pask/Acsl4/Il6/Hmga2/Nr1h4/Birc5",6
"GO:0019228","neuronal action potential","2/512","55/28943",0.254174919873154,0.507282438507995,0.412494399595222,"P2rx7/Ank3",2
"GO:0046580","negative regulation of Ras protein signal transduction","2/512","55/28943",0.254174919873154,0.507282438507995,0.412494399595222,"Stmn1/Ripor2",2
"GO:0055081","anion homeostasis","2/512","55/28943",0.254174919873154,0.507282438507995,0.412494399595222,"Spp1/Enpp3",2
"GO:0098926","postsynaptic signal transduction","2/512","55/28943",0.254174919873154,0.507282438507995,0.412494399595222,"Anks1b/Kpna2",2
"GO:0043523","regulation of neuron apoptotic process","7/512","290/28943",0.255225765711493,0.509112466545171,0.413982478541257,"Kif14/Mybl2/Cited1/Xrcc2/Nqo1/Birc5/Ccl2",7
"GO:0042180","cellular ketone metabolic process","6/512","241/28943",0.255629449519453,0.509430597778188,0.414241165501408,"Acsl4/Nr1h4/Nqo1/Slc37a2/Brca1/Stard4",6
"GO:0019226","transmission of nerve impulse","3/512","99/28943",0.255653230026508,0.509430597778188,0.414241165501408,"P2rx7/Il6/Ank3",3
"GO:0031346","positive regulation of cell projection organization","10/512","441/28943",0.256603771217255,0.50986942908472,0.414597999175454,"Tnn/P2rx7/Hgf/Cxcl5/Il6/Mns1/Anln/Ripor2/Tubb2b/Prl2c2",10
"GO:0090087","regulation of peptide transport","6/512","242/28943",0.258587828081801,0.50986942908472,0.414597999175454,"Pask/Acsl4/Il6/Hmga2/Nr1h4/Birc5",6
"GO:0002028","regulation of sodium ion transport","3/512","100/28943",0.260414611823673,0.50986942908472,0.414597999175454,"P2rx7/Cxcl1/Ank3",3
"GO:0014910","regulation of smooth muscle cell migration","3/512","100/28943",0.260414611823673,0.50986942908472,0.414597999175454,"Slit2/Serpine1/Tafa5",3
"GO:0031060","regulation of histone methylation","3/512","100/28943",0.260414611823673,0.50986942908472,0.414597999175454,"Phf19/Dnmt1/Brca1",3
"GO:0044270","cellular nitrogen compound catabolic process","10/512","443/28943",0.260938600580195,0.50986942908472,0.414597999175454,"Dut/Cda/Il6/Urah/Pkp3/Enpp3/Slfn9/Rnaseh2c/Nanos1/Fen1",10
"GO:0001820","serotonin secretion","1/512","17/28943",0.261774099309146,0.50986942908472,0.414597999175454,"Syk",1
"GO:0001845","phagolysosome assembly","1/512","17/28943",0.261774099309146,0.50986942908472,0.414597999175454,"P2rx7",1
"GO:0003184","pulmonary valve morphogenesis","1/512","17/28943",0.261774099309146,0.50986942908472,0.414597999175454,"Slit2",1
"GO:0003413","chondrocyte differentiation involved in endochondral bone morphogenesis","1/512","17/28943",0.261774099309146,0.50986942908472,0.414597999175454,"Poc1a",1
"GO:0008272","sulfate transport","1/512","17/28943",0.261774099309146,0.50986942908472,0.414597999175454,"Racgap1",1
"GO:0010224","response to UV-B","1/512","17/28943",0.261774099309146,0.50986942908472,0.414597999175454,"Ivl",1
"GO:0010524","positive regulation of calcium ion transport into cytosol","1/512","17/28943",0.261774099309146,0.50986942908472,0.414597999175454,"P2rx7",1
"GO:0010958","regulation of amino acid import across plasma membrane","1/512","17/28943",0.261774099309146,0.50986942908472,0.414597999175454,"Rgs4",1
"GO:0016322","neuron remodeling","1/512","17/28943",0.261774099309146,0.50986942908472,0.414597999175454,"Ntn4",1
"GO:0018216","peptidyl-arginine methylation","1/512","17/28943",0.261774099309146,0.50986942908472,0.414597999175454,"Nr1h4",1
"GO:0030320","cellular monovalent inorganic anion homeostasis","1/512","17/28943",0.261774099309146,0.50986942908472,0.414597999175454,"Spp1",1
"GO:0032401","establishment of melanosome localization","1/512","17/28943",0.261774099309146,0.50986942908472,0.414597999175454,"Mreg",1
"GO:0032604","granulocyte macrophage colony-stimulating factor production","1/512","17/28943",0.261774099309146,0.50986942908472,0.414597999175454,"Syk",1
"GO:0033083","regulation of immature T cell proliferation","1/512","17/28943",0.261774099309146,0.50986942908472,0.414597999175454,"Blm",1
"GO:0033194","response to hydroperoxide","1/512","17/28943",0.261774099309146,0.50986942908472,0.414597999175454,"Ddias",1
"GO:0034497","protein localization to phagophore assembly site","1/512","17/28943",0.261774099309146,0.50986942908472,0.414597999175454,"Atg9b",1
"GO:0035745","T-helper 2 cell cytokine production","1/512","17/28943",0.261774099309146,0.50986942908472,0.414597999175454,"Il6",1
"GO:0038166","angiotensin-activated signaling pathway","1/512","17/28943",0.261774099309146,0.50986942908472,0.414597999175454,"Ang2",1
"GO:0042754","negative regulation of circadian rhythm","1/512","17/28943",0.261774099309146,0.50986942908472,0.414597999175454,"Suv39h2",1
"GO:0045064","T-helper 2 cell differentiation","1/512","17/28943",0.261774099309146,0.50986942908472,0.414597999175454,"Il6",1
"GO:0045655","regulation of monocyte differentiation","1/512","17/28943",0.261774099309146,0.50986942908472,0.414597999175454,"Inpp5d",1
"GO:0046068","cGMP metabolic process","1/512","17/28943",0.261774099309146,0.50986942908472,0.414597999175454,"Npr1",1
"GO:0046835","carbohydrate phosphorylation","1/512","17/28943",0.261774099309146,0.50986942908472,0.414597999175454,"Pfkfb1",1
"GO:0048302","regulation of isotype switching to IgG isotypes","1/512","17/28943",0.261774099309146,0.50986942908472,0.414597999175454,"Atad5",1
"GO:0051014","actin filament severing","1/512","17/28943",0.261774099309146,0.50986942908472,0.414597999175454,"Gmfg",1
"GO:0051904","pigment granule transport","1/512","17/28943",0.261774099309146,0.50986942908472,0.414597999175454,"Mreg",1
"GO:0060413","atrial septum morphogenesis","1/512","17/28943",0.261774099309146,0.50986942908472,0.414597999175454,"Nsd2",1
"GO:0071498","cellular response to fluid shear stress","1/512","17/28943",0.261774099309146,0.50986942908472,0.414597999175454,"Spp1",1
"GO:0072672","neutrophil extravasation","1/512","17/28943",0.261774099309146,0.50986942908472,0.414597999175454,"Ripor2",1
"GO:0086012","membrane depolarization during cardiac muscle cell action potential","1/512","17/28943",0.261774099309146,0.50986942908472,0.414597999175454,"Ank3",1
"GO:0090493","catecholamine uptake","1/512","17/28943",0.261774099309146,0.50986942908472,0.414597999175454,"Slc29a4",1
"GO:0099171","presynaptic modulation of chemical synaptic transmission","1/512","17/28943",0.261774099309146,0.50986942908472,0.414597999175454,"P2rx7",1
"GO:1902018","negative regulation of cilium assembly","1/512","17/28943",0.261774099309146,0.50986942908472,0.414597999175454,"Kif24",1
"GO:1903019","negative regulation of glycoprotein metabolic process","1/512","17/28943",0.261774099309146,0.50986942908472,0.414597999175454,"Ptx3",1
"GO:1903789","regulation of amino acid transmembrane transport","1/512","17/28943",0.261774099309146,0.50986942908472,0.414597999175454,"Rgs4",1
"GO:1905269","positive regulation of chromatin organization","1/512","17/28943",0.261774099309146,0.50986942908472,0.414597999175454,"Dnmt1",1
"GO:2000047","regulation of cell-cell adhesion mediated by cadherin","1/512","17/28943",0.261774099309146,0.50986942908472,0.414597999175454,"Notch4",1
"GO:2000696","regulation of epithelial cell differentiation involved in kidney development","1/512","17/28943",0.261774099309146,0.50986942908472,0.414597999175454,"Cited1",1
"GO:0006639","acylglycerol metabolic process","4/512","147/28943",0.263070488573948,0.511608182894195,0.416011858899818,"Acsl4/Nr1h4/Ang2/Pnliprp2",4
"GO:0010469","regulation of signaling receptor activity","4/512","147/28943",0.263070488573948,0.511608182894195,0.416011858899818,"Grem1/Ereg/Serpine1/Ccl2",4
"GO:1901655","cellular response to ketone","4/512","147/28943",0.263070488573948,0.511608182894195,0.416011858899818,"Fancb/Ptgfr/Spp1/Blm",4
"GO:0043524","negative regulation of neuron apoptotic process","5/512","195/28943",0.263769064599444,0.51270449059667,0.416903316504449,"Kif14/Cited1/Xrcc2/Birc5/Ccl2",5
"GO:0042326","negative regulation of phosphorylation","9/512","394/28943",0.264839557200309,0.514522226098914,0.418381399831809,"Grem1/Cdkn2c/Hgf/Slit2/Il6/Plk1/Pbk/Ttc36/Ccnb1",9
"GO:0007200","phospholipase C-activating G protein-coupled receptor signaling pathway","3/512","101/28943",0.265187424519036,0.514672071475944,0.418503245916234,"S1pr1/C3ar1/Gna14",3
"GO:0032370","positive regulation of lipid transport","3/512","101/28943",0.265187424519036,0.514672071475944,0.418503245916234,"P2rx7/Spp1/Map2k6",3
"GO:0007265","Ras protein signal transduction","8/512","344/28943",0.265916037183694,0.515126754926474,0.418872969688821,"Kif14/Iqgap3/Stmn1/Dhcr24/Foxm1/Dnmt1/Ripor2/Racgap1",8
"GO:0015850","organic hydroxy compound transport","7/512","294/28943",0.266005996913411,0.515126754926474,0.418872969688821,"Spp1/Slc29a4/Slco1a5/Nr1h4/Sncg/Syk/Stard4",7
"GO:0042593","glucose homeostasis","7/512","294/28943",0.266005996913411,0.515126754926474,0.418872969688821,"Ptprn/Vgf/Il6/Nr1h4/Ang2/Birc5/Adgrf5",7
"GO:0002762","negative regulation of myeloid leukocyte differentiation","2/512","57/28943",0.267318539576521,0.515126754926474,0.418872969688821,"Inpp5d/Tnfrsf11b",2
"GO:0030514","negative regulation of BMP signaling pathway","2/512","57/28943",0.267318539576521,0.515126754926474,0.418872969688821,"Grem1/Tmprss6",2
"GO:0030857","negative regulation of epithelial cell differentiation","2/512","57/28943",0.267318539576521,0.515126754926474,0.418872969688821,"Cited1/Notch4",2
"GO:0048538","thymus development","2/512","57/28943",0.267318539576521,0.515126754926474,0.418872969688821,"Ripk3/Ccnb2",2
"GO:0051055","negative regulation of lipid biosynthetic process","2/512","57/28943",0.267318539576521,0.515126754926474,0.418872969688821,"Nr1h4/Brca1",2
"GO:0051353","positive regulation of oxidoreductase activity","2/512","57/28943",0.267318539576521,0.515126754926474,0.418872969688821,"Ripk3/Dhfr",2
"GO:0052372","modulation by symbiont of entry into host","2/512","57/28943",0.267318539576521,0.515126754926474,0.418872969688821,"Trim59/Ptx3",2
"GO:0072577","endothelial cell apoptotic process","2/512","57/28943",0.267318539576521,0.515126754926474,0.418872969688821,"Serpine1/Ccl2",2
"GO:1901607","alpha-amino acid biosynthetic process","2/512","57/28943",0.267318539576521,0.515126754926474,0.418872969688821,"Bcat1/Dhfr",2
"GO:1903053","regulation of extracellular matrix organization","2/512","57/28943",0.267318539576521,0.515126754926474,0.418872969688821,"Il6/Nid1",2
"GO:2001222","regulation of neuron migration","2/512","57/28943",0.267318539576521,0.515126754926474,0.418872969688821,"Tnn/Kif20b",2
"GO:0002064","epithelial cell development","6/512","245/28943",0.26751697400965,0.515247991481606,0.418971552640294,"Sox18/Col15a1/Abcb1a/Abcb1b/Rnase10/Notch4",6
"GO:0033500","carbohydrate homeostasis","7/512","295/28943",0.268720696759068,0.517304348900241,0.420643670289878,"Ptprn/Vgf/Il6/Nr1h4/Ang2/Birc5/Adgrf5",7
"GO:0009746","response to hexose","5/512","197/28943",0.270488560872235,0.518840756583914,0.421892993185569,"Ptprn/Slc2a5/Nr1h4/Ang2/Birc5",5
"GO:0050870","positive regulation of T cell activation","6/512","246/28943",0.270510585952665,0.518840756583914,0.421892993185569,"Il6/Blm/Spn/Ccl2/Syk/Wnt10b",6
"GO:0006638","neutral lipid metabolic process","4/512","149/28943",0.270869944725273,0.518840756583914,0.421892993185569,"Acsl4/Nr1h4/Ang2/Pnliprp2",4
"GO:0043467","regulation of generation of precursor metabolites and energy","4/512","149/28943",0.270869944725273,0.518840756583914,0.421892993185569,"Pask/P2rx7/Cdk1/Ccnb1",4
"GO:0007259","receptor signaling pathway via JAK-STAT","5/512","198/28943",0.273862215347524,0.518840756583914,0.421892993185569,"Cxcl5/Il6/Hmga2/Prl2c3/Prl2c2",5
"GO:0001914","regulation of T cell mediated cytotoxicity","2/512","58/28943",0.273890278051084,0.518840756583914,0.421892993185569,"P2rx7/Ripk3",2
"GO:0043030","regulation of macrophage activation","2/512","58/28943",0.273890278051084,0.518840756583914,0.421892993185569,"Ulbp1/Adgrf5",2
"GO:0043330","response to exogenous dsRNA","2/512","58/28943",0.273890278051084,0.518840756583914,0.421892993185569,"Raet1a/Cgas",2
"GO:0001818","negative regulation of cytokine production","7/512","297/28943",0.274172462992006,0.518840756583914,0.421892993185569,"Inpp5d/Flt1/Hgf/Il6/Nr1h4/Adcy7/Traip",7
"GO:0050795","regulation of behavior","3/512","103/28943",0.274763587231628,0.518840756583914,0.421892993185569,"Cort/Il6/Cck",3
"GO:0062014","negative regulation of small molecule metabolic process","3/512","103/28943",0.274763587231628,0.518840756583914,0.421892993185569,"Cda/Il6/Brca1",3
"GO:0055007","cardiac muscle cell differentiation","4/512","150/28943",0.27478482644462,0.518840756583914,0.421892993185569,"Rgs4/Grem1/Ang2/AW551984",4
"GO:0000083","regulation of transcription involved in G1/S transition of mitotic cell cycle","1/512","18/28943",0.274840947859022,0.518840756583914,0.421892993185569,"E2f7",1
"GO:0002076","osteoblast development","1/512","18/28943",0.274840947859022,0.518840756583914,0.421892993185569,"Tnn",1
"GO:0002220","innate immune response activating cell surface receptor signaling pathway","1/512","18/28943",0.274840947859022,0.518840756583914,0.421892993185569,"Syk",1
"GO:0002524","hypersensitivity","1/512","18/28943",0.274840947859022,0.518840756583914,0.421892993185569,"Spn",1
"GO:0002830","positive regulation of type 2 immune response","1/512","18/28943",0.274840947859022,0.518840756583914,0.421892993185569,"Il6",1
"GO:0002862","negative regulation of inflammatory response to antigenic stimulus","1/512","18/28943",0.274840947859022,0.518840756583914,0.421892993185569,"Spn",1
"GO:0009886","post-embryonic animal morphogenesis","1/512","18/28943",0.274840947859022,0.518840756583914,0.421892993185569,"Flt1",1
"GO:0010644","cell communication by electrical coupling","1/512","18/28943",0.274840947859022,0.518840756583914,0.421892993185569,"Ank3",1
"GO:0010755","regulation of plasminogen activation","1/512","18/28943",0.274840947859022,0.518840756583914,0.421892993185569,"Serpine1",1
"GO:0030033","microvillus assembly","1/512","18/28943",0.274840947859022,0.518840756583914,0.421892993185569,"Prl2c2",1
"GO:0032261","purine nucleotide salvage","1/512","18/28943",0.274840947859022,0.518840756583914,0.421892993185569,"Dck",1
"GO:0033080","immature T cell proliferation in thymus","1/512","18/28943",0.274840947859022,0.518840756583914,0.421892993185569,"Blm",1
"GO:0033574","response to testosterone","1/512","18/28943",0.274840947859022,0.518840756583914,0.421892993185569,"Spp1",1
"GO:0035330","regulation of hippo signaling","1/512","18/28943",0.274840947859022,0.518840756583914,0.421892993185569,"Cit",1
"GO:0035633","maintenance of blood-brain barrier","1/512","18/28943",0.274840947859022,0.518840756583914,0.421892993185569,"Abcb1a",1
"GO:0043252","sodium-independent organic anion transport","1/512","18/28943",0.274840947859022,0.518840756583914,0.421892993185569,"Slco1a5",1
"GO:0045815","epigenetic maintenance of chromatin in transcription-competent conformation","1/512","18/28943",0.274840947859022,0.518840756583914,0.421892993185569,"Chek1",1
"GO:0048291","isotype switching to IgG isotypes","1/512","18/28943",0.274840947859022,0.518840756583914,0.421892993185569,"Atad5",1
"GO:0051000","positive regulation of nitric-oxide synthase activity","1/512","18/28943",0.274840947859022,0.518840756583914,0.421892993185569,"Dhfr",1
"GO:0051905","establishment of pigment granule localization","1/512","18/28943",0.274840947859022,0.518840756583914,0.421892993185569,"Mreg",1
"GO:0070102","interleukin-6-mediated signaling pathway","1/512","18/28943",0.274840947859022,0.518840756583914,0.421892993185569,"Il6",1
"GO:0070200","establishment of protein localization to telomere","1/512","18/28943",0.274840947859022,0.518840756583914,0.421892993185569,"Brca2",1
"GO:0070206","protein trimerization","1/512","18/28943",0.274840947859022,0.518840756583914,0.421892993185569,"Alox5ap",1
"GO:0070254","mucus secretion","1/512","18/28943",0.274840947859022,0.518840756583914,0.421892993185569,"Sytl2",1
"GO:0070486","leukocyte aggregation","1/512","18/28943",0.274840947859022,0.518840756583914,0.421892993185569,"Cd44",1
"GO:0071280","cellular response to copper ion","1/512","18/28943",0.274840947859022,0.518840756583914,0.421892993185569,"Mt2",1
"GO:0090308","regulation of DNA methylation-dependent heterochromatin formation","1/512","18/28943",0.274840947859022,0.518840756583914,0.421892993185569,"Dnmt1",1
"GO:0070997","neuron death","10/512","450/28943",0.276294487096235,0.521325875900688,0.42391375661572,"Kif14/Mybl2/Cited1/Xrcc2/Cit/Il6/Nqo1/Sncg/Birc5/Ccl2",10
"GO:1901214","regulation of neuron death","9/512","399/28943",0.276539930164958,0.521530165916255,0.424079874109483,"Kif14/Mybl2/Cited1/Xrcc2/Il6/Nqo1/Sncg/Birc5/Ccl2",9
"GO:0006109","regulation of carbohydrate metabolic process","5/512","199/28943",0.277244698810268,0.522600071827783,0.424949863218306,"Pask/Pfkfb1/P2rx7/Il6/Nr1h4",5
"GO:0051928","positive regulation of calcium ion transport","4/512","151/28943",0.278709123146262,0.524840062507224,0.426771301415797,"P2rx7/Cxcl10/Serpine1/Ccl2",4
"GO:1900180","regulation of protein localization to nucleus","4/512","151/28943",0.278709123146262,0.524840062507224,0.426771301415797,"Ect2/Il6/Cdk1/Brca1",4
"GO:0042116","macrophage activation","3/512","104/28943",0.279565091826678,0.5256708601014,0.427446860687674,"Ulbp1/Syk/Adgrf5",3
"GO:0090288","negative regulation of cellular response to growth factor stimulus","3/512","104/28943",0.279565091826678,0.5256708601014,0.427446860687674,"Grem1/Slit2/Tmprss6",3
"GO:0090630","activation of GTPase activity","3/512","104/28943",0.279565091826678,0.5256708601014,0.427446860687674,"Ect2/Plekhg4/Arhgef15",3
"GO:0002218","activation of innate immune response","2/512","59/28943",0.280459242452879,0.526051326988577,0.427756235600501,"Cgas/Syk",2
"GO:0015695","organic cation transport","2/512","59/28943",0.280459242452879,0.526051326988577,0.427756235600501,"Abcb1a/Slc29a4",2
"GO:0070509","calcium ion import","2/512","59/28943",0.280459242452879,0.526051326988577,0.427756235600501,"Serpine1/Ccl2",2
"GO:1903350","response to dopamine","2/512","59/28943",0.280459242452879,0.526051326988577,0.427756235600501,"Rgs4/Gna14",2
"GO:1903351","cellular response to dopamine","2/512","59/28943",0.280459242452879,0.526051326988577,0.427756235600501,"Rgs4/Gna14",2
"GO:0034284","response to monosaccharide","5/512","200/28943",0.280635680905432,0.526122711441052,0.427814281542227,"Ptprn/Slc2a5/Nr1h4/Ang2/Birc5",5
"GO:0070371","ERK1 and ERK2 cascade","8/512","350/28943",0.281024940665831,0.52634637799082,0.427996154976339,"Fam83d/Cd44/Dusp9/Iqgap3/Il6/Ccl2/Syk/Arhgap8",8
"GO:0015698","inorganic anion transport","4/512","152/28943",0.28264232343329,0.52634637799082,0.427996154976339,"Abcb1a/Abcb1b/Slc37a2/Racgap1",4
"GO:0030317","flagellated sperm motility","4/512","152/28943",0.28264232343329,0.52634637799082,0.427996154976339,"Rhox5/Cfap69/Rnase10/Mns1",4
"GO:0043087","regulation of GTPase activity","8/512","351/28943",0.283565355834403,0.52634637799082,0.427996154976339,"Rgs4/Ect2/S1pr1/Stmn1/Plekhg4/Arhgef15/Ccl2/Ripor2",8
"GO:0033077","T cell differentiation in thymus","3/512","105/28943",0.28437433673485,0.52634637799082,0.427996154976339,"Blm/Spn/Ripk3",3
"GO:0071333","cellular response to glucose stimulus","4/512","153/28943",0.28658391940769,0.52634637799082,0.427996154976339,"Ptprn/Nr1h4/Ang2/Birc5",4
"GO:0007595","lactation","2/512","60/28943",0.287023477968218,0.52634637799082,0.427996154976339,"Prl2c3/Prl2c2",2
"GO:0015872","dopamine transport","2/512","60/28943",0.287023477968218,0.52634637799082,0.427996154976339,"Slc29a4/Sncg",2
"GO:0031641","regulation of myelination","2/512","60/28943",0.287023477968218,0.52634637799082,0.427996154976339,"Kif14/Hgf",2
"GO:0035924","cellular response to vascular endothelial growth factor stimulus","2/512","60/28943",0.287023477968218,0.52634637799082,0.427996154976339,"Flt1/Adamts3",2
"GO:0046717","acid secretion","2/512","60/28943",0.287023477968218,0.52634637799082,0.427996154976339,"P2rx7/Stard10",2
"GO:0051591","response to cAMP","2/512","60/28943",0.287023477968218,0.52634637799082,0.427996154976339,"Cited1/Wnt10b",2
"GO:0060443","mammary gland morphogenesis","2/512","60/28943",0.287023477968218,0.52634637799082,0.427996154976339,"Slit2/Etv4",2
"GO:0060632","regulation of microtubule-based movement","2/512","60/28943",0.287023477968218,0.52634637799082,0.427996154976339,"Cfap69/Rnase10",2
"GO:1900015","regulation of cytokine production involved in inflammatory response","2/512","60/28943",0.287023477968218,0.52634637799082,0.427996154976339,"Il6/Adcy7",2
"GO:1902475","L-alpha-amino acid transmembrane transport","2/512","60/28943",0.287023477968218,0.52634637799082,0.427996154976339,"Rgs4/Slc7a8",2
"GO:0098656","anion transmembrane transport","5/512","202/28943",0.287441824418262,0.52634637799082,0.427996154976339,"Rgs4/Abcb1a/Abcb1b/Slc7a8/Slc37a2",5
"GO:0002758","innate immune response-activating signal transduction","1/512","19/28943",0.287676952515761,0.52634637799082,0.427996154976339,"Syk",1
"GO:0006851","mitochondrial calcium ion transmembrane transport","1/512","19/28943",0.287676952515761,0.52634637799082,0.427996154976339,"Mcub",1
"GO:0007289","spermatid nucleus differentiation","1/512","19/28943",0.287676952515761,0.52634637799082,0.427996154976339,"Hmgb2",1
"GO:0009220","pyrimidine ribonucleotide biosynthetic process","1/512","19/28943",0.287676952515761,0.52634637799082,0.427996154976339,"Cda",1
"GO:0014051","gamma-aminobutyric acid secretion","1/512","19/28943",0.287676952515761,0.52634637799082,0.427996154976339,"P2rx7",1
"GO:0015669","gas transport","1/512","19/28943",0.287676952515761,0.52634637799082,0.427996154976339,"Hba-a1",1
"GO:0021783","preganglionic parasympathetic fiber development","1/512","19/28943",0.287676952515761,0.52634637799082,0.427996154976339,"Nav2",1
"GO:0032211","negative regulation of telomere maintenance via telomerase","1/512","19/28943",0.287676952515761,0.52634637799082,0.427996154976339,"Pif1",1
"GO:0033079","immature T cell proliferation","1/512","19/28943",0.287676952515761,0.52634637799082,0.427996154976339,"Blm",1
"GO:0035372","protein localization to microtubule","1/512","19/28943",0.287676952515761,0.52634637799082,0.427996154976339,"Kif20b",1
"GO:0036124","histone H3-K9 trimethylation","1/512","19/28943",0.287676952515761,0.52634637799082,0.427996154976339,"Suv39h2",1
"GO:0042492","gamma-delta T cell differentiation","1/512","19/28943",0.287676952515761,0.52634637799082,0.427996154976339,"Syk",1
"GO:0043046","DNA methylation involved in gamete generation","1/512","19/28943",0.287676952515761,0.52634637799082,0.427996154976339,"Dnmt3l",1
"GO:0043652","engulfment of apoptotic cell","1/512","19/28943",0.287676952515761,0.52634637799082,0.427996154976339,"Xkr5",1
"GO:0045721","negative regulation of gluconeogenesis","1/512","19/28943",0.287676952515761,0.52634637799082,0.427996154976339,"Il6",1
"GO:0045837","negative regulation of membrane potential","1/512","19/28943",0.287676952515761,0.52634637799082,0.427996154976339,"Il6",1
"GO:0048245","eosinophil chemotaxis","1/512","19/28943",0.287676952515761,0.52634637799082,0.427996154976339,"Ccl2",1
"GO:0048484","enteric nervous system development","1/512","19/28943",0.287676952515761,0.52634637799082,0.427996154976339,"Rhox5",1
"GO:0051956","negative regulation of amino acid transport","1/512","19/28943",0.287676952515761,0.52634637799082,0.427996154976339,"Rgs4",1
"GO:0060033","anatomical structure regression","1/512","19/28943",0.287676952515761,0.52634637799082,0.427996154976339,"Flt1",1
"GO:0060123","regulation of growth hormone secretion","1/512","19/28943",0.287676952515761,0.52634637799082,0.427996154976339,"Hmga2",1
"GO:0060965","negative regulation of miRNA-mediated gene silencing","1/512","19/28943",0.287676952515761,0.52634637799082,0.427996154976339,"Il6",1
"GO:0070243","regulation of thymocyte apoptotic process","1/512","19/28943",0.287676952515761,0.52634637799082,0.427996154976339,"Blm",1
"GO:0071514","genomic imprinting","1/512","19/28943",0.287676952515761,0.52634637799082,0.427996154976339,"Dnmt3l",1
"GO:0071639","positive regulation of monocyte chemotactic protein-1 production","1/512","19/28943",0.287676952515761,0.52634637799082,0.427996154976339,"Syk",1
"GO:1901741","positive regulation of myoblast fusion","1/512","19/28943",0.287676952515761,0.52634637799082,0.427996154976339,"Ripor2",1
"GO:1902074","response to salt","1/512","19/28943",0.287676952515761,0.52634637799082,0.427996154976339,"Lmnb1",1
"GO:1902259","regulation of delayed rectifier potassium channel activity","1/512","19/28943",0.287676952515761,0.52634637799082,0.427996154976339,"Ank3",1
"GO:1904177","regulation of adipose tissue development","1/512","19/28943",0.287676952515761,0.52634637799082,0.427996154976339,"Nr1h4",1
"GO:1904251","regulation of bile acid metabolic process","1/512","19/28943",0.287676952515761,0.52634637799082,0.427996154976339,"Stard4",1
"GO:1904478","regulation of intestinal absorption","1/512","19/28943",0.287676952515761,0.52634637799082,0.427996154976339,"Abcb1a",1
"GO:1905209","positive regulation of cardiocyte differentiation","1/512","19/28943",0.287676952515761,0.52634637799082,0.427996154976339,"Grem1",1
"GO:2000651","positive regulation of sodium ion transmembrane transporter activity","1/512","19/28943",0.287676952515761,0.52634637799082,0.427996154976339,"Ank3",1
"GO:0061448","connective tissue development","7/512","302/28943",0.287924294175492,0.526545534610495,0.428158098272661,"Grem1/Ecm1/C3ar1/Col10a1/Hmga2/Nr1h4/Poc1a",7
"GO:0009306","protein secretion","9/512","404/28943",0.288386000042897,0.527136332770719,0.428638503100197,"Ptprn/Acsl4/P2rx7/Vgf/Il6/Nr1h4/Sncg/Ang2/Birc5",9
"GO:0001704","formation of primary germ layer","3/512","106/28943",0.289190432068669,0.527845426176226,0.429215099166526,"Dusp2/Hmga2/Col12a1",3
"GO:0030203","glycosaminoglycan metabolic process","3/512","106/28943",0.289190432068669,0.527845426176226,0.429215099166526,"Cd44/Pxylp1/Hmmr",3
"GO:2000060","positive regulation of ubiquitin-dependent protein catabolic process","3/512","106/28943",0.289190432068669,0.527845426176226,0.429215099166526,"Aurka/Cdc20/Plk1",3
"GO:0002824","positive regulation of adaptive immune response based on somatic recombination of immune receptors built from immunoglobulin superfamily domains","4/512","154/28943",0.290533406788548,0.530042232538417,0.431001422233542,"P2rx7/Nsd2/Il6/Atad5",4
"GO:0035592","establishment of protein localization to extracellular region","9/512","405/28943",0.290771507831786,0.530222193178153,0.431147756406389,"Ptprn/Acsl4/P2rx7/Vgf/Il6/Nr1h4/Sncg/Ang2/Birc5",9
"GO:0007286","spermatid development","6/512","253/28943",0.29168326995118,0.531629814167971,0.432292356989765,"Cfap69/Ddias/Hmgb2/Mns1/Brip1/Trip13",6
"GO:0033003","regulation of mast cell activation","2/512","61/28943",0.293581099545279,0.534309954782393,0.434471701098006,"Enpp3/Syk",2
"GO:0045620","negative regulation of lymphocyte differentiation","2/512","61/28943",0.293581099545279,0.534309954782393,0.434471701098006,"Cd44/Hmgb3",2
"GO:0048524","positive regulation of viral process","2/512","61/28943",0.293581099545279,0.534309954782393,0.434471701098006,"Ppih/Kpna2",2
"GO:0016032","viral process","8/512","355/28943",0.293785691914285,0.534309954782393,0.434471701098006,"Slpi/Trim59/Ptx3/Ppih/Hmga2/Ripk3/Kpna2/Fam111a",8
"GO:0022900","electron transport chain","3/512","107/28943",0.294012501256404,0.534309954782393,0.434471701098006,"Cdk1/Slc37a2/Ccnb1",3
"GO:0019439","aromatic compound catabolic process","10/512","458/28943",0.294164552021919,0.534309954782393,0.434471701098006,"Dut/Cda/Il6/Urah/Pkp3/Enpp3/Slfn9/Rnaseh2c/Nanos1/Fen1",10
"GO:0032872","regulation of stress-activated MAPK cascade","5/512","204/28943",0.294278023491407,0.534309954782393,0.434471701098006,"Traf1/Hgf/Foxm1/Pbk/Lmnb1",5
"GO:0044706","multi-multicellular organism process","5/512","204/28943",0.294278023491407,0.534309954782393,0.434471701098006,"Acsl4/Timp1/Itgb4/Prl2c3/Prl2c2",5
"GO:0051092","positive regulation of NF-kappaB transcription factor activity","4/512","155/28943",0.294490285025748,0.534440125855797,0.434577549112234,"Il18rap/Traf1/Grem1/Ripk3",4
"GO:0097696","receptor signaling pathway via STAT","5/512","205/28943",0.297706579457148,0.536507551740559,0.43625866703453,"Cxcl5/Il6/Hmga2/Prl2c3/Prl2c2",5
"GO:0010565","regulation of cellular ketone metabolic process","4/512","156/28943",0.298454057409193,0.536507551740559,0.43625866703453,"Acsl4/Nr1h4/Brca1/Stard4",4
"GO:0007015","actin filament organization","10/512","460/28943",0.298680419053031,0.536507551740559,0.43625866703453,"Tmeff2/Rgs4/S1pr1/Stmn1/Slit2/Gmfg/Arhgap18/Gas2l3/Diaph3/Arhgef15",10
"GO:0002011","morphogenesis of an epithelial sheet","2/512","62/28943",0.300130290045964,0.536507551740559,0.43625866703453,"Tmeff2/Cd44",2
"GO:0031102","neuron projection regeneration","2/512","62/28943",0.300130290045964,0.536507551740559,0.43625866703453,"Hgf/Dhfr",2
"GO:0032731","positive regulation of interleukin-1 beta production","2/512","62/28943",0.300130290045964,0.536507551740559,0.43625866703453,"P2rx7/Il6",2
"GO:0042269","regulation of natural killer cell mediated cytotoxicity","2/512","62/28943",0.300130290045964,0.536507551740559,0.43625866703453,"Il18rap/Ulbp1",2
"GO:0045744","negative regulation of G protein-coupled receptor signaling pathway","2/512","62/28943",0.300130290045964,0.536507551740559,0.43625866703453,"Rgs4/Stmn1",2
"GO:0045778","positive regulation of ossification","2/512","62/28943",0.300130290045964,0.536507551740559,0.43625866703453,"P2rx7/Wnt10b",2
"GO:0046622","positive regulation of organ growth","2/512","62/28943",0.300130290045964,0.536507551740559,0.43625866703453,"Cdk1/Ccnb1",2
"GO:0002281","macrophage activation involved in immune response","1/512","20/28943",0.300286183614915,0.536507551740559,0.43625866703453,"Syk",1
"GO:0002755","MyD88-dependent toll-like receptor signaling pathway","1/512","20/28943",0.300286183614915,0.536507551740559,0.43625866703453,"Tlr7",1
"GO:0003159","morphogenesis of an endothelium","1/512","20/28943",0.300286183614915,0.536507551740559,0.43625866703453,"Cxcl10",1
"GO:0006349","regulation of gene expression by genomic imprinting","1/512","20/28943",0.300286183614915,0.536507551740559,0.43625866703453,"Brca1",1
"GO:0006541","glutamine metabolic process","1/512","20/28943",0.300286183614915,0.536507551740559,0.43625866703453,"Nr1h4",1
"GO:0006743","ubiquinone metabolic process","1/512","20/28943",0.300286183614915,0.536507551740559,0.43625866703453,"Nqo1",1
"GO:0007190","activation of adenylate cyclase activity","1/512","20/28943",0.300286183614915,0.536507551740559,0.43625866703453,"Adcy7",1
"GO:0010801","negative regulation of peptidyl-threonine phosphorylation","1/512","20/28943",0.300286183614915,0.536507551740559,0.43625866703453,"Ttc36",1
"GO:0032400","melanosome localization","1/512","20/28943",0.300286183614915,0.536507551740559,0.43625866703453,"Mreg",1
"GO:0032495","response to muramyl dipeptide","1/512","20/28943",0.300286183614915,0.536507551740559,0.43625866703453,"Irf5",1
"GO:0034349","glial cell apoptotic process","1/512","20/28943",0.300286183614915,0.536507551740559,0.43625866703453,"Ccl2",1
"GO:0043116","negative regulation of vascular permeability","1/512","20/28943",0.300286183614915,0.536507551740559,0.43625866703453,"Slit2",1
"GO:0048712","negative regulation of astrocyte differentiation","1/512","20/28943",0.300286183614915,0.536507551740559,0.43625866703453,"Hmga2",1
"GO:0051608","histamine transport","1/512","20/28943",0.300286183614915,0.536507551740559,0.43625866703453,"Slc29a4",1
"GO:0060149","negative regulation of post-transcriptional gene silencing","1/512","20/28943",0.300286183614915,0.536507551740559,0.43625866703453,"Il6",1
"GO:0060221","retinal rod cell differentiation","1/512","20/28943",0.300286183614915,0.536507551740559,0.43625866703453,"Rpgrip1",1
"GO:0060841","venous blood vessel development","1/512","20/28943",0.300286183614915,0.536507551740559,0.43625866703453,"Notch4",1
"GO:0060967","negative regulation of gene silencing by RNA","1/512","20/28943",0.300286183614915,0.536507551740559,0.43625866703453,"Il6",1
"GO:0061154","endothelial tube morphogenesis","1/512","20/28943",0.300286183614915,0.536507551740559,0.43625866703453,"Cxcl10",1
"GO:0090141","positive regulation of mitochondrial fission","1/512","20/28943",0.300286183614915,0.536507551740559,0.43625866703453,"Aurka",1
"GO:1900369","negative regulation of post-transcriptional gene silencing by RNA","1/512","20/28943",0.300286183614915,0.536507551740559,0.43625866703453,"Il6",1
"GO:2000725","regulation of cardiac muscle cell differentiation","1/512","20/28943",0.300286183614915,0.536507551740559,0.43625866703453,"Grem1",1
"GO:2001135","regulation of endocytic recycling","1/512","20/28943",0.300286183614915,0.536507551740559,0.43625866703453,"Arhgap8",1
"GO:0015844","monoamine transport","3/512","109/28943",0.30367112197648,0.542300425436626,0.44096911584135,"Slc29a4/Sncg/Syk",3
"GO:0070302","regulation of stress-activated protein kinase signaling cascade","5/512","207/28943",0.304582986745345,0.54350687080139,0.441950131383394,"Traf1/Hgf/Foxm1/Pbk/Lmnb1",5
"GO:0046883","regulation of hormone secretion","7/512","308/28943",0.304632599073583,0.54350687080139,0.441950131383394,"Pask/Acsl4/Spp1/Il6/Hmga2/Nr1h4/Birc5",7
"GO:0050767","regulation of neurogenesis","10/512","463/28943",0.305487546241207,0.544776571674048,0.44298258285298,"Aspm/Flt1/Slit2/Xrcc2/Cit/Il6/Hmga2/Hmgb2/Prl2c2/Cip2a",10
"GO:0007043","cell-cell junction assembly","4/512","158/28943",0.306400317599302,0.545604432696829,0.443655754265231,"Cldn34c1/Ect2/Pkp3/Nr1h4",4
"GO:0097722","sperm motility","4/512","158/28943",0.306400317599302,0.545604432696829,0.443655754265231,"Rhox5/Cfap69/Rnase10/Mns1",4
"GO:0010517","regulation of phospholipase activity","2/512","63/28943",0.306669298441116,0.545604432696829,0.443655754265231,"Flt1/Ang2",2
"GO:0042551","neuron maturation","2/512","63/28943",0.306669298441116,0.545604432696829,0.443655754265231,"Ntn4/Ank3",2
"GO:0048512","circadian behavior","2/512","63/28943",0.306669298441116,0.545604432696829,0.443655754265231,"Cort/Il6",2
"GO:0019932","second-messenger-mediated signaling","7/512","309/28943",0.307436754951158,0.546714004828954,0.444557997780293,"Selp/Ptgfr/Npr1/Siglecg/Mt2/Cgas/Syk",7
"GO:0014074","response to purine-containing compound","3/512","110/28943",0.308505987639388,0.547738766857303,0.445391278346549,"Cited1/P2rx7/Wnt10b",3
"GO:0046889","positive regulation of lipid biosynthetic process","3/512","110/28943",0.308505987639388,0.547738766857303,0.445391278346549,"Nr1h4/Adgrf5/Stard4",3
"GO:1901800","positive regulation of proteasomal protein catabolic process","3/512","110/28943",0.308505987639388,0.547738766857303,0.445391278346549,"Aurka/Cdc20/Plk1",3
"GO:0006091","generation of precursor metabolites and energy","10/512","465/28943",0.310046788049419,0.547738766857303,0.445391278346549,"Pask/P2rx7/Vgf/Mtfr2/Cdk1/Hmgcll1/Slc37a2/Aldoc/Ccnb1/Adgrf5",10
"GO:0051251","positive regulation of lymphocyte activation","10/512","465/28943",0.310046788049419,0.547738766857303,0.445391278346549,"Inpp5d/Nsd2/Il6/Blm/Spn/Ulbp1/Atad5/Ccl2/Syk/Wnt10b",10
"GO:0007411","axon guidance","6/512","259/28943",0.310092013327637,0.547738766857303,0.445391278346549,"Slit2/Ank3/Tubb3/Robo3/Etv4/Tubb2b",6
"GO:0001946","lymphangiogenesis","1/512","21/28943",0.312672639860435,0.547738766857303,0.445391278346549,"Sox18",1
"GO:0001976","nervous system process involved in regulation of systemic arterial blood pressure","1/512","21/28943",0.312672639860435,0.547738766857303,0.445391278346549,"Nav2",1
"GO:0002836","positive regulation of response to tumor cell","1/512","21/28943",0.312672639860435,0.547738766857303,0.445391278346549,"Ulbp1",1
"GO:0002839","positive regulation of immune response to tumor cell","1/512","21/28943",0.312672639860435,0.547738766857303,0.445391278346549,"Ulbp1",1
"GO:0003177","pulmonary valve development","1/512","21/28943",0.312672639860435,0.547738766857303,0.445391278346549,"Slit2",1
"GO:0006309","apoptotic DNA fragmentation","1/512","21/28943",0.312672639860435,0.547738766857303,0.445391278346549,"Il6",1
"GO:0007252","I-kappaB phosphorylation","1/512","21/28943",0.312672639860435,0.547738766857303,0.445391278346549,"Tlr7",1
"GO:0009147","pyrimidine nucleoside triphosphate metabolic process","1/512","21/28943",0.312672639860435,0.547738766857303,0.445391278346549,"Dut",1
"GO:0015868","purine ribonucleotide transport","1/512","21/28943",0.312672639860435,0.547738766857303,0.445391278346549,"P2rx7",1
"GO:0030889","negative regulation of B cell proliferation","1/512","21/28943",0.312672639860435,0.547738766857303,0.445391278346549,"Inpp5d",1
"GO:0035067","negative regulation of histone acetylation","1/512","21/28943",0.312672639860435,0.547738766857303,0.445391278346549,"Brca1",1
"GO:0035234","ectopic germ cell programmed cell death","1/512","21/28943",0.312672639860435,0.547738766857303,0.445391278346549,"Rhox5",1
"GO:0043101","purine-containing compound salvage","1/512","21/28943",0.312672639860435,0.547738766857303,0.445391278346549,"Dck",1
"GO:0043984","histone H4-K16 acetylation","1/512","21/28943",0.312672639860435,0.547738766857303,0.445391278346549,"Brca1",1
"GO:0045652","regulation of megakaryocyte differentiation","1/512","21/28943",0.312672639860435,0.547738766857303,0.445391278346549,"Hmgb2",1
"GO:0045821","positive regulation of glycolytic process","1/512","21/28943",0.312672639860435,0.547738766857303,0.445391278346549,"P2rx7",1
"GO:0048569","post-embryonic animal organ development","1/512","21/28943",0.312672639860435,0.547738766857303,0.445391278346549,"Flt1",1
"GO:0050650","chondroitin sulfate proteoglycan biosynthetic process","1/512","21/28943",0.312672639860435,0.547738766857303,0.445391278346549,"Pxylp1",1
"GO:0051503","adenine nucleotide transport","1/512","21/28943",0.312672639860435,0.547738766857303,0.445391278346549,"P2rx7",1
"GO:0051797","regulation of hair follicle development","1/512","21/28943",0.312672639860435,0.547738766857303,0.445391278346549,"Wnt10b",1
"GO:0051875","pigment granule localization","1/512","21/28943",0.312672639860435,0.547738766857303,0.445391278346549,"Mreg",1
"GO:0070230","positive regulation of lymphocyte apoptotic process","1/512","21/28943",0.312672639860435,0.547738766857303,0.445391278346549,"P2rx7",1
"GO:1903236","regulation of leukocyte tethering or rolling","1/512","21/28943",0.312672639860435,0.547738766857303,0.445391278346549,"Selp",1
"GO:1903902","positive regulation of viral life cycle","1/512","21/28943",0.312672639860435,0.547738766857303,0.445391278346549,"Kpna2",1
"GO:2000353","positive regulation of endothelial cell apoptotic process","1/512","21/28943",0.312672639860435,0.547738766857303,0.445391278346549,"Ccl2",1
"GO:0097485","neuron projection guidance","6/512","260/28943",0.31317978157015,0.547738766857303,0.445391278346549,"Slit2/Ank3/Tubb3/Robo3/Etv4/Tubb2b",6
"GO:0008652","cellular amino acid biosynthetic process","2/512","64/28943",0.313196438048133,0.547738766857303,0.445391278346549,"Bcat1/Dhfr",2
"GO:0051851","modulation by host of symbiont process","2/512","64/28943",0.313196438048133,0.547738766857303,0.445391278346549,"Ptx3/Hmga2",2
"GO:0060193","positive regulation of lipase activity","2/512","64/28943",0.313196438048133,0.547738766857303,0.445391278346549,"Flt1/Ang2",2
"GO:0014909","smooth muscle cell migration","3/512","111/28943",0.313343455527258,0.547738766857303,0.445391278346549,"Slit2/Serpine1/Tafa5",3
"GO:0021549","cerebellum development","3/512","111/28943",0.313343455527258,0.547738766857303,0.445391278346549,"Kif14/Nav2/Nanos1",3
"GO:0031647","regulation of protein stability","7/512","312/28943",0.315879094001855,0.551917424354344,0.448789134618541,"Aurka/Mcm8/Cenpe/Chek2/Plk1/Wnt10b/Ndc80",7
"GO:0043547","positive regulation of GTPase activity","6/512","261/28943",0.31627255455244,0.552097452896408,0.448935524005856,"Rgs4/Ect2/S1pr1/Plekhg4/Arhgef15/Ccl2",6
"GO:0048705","skeletal system morphogenesis","6/512","261/28943",0.31627255455244,0.552097452896408,0.448935524005856,"Grem1/P2rx7/Col10a1/Poc1a/Recql4/Wnt10b",6
"GO:0006641","triglyceride metabolic process","3/512","112/28943",0.31818271667303,0.554922334307734,0.451232563432491,"Acsl4/Nr1h4/Pnliprp2",3
"GO:1905477","positive regulation of protein localization to membrane","3/512","112/28943",0.31818271667303,0.554922334307734,0.451232563432491,"Ank3/Ccl2/Mtcl1",3
"GO:0007009","plasma membrane organization","4/512","161/28943",0.318359228319052,0.554975601132066,0.451275877107583,"Tmeff2/P2rx7/Ank3/Xkr5",4
"GO:1903532","positive regulation of secretion by cell","8/512","365/28943",0.319699887956759,0.55631017960996,0.45236108350576,"Acsl4/P2rx7/Spp1/Nr1h4/Ang2/Cck/Map2k6/Syk",8
"GO:0001836","release of cytochrome c from mitochondria","2/512","65/28943",0.319710084810038,0.55631017960996,0.45236108350576,"Hgf/Cck",2
"GO:0002715","regulation of natural killer cell mediated immunity","2/512","65/28943",0.319710084810038,0.55631017960996,0.45236108350576,"Il18rap/Ulbp1",2
"GO:0035306","positive regulation of dephosphorylation","2/512","65/28943",0.319710084810038,0.55631017960996,0.45236108350576,"Ripk3/Cdca2",2
"GO:0048515","spermatid differentiation","6/512","263/28943",0.322472209322691,0.556325508519804,0.452373548138837,"Cfap69/Ddias/Hmgb2/Mns1/Brip1/Trip13",6
"GO:0043473","pigmentation","3/512","113/28943",0.323022975758769,0.556325508519804,0.452373548138837,"Mreg/Cited1/Recql4",3
"GO:0046939","nucleotide phosphorylation","3/512","113/28943",0.323022975758769,0.556325508519804,0.452373548138837,"P2rx7/Dck/Aldoc",3
"GO:0002283","neutrophil activation involved in immune response","1/512","22/28943",0.324840249582842,0.556325508519804,0.452373548138837,"Syk",1
"GO:0003180","aortic valve morphogenesis","1/512","22/28943",0.324840249582842,0.556325508519804,0.452373548138837,"Slit2",1
"GO:0006144","purine nucleobase metabolic process","1/512","22/28943",0.324840249582842,0.556325508519804,0.452373548138837,"Urah",1
"GO:0006684","sphingomyelin metabolic process","1/512","22/28943",0.324840249582842,0.556325508519804,0.452373548138837,"Smpdl3b",1
"GO:0008356","asymmetric cell division","1/512","22/28943",0.324840249582842,0.556325508519804,0.452373548138837,"Aspm",1
"GO:0010522","regulation of calcium ion transport into cytosol","1/512","22/28943",0.324840249582842,0.556325508519804,0.452373548138837,"P2rx7",1
"GO:0015865","purine nucleotide transport","1/512","22/28943",0.324840249582842,0.556325508519804,0.452373548138837,"P2rx7",1
"GO:0030252","growth hormone secretion","1/512","22/28943",0.324840249582842,0.556325508519804,0.452373548138837,"Hmga2",1
"GO:0030852","regulation of granulocyte differentiation","1/512","22/28943",0.324840249582842,0.556325508519804,0.452373548138837,"Inpp5d",1
"GO:0031290","retinal ganglion cell axon guidance","1/512","22/28943",0.324840249582842,0.556325508519804,0.452373548138837,"Slit2",1
"GO:0034312","diol biosynthetic process","1/512","22/28943",0.324840249582842,0.556325508519804,0.452373548138837,"Dhfr",1
"GO:0034587","piRNA metabolic process","1/512","22/28943",0.324840249582842,0.556325508519804,0.452373548138837,"Mybl1",1
"GO:0034694","response to prostaglandin","1/512","22/28943",0.324840249582842,0.556325508519804,0.452373548138837,"Ptgfr",1
"GO:0035561","regulation of chromatin binding","1/512","22/28943",0.324840249582842,0.556325508519804,0.452373548138837,"Cdt1",1
"GO:0042730","fibrinolysis","1/512","22/28943",0.324840249582842,0.556325508519804,0.452373548138837,"Serpine1",1
"GO:0045606","positive regulation of epidermal cell differentiation","1/512","22/28943",0.324840249582842,0.556325508519804,0.452373548138837,"Etv4",1
"GO:0045624","positive regulation of T-helper cell differentiation","1/512","22/28943",0.324840249582842,0.556325508519804,0.452373548138837,"Il6",1
"GO:0046629","gamma-delta T cell activation","1/512","22/28943",0.324840249582842,0.556325508519804,0.452373548138837,"Syk",1
"GO:0048486","parasympathetic nervous system development","1/512","22/28943",0.324840249582842,0.556325508519804,0.452373548138837,"Nav2",1
"GO:0048532","anatomical structure arrangement","1/512","22/28943",0.324840249582842,0.556325508519804,0.452373548138837,"Kif14",1
"GO:0048791","calcium ion-regulated exocytosis of neurotransmitter","1/512","22/28943",0.324840249582842,0.556325508519804,0.452373548138837,"P2rx7",1
"GO:0050849","negative regulation of calcium-mediated signaling","1/512","22/28943",0.324840249582842,0.556325508519804,0.452373548138837,"Siglecg",1
"GO:0051220","cytoplasmic sequestering of protein","1/512","22/28943",0.324840249582842,0.556325508519804,0.452373548138837,"Tacc3",1
"GO:0051602","response to electrical stimulus","1/512","22/28943",0.324840249582842,0.556325508519804,0.452373548138837,"P2rx7",1
"GO:0060009","Sertoli cell development","1/512","22/28943",0.324840249582842,0.556325508519804,0.452373548138837,"Abcb1a",1
"GO:0060544","regulation of necroptotic process","1/512","22/28943",0.324840249582842,0.556325508519804,0.452373548138837,"Ripk3",1
"GO:0071404","cellular response to low-density lipoprotein particle stimulus","1/512","22/28943",0.324840249582842,0.556325508519804,0.452373548138837,"Syk",1
"GO:0072111","cell proliferation involved in kidney development","1/512","22/28943",0.324840249582842,0.556325508519804,0.452373548138837,"C3ar1",1
"GO:1900424","regulation of defense response to bacterium","1/512","22/28943",0.324840249582842,0.556325508519804,0.452373548138837,"Emilin2",1
"GO:1900746","regulation of vascular endothelial growth factor signaling pathway","1/512","22/28943",0.324840249582842,0.556325508519804,0.452373548138837,"Adamts3",1
"GO:1903672","positive regulation of sprouting angiogenesis","1/512","22/28943",0.324840249582842,0.556325508519804,0.452373548138837,"Tnn",1
"GO:2000209","regulation of anoikis","1/512","22/28943",0.324840249582842,0.556325508519804,0.452373548138837,"Chek2",1
"GO:0002534","cytokine production involved in inflammatory response","2/512","66/28943",0.326208675615112,0.557413656039846,0.453258370328367,"Il6/Adcy7",2
"GO:0007622","rhythmic behavior","2/512","66/28943",0.326208675615112,0.557413656039846,0.453258370328367,"Cort/Il6",2
"GO:0032835","glomerulus development","2/512","66/28943",0.326208675615112,0.557413656039846,0.453258370328367,"C3ar1/Nid1",2
"GO:0060038","cardiac muscle cell proliferation","2/512","66/28943",0.326208675615112,0.557413656039846,0.453258370328367,"Cdk1/Ccnb1",2
"GO:0060612","adipose tissue development","2/512","66/28943",0.326208675615112,0.557413656039846,0.453258370328367,"Hmga2/Nr1h4",2
"GO:0009991","response to extracellular stimulus","9/512","420/28943",0.327114059880333,0.558709638663534,0.454312192683851,"P2rx7/Spp1/Vgf/Nr1h4/Cck/Asgr1/Prl2c3/Prl2c2/Fosl1",9
"GO:0062012","regulation of small molecule metabolic process","8/512","368/28943",0.327560397135304,0.559220758827313,0.454727807712234,"Pfkfb1/Acsl4/Cda/P2rx7/Il6/Nr1h4/Brca1/Stard4",8
"GO:0043266","regulation of potassium ion transport","3/512","114/28943",0.327863451134798,0.559486912573834,0.454944229416471,"Rgs4/Cxcl1/Ank3",3
"GO:0006611","protein export from nucleus","2/512","67/28943",0.332690706656189,0.565835837052701,0.460106828379463,"Bard1/Ankle1",2
"GO:0032387","negative regulation of intracellular transport","2/512","67/28943",0.332690706656189,0.565835837052701,0.460106828379463,"Bard1/Arhgap8",2
"GO:0035821","modulation of process of another organism","2/512","67/28943",0.332690706656189,0.565835837052701,0.460106828379463,"Slpi/Syk",2
"GO:0050891","multicellular organismal water homeostasis","2/512","67/28943",0.332690706656189,0.565835837052701,0.460106828379463,"Stmn1/Krt16",2
"GO:0060350","endochondral bone morphogenesis","2/512","67/28943",0.332690706656189,0.565835837052701,0.460106828379463,"Col10a1/Poc1a",2
"GO:1905517","macrophage migration","2/512","67/28943",0.332690706656189,0.565835837052701,0.460106828379463,"C3ar1/Ccl2",2
"GO:0050714","positive regulation of protein secretion","4/512","165/28943",0.334358316745749,0.565835837052701,0.460106828379463,"Acsl4/P2rx7/Nr1h4/Ang2",4
"GO:0060294","cilium movement involved in cell motility","4/512","165/28943",0.334358316745749,0.565835837052701,0.460106828379463,"Rhox5/Cfap69/Rnase10/Mns1",4
"GO:0051216","cartilage development","5/512","216/28943",0.335782182918173,0.565835837052701,0.460106828379463,"Grem1/Ecm1/Col10a1/Hmga2/Poc1a",5
"GO:0000413","protein peptidyl-prolyl isomerization","1/512","23/28943",0.336792871975345,0.565835837052701,0.460106828379463,"Ppih",1
"GO:0002864","regulation of acute inflammatory response to antigenic stimulus","1/512","23/28943",0.336792871975345,0.565835837052701,0.460106828379463,"Spn",1
"GO:0006654","phosphatidic acid biosynthetic process","1/512","23/28943",0.336792871975345,0.565835837052701,0.460106828379463,"Nr1h4",1
"GO:0010818","T cell chemotaxis","1/512","23/28943",0.336792871975345,0.565835837052701,0.460106828379463,"Cxcl10",1
"GO:0010984","regulation of lipoprotein particle clearance","1/512","23/28943",0.336792871975345,0.565835837052701,0.460106828379463,"Nr1h4",1
"GO:0015812","gamma-aminobutyric acid transport","1/512","23/28943",0.336792871975345,0.565835837052701,0.460106828379463,"P2rx7",1
"GO:0016075","rRNA catabolic process","1/512","23/28943",0.336792871975345,0.565835837052701,0.460106828379463,"Slfn9",1
"GO:0016202","regulation of striated muscle tissue development","1/512","23/28943",0.336792871975345,0.565835837052701,0.460106828379463,"Cenpf",1
"GO:0030539","male genitalia development","1/512","23/28943",0.336792871975345,0.565835837052701,0.460106828379463,"Dhcr24",1
"GO:0030728","ovulation","1/512","23/28943",0.336792871975345,0.565835837052701,0.460106828379463,"Ereg",1
"GO:0031643","positive regulation of myelination","1/512","23/28943",0.336792871975345,0.565835837052701,0.460106828379463,"Hgf",1
"GO:0032095","regulation of response to food","1/512","23/28943",0.336792871975345,0.565835837052701,0.460106828379463,"Cck",1
"GO:0033630","positive regulation of cell adhesion mediated by integrin","1/512","23/28943",0.336792871975345,0.565835837052701,0.460106828379463,"Syk",1
"GO:0038083","peptidyl-tyrosine autophosphorylation","1/512","23/28943",0.336792871975345,0.565835837052701,0.460106828379463,"Grem1",1
"GO:0042481","regulation of odontogenesis","1/512","23/28943",0.336792871975345,0.565835837052701,0.460106828379463,"Tnfrsf11b",1
"GO:0046426","negative regulation of receptor signaling pathway via JAK-STAT","1/512","23/28943",0.336792871975345,0.565835837052701,0.460106828379463,"Hmga2",1
"GO:0051043","regulation of membrane protein ectodomain proteolysis","1/512","23/28943",0.336792871975345,0.565835837052701,0.460106828379463,"Timp1",1
"GO:0060088","auditory receptor cell stereocilium organization","1/512","23/28943",0.336792871975345,0.565835837052701,0.460106828379463,"Ripor2",1
"GO:0070498","interleukin-1-mediated signaling pathway","1/512","23/28943",0.336792871975345,0.565835837052701,0.460106828379463,"Il6",1
"GO:0071398","cellular response to fatty acid","1/512","23/28943",0.336792871975345,0.565835837052701,0.460106828379463,"Nr1h4",1
"GO:0072079","nephron tubule formation","1/512","23/28943",0.336792871975345,0.565835837052701,0.460106828379463,"Grem1",1
"GO:0072677","eosinophil migration","1/512","23/28943",0.336792871975345,0.565835837052701,0.460106828379463,"Ccl2",1
"GO:0090190","positive regulation of branching involved in ureteric bud morphogenesis","1/512","23/28943",0.336792871975345,0.565835837052701,0.460106828379463,"Grem1",1
"GO:0090201","negative regulation of release of cytochrome c from mitochondria","1/512","23/28943",0.336792871975345,0.565835837052701,0.460106828379463,"Hgf",1
"GO:1904385","cellular response to angiotensin","1/512","23/28943",0.336792871975345,0.565835837052701,0.460106828379463,"Ang2",1
"GO:2001224","positive regulation of neuron migration","1/512","23/28943",0.336792871975345,0.565835837052701,0.460106828379463,"Kif20b",1
"GO:0001942","hair follicle development","3/512","116/28943",0.33754199255063,0.566343625629962,0.460519734343475,"Mreg/Sox18/Wnt10b",3
"GO:0007589","body fluid secretion","3/512","116/28943",0.33754199255063,0.566343625629962,0.460519734343475,"Sytl2/Prl2c3/Prl2c2",3
"GO:0060840","artery development","3/512","116/28943",0.33754199255063,0.566343625629962,0.460519734343475,"Notch4/Ltbp1/Adgrf5",3
"GO:0007584","response to nutrient","2/512","68/28943",0.339154731828741,0.568237037766966,0.462059353780996,"Spp1/Nr1h4",2
"GO:0097006","regulation of plasma lipoprotein particle levels","2/512","68/28943",0.339154731828741,0.568237037766966,0.462059353780996,"Nr1h4/Pla2g7",2
"GO:1903051","negative regulation of proteolysis involved in protein catabolic process","2/512","68/28943",0.339154731828741,0.568237037766966,0.462059353780996,"Pbk/Ttc36",2
"GO:0031503","protein-containing complex localization","5/512","217/28943",0.339268299771439,0.568237037766966,0.462059353780996,"Ndc1/Anks1b/Birc5/Cep72/Lmnb1",5
"GO:0021543","pallium development","4/512","167/28943",0.342372645786508,0.57268952886076,0.465679876592389,"Kif14/Aspm/Slit2/Tacc3",4
"GO:0009185","ribonucleoside diphosphate metabolic process","3/512","117/28943",0.342378563677145,0.57268952886076,0.465679876592389,"P2rx7/Aldoc/Rrm2",3
"GO:0032652","regulation of interleukin-1 production","3/512","117/28943",0.342378563677145,0.57268952886076,0.465679876592389,"P2rx7/Il6/Nr1h4",3
"GO:0030522","intracellular receptor signaling pathway","5/512","218/28943",0.342757199871702,0.573070744904226,0.465989860678234,"Flt1/Stard10/Hmga2/Nr1h4/Brca1",5
"GO:0021695","cerebellar cortex development","2/512","69/28943",0.345599361166891,0.575391837676119,0.467877246672045,"Kif14/Nav2",2
"GO:0042093","T-helper cell differentiation","2/512","69/28943",0.345599361166891,0.575391837676119,0.467877246672045,"Il6/Spn",2
"GO:0042246","tissue regeneration","2/512","69/28943",0.345599361166891,0.575391837676119,0.467877246672045,"Serpine1/Wnt10b",2
"GO:1901224","positive regulation of NIK/NF-kappaB signaling","2/512","69/28943",0.345599361166891,0.575391837676119,0.467877246672045,"Grem1/Tlr7",2
"GO:0046474","glycerophospholipid biosynthetic process","4/512","168/28943",0.34638193283266,0.575391837676119,0.467877246672045,"Hycc1/Far1/Pla2g4c/Nr1h4",4
"GO:0048015","phosphatidylinositol-mediated signaling","4/512","168/28943",0.34638193283266,0.575391837676119,0.467877246672045,"Selp/Flt1/Hgf/Cep55",4
"GO:0002320","lymphoid progenitor cell differentiation","1/512","24/28943",0.348534298308285,0.575391837676119,0.467877246672045,"Ankle1",1
"GO:0002710","negative regulation of T cell mediated immunity","1/512","24/28943",0.348534298308285,0.575391837676119,0.467877246672045,"Spn",1
"GO:0003283","atrial septum development","1/512","24/28943",0.348534298308285,0.575391837676119,0.467877246672045,"Nsd2",1
"GO:0003417","growth plate cartilage development","1/512","24/28943",0.348534298308285,0.575391837676119,0.467877246672045,"Poc1a",1
"GO:0007130","synaptonemal complex assembly","1/512","24/28943",0.348534298308285,0.575391837676119,0.467877246672045,"Trip13",1
"GO:0007635","chemosensory behavior","1/512","24/28943",0.348534298308285,0.575391837676119,0.467877246672045,"Cfap69",1
"GO:0010878","cholesterol storage","1/512","24/28943",0.348534298308285,0.575391837676119,0.467877246672045,"Stard4",1
"GO:0014075","response to amine","1/512","24/28943",0.348534298308285,0.575391837676119,0.467877246672045,"Nqo1",1
"GO:0021889","olfactory bulb interneuron differentiation","1/512","24/28943",0.348534298308285,0.575391837676119,0.467877246672045,"Slit2",1
"GO:0030903","notochord development","1/512","24/28943",0.348534298308285,0.575391837676119,0.467877246672045,"Stil",1
"GO:0031571","mitotic G1 DNA damage checkpoint signaling","1/512","24/28943",0.348534298308285,0.575391837676119,0.467877246672045,"Rpa2",1
"GO:0032515","negative regulation of phosphoprotein phosphatase activity","1/512","24/28943",0.348534298308285,0.575391837676119,0.467877246672045,"Mastl",1
"GO:0034383","low-density lipoprotein particle clearance","1/512","24/28943",0.348534298308285,0.575391837676119,0.467877246672045,"Nr1h4",1
"GO:0042438","melanin biosynthetic process","1/512","24/28943",0.348534298308285,0.575391837676119,0.467877246672045,"Cited1",1
"GO:0043586","tongue development","1/512","24/28943",0.348534298308285,0.575391837676119,0.467877246672045,"Wnt10b",1
"GO:0046037","GMP metabolic process","1/512","24/28943",0.348534298308285,0.575391837676119,0.467877246672045,"Urah",1
"GO:0046040","IMP metabolic process","1/512","24/28943",0.348534298308285,0.575391837676119,0.467877246672045,"Urah",1
"GO:1900016","negative regulation of cytokine production involved in inflammatory response","1/512","24/28943",0.348534298308285,0.575391837676119,0.467877246672045,"Adcy7",1
"GO:1901017","negative regulation of potassium ion transmembrane transporter activity","1/512","24/28943",0.348534298308285,0.575391837676119,0.467877246672045,"Ank3",1
"GO:1902547","regulation of cellular response to vascular endothelial growth factor stimulus","1/512","24/28943",0.348534298308285,0.575391837676119,0.467877246672045,"Adamts3",1
"GO:1990000","amyloid fibril formation","1/512","24/28943",0.348534298308285,0.575391837676119,0.467877246672045,"Ripk3",1
"GO:1990403","embryonic brain development","1/512","24/28943",0.348534298308285,0.575391837676119,0.467877246672045,"Tubb2b",1
"GO:2000637","positive regulation of miRNA-mediated gene silencing","1/512","24/28943",0.348534298308285,0.575391837676119,0.467877246672045,"Il6",1
"GO:0072521","purine-containing compound metabolic process","10/512","483/28943",0.351715477515815,0.578116342217458,0.470092665104979,"Acsl4/Npr1/P2rx7/Spp1/Dck/Far1/Urah/Enpp3/Adcy7/Aldoc",10
"GO:0002294","CD4-positive, alpha-beta T cell differentiation involved in immune response","2/512","70/28943",0.352023259316542,0.578116342217458,0.470092665104979,"Il6/Spn",2
"GO:0015800","acidic amino acid transport","2/512","70/28943",0.352023259316542,0.578116342217458,0.470092665104979,"P2rx7/Cck",2
"GO:0032206","positive regulation of telomere maintenance","2/512","70/28943",0.352023259316542,0.578116342217458,0.470092665104979,"Nek2/Aurkb",2
"GO:0032507","maintenance of protein location in cell","2/512","70/28943",0.352023259316542,0.578116342217458,0.470092665104979,"Bard1/Ank3",2
"GO:0035904","aorta development","2/512","70/28943",0.352023259316542,0.578116342217458,0.470092665104979,"Notch4/Ltbp1",2
"GO:0022404","molting cycle process","3/512","119/28943",0.35204267191967,0.578116342217458,0.470092665104979,"Mreg/Sox18/Wnt10b",3
"GO:0022405","hair cycle process","3/512","119/28943",0.35204267191967,0.578116342217458,0.470092665104979,"Mreg/Sox18/Wnt10b",3
"GO:0043393","regulation of protein binding","5/512","221/28943",0.353237603116869,0.578116342217458,0.470092665104979,"Slpi/Aurka/Plk1/Ttc36/Aurkb",5
"GO:0034764","positive regulation of transmembrane transport","6/512","273/28943",0.353694540844323,0.578116342217458,0.470092665104979,"P2rx7/Abcb1a/Abcb1b/Cxcl10/Ank3/Ccl2",6
"GO:0070372","regulation of ERK1 and ERK2 cascade","7/512","326/28943",0.355747060080107,0.578116342217458,0.470092665104979,"Fam83d/Cd44/Dusp9/Il6/Ccl2/Syk/Arhgap8",7
"GO:0002285","lymphocyte activation involved in immune response","5/512","222/28943",0.35673465049318,0.578116342217458,0.470092665104979,"Exo1/Nsd2/Il6/Spn/Atad5",5
"GO:0007623","circadian rhythm","5/512","222/28943",0.35673465049318,0.578116342217458,0.470092665104979,"Suv39h2/Cort/Il6/Timeless/Cdk1",5
"GO:0050871","positive regulation of B cell activation","5/512","222/28943",0.35673465049318,0.578116342217458,0.470092665104979,"Inpp5d/Nsd2/Il6/Atad5/Syk",5
"GO:0042100","B cell proliferation","3/512","120/28943",0.356868795972917,0.578116342217458,0.470092665104979,"Inpp5d/Siglecg/Atad5",3
"GO:0098773","skin epidermis development","3/512","120/28943",0.356868795972917,0.578116342217458,0.470092665104979,"Mreg/Sox18/Wnt10b",3
"GO:0048017","inositol lipid-mediated signaling","4/512","171/28943",0.35841303411321,0.578116342217458,0.470092665104979,"Selp/Flt1/Hgf/Cep55",4
"GO:0051017","actin filament bundle assembly","4/512","171/28943",0.35841303411321,0.578116342217458,0.470092665104979,"Tmeff2/S1pr1/Stmn1/Arhgef15",4
"GO:0002293","alpha-beta T cell differentiation involved in immune response","2/512","71/28943",0.358425144044763,0.578116342217458,0.470092665104979,"Il6/Spn",2
"GO:0007193","adenylate cyclase-inhibiting G protein-coupled receptor signaling pathway","2/512","71/28943",0.358425144044763,0.578116342217458,0.470092665104979,"S1pr1/Cort",2
"GO:0014009","glial cell proliferation","2/512","71/28943",0.358425144044763,0.578116342217458,0.470092665104979,"Flt1/Il6",2
"GO:0030193","regulation of blood coagulation","2/512","71/28943",0.358425144044763,0.578116342217458,0.470092665104979,"Serpine1/Emilin2",2
"GO:0034121","regulation of toll-like receptor signaling pathway","2/512","71/28943",0.358425144044763,0.578116342217458,0.470092665104979,"Ptgs2os/Smpdl3b",2
"GO:0042775","mitochondrial ATP synthesis coupled electron transport","2/512","71/28943",0.358425144044763,0.578116342217458,0.470092665104979,"Cdk1/Ccnb1",2
"GO:0044458","motile cilium assembly","2/512","71/28943",0.358425144044763,0.578116342217458,0.470092665104979,"Cfap69/Mns1",2
"GO:0097194","execution phase of apoptosis","2/512","71/28943",0.358425144044763,0.578116342217458,0.470092665104979,"Il6/Xkr5",2
"GO:2000144","positive regulation of DNA-templated transcription initiation","2/512","71/28943",0.358425144044763,0.578116342217458,0.470092665104979,"Wnt10b/Fosl1",2
"GO:2001244","positive regulation of intrinsic apoptotic signaling pathway","2/512","71/28943",0.358425144044763,0.578116342217458,0.470092665104979,"Bub1/Ripk3",2
"GO:0007202","activation of phospholipase C activity","1/512","25/28943",0.360068253122289,0.578116342217458,0.470092665104979,"Ang2",1
"GO:0007263","nitric oxide mediated signal transduction","1/512","25/28943",0.360068253122289,0.578116342217458,0.470092665104979,"Mt2",1
"GO:0007620","copulation","1/512","25/28943",0.360068253122289,0.578116342217458,0.470092665104979,"Vgf",1
"GO:0008209","androgen metabolic process","1/512","25/28943",0.360068253122289,0.578116342217458,0.470092665104979,"Spp1",1
"GO:0009127","purine nucleoside monophosphate biosynthetic process","1/512","25/28943",0.360068253122289,0.578116342217458,0.470092665104979,"Dck",1
"GO:0010560","positive regulation of glycoprotein biosynthetic process","1/512","25/28943",0.360068253122289,0.578116342217458,0.470092665104979,"Pxylp1",1
"GO:0010866","regulation of triglyceride biosynthetic process","1/512","25/28943",0.360068253122289,0.578116342217458,0.470092665104979,"Nr1h4",1
"GO:0021692","cerebellar Purkinje cell layer morphogenesis","1/512","25/28943",0.360068253122289,0.578116342217458,0.470092665104979,"Kif14",1
"GO:0030325","adrenal gland development","1/512","25/28943",0.360068253122289,0.578116342217458,0.470092665104979,"Hmga2",1
"GO:0032288","myelin assembly","1/512","25/28943",0.360068253122289,0.578116342217458,0.470092665104979,"Itgb4",1
"GO:0032780","negative regulation of ATP-dependent activity","1/512","25/28943",0.360068253122289,0.578116342217458,0.470092665104979,"Mcm2",1
"GO:0033008","positive regulation of mast cell activation involved in immune response","1/512","25/28943",0.360068253122289,0.578116342217458,0.470092665104979,"Syk",1
"GO:0034114","regulation of heterotypic cell-cell adhesion","1/512","25/28943",0.360068253122289,0.578116342217458,0.470092665104979,"Cd44",1
"GO:0035357","peroxisome proliferator activated receptor signaling pathway","1/512","25/28943",0.360068253122289,0.578116342217458,0.470092665104979,"Stard10",1
"GO:0035988","chondrocyte proliferation","1/512","25/28943",0.360068253122289,0.578116342217458,0.470092665104979,"Hmga2",1
"GO:0036303","lymph vessel morphogenesis","1/512","25/28943",0.360068253122289,0.578116342217458,0.470092665104979,"Sox18",1
"GO:0043171","peptide catabolic process","1/512","25/28943",0.360068253122289,0.578116342217458,0.470092665104979,"Naaladl1",1
"GO:0043306","positive regulation of mast cell degranulation","1/512","25/28943",0.360068253122289,0.578116342217458,0.470092665104979,"Syk",1
"GO:0044331","cell-cell adhesion mediated by cadherin","1/512","25/28943",0.360068253122289,0.578116342217458,0.470092665104979,"Notch4",1
"GO:0045063","T-helper 1 cell differentiation","1/512","25/28943",0.360068253122289,0.578116342217458,0.470092665104979,"Spn",1
"GO:0046628","positive regulation of insulin receptor signaling pathway","1/512","25/28943",0.360068253122289,0.578116342217458,0.470092665104979,"Nr1h4",1
"GO:0048333","mesodermal cell differentiation","1/512","25/28943",0.360068253122289,0.578116342217458,0.470092665104979,"Hmga2",1
"GO:0051457","maintenance of protein location in nucleus","1/512","25/28943",0.360068253122289,0.578116342217458,0.470092665104979,"Bard1",1
"GO:0060148","positive regulation of post-transcriptional gene silencing","1/512","25/28943",0.360068253122289,0.578116342217458,0.470092665104979,"Il6",1
"GO:0060972","left/right pattern formation","1/512","25/28943",0.360068253122289,0.578116342217458,0.470092665104979,"Mns1",1
"GO:0062098","regulation of programmed necrotic cell death","1/512","25/28943",0.360068253122289,0.578116342217458,0.470092665104979,"Ripk3",1
"GO:0070734","histone H3-K27 methylation","1/512","25/28943",0.360068253122289,0.578116342217458,0.470092665104979,"Phf19",1
"GO:0071392","cellular response to estradiol stimulus","1/512","25/28943",0.360068253122289,0.578116342217458,0.470092665104979,"H2az1",1
"GO:0090189","regulation of branching involved in ureteric bud morphogenesis","1/512","25/28943",0.360068253122289,0.578116342217458,0.470092665104979,"Grem1",1
"GO:0150105","protein localization to cell-cell junction","1/512","25/28943",0.360068253122289,0.578116342217458,0.470092665104979,"Abcb1a",1
"GO:1900370","positive regulation of post-transcriptional gene silencing by RNA","1/512","25/28943",0.360068253122289,0.578116342217458,0.470092665104979,"Il6",1
"GO:1901032","negative regulation of response to reactive oxygen species","1/512","25/28943",0.360068253122289,0.578116342217458,0.470092665104979,"Hgf",1
"GO:1902307","positive regulation of sodium ion transmembrane transport","1/512","25/28943",0.360068253122289,0.578116342217458,0.470092665104979,"Ank3",1
"GO:1903206","negative regulation of hydrogen peroxide-induced cell death","1/512","25/28943",0.360068253122289,0.578116342217458,0.470092665104979,"Hgf",1
"GO:1903798","regulation of miRNA maturation","1/512","25/28943",0.360068253122289,0.578116342217458,0.470092665104979,"Il6",1
"GO:1904357","negative regulation of telomere maintenance via telomere lengthening","1/512","25/28943",0.360068253122289,0.578116342217458,0.470092665104979,"Pif1",1
"GO:2000757","negative regulation of peptidyl-lysine acetylation","1/512","25/28943",0.360068253122289,0.578116342217458,0.470092665104979,"Brca1",1
"GO:0008654","phospholipid biosynthetic process","5/512","223/28943",0.360232999241276,0.578136708786548,0.47010922608768,"Hycc1/Far1/Pla2g4c/Nr1h4/Adgrf5",5
"GO:0002366","leukocyte activation involved in immune response","7/512","328/28943",0.361488611681025,0.579907047093357,0.471548768601897,"Exo1/Nsd2/Il6/Spn/Enpp3/Atad5/Syk",7
"GO:0002287","alpha-beta T cell activation involved in immune response","2/512","72/28943",0.364803784784674,0.582531641630656,0.473682945671042,"Il6/Spn",2
"GO:0035065","regulation of histone acetylation","2/512","72/28943",0.364803784784674,0.582531641630656,0.473682945671042,"Chek1/Brca1",2
"GO:0043967","histone H4 acetylation","2/512","72/28943",0.364803784784674,0.582531641630656,0.473682945671042,"Brca2/Brca1",2
"GO:0046637","regulation of alpha-beta T cell differentiation","2/512","72/28943",0.364803784784674,0.582531641630656,0.473682945671042,"Il6/Syk",2
"GO:0051568","histone H3-K4 methylation","2/512","72/28943",0.364803784784674,0.582531641630656,0.473682945671042,"Dnmt1/Brca1",2
"GO:0070613","regulation of protein processing","2/512","72/28943",0.364803784784674,0.582531641630656,0.473682945671042,"Serpine1/Notch4",2
"GO:0070936","protein K48-linked ubiquitination","2/512","72/28943",0.364803784784674,0.582531641630656,0.473682945671042,"Ube2t/Ube2c",2
"GO:0071868","cellular response to monoamine stimulus","2/512","72/28943",0.364803784784674,0.582531641630656,0.473682945671042,"Rgs4/Gna14",2
"GO:0071870","cellular response to catecholamine stimulus","2/512","72/28943",0.364803784784674,0.582531641630656,0.473682945671042,"Rgs4/Gna14",2
"GO:1902895","positive regulation of miRNA transcription","2/512","72/28943",0.364803784784674,0.582531641630656,0.473682945671042,"Prl2c2/Fosl1",2
"GO:0001539","cilium or flagellum-dependent cell motility","4/512","173/28943",0.366432193080769,0.582531641630656,0.473682945671042,"Rhox5/Cfap69/Rnase10/Mns1",4
"GO:0001678","cellular glucose homeostasis","4/512","173/28943",0.366432193080769,0.582531641630656,0.473682945671042,"Ptprn/Nr1h4/Ang2/Birc5",4
"GO:0060285","cilium-dependent cell motility","4/512","173/28943",0.366432193080769,0.582531641630656,0.473682945671042,"Rhox5/Cfap69/Rnase10/Mns1",4
"GO:0006022","aminoglycan metabolic process","3/512","122/28943",0.366505753065927,0.582531641630656,0.473682945671042,"Cd44/Pxylp1/Hmmr",3
"GO:0043534","blood vessel endothelial cell migration","3/512","122/28943",0.366505753065927,0.582531641630656,0.473682945671042,"Grem1/Slit2/Prl2c2",3
"GO:0046928","regulation of neurotransmitter secretion","3/512","122/28943",0.366505753065927,0.582531641630656,0.473682945671042,"P2rx7/Mctp2/Sncg",3
"GO:0072522","purine-containing compound biosynthetic process","5/512","225/28943",0.367232444653041,0.582531641630656,0.473682945671042,"Acsl4/Npr1/Spp1/Dck/Adcy7",5
"GO:0010720","positive regulation of cell development","8/512","384/28943",0.369957660528832,0.582531641630656,0.473682945671042,"Aspm/Aurka/Abcb1a/Flt1/Xrcc2/Il6/Prl2c2/Cip2a",8
"GO:0050830","defense response to Gram-positive bacterium","4/512","174/28943",0.37044004399731,0.582531641630656,0.473682945671042,"P2rx7/Hmgb2/Rnase10/Ang2",4
"GO:0061572","actin filament bundle organization","4/512","174/28943",0.37044004399731,0.582531641630656,0.473682945671042,"Tmeff2/S1pr1/Stmn1/Arhgef15",4
"GO:0008217","regulation of blood pressure","5/512","226/28943",0.370732969112539,0.582531641630656,0.473682945671042,"Npr1/Slc2a5/C3ar1/Nav2/Adamts16",5
"GO:0002448","mast cell mediated immunity","2/512","73/28943",0.371158001215007,0.582531641630656,0.473682945671042,"Spon2/Syk",2
"GO:0008542","visual learning","2/512","73/28943",0.371158001215007,0.582531641630656,0.473682945671042,"Ttc36/Cck",2
"GO:0042773","ATP synthesis coupled electron transport","2/512","73/28943",0.371158001215007,0.582531641630656,0.473682945671042,"Cdk1/Ccnb1",2
"GO:1900046","regulation of hemostasis","2/512","73/28943",0.371158001215007,0.582531641630656,0.473682945671042,"Serpine1/Emilin2",2
"GO:0032612","interleukin-1 production","3/512","123/28943",0.371315254279397,0.582531641630656,0.473682945671042,"P2rx7/Il6/Nr1h4",3
"GO:0050764","regulation of phagocytosis","3/512","123/28943",0.371315254279397,0.582531641630656,0.473682945671042,"Ptx3/Ccl2/Syk",3
"GO:1903008","organelle disassembly","3/512","123/28943",0.371315254279397,0.582531641630656,0.473682945671042,"Atg9b/Cdk1/Vrk1",3
"GO:0002726","positive regulation of T cell cytokine production","1/512","26/28943",0.371398395400503,0.582531641630656,0.473682945671042,"Il6",1
"GO:0006582","melanin metabolic process","1/512","26/28943",0.371398395400503,0.582531641630656,0.473682945671042,"Cited1",1
"GO:0006817","phosphate ion transport","1/512","26/28943",0.371398395400503,0.582531641630656,0.473682945671042,"Slc37a2",1
"GO:0006883","cellular sodium ion homeostasis","1/512","26/28943",0.371398395400503,0.582531641630656,0.473682945671042,"Spp1",1
"GO:0007205","protein kinase C-activating G protein-coupled receptor signaling pathway","1/512","26/28943",0.371398395400503,0.582531641630656,0.473682945671042,"Cck",1
"GO:0018027","peptidyl-lysine dimethylation","1/512","26/28943",0.371398395400503,0.582531641630656,0.473682945671042,"Suv39h2",1
"GO:0018195","peptidyl-arginine modification","1/512","26/28943",0.371398395400503,0.582531641630656,0.473682945671042,"Nr1h4",1
"GO:0030002","cellular anion homeostasis","1/512","26/28943",0.371398395400503,0.582531641630656,0.473682945671042,"Spp1",1
"GO:0031954","positive regulation of protein autophosphorylation","1/512","26/28943",0.371398395400503,0.582531641630656,0.473682945671042,"Grem1",1
"GO:0032098","regulation of appetite","1/512","26/28943",0.371398395400503,0.582531641630656,0.473682945671042,"Cck",1
"GO:0032331","negative regulation of chondrocyte differentiation","1/512","26/28943",0.371398395400503,0.582531641630656,0.473682945671042,"Grem1",1
"GO:0032703","negative regulation of interleukin-2 production","1/512","26/28943",0.371398395400503,0.582531641630656,0.473682945671042,"Nr1h4",1
"GO:0032727","positive regulation of interferon-alpha production","1/512","26/28943",0.371398395400503,0.582531641630656,0.473682945671042,"Tlr7",1
"GO:0032753","positive regulation of interleukin-4 production","1/512","26/28943",0.371398395400503,0.582531641630656,0.473682945671042,"Syk",1
"GO:0043576","regulation of respiratory gaseous exchange","1/512","26/28943",0.371398395400503,0.582531641630656,0.473682945671042,"Pask",1
"GO:0044550","secondary metabolite biosynthetic process","1/512","26/28943",0.371398395400503,0.582531641630656,0.473682945671042,"Cited1",1
"GO:0044819","mitotic G1/S transition checkpoint signaling","1/512","26/28943",0.371398395400503,0.582531641630656,0.473682945671042,"Rpa2",1
"GO:0045684","positive regulation of epidermis development","1/512","26/28943",0.371398395400503,0.582531641630656,0.473682945671042,"Etv4",1
"GO:0046794","transport of virus","1/512","26/28943",0.371398395400503,0.582531641630656,0.473682945671042,"Kpna2",1
"GO:0050927","positive regulation of positive chemotaxis","1/512","26/28943",0.371398395400503,0.582531641630656,0.473682945671042,"S1pr1",1
"GO:0055064","chloride ion homeostasis","1/512","26/28943",0.371398395400503,0.582531641630656,0.473682945671042,"Spp1",1
"GO:0071276","cellular response to cadmium ion","1/512","26/28943",0.371398395400503,0.582531641630656,0.473682945671042,"Mt2",1
"GO:1903020","positive regulation of glycoprotein metabolic process","1/512","26/28943",0.371398395400503,0.582531641630656,0.473682945671042,"Pxylp1",1
"GO:1904893","negative regulation of receptor signaling pathway via STAT","1/512","26/28943",0.371398395400503,0.582531641630656,0.473682945671042,"Hmga2",1
"GO:1990776","response to angiotensin","1/512","26/28943",0.371398395400503,0.582531641630656,0.473682945671042,"Ang2",1
"GO:2000561","regulation of CD4-positive, alpha-beta T cell proliferation","1/512","26/28943",0.371398395400503,0.582531641630656,0.473682945671042,"Cd44",1
"GO:0002263","cell activation involved in immune response","7/512","332/28943",0.372993040144028,0.584791562320657,0.475520589865658,"Exo1/Nsd2/Il6/Spn/Enpp3/Atad5/Syk",7
"GO:0010976","positive regulation of neuron projection development","5/512","227/28943",0.37423365061089,0.586344496829352,0.476783351473686,"Tnn/Hgf/Cxcl5/Il6/Tubb2b",5
"GO:0030183","B cell differentiation","4/512","175/28943",0.374446196291864,0.586344496829352,0.476783351473686,"Inpp5d/Hmgb3/Il6/Syk",4
"GO:0042552","myelination","4/512","175/28943",0.374446196291864,0.586344496829352,0.476783351473686,"Kif14/Hgf/Hycc1/Itgb4",4
"GO:0007409","axonogenesis","10/512","493/28943",0.375231044467311,0.587331589569665,0.477586001430301,"Tnn/Lrrc4c/Stmn1/Slit2/Ank3/Tubb3/Robo3/Cck/Etv4/Tubb2b",10
"GO:0006612","protein targeting to membrane","3/512","124/28943",0.37611790510989,0.587993534221959,0.478124258703146,"Ank3/Ccl2/Mtcl1",3
"GO:0031058","positive regulation of histone modification","3/512","124/28943",0.37611790510989,0.587993534221959,0.478124258703146,"Phf19/Dnmt1/Brca1",3
"GO:1905954","positive regulation of lipid localization","3/512","124/28943",0.37611790510989,0.587993534221959,0.478124258703146,"P2rx7/Spp1/Map2k6",3
"GO:0002279","mast cell activation involved in immune response","2/512","74/28943",0.377486661873606,0.588922563989926,0.478879695018802,"Enpp3/Syk",2
"GO:0030032","lamellipodium assembly","2/512","74/28943",0.377486661873606,0.588922563989926,0.478879695018802,"S1pr1/Slit2",2
"GO:0032732","positive regulation of interleukin-1 production","2/512","74/28943",0.377486661873606,0.588922563989926,0.478879695018802,"P2rx7/Il6",2
"GO:0045109","intermediate filament organization","2/512","74/28943",0.377486661873606,0.588922563989926,0.478879695018802,"Krt15/Krt16",2
"GO:0098586","cellular response to virus","2/512","74/28943",0.377486661873606,0.588922563989926,0.478879695018802,"Tlr7/Il6",2
"GO:0022037","metencephalon development","3/512","125/28943",0.380913073137529,0.589292006311384,0.479180105356332,"Kif14/Nav2/Nanos1",3
"GO:0035710","CD4-positive, alpha-beta T cell activation","3/512","125/28943",0.380913073137529,0.589292006311384,0.479180105356332,"Cd44/Il6/Spn",3
"GO:0045582","positive regulation of T cell differentiation","3/512","125/28943",0.380913073137529,0.589292006311384,0.479180105356332,"Il6/Syk/Wnt10b",3
"GO:0048259","regulation of receptor-mediated endocytosis","3/512","125/28943",0.380913073137529,0.589292006311384,0.479180105356332,"Grem1/Serpine1/Syk",3
"GO:0055001","muscle cell development","5/512","229/28943",0.381234367055453,0.589292006311384,0.479180105356332,"Rgs4/Csrp2/Ang2/Ripor2/Wnt10b",5
"GO:0002093","auditory receptor cell morphogenesis","1/512","27/28943",0.382528319720278,0.589292006311384,0.479180105356332,"Ripor2",1
"GO:0003176","aortic valve development","1/512","27/28943",0.382528319720278,0.589292006311384,0.479180105356332,"Slit2",1
"GO:0006706","steroid catabolic process","1/512","27/28943",0.382528319720278,0.589292006311384,0.479180105356332,"Spp1",1
"GO:0006862","nucleotide transport","1/512","27/28943",0.382528319720278,0.589292006311384,0.479180105356332,"P2rx7",1
"GO:0032069","regulation of nuclease activity","1/512","27/28943",0.382528319720278,0.589292006311384,0.479180105356332,"Hmgb2",1
"GO:0032367","intracellular cholesterol transport","1/512","27/28943",0.382528319720278,0.589292006311384,0.479180105356332,"Stard4",1
"GO:0032528","microvillus organization","1/512","27/28943",0.382528319720278,0.589292006311384,0.479180105356332,"Prl2c2",1
"GO:0035384","thioester biosynthetic process","1/512","27/28943",0.382528319720278,0.589292006311384,0.479180105356332,"Acsl4",1
"GO:0035739","CD4-positive, alpha-beta T cell proliferation","1/512","27/28943",0.382528319720278,0.589292006311384,0.479180105356332,"Cd44",1
"GO:0042753","positive regulation of circadian rhythm","1/512","27/28943",0.382528319720278,0.589292006311384,0.479180105356332,"Timeless",1
"GO:0043129","surfactant homeostasis","1/512","27/28943",0.382528319720278,0.589292006311384,0.479180105356332,"Adgrf5",1
"GO:0045838","positive regulation of membrane potential","1/512","27/28943",0.382528319720278,0.589292006311384,0.479180105356332,"Ank3",1
"GO:0045980","negative regulation of nucleotide metabolic process","1/512","27/28943",0.382528319720278,0.589292006311384,0.479180105356332,"Cda",1
"GO:0046473","phosphatidic acid metabolic process","1/512","27/28943",0.382528319720278,0.589292006311384,0.479180105356332,"Nr1h4",1
"GO:0046823","negative regulation of nucleocytoplasmic transport","1/512","27/28943",0.382528319720278,0.589292006311384,0.479180105356332,"Bard1",1
"GO:0050926","regulation of positive chemotaxis","1/512","27/28943",0.382528319720278,0.589292006311384,0.479180105356332,"S1pr1",1
"GO:0051291","protein heterooligomerization","1/512","27/28943",0.382528319720278,0.589292006311384,0.479180105356332,"Rrm2",1
"GO:0051969","regulation of transmission of nerve impulse","1/512","27/28943",0.382528319720278,0.589292006311384,0.479180105356332,"Il6",1
"GO:0055083","monovalent inorganic anion homeostasis","1/512","27/28943",0.382528319720278,0.589292006311384,0.479180105356332,"Spp1",1
"GO:0060143","positive regulation of syncytium formation by plasma membrane fusion","1/512","27/28943",0.382528319720278,0.589292006311384,0.479180105356332,"Ripor2",1
"GO:0070920","regulation of production of small RNA involved in gene silencing by RNA","1/512","27/28943",0.382528319720278,0.589292006311384,0.479180105356332,"Il6",1
"GO:0071361","cellular response to ethanol","1/512","27/28943",0.382528319720278,0.589292006311384,0.479180105356332,"Adcy7",1
"GO:0071616","acyl-CoA biosynthetic process","1/512","27/28943",0.382528319720278,0.589292006311384,0.479180105356332,"Acsl4",1
"GO:0072012","glomerulus vasculature development","1/512","27/28943",0.382528319720278,0.589292006311384,0.479180105356332,"C3ar1",1
"GO:1901984","negative regulation of protein acetylation","1/512","27/28943",0.382528319720278,0.589292006311384,0.479180105356332,"Brca1",1
"GO:2000647","negative regulation of stem cell proliferation","1/512","27/28943",0.382528319720278,0.589292006311384,0.479180105356332,"Cdkn2c",1
"GO:0007566","embryo implantation","2/512","75/28943",0.383788682804089,0.590276930429266,0.479980991907515,"Timp1/Itgb4",2
"GO:0030104","water homeostasis","2/512","75/28943",0.383788682804089,0.590276930429266,0.479980991907515,"Stmn1/Krt16",2
"GO:0050688","regulation of defense response to virus","2/512","75/28943",0.383788682804089,0.590276930429266,0.479980991907515,"Spn/Cgas",2
"GO:0050818","regulation of coagulation","2/512","75/28943",0.383788682804089,0.590276930429266,0.479980991907515,"Serpine1/Emilin2",2
"GO:0007249","I-kappaB kinase/NF-kappaB signaling","5/512","230/28943",0.384733849420298,0.59149134472138,0.480968487346464,"Traf1/Tlr7/Trim59/Nr1h4/Ripk3",5
"GO:0014812","muscle cell migration","3/512","126/28943",0.38570013922196,0.592497749220966,0.481786840571992,"Slit2/Serpine1/Tafa5",3
"GO:1903052","positive regulation of proteolysis involved in protein catabolic process","3/512","126/28943",0.38570013922196,0.592497749220966,0.481786840571992,"Aurka/Cdc20/Plk1",3
"GO:0007272","ensheathment of neurons","4/512","178/28943",0.386450455731084,0.593171026519815,0.48233431293466,"Kif14/Hgf/Hycc1/Itgb4",4
"GO:0008366","axon ensheathment","4/512","178/28943",0.386450455731084,0.593171026519815,0.48233431293466,"Kif14/Hgf/Hycc1/Itgb4",4
"GO:0009259","ribonucleotide metabolic process","9/512","445/28943",0.389269268980482,0.596467640022515,0.485014939158373,"Acsl4/Npr1/Cda/P2rx7/Far1/Urah/Enpp3/Adcy7/Aldoc",9
"GO:0061045","negative regulation of wound healing","2/512","76/28943",0.390063026234951,0.596467640022515,0.485014939158373,"Serpine1/Tafa5",2
"GO:0045807","positive regulation of endocytosis","3/512","127/28943",0.390478497428552,0.596467640022515,0.485014939158373,"Grem1/Serpine1/Syk",3
"GO:0016485","protein processing","6/512","285/28943",0.391424751609136,0.596467640022515,0.485014939158373,"Dhcr24/P2rx7/Adamts3/Serpine1/Notch4/Fam111a",6
"GO:0048545","response to steroid hormone","5/512","232/28943",0.391729700075415,0.596467640022515,0.485014939158373,"Spp1/Il6/Hmga2/Hmgb2/Brca1",5
"GO:0051651","maintenance of location in cell","5/512","232/28943",0.391729700075415,0.596467640022515,0.485014939158373,"Bard1/Aspm/P2rx7/Cxcl10/Ank3",5
"GO:0003094","glomerular filtration","1/512","28/28943",0.393461557384658,0.596467640022515,0.485014939158373,"Adgrf5",1
"GO:0006536","glutamate metabolic process","1/512","28/28943",0.393461557384658,0.596467640022515,0.485014939158373,"Nr1h4",1
"GO:0006882","cellular zinc ion homeostasis","1/512","28/28943",0.393461557384658,0.596467640022515,0.485014939158373,"Mt2",1
"GO:0007176","regulation of epidermal growth factor-activated receptor activity","1/512","28/28943",0.393461557384658,0.596467640022515,0.485014939158373,"Ereg",1
"GO:0015874","norepinephrine transport","1/512","28/28943",0.393461557384658,0.596467640022515,0.485014939158373,"Slc29a4",1
"GO:0031440","regulation of mRNA 3'-end processing","1/512","28/28943",0.393461557384658,0.596467640022515,0.485014939158373,"Ccnb1",1
"GO:0031670","cellular response to nutrient","1/512","28/28943",0.393461557384658,0.596467640022515,0.485014939158373,"Nr1h4",1
"GO:0032148","activation of protein kinase B activity","1/512","28/28943",0.393461557384658,0.596467640022515,0.485014939158373,"Ang2",1
"GO:0032480","negative regulation of type I interferon production","1/512","28/28943",0.393461557384658,0.596467640022515,0.485014939158373,"Traip",1
"GO:0042573","retinoic acid metabolic process","1/512","28/28943",0.393461557384658,0.596467640022515,0.485014939158373,"Bco2",1
"GO:0043931","ossification involved in bone maturation","1/512","28/28943",0.393461557384658,0.596467640022515,0.485014939158373,"Grem1",1
"GO:0045061","thymic T cell selection","1/512","28/28943",0.393461557384658,0.596467640022515,0.485014939158373,"Spn",1
"GO:0046128","purine ribonucleoside metabolic process","1/512","28/28943",0.393461557384658,0.596467640022515,0.485014939158373,"Urah",1
"GO:0046688","response to copper ion","1/512","28/28943",0.393461557384658,0.596467640022515,0.485014939158373,"Mt2",1
"GO:0046716","muscle cell cellular homeostasis","1/512","28/28943",0.393461557384658,0.596467640022515,0.485014939158373,"Il6",1
"GO:0060713","labyrinthine layer morphogenesis","1/512","28/28943",0.393461557384658,0.596467640022515,0.485014939158373,"Gjb5",1
"GO:0061298","retina vasculature development in camera-type eye","1/512","28/28943",0.393461557384658,0.596467640022515,0.485014939158373,"Arhgef15",1
"GO:0061437","renal system vasculature development","1/512","28/28943",0.393461557384658,0.596467640022515,0.485014939158373,"C3ar1",1
"GO:0061440","kidney vasculature development","1/512","28/28943",0.393461557384658,0.596467640022515,0.485014939158373,"C3ar1",1
"GO:0070199","establishment of protein localization to chromosome","1/512","28/28943",0.393461557384658,0.596467640022515,0.485014939158373,"Brca2",1
"GO:0070293","renal absorption","1/512","28/28943",0.393461557384658,0.596467640022515,0.485014939158373,"Ang2",1
"GO:1900017","positive regulation of cytokine production involved in inflammatory response","1/512","28/28943",0.393461557384658,0.596467640022515,0.485014939158373,"Il6",1
"GO:1900151","regulation of nuclear-transcribed mRNA catabolic process, deadenylation-dependent decay","1/512","28/28943",0.393461557384658,0.596467640022515,0.485014939158373,"Nanos1",1
"GO:1904376","negative regulation of protein localization to cell periphery","1/512","28/28943",0.393461557384658,0.596467640022515,0.485014939158373,"Sapcd2",1
"GO:2000310","regulation of NMDA receptor activity","1/512","28/28943",0.393461557384658,0.596467640022515,0.485014939158373,"Ccl2",1
"GO:0003279","cardiac septum development","3/512","128/28943",0.395247554949583,0.598873479611304,0.486971236639553,"Slit2/Nsd2/Ltbp1",3
"GO:0001756","somitogenesis","2/512","77/28943",0.396308699290384,0.598873479611304,0.486971236639553,"Xrcc2/Palb2",2
"GO:0002090","regulation of receptor internalization","2/512","77/28943",0.396308699290384,0.598873479611304,0.486971236639553,"Grem1/Syk",2
"GO:0002437","inflammatory response to antigenic stimulus","2/512","77/28943",0.396308699290384,0.598873479611304,0.486971236639553,"Spn/Hmgb2",2
"GO:0002712","regulation of B cell mediated immunity","2/512","77/28943",0.396308699290384,0.598873479611304,0.486971236639553,"Nsd2/Atad5",2
"GO:0002889","regulation of immunoglobulin mediated immune response","2/512","77/28943",0.396308699290384,0.598873479611304,0.486971236639553,"Nsd2/Atad5",2
"GO:0007632","visual behavior","2/512","77/28943",0.396308699290384,0.598873479611304,0.486971236639553,"Ttc36/Cck",2
"GO:1903317","regulation of protein maturation","2/512","77/28943",0.396308699290384,0.598873479611304,0.486971236639553,"Serpine1/Notch4",2
"GO:0006473","protein acetylation","5/512","234/28943",0.398719612410323,0.602038112146167,0.489544543141641,"Brca2/Esco2/Chek1/Brca1/Dscc1",5
"GO:0007204","positive regulation of cytosolic calcium ion concentration","5/512","234/28943",0.398719612410323,0.602038112146167,0.489544543141641,"Ptgfr/S1pr1/P2rx7/Cxcl1/C3ar1",5
"GO:0006163","purine nucleotide metabolic process","9/512","449/28943",0.399305768228437,0.602683815325334,0.490069593734739,"Acsl4/Npr1/P2rx7/Dck/Far1/Urah/Enpp3/Adcy7/Aldoc",9
"GO:0003073","regulation of systemic arterial blood pressure","3/512","129/28943",0.400006732020707,0.603502220294734,0.490735076000341,"Slc2a5/Nav2/Adamts16",3
"GO:0002221","pattern recognition receptor signaling pathway","4/512","182/28943",0.402408495778,0.604077986550462,0.491203257703344,"Ptgs2os/Tlr7/Smpdl3b/Nr1h4",4
"GO:0002292","T cell differentiation involved in immune response","2/512","78/28943",0.402524752732109,0.604077986550462,0.491203257703344,"Il6/Spn",2
"GO:0061097","regulation of protein tyrosine kinase activity","2/512","78/28943",0.402524752732109,0.604077986550462,0.491203257703344,"Grem1/Ereg",2
"GO:0071277","cellular response to calcium ion","2/512","78/28943",0.402524752732109,0.604077986550462,0.491203257703344,"Ect2/Alox5ap",2
"GO:2000514","regulation of CD4-positive, alpha-beta T cell activation","2/512","78/28943",0.402524752732109,0.604077986550462,0.491203257703344,"Cd44/Il6",2
"GO:2000630","positive regulation of miRNA metabolic process","2/512","78/28943",0.402524752732109,0.604077986550462,0.491203257703344,"Prl2c2/Fosl1",2
"GO:0000737","DNA catabolic process, endonucleolytic","1/512","29/28943",0.404201577534029,0.604077986550462,0.491203257703344,"Il6",1
"GO:0002837","regulation of immune response to tumor cell","1/512","29/28943",0.404201577534029,0.604077986550462,0.491203257703344,"Ulbp1",1
"GO:0002888","positive regulation of myeloid leukocyte mediated immunity","1/512","29/28943",0.404201577534029,0.604077986550462,0.491203257703344,"Cxcl1",1
"GO:0006699","bile acid biosynthetic process","1/512","29/28943",0.404201577534029,0.604077986550462,0.491203257703344,"Stard4",1
"GO:0010893","positive regulation of steroid biosynthetic process","1/512","29/28943",0.404201577534029,0.604077986550462,0.491203257703344,"Stard4",1
"GO:0015012","heparan sulfate proteoglycan biosynthetic process","1/512","29/28943",0.404201577534029,0.604077986550462,0.491203257703344,"Pxylp1",1
"GO:0032770","positive regulation of monooxygenase activity","1/512","29/28943",0.404201577534029,0.604077986550462,0.491203257703344,"Dhfr",1
"GO:0033198","response to ATP","1/512","29/28943",0.404201577534029,0.604077986550462,0.491203257703344,"P2rx7",1
"GO:0048521","negative regulation of behavior","1/512","29/28943",0.404201577534029,0.604077986550462,0.491203257703344,"Cck",1
"GO:0048745","smooth muscle tissue development","1/512","29/28943",0.404201577534029,0.604077986550462,0.491203257703344,"Tnn",1
"GO:0048875","chemical homeostasis within a tissue","1/512","29/28943",0.404201577534029,0.604077986550462,0.491203257703344,"Adgrf5",1
"GO:0051450","myoblast proliferation","1/512","29/28943",0.404201577534029,0.604077986550462,0.491203257703344,"Hgf",1
"GO:0051560","mitochondrial calcium ion homeostasis","1/512","29/28943",0.404201577534029,0.604077986550462,0.491203257703344,"Mcub",1
"GO:0055069","zinc ion homeostasis","1/512","29/28943",0.404201577534029,0.604077986550462,0.491203257703344,"Mt2",1
"GO:0060008","Sertoli cell differentiation","1/512","29/28943",0.404201577534029,0.604077986550462,0.491203257703344,"Abcb1a",1
"GO:0060444","branching involved in mammary gland duct morphogenesis","1/512","29/28943",0.404201577534029,0.604077986550462,0.491203257703344,"Etv4",1
"GO:1903055","positive regulation of extracellular matrix organization","1/512","29/28943",0.404201577534029,0.604077986550462,0.491203257703344,"Il6",1
"GO:2000831","regulation of steroid hormone secretion","1/512","29/28943",0.404201577534029,0.604077986550462,0.491203257703344,"Spp1",1
"GO:0051592","response to calcium ion","3/512","130/28943",0.404755461832922,0.604668080899321,0.49168309022988,"Ect2/P2rx7/Alox5ap",3
"GO:0033143","regulation of intracellular steroid hormone receptor signaling pathway","2/512","79/28943",0.408710279731522,0.610096774063308,0.496097407299187,"Hmga2/Brca1",2
"GO:0043627","response to estrogen","2/512","79/28943",0.408710279731522,0.610096774063308,0.496097407299187,"Cited1/Brca1",2
"GO:0050829","defense response to Gram-negative bacterium","3/512","131/28943",0.409493190440301,0.611025553396399,0.496852639974868,"Cxcl5/Serpine1/Hmgb2",3
"GO:0002507","tolerance induction","1/512","30/28943",0.414751788238275,0.612787297817018,0.498285194409752,"C3ar1",1
"GO:0005979","regulation of glycogen biosynthetic process","1/512","30/28943",0.414751788238275,0.612787297817018,0.498285194409752,"Pask",1
"GO:0006929","substrate-dependent cell migration","1/512","30/28943",0.414751788238275,0.612787297817018,0.498285194409752,"Slit2",1
"GO:0009218","pyrimidine ribonucleotide metabolic process","1/512","30/28943",0.414751788238275,0.612787297817018,0.498285194409752,"Cda",1
"GO:0010800","positive regulation of peptidyl-threonine phosphorylation","1/512","30/28943",0.414751788238275,0.612787297817018,0.498285194409752,"Plk1",1
"GO:0010955","negative regulation of protein processing","1/512","30/28943",0.414751788238275,0.612787297817018,0.498285194409752,"Serpine1",1
"GO:0010962","regulation of glucan biosynthetic process","1/512","30/28943",0.414751788238275,0.612787297817018,0.498285194409752,"Pask",1
"GO:0032366","intracellular sterol transport","1/512","30/28943",0.414751788238275,0.612787297817018,0.498285194409752,"Stard4",1
"GO:0034311","diol metabolic process","1/512","30/28943",0.414751788238275,0.612787297817018,0.498285194409752,"Dhfr",1
"GO:0034315","regulation of Arp2/3 complex-mediated actin nucleation","1/512","30/28943",0.414751788238275,0.612787297817018,0.498285194409752,"Gmfg",1
"GO:0034390","smooth muscle cell apoptotic process","1/512","30/28943",0.414751788238275,0.612787297817018,0.498285194409752,"Dnmt1",1
"GO:0034391","regulation of smooth muscle cell apoptotic process","1/512","30/28943",0.414751788238275,0.612787297817018,0.498285194409752,"Dnmt1",1
"GO:0042744","hydrogen peroxide catabolic process","1/512","30/28943",0.414751788238275,0.612787297817018,0.498285194409752,"Hba-a1",1
"GO:0043032","positive regulation of macrophage activation","1/512","30/28943",0.414751788238275,0.612787297817018,0.498285194409752,"Ulbp1",1
"GO:0044788","modulation by host of viral process","1/512","30/28943",0.414751788238275,0.612787297817018,0.498285194409752,"Ptx3",1
"GO:0045724","positive regulation of cilium assembly","1/512","30/28943",0.414751788238275,0.612787297817018,0.498285194409752,"Mns1",1
"GO:0045762","positive regulation of adenylate cyclase activity","1/512","30/28943",0.414751788238275,0.612787297817018,0.498285194409752,"Adcy7",1
"GO:0046033","AMP metabolic process","1/512","30/28943",0.414751788238275,0.612787297817018,0.498285194409752,"Urah",1
"GO:0046339","diacylglycerol metabolic process","1/512","30/28943",0.414751788238275,0.612787297817018,0.498285194409752,"Ang2",1
"GO:0070977","bone maturation","1/512","30/28943",0.414751788238275,0.612787297817018,0.498285194409752,"Grem1",1
"GO:0071353","cellular response to interleukin-4","1/512","30/28943",0.414751788238275,0.612787297817018,0.498285194409752,"Mcm2",1
"GO:0097205","renal filtration","1/512","30/28943",0.414751788238275,0.612787297817018,0.498285194409752,"Adgrf5",1
"GO:1900078","positive regulation of cellular response to insulin stimulus","1/512","30/28943",0.414751788238275,0.612787297817018,0.498285194409752,"Nr1h4",1
"GO:1903318","negative regulation of protein maturation","1/512","30/28943",0.414751788238275,0.612787297817018,0.498285194409752,"Serpine1",1
"GO:0051149","positive regulation of muscle cell differentiation","2/512","80/28943",0.41486441467149,0.612787297817018,0.498285194409752,"Grem1/Nid1",2
"GO:2000142","regulation of DNA-templated transcription initiation","2/512","80/28943",0.41486441467149,0.612787297817018,0.498285194409752,"Wnt10b/Fosl1",2
"GO:0019693","ribose phosphate metabolic process","9/512","456/28943",0.416881915040733,0.615528171256259,0.500513923137305,"Acsl4/Npr1/Cda/P2rx7/Far1/Urah/Enpp3/Adcy7/Aldoc",9
"GO:0006749","glutathione metabolic process","2/512","81/28943",0.420986331977135,0.619742819724053,0.503941045302899,"Mgst2/Gsta1",2
"GO:0007568","aging","2/512","81/28943",0.420986331977135,0.619742819724053,0.503941045302899,"Krt16/Aldoc",2
"GO:0032088","negative regulation of NF-kappaB transcription factor activity","2/512","81/28943",0.420986331977135,0.619742819724053,0.503941045302899,"Nr1h4/Traip",2
"GO:0045471","response to ethanol","2/512","81/28943",0.420986331977135,0.619742819724053,0.503941045302899,"Cdk1/Adcy7",2
"GO:0048844","artery morphogenesis","2/512","81/28943",0.420986331977135,0.619742819724053,0.503941045302899,"Notch4/Adgrf5",2
"GO:0051145","smooth muscle cell differentiation","2/512","81/28943",0.420986331977135,0.619742819724053,0.503941045302899,"Ereg/Dnmt1",2
"GO:0140056","organelle localization by membrane tethering","2/512","81/28943",0.420986331977135,0.619742819724053,0.503941045302899,"Sytl2/Esyt3",2
"GO:0016579","protein deubiquitination","3/512","134/28943",0.42363502047209,0.619742819724053,0.503941045302899,"Bard1/Brca1/Epop",3
"GO:0050868","negative regulation of T cell activation","3/512","134/28943",0.42363502047209,0.619742819724053,0.503941045302899,"Cd44/Spn/Ripor2",3
"GO:0006779","porphyrin-containing compound biosynthetic process","1/512","31/28943",0.425115537569787,0.619742819724053,0.503941045302899,"Ank1",1
"GO:0009072","aromatic amino acid family metabolic process","1/512","31/28943",0.425115537569787,0.619742819724053,0.503941045302899,"Ttc36",1
"GO:0010460","positive regulation of heart rate","1/512","31/28943",0.425115537569787,0.619742819724053,0.503941045302899,"Rgs4",1
"GO:0010623","programmed cell death involved in cell development","1/512","31/28943",0.425115537569787,0.619742819724053,0.503941045302899,"Rhox5",1
"GO:0030149","sphingolipid catabolic process","1/512","31/28943",0.425115537569787,0.619742819724053,0.503941045302899,"Smpdl3b",1
"GO:0031445","regulation of heterochromatin formation","1/512","31/28943",0.425115537569787,0.619742819724053,0.503941045302899,"Dnmt1",1
"GO:0032647","regulation of interferon-alpha production","1/512","31/28943",0.425115537569787,0.619742819724053,0.503941045302899,"Tlr7",1
"GO:0033014","tetrapyrrole biosynthetic process","1/512","31/28943",0.425115537569787,0.619742819724053,0.503941045302899,"Ank1",1
"GO:0033137","negative regulation of peptidyl-serine phosphorylation","1/512","31/28943",0.425115537569787,0.619742819724053,0.503941045302899,"Hgf",1
"GO:0042634","regulation of hair cycle","1/512","31/28943",0.425115537569787,0.619742819724053,0.503941045302899,"Wnt10b",1
"GO:0043276","anoikis","1/512","31/28943",0.425115537569787,0.619742819724053,0.503941045302899,"Chek2",1
"GO:0043552","positive regulation of phosphatidylinositol 3-kinase activity","1/512","31/28943",0.425115537569787,0.619742819724053,0.503941045302899,"Flt1",1
"GO:0045070","positive regulation of viral genome replication","1/512","31/28943",0.425115537569787,0.619742819724053,0.503941045302899,"Ppih",1
"GO:0045454","cell redox homeostasis","1/512","31/28943",0.425115537569787,0.619742819724053,0.503941045302899,"Il6",1
"GO:0048535","lymph node development","1/512","31/28943",0.425115537569787,0.619742819724053,0.503941045302899,"Ripk3",1
"GO:0060037","pharyngeal system development","1/512","31/28943",0.425115537569787,0.619742819724053,0.503941045302899,"Adgrf5",1
"GO:0070198","protein localization to chromosome, telomeric region","1/512","31/28943",0.425115537569787,0.619742819724053,0.503941045302899,"Brca2",1
"GO:0070233","negative regulation of T cell apoptotic process","1/512","31/28943",0.425115537569787,0.619742819724053,0.503941045302899,"Blm",1
"GO:0071763","nuclear membrane organization","1/512","31/28943",0.425115537569787,0.619742819724053,0.503941045302899,"Plk1",1
"GO:0072539","T-helper 17 cell differentiation","1/512","31/28943",0.425115537569787,0.619742819724053,0.503941045302899,"Il6",1
"GO:0086010","membrane depolarization during action potential","1/512","31/28943",0.425115537569787,0.619742819724053,0.503941045302899,"Ank3",1
"GO:0120261","regulation of heterochromatin organization","1/512","31/28943",0.425115537569787,0.619742819724053,0.503941045302899,"Dnmt1",1
"GO:1902883","negative regulation of response to oxidative stress","1/512","31/28943",0.425115537569787,0.619742819724053,0.503941045302899,"Hgf",1
"GO:1905207","regulation of cardiocyte differentiation","1/512","31/28943",0.425115537569787,0.619742819724053,0.503941045302899,"Grem1",1
"GO:0010038","response to metal ion","6/512","296/28943",0.425975551393824,0.620458571415643,0.504523055524168,"Ect2/P2rx7/Alox5ap/Ank3/Mt2/Adcy7",6
"GO:0006643","membrane lipid metabolic process","4/512","188/28943",0.426195368044715,0.620458571415643,0.504523055524168,"Mgst2/Smpdl3b/P2rx7/Pnliprp2",4
"GO:0045834","positive regulation of lipid metabolic process","4/512","188/28943",0.426195368044715,0.620458571415643,0.504523055524168,"Flt1/Nr1h4/Adgrf5/Stard4",4
"GO:0071560","cellular response to transforming growth factor beta stimulus","5/512","242/28943",0.426578399098766,0.620458571415643,0.504523055524168,"Cited1/Serpine1/Dnmt1/Ccl2/Ltbp1",5
"GO:0002711","positive regulation of T cell mediated immunity","2/512","82/28943",0.427075244974944,0.620458571415643,0.504523055524168,"P2rx7/Il6",2
"GO:0006766","vitamin metabolic process","2/512","82/28943",0.427075244974944,0.620458571415643,0.504523055524168,"Nqo1/Dhfr",2
"GO:0042267","natural killer cell mediated cytotoxicity","2/512","82/28943",0.427075244974944,0.620458571415643,0.504523055524168,"Il18rap/Ulbp1",2
"GO:0070830","bicellular tight junction assembly","2/512","82/28943",0.427075244974944,0.620458571415643,0.504523055524168,"Cldn34c1/Ect2",2
"GO:1901880","negative regulation of protein depolymerization","2/512","82/28943",0.427075244974944,0.620458571415643,0.504523055524168,"Tpx2/Ckap2",2
"GO:0014013","regulation of gliogenesis","3/512","135/28943",0.428323458614575,0.622034297040723,0.505804349624465,"Flt1/Il6/Hmga2",3
"GO:0045165","cell fate commitment","6/512","298/28943",0.432232833778049,0.625943959125711,0.508983473504863,"Sox18/Il6/Spn/AW551984/Epop/Wnt10b",6
"GO:0009132","nucleoside diphosphate metabolic process","3/512","136/28943",0.432998315270989,0.625943959125711,0.508983473504863,"P2rx7/Aldoc/Rrm2",3
"GO:0035303","regulation of dephosphorylation","3/512","136/28943",0.432998315270989,0.625943959125711,0.508983473504863,"Mastl/Ripk3/Cdca2",3
"GO:0009880","embryonic pattern specification","2/512","83/28943",0.43313040477959,0.625943959125711,0.508983473504863,"Cited1/Stil",2
"GO:2000756","regulation of peptidyl-lysine acetylation","2/512","83/28943",0.43313040477959,0.625943959125711,0.508983473504863,"Chek1/Brca1",2
"GO:0006813","potassium ion transport","5/512","244/28943",0.433507894025377,0.625943959125711,0.508983473504863,"Rgs4/Kcna4/Cxcl1/Ank3/Kcnk10",5
"GO:0002313","mature B cell differentiation involved in immune response","1/512","32/28943",0.435296114657649,0.625943959125711,0.508983473504863,"Il6",1
"GO:0002418","immune response to tumor cell","1/512","32/28943",0.435296114657649,0.625943959125711,0.508983473504863,"Ulbp1",1
"GO:0019433","triglyceride catabolic process","1/512","32/28943",0.435296114657649,0.625943959125711,0.508983473504863,"Pnliprp2",1
"GO:0022011","myelination in peripheral nervous system","1/512","32/28943",0.435296114657649,0.625943959125711,0.508983473504863,"Itgb4",1
"GO:0030224","monocyte differentiation","1/512","32/28943",0.435296114657649,0.625943959125711,0.508983473504863,"Inpp5d",1
"GO:0030262","apoptotic nuclear changes","1/512","32/28943",0.435296114657649,0.625943959125711,0.508983473504863,"Il6",1
"GO:0031295","T cell costimulation","1/512","32/28943",0.435296114657649,0.625943959125711,0.508983473504863,"Spn",1
"GO:0032292","peripheral nervous system axon ensheathment","1/512","32/28943",0.435296114657649,0.625943959125711,0.508983473504863,"Itgb4",1
"GO:0034389","lipid droplet organization","1/512","32/28943",0.435296114657649,0.625943959125711,0.508983473504863,"Pla2g4c",1
"GO:0039694","viral RNA genome replication","1/512","32/28943",0.435296114657649,0.625943959125711,0.508983473504863,"Hmga2",1
"GO:0043372","positive regulation of CD4-positive, alpha-beta T cell differentiation","1/512","32/28943",0.435296114657649,0.625943959125711,0.508983473504863,"Il6",1
"GO:0045742","positive regulation of epidermal growth factor receptor signaling pathway","1/512","32/28943",0.435296114657649,0.625943959125711,0.508983473504863,"Ereg",1
"GO:0048641","regulation of skeletal muscle tissue development","1/512","32/28943",0.435296114657649,0.625943959125711,0.508983473504863,"Wnt10b",1
"GO:0055022","negative regulation of cardiac muscle tissue growth","1/512","32/28943",0.435296114657649,0.625943959125711,0.508983473504863,"Rgs4",1
"GO:0061050","regulation of cell growth involved in cardiac muscle cell development","1/512","32/28943",0.435296114657649,0.625943959125711,0.508983473504863,"Rgs4",1
"GO:0061117","negative regulation of heart growth","1/512","32/28943",0.435296114657649,0.625943959125711,0.508983473504863,"Rgs4",1
"GO:0098810","neurotransmitter reuptake","1/512","32/28943",0.435296114657649,0.625943959125711,0.508983473504863,"Slc29a4",1
"GO:1902914","regulation of protein polyubiquitination","1/512","32/28943",0.435296114657649,0.625943959125711,0.508983473504863,"Ttc36",1
"GO:1904752","regulation of vascular associated smooth muscle cell migration","1/512","32/28943",0.435296114657649,0.625943959125711,0.508983473504863,"Tafa5",1
"GO:2000352","negative regulation of endothelial cell apoptotic process","1/512","32/28943",0.435296114657649,0.625943959125711,0.508983473504863,"Serpine1",1
"GO:0048762","mesenchymal cell differentiation","5/512","245/28943",0.436966038192372,0.628107704048165,0.510742912813052,"Fam83d/Grem1/Il6/Hmga2/Notch4",5
"GO:0050796","regulation of insulin secretion","4/512","191/28943",0.438000833245961,0.629119443899186,0.511565604455247,"Acsl4/Il6/Nr1h4/Birc5",4
"GO:1904064","positive regulation of cation transmembrane transport","4/512","191/28943",0.438000833245961,0.629119443899186,0.511565604455247,"P2rx7/Cxcl10/Ank3/Ccl2",4
"GO:0032272","negative regulation of protein polymerization","2/512","84/28943",0.439151099207831,0.630057539316292,0.512328412462125,"Stmn1/Slit2",2
"GO:0060191","regulation of lipase activity","2/512","84/28943",0.439151099207831,0.630057539316292,0.512328412462125,"Flt1/Ang2",2
"GO:1903510","mucopolysaccharide metabolic process","2/512","84/28943",0.439151099207831,0.630057539316292,0.512328412462125,"Cd44/Hmmr",2
"GO:0071559","response to transforming growth factor beta","5/512","246/28943",0.440419470811452,0.631638939277685,0.513614320623096,"Cited1/Serpine1/Dnmt1/Ccl2/Ltbp1",5
"GO:0007586","digestion","3/512","138/28943",0.442305380585436,0.634104470959965,0.515619156457659,"Abcb1a/Slco1a5/Cck",3
"GO:0002228","natural killer cell mediated immunity","2/512","85/28943",0.44513665171889,0.634326806388217,0.515799947496385,"Il18rap/Ulbp1",2
"GO:0045670","regulation of osteoclast differentiation","2/512","85/28943",0.44513665171889,0.634326806388217,0.515799947496385,"Inpp5d/Tnfrsf11b",2
"GO:0060411","cardiac septum morphogenesis","2/512","85/28943",0.44513665171889,0.634326806388217,0.515799947496385,"Slit2/Nsd2",2
"GO:0002230","positive regulation of defense response to virus by host","1/512","33/28943",0.445296750723343,0.634326806388217,0.515799947496385,"Cgas",1
"GO:0002438","acute inflammatory response to antigenic stimulus","1/512","33/28943",0.445296750723343,0.634326806388217,0.515799947496385,"Spn",1
"GO:0002834","regulation of response to tumor cell","1/512","33/28943",0.445296750723343,0.634326806388217,0.515799947496385,"Ulbp1",1
"GO:0006921","cellular component disassembly involved in execution phase of apoptosis","1/512","33/28943",0.445296750723343,0.634326806388217,0.515799947496385,"Il6",1
"GO:0007020","microtubule nucleation","1/512","33/28943",0.445296750723343,0.634326806388217,0.515799947496385,"Tpx2",1
"GO:0009156","ribonucleoside monophosphate biosynthetic process","1/512","33/28943",0.445296750723343,0.634326806388217,0.515799947496385,"Cda",1
"GO:0021952","central nervous system projection neuron axonogenesis","1/512","33/28943",0.445296750723343,0.634326806388217,0.515799947496385,"Slit2",1
"GO:0032673","regulation of interleukin-4 production","1/512","33/28943",0.445296750723343,0.634326806388217,0.515799947496385,"Syk",1
"GO:0045616","regulation of keratinocyte differentiation","1/512","33/28943",0.445296750723343,0.634326806388217,0.515799947496385,"Etv4",1
"GO:0050999","regulation of nitric-oxide synthase activity","1/512","33/28943",0.445296750723343,0.634326806388217,0.515799947496385,"Dhfr",1
"GO:0060669","embryonic placenta morphogenesis","1/512","33/28943",0.445296750723343,0.634326806388217,0.515799947496385,"Gjb5",1
"GO:0060740","prostate gland epithelium morphogenesis","1/512","33/28943",0.445296750723343,0.634326806388217,0.515799947496385,"Cd44",1
"GO:0061037","negative regulation of cartilage development","1/512","33/28943",0.445296750723343,0.634326806388217,0.515799947496385,"Grem1",1
"GO:1905314","semi-lunar valve development","1/512","33/28943",0.445296750723343,0.634326806388217,0.515799947496385,"Slit2",1
"GO:0007266","Rho protein signal transduction","3/512","139/28943",0.446936667647575,0.636186151402501,0.517311865408551,"Stmn1/Ripor2/Racgap1",3
"GO:0051588","regulation of neurotransmitter transport","3/512","139/28943",0.446936667647575,0.636186151402501,0.517311865408551,"P2rx7/Mctp2/Sncg",3
"GO:0009749","response to glucose","4/512","194/28943",0.449735884755895,0.639213395828752,0.519773455397172,"Ptprn/Nr1h4/Ang2/Birc5",4
"GO:0031644","regulation of nervous system process","4/512","194/28943",0.449735884755895,0.639213395828752,0.519773455397172,"Rgs4/Hgf/Il6/Cck",4
"GO:0050777","negative regulation of immune response","4/512","194/28943",0.449735884755895,0.639213395828752,0.519773455397172,"Inpp5d/Smpdl3b/Spn/Enpp3",4
"GO:0051099","positive regulation of binding","4/512","194/28943",0.449735884755895,0.639213395828752,0.519773455397172,"Stmn1/Cdt1/Hmgb2/Ripor2",4
"GO:0072507","divalent inorganic cation homeostasis","7/512","359/28943",0.450668187335463,0.639456244498777,0.519970926684822,"Mcub/P2rx7/Spp1/Cxcl10/Ank3/Mt2/Ccl2",7
"GO:0006094","gluconeogenesis","2/512","86/28943",0.451086420380711,0.639456244498777,0.519970926684822,"Il6/Aldoc",2
"GO:0010921","regulation of phosphatase activity","2/512","86/28943",0.451086420380711,0.639456244498777,0.519970926684822,"Mastl/Ripk3",2
"GO:0014015","positive regulation of gliogenesis","2/512","86/28943",0.451086420380711,0.639456244498777,0.519970926684822,"Flt1/Il6",2
"GO:0022406","membrane docking","2/512","86/28943",0.451086420380711,0.639456244498777,0.519970926684822,"Sytl2/Esyt3",2
"GO:0032729","positive regulation of interferon-gamma production","2/512","86/28943",0.451086420380711,0.639456244498777,0.519970926684822,"Tlr7/Ulbp1",2
"GO:0002698","negative regulation of immune effector process","3/512","140/28943",0.451552529792591,0.639456244498777,0.519970926684822,"Siglecg/Spn/Enpp3",3
"GO:0007030","Golgi organization","3/512","140/28943",0.451552529792591,0.639456244498777,0.519970926684822,"Atp8b4/Cdk1/Vrk1",3
"GO:0030177","positive regulation of Wnt signaling pathway","3/512","140/28943",0.451552529792591,0.639456244498777,0.519970926684822,"Aspm/Depdc1b/Wnt10b",3
"GO:1901654","response to ketone","4/512","195/28943",0.453630477848176,0.639456244498777,0.519970926684822,"Fancb/Ptgfr/Spp1/Blm",4
"GO:0050708","regulation of protein secretion","6/512","305/28943",0.454035357083682,0.639456244498777,0.519970926684822,"Acsl4/P2rx7/Il6/Nr1h4/Ang2/Birc5",6
"GO:0050769","positive regulation of neurogenesis","6/512","305/28943",0.454035357083682,0.639456244498777,0.519970926684822,"Aspm/Flt1/Xrcc2/Il6/Prl2c2/Cip2a",6
"GO:0010614","negative regulation of cardiac muscle hypertrophy","1/512","34/28943",0.455120620098288,0.639456244498777,0.519970926684822,"Rgs4",1
"GO:0016339","calcium-dependent cell-cell adhesion via plasma membrane cell adhesion molecules","1/512","34/28943",0.455120620098288,0.639456244498777,0.519970926684822,"Selp",1
"GO:0031294","lymphocyte costimulation","1/512","34/28943",0.455120620098288,0.639456244498777,0.519970926684822,"Spn",1
"GO:0032205","negative regulation of telomere maintenance","1/512","34/28943",0.455120620098288,0.639456244498777,0.519970926684822,"Pif1",1
"GO:0032607","interferon-alpha production","1/512","34/28943",0.455120620098288,0.639456244498777,0.519970926684822,"Tlr7",1
"GO:0035308","negative regulation of protein dephosphorylation","1/512","34/28943",0.455120620098288,0.639456244498777,0.519970926684822,"Mastl",1
"GO:0035929","steroid hormone secretion","1/512","34/28943",0.455120620098288,0.639456244498777,0.519970926684822,"Spp1",1
"GO:0045922","negative regulation of fatty acid metabolic process","1/512","34/28943",0.455120620098288,0.639456244498777,0.519970926684822,"Brca1",1
"GO:0048013","ephrin receptor signaling pathway","1/512","34/28943",0.455120620098288,0.639456244498777,0.519970926684822,"Anks1b",1
"GO:0048799","animal organ maturation","1/512","34/28943",0.455120620098288,0.639456244498777,0.519970926684822,"Grem1",1
"GO:0050482","arachidonic acid secretion","1/512","34/28943",0.455120620098288,0.639456244498777,0.519970926684822,"Syk",1
"GO:0055094","response to lipoprotein particle","1/512","34/28943",0.455120620098288,0.639456244498777,0.519970926684822,"Syk",1
"GO:0060117","auditory receptor cell development","1/512","34/28943",0.455120620098288,0.639456244498777,0.519970926684822,"Ripor2",1
"GO:0060402","calcium ion transport into cytosol","1/512","34/28943",0.455120620098288,0.639456244498777,0.519970926684822,"P2rx7",1
"GO:0060512","prostate gland morphogenesis","1/512","34/28943",0.455120620098288,0.639456244498777,0.519970926684822,"Cd44",1
"GO:0099560","synaptic membrane adhesion","1/512","34/28943",0.455120620098288,0.639456244498777,0.519970926684822,"Lrrc4c",1
"GO:1901186","positive regulation of ERBB signaling pathway","1/512","34/28943",0.455120620098288,0.639456244498777,0.519970926684822,"Ereg",1
"GO:1903205","regulation of hydrogen peroxide-induced cell death","1/512","34/28943",0.455120620098288,0.639456244498777,0.519970926684822,"Hgf",1
"GO:1903963","arachidonate transport","1/512","34/28943",0.455120620098288,0.639456244498777,0.519970926684822,"Syk",1
"GO:0043648","dicarboxylic acid metabolic process","2/512","87/28943",0.456999796861521,0.641622314500555,0.521732256620651,"Nr1h4/Dhfr",2
"GO:0061178","regulation of insulin secretion involved in cellular response to glucose stimulus","2/512","87/28943",0.456999796861521,0.641622314500555,0.521732256620651,"Nr1h4/Birc5",2
"GO:0019722","calcium-mediated signaling","4/512","196/28943",0.45751602808221,0.642109981088432,0.522128800480834,"Selp/Ptgfr/Siglecg/Syk",4
"GO:0006690","icosanoid metabolic process","3/512","142/28943",0.460736266296285,0.646390879873977,0.525609793789936,"Mgst2/Alox5ap/Syk",3
"GO:0006637","acyl-CoA metabolic process","2/512","88/28943",0.462876205446119,0.647958517343941,0.526884511043815,"Acsl4/Far1",2
"GO:0035383","thioester metabolic process","2/512","88/28943",0.462876205446119,0.647958517343941,0.526884511043815,"Acsl4/Far1",2
"GO:0043525","positive regulation of neuron apoptotic process","2/512","88/28943",0.462876205446119,0.647958517343941,0.526884511043815,"Mybl2/Nqo1",2
"GO:0072384","organelle transport along microtubule","2/512","88/28943",0.462876205446119,0.647958517343941,0.526884511043815,"Mreg/Kifc1",2
"GO:0120192","tight junction assembly","2/512","88/28943",0.462876205446119,0.647958517343941,0.526884511043815,"Cldn34c1/Ect2",2
"GO:1902893","regulation of miRNA transcription","2/512","88/28943",0.462876205446119,0.647958517343941,0.526884511043815,"Prl2c2/Fosl1",2
"GO:0001958","endochondral ossification","1/512","35/28943",0.464770841223532,0.647986336021954,0.526907131674874,"Col10a1",1
"GO:0003209","cardiac atrium morphogenesis","1/512","35/28943",0.464770841223532,0.647986336021954,0.526907131674874,"Nsd2",1
"GO:0006308","DNA catabolic process","1/512","35/28943",0.464770841223532,0.647986336021954,0.526907131674874,"Il6",1
"GO:0006767","water-soluble vitamin metabolic process","1/512","35/28943",0.464770841223532,0.647986336021954,0.526907131674874,"Dhfr",1
"GO:0009048","dosage compensation by inactivation of X chromosome","1/512","35/28943",0.464770841223532,0.647986336021954,0.526907131674874,"Brca1",1
"GO:0009112","nucleobase metabolic process","1/512","35/28943",0.464770841223532,0.647986336021954,0.526907131674874,"Urah",1
"GO:0014044","Schwann cell development","1/512","35/28943",0.464770841223532,0.647986336021954,0.526907131674874,"Itgb4",1
"GO:0036075","replacement ossification","1/512","35/28943",0.464770841223532,0.647986336021954,0.526907131674874,"Col10a1",1
"GO:0042278","purine nucleoside metabolic process","1/512","35/28943",0.464770841223532,0.647986336021954,0.526907131674874,"Urah",1
"GO:0090140","regulation of mitochondrial fission","1/512","35/28943",0.464770841223532,0.647986336021954,0.526907131674874,"Aurka",1
"GO:0090218","positive regulation of lipid kinase activity","1/512","35/28943",0.464770841223532,0.647986336021954,0.526907131674874,"Flt1",1
"GO:0043405","regulation of MAP kinase activity","4/512","198/28943",0.465258843569136,0.648253278250957,0.527124194530043,"P2rx7/Flt1/Map2k6/Syk",4
"GO:0014902","myotube differentiation","3/512","143/28943",0.465303313084393,0.648253278250957,0.527124194530043,"Cxcl10/Ripor2/Wnt10b",3
"GO:0050848","regulation of calcium-mediated signaling","2/512","89/28943",0.468715102076349,0.652767332635266,0.530794777250139,"Siglecg/Syk",2
"GO:0015931","nucleobase-containing compound transport","4/512","200/28943",0.472962071792181,0.655087048265997,0.5326810434279,"Ndc1/P2rx7/Slc29a4/Nup107",4
"GO:0045732","positive regulation of protein catabolic process","4/512","200/28943",0.472962071792181,0.655087048265997,0.5326810434279,"Dtl/Aurka/Cdc20/Plk1",4
"GO:0009154","purine ribonucleotide catabolic process","1/512","36/28943",0.474250477631915,0.655087048265997,0.5326810434279,"Urah",1
"GO:0010922","positive regulation of phosphatase activity","1/512","36/28943",0.474250477631915,0.655087048265997,0.5326810434279,"Ripk3",1
"GO:0014741","negative regulation of muscle hypertrophy","1/512","36/28943",0.474250477631915,0.655087048265997,0.5326810434279,"Rgs4",1
"GO:0032369","negative regulation of lipid transport","1/512","36/28943",0.474250477631915,0.655087048265997,0.5326810434279,"Acsl4",1
"GO:0032816","positive regulation of natural killer cell activation","1/512","36/28943",0.474250477631915,0.655087048265997,0.5326810434279,"Ulbp1",1
"GO:0033273","response to vitamin","1/512","36/28943",0.474250477631915,0.655087048265997,0.5326810434279,"Spp1",1
"GO:0042178","xenobiotic catabolic process","1/512","36/28943",0.474250477631915,0.655087048265997,0.5326810434279,"Gsta1",1
"GO:0043516","regulation of DNA damage response, signal transduction by p53 class mediator","1/512","36/28943",0.474250477631915,0.655087048265997,0.5326810434279,"Cd44",1
"GO:0048710","regulation of astrocyte differentiation","1/512","36/28943",0.474250477631915,0.655087048265997,0.5326810434279,"Hmga2",1
"GO:0051491","positive regulation of filopodium assembly","1/512","36/28943",0.474250477631915,0.655087048265997,0.5326810434279,"Ripor2",1
"GO:0070316","regulation of G0 to G1 transition","1/512","36/28943",0.474250477631915,0.655087048265997,0.5326810434279,"Orc1",1
"GO:0090183","regulation of kidney development","1/512","36/28943",0.474250477631915,0.655087048265997,0.5326810434279,"Grem1",1
"GO:0090312","positive regulation of protein deacetylation","1/512","36/28943",0.474250477631915,0.655087048265997,0.5326810434279,"Ripk3",1
"GO:2000515","negative regulation of CD4-positive, alpha-beta T cell activation","1/512","36/28943",0.474250477631915,0.655087048265997,0.5326810434279,"Cd44",1
"GO:0006112","energy reserve metabolic process","2/512","90/28943",0.474515973415191,0.655087048265997,0.5326810434279,"Pask/Adgrf5",2
"GO:0006835","dicarboxylic acid transport","2/512","90/28943",0.474515973415191,0.655087048265997,0.5326810434279,"P2rx7/Cck",2
"GO:0008593","regulation of Notch signaling pathway","2/512","90/28943",0.474515973415191,0.655087048265997,0.5326810434279,"Notch4/Dlk2",2
"GO:0019319","hexose biosynthetic process","2/512","90/28943",0.474515973415191,0.655087048265997,0.5326810434279,"Il6/Aldoc",2
"GO:0019915","lipid storage","2/512","90/28943",0.474515973415191,0.655087048265997,0.5326810434279,"Pla2g4c/Stard4",2
"GO:0045665","negative regulation of neuron differentiation","2/512","90/28943",0.474515973415191,0.655087048265997,0.5326810434279,"Aspm/Cit",2
"GO:0061614","miRNA transcription","2/512","90/28943",0.474515973415191,0.655087048265997,0.5326810434279,"Prl2c2/Fosl1",2
"GO:1900407","regulation of cellular response to oxidative stress","2/512","90/28943",0.474515973415191,0.655087048265997,0.5326810434279,"Hgf/Dhfr",2
"GO:0009150","purine ribonucleotide metabolic process","8/512","425/28943",0.479251563268718,0.658962284210482,0.535832173849272,"Acsl4/Npr1/P2rx7/Far1/Urah/Enpp3/Adcy7/Aldoc",8
"GO:0035023","regulation of Rho protein signal transduction","2/512","91/28943",0.480278335933961,0.658962284210482,0.535832173849272,"Stmn1/Ripor2",2
"GO:0050766","positive regulation of phagocytosis","2/512","91/28943",0.480278335933961,0.658962284210482,0.535832173849272,"Ptx3/Ccl2",2
"GO:0051937","catecholamine transport","2/512","91/28943",0.480278335933961,0.658962284210482,0.535832173849272,"Slc29a4/Sncg",2
"GO:0031056","regulation of histone modification","4/512","202/28943",0.480623538348493,0.658962284210482,0.535832173849272,"Phf19/Chek1/Dnmt1/Brca1",4
"GO:0046488","phosphatidylinositol metabolic process","3/512","147/28943",0.483396898349944,0.658962284210482,0.535832173849272,"Inpp5d/Mtmr11/Hycc1",3
"GO:0090101","negative regulation of transmembrane receptor protein serine/threonine kinase signaling pathway","3/512","147/28943",0.483396898349944,0.658962284210482,0.535832173849272,"Grem1/Tmprss6/Ltbp1",3
"GO:0120161","regulation of cold-induced thermogenesis","3/512","147/28943",0.483396898349944,0.658962284210482,0.535832173849272,"Map2k6/Syk/Wnt10b",3
"GO:0002724","regulation of T cell cytokine production","1/512","37/28943",0.483562538913005,0.658962284210482,0.535832173849272,"Il6",1
"GO:0006884","cell volume homeostasis","1/512","37/28943",0.483562538913005,0.658962284210482,0.535832173849272,"P2rx7",1
"GO:0007549","dosage compensation","1/512","37/28943",0.483562538913005,0.658962284210482,0.535832173849272,"Brca1",1
"GO:0009954","proximal/distal pattern formation","1/512","37/28943",0.483562538913005,0.658962284210482,0.535832173849272,"Grem1",1
"GO:0010923","negative regulation of phosphatase activity","1/512","37/28943",0.483562538913005,0.658962284210482,0.535832173849272,"Mastl",1
"GO:0016540","protein autoprocessing","1/512","37/28943",0.483562538913005,0.658962284210482,0.535832173849272,"Fam111a",1
"GO:0021591","ventricular system development","1/512","37/28943",0.483562538913005,0.658962284210482,0.535832173849272,"Cenpf",1
"GO:0033005","positive regulation of mast cell activation","1/512","37/28943",0.483562538913005,0.658962284210482,0.535832173849272,"Syk",1
"GO:0033146","regulation of intracellular estrogen receptor signaling pathway","1/512","37/28943",0.483562538913005,0.658962284210482,0.535832173849272,"Brca1",1
"GO:0033866","nucleoside bisphosphate biosynthetic process","1/512","37/28943",0.483562538913005,0.658962284210482,0.535832173849272,"Acsl4",1
"GO:0034030","ribonucleoside bisphosphate biosynthetic process","1/512","37/28943",0.483562538913005,0.658962284210482,0.535832173849272,"Acsl4",1
"GO:0034033","purine nucleoside bisphosphate biosynthetic process","1/512","37/28943",0.483562538913005,0.658962284210482,0.535832173849272,"Acsl4",1
"GO:0035329","hippo signaling","1/512","37/28943",0.483562538913005,0.658962284210482,0.535832173849272,"Cit",1
"GO:0035909","aorta morphogenesis","1/512","37/28943",0.483562538913005,0.658962284210482,0.535832173849272,"Notch4",1
"GO:0045023","G0 to G1 transition","1/512","37/28943",0.483562538913005,0.658962284210482,0.535832173849272,"Orc1",1
"GO:0045686","negative regulation of glial cell differentiation","1/512","37/28943",0.483562538913005,0.658962284210482,0.535832173849272,"Hmga2",1
"GO:0046825","regulation of protein export from nucleus","1/512","37/28943",0.483562538913005,0.658962284210482,0.535832173849272,"Bard1",1
"GO:0048846","axon extension involved in axon guidance","1/512","37/28943",0.483562538913005,0.658962284210482,0.535832173849272,"Slit2",1
"GO:0051953","negative regulation of amine transport","1/512","37/28943",0.483562538913005,0.658962284210482,0.535832173849272,"Rgs4",1
"GO:0060441","epithelial tube branching involved in lung morphogenesis","1/512","37/28943",0.483562538913005,0.658962284210482,0.535832173849272,"Hmga2",1
"GO:0061384","heart trabecula morphogenesis","1/512","37/28943",0.483562538913005,0.658962284210482,0.535832173849272,"S1pr1",1
"GO:0070266","necroptotic process","1/512","37/28943",0.483562538913005,0.658962284210482,0.535832173849272,"Ripk3",1
"GO:0070542","response to fatty acid","1/512","37/28943",0.483562538913005,0.658962284210482,0.535832173849272,"Nr1h4",1
"GO:0070873","regulation of glycogen metabolic process","1/512","37/28943",0.483562538913005,0.658962284210482,0.535832173849272,"Pask",1
"GO:0071364","cellular response to epidermal growth factor stimulus","1/512","37/28943",0.483562538913005,0.658962284210482,0.535832173849272,"Knstrn",1
"GO:0071402","cellular response to lipoprotein particle stimulus","1/512","37/28943",0.483562538913005,0.658962284210482,0.535832173849272,"Syk",1
"GO:1902284","neuron projection extension involved in neuron projection guidance","1/512","37/28943",0.483562538913005,0.658962284210482,0.535832173849272,"Slit2",1
"GO:1904738","vascular associated smooth muscle cell migration","1/512","37/28943",0.483562538913005,0.658962284210482,0.535832173849272,"Tafa5",1
"GO:0006575","cellular modified amino acid metabolic process","4/512","203/28943",0.484437954592682,0.659446152295516,0.536225628974205,"Mgst2/Tyms/Gsta1/Dhfr",4
"GO:0031334","positive regulation of protein-containing complex assembly","4/512","203/28943",0.484437954592682,0.659446152295516,0.536225628974205,"Cdt1/Cck/Syk/Wnt10b",4
"GO:0046578","regulation of Ras protein signal transduction","4/512","203/28943",0.484437954592682,0.659446152295516,0.536225628974205,"Kif14/Stmn1/Foxm1/Ripor2",4
"GO:0006096","glycolytic process","2/512","92/28943",0.486001735022079,0.659920927340695,0.536611690135281,"P2rx7/Aldoc",2
"GO:0032024","positive regulation of insulin secretion","2/512","92/28943",0.486001735022079,0.659920927340695,0.536611690135281,"Acsl4/Nr1h4",2
"GO:0035050","embryonic heart tube development","2/512","92/28943",0.486001735022079,0.659920927340695,0.536611690135281,"Sox18/Stil",2
"GO:0035082","axoneme assembly","2/512","92/28943",0.486001735022079,0.659920927340695,0.536611690135281,"Cfap69/Mns1",2
"GO:0043242","negative regulation of protein-containing complex disassembly","2/512","92/28943",0.486001735022079,0.659920927340695,0.536611690135281,"Tpx2/Ckap2",2
"GO:0043297","apical junction assembly","2/512","92/28943",0.486001735022079,0.659920927340695,0.536611690135281,"Cldn34c1/Ect2",2
"GO:2001259","positive regulation of cation channel activity","2/512","92/28943",0.486001735022079,0.659920927340695,0.536611690135281,"Ank3/Ccl2",2
"GO:0072594","establishment of protein localization to organelle","8/512","428/28943",0.487128047747812,0.661214151209276,0.537663269221641,"Ect2/Brca2/Il6/Nup107/Cdk1/Brca1/Kpna2/Syk",8
"GO:0001508","action potential","3/512","148/28943",0.487874799844884,0.661283418541978,0.537719593637085,"P2rx7/Ank3/Gna14",3
"GO:0050729","positive regulation of inflammatory response","3/512","148/28943",0.487874799844884,0.661283418541978,0.537719593637085,"Alox5ap/Serpine1/Il6",3
"GO:1903038","negative regulation of leukocyte cell-cell adhesion","3/512","148/28943",0.487874799844884,0.661283418541978,0.537719593637085,"Cd44/Spn/Ripor2",3
"GO:1904019","epithelial cell apoptotic process","3/512","148/28943",0.487874799844884,0.661283418541978,0.537719593637085,"E2f2/Serpine1/Ccl2",3
"GO:0006520","cellular amino acid metabolic process","5/512","260/28943",0.488150210467641,0.661420919528857,0.537831401937001,"Bcat1/Nr1h4/Hmgcll1/Ttc36/Dhfr",5
"GO:0006757","ATP generation from ADP","2/512","93/28943",0.491685744118907,0.663109150540005,0.539204179278495,"P2rx7/Aldoc",2
"GO:0043367","CD4-positive, alpha-beta T cell differentiation","2/512","93/28943",0.491685744118907,0.663109150540005,0.539204179278495,"Il6/Spn",2
"GO:0045104","intermediate filament cytoskeleton organization","2/512","93/28943",0.491685744118907,0.663109150540005,0.539204179278495,"Krt15/Krt16",2
"GO:1901379","regulation of potassium ion transmembrane transport","2/512","93/28943",0.491685744118907,0.663109150540005,0.539204179278495,"Rgs4/Ank3",2
"GO:0046890","regulation of lipid biosynthetic process","4/512","205/28943",0.492032886025803,0.663109150540005,0.539204179278495,"Nr1h4/Brca1/Adgrf5/Stard4",4
"GO:0106106","cold-induced thermogenesis","3/512","149/28943",0.492333803717204,0.663109150540005,0.539204179278495,"Map2k6/Syk/Wnt10b",3
"GO:0001953","negative regulation of cell-matrix adhesion","1/512","38/28943",0.492709981661103,0.663109150540005,0.539204179278495,"Serpine1",1
"GO:0009069","serine family amino acid metabolic process","1/512","38/28943",0.492709981661103,0.663109150540005,0.539204179278495,"Dhfr",1
"GO:0009303","rRNA transcription","1/512","38/28943",0.492709981661103,0.663109150540005,0.539204179278495,"Ang2",1
"GO:0022617","extracellular matrix disassembly","1/512","38/28943",0.492709981661103,0.663109150540005,0.539204179278495,"Il6",1
"GO:0031281","positive regulation of cyclase activity","1/512","38/28943",0.492709981661103,0.663109150540005,0.539204179278495,"Adcy7",1
"GO:0032692","negative regulation of interleukin-1 production","1/512","38/28943",0.492709981661103,0.663109150540005,0.539204179278495,"Nr1h4",1
"GO:0034381","plasma lipoprotein particle clearance","1/512","38/28943",0.492709981661103,0.663109150540005,0.539204179278495,"Nr1h4",1
"GO:0036474","cell death in response to hydrogen peroxide","1/512","38/28943",0.492709981661103,0.663109150540005,0.539204179278495,"Hgf",1
"GO:0046686","response to cadmium ion","1/512","38/28943",0.492709981661103,0.663109150540005,0.539204179278495,"Mt2",1
"GO:0055090","acylglycerol homeostasis","1/512","38/28943",0.492709981661103,0.663109150540005,0.539204179278495,"Nr1h4",1
"GO:0070328","triglyceride homeostasis","1/512","38/28943",0.492709981661103,0.663109150540005,0.539204179278495,"Nr1h4",1
"GO:0071634","regulation of transforming growth factor beta production","1/512","38/28943",0.492709981661103,0.663109150540005,0.539204179278495,"Ltbp1",1
"GO:1903580","positive regulation of ATP metabolic process","1/512","38/28943",0.492709981661103,0.663109150540005,0.539204179278495,"P2rx7",1
"GO:0019233","sensory perception of pain","3/512","150/28943",0.496773578763584,0.668107562509988,0.543268615158735,"P2rx7/Cck/Ccl2",3
"GO:0030111","regulation of Wnt signaling pathway","6/512","319/28943",0.496994977696269,0.668107562509988,0.543268615158735,"Tnn/Aspm/Grem1/Hmga2/Depdc1b/Wnt10b",6
"GO:0042475","odontogenesis of dentin-containing tooth","2/512","94/28943",0.497329963867148,0.668107562509988,0.543268615158735,"Serpine1/Tnfrsf11b",2
"GO:0045103","intermediate filament-based process","2/512","94/28943",0.497329963867148,0.668107562509988,0.543268615158735,"Krt15/Krt16",2
"GO:0120193","tight junction organization","2/512","94/28943",0.497329963867148,0.668107562509988,0.543268615158735,"Cldn34c1/Ect2",2
"GO:0071805","potassium ion transmembrane transport","4/512","207/28943",0.499580987320563,0.668107562509988,0.543268615158735,"Rgs4/Kcna4/Ank3/Kcnk10",4
"GO:0072503","cellular divalent inorganic cation homeostasis","6/512","320/28943",0.500021998880115,0.668107562509988,0.543268615158735,"Mcub/P2rx7/Spp1/Cxcl10/Mt2/Ccl2",6
"GO:0031333","negative regulation of protein-containing complex assembly","3/512","151/28943",0.501193804215286,0.668107562509988,0.543268615158735,"Kif14/Stmn1/Slit2",3
"GO:1990778","protein localization to cell periphery","7/512","377/28943",0.501513015251726,0.668107562509988,0.543268615158735,"Sapcd2/Hycc1/Sytl2/Plk1/Pkp3/Ank3/Ank1",7
"GO:0006775","fat-soluble vitamin metabolic process","1/512","39/28943",0.501695710406632,0.668107562509988,0.543268615158735,"Nqo1",1
"GO:0009167","purine ribonucleoside monophosphate metabolic process","1/512","39/28943",0.501695710406632,0.668107562509988,0.543268615158735,"Urah",1
"GO:0014823","response to activity","1/512","39/28943",0.501695710406632,0.668107562509988,0.543268615158735,"Il6",1
"GO:0018208","peptidyl-proline modification","1/512","39/28943",0.501695710406632,0.668107562509988,0.543268615158735,"Ppih",1
"GO:0021983","pituitary gland development","1/512","39/28943",0.501695710406632,0.668107562509988,0.543268615158735,"Hmga2",1
"GO:0030201","heparan sulfate proteoglycan metabolic process","1/512","39/28943",0.501695710406632,0.668107562509988,0.543268615158735,"Pxylp1",1
"GO:0032885","regulation of polysaccharide biosynthetic process","1/512","39/28943",0.501695710406632,0.668107562509988,0.543268615158735,"Pask",1
"GO:0033032","regulation of myeloid cell apoptotic process","1/512","39/28943",0.501695710406632,0.668107562509988,0.543268615158735,"Cd44",1
"GO:0033238","regulation of cellular amine metabolic process","1/512","39/28943",0.501695710406632,0.668107562509988,0.543268615158735,"Nr1h4",1
"GO:0035066","positive regulation of histone acetylation","1/512","39/28943",0.501695710406632,0.668107562509988,0.543268615158735,"Brca1",1
"GO:0042832","defense response to protozoan","1/512","39/28943",0.501695710406632,0.668107562509988,0.543268615158735,"Il6",1
"GO:0043304","regulation of mast cell degranulation","1/512","39/28943",0.501695710406632,0.668107562509988,0.543268615158735,"Syk",1
"GO:0045622","regulation of T-helper cell differentiation","1/512","39/28943",0.501695710406632,0.668107562509988,0.543268615158735,"Il6",1
"GO:0050654","chondroitin sulfate proteoglycan metabolic process","1/512","39/28943",0.501695710406632,0.668107562509988,0.543268615158735,"Pxylp1",1
"GO:0051125","regulation of actin nucleation","1/512","39/28943",0.501695710406632,0.668107562509988,0.543268615158735,"Gmfg",1
"GO:0051349","positive regulation of lyase activity","1/512","39/28943",0.501695710406632,0.668107562509988,0.543268615158735,"Adcy7",1
"GO:0060674","placenta blood vessel development","1/512","39/28943",0.501695710406632,0.668107562509988,0.543268615158735,"Fosl1",1
"GO:0070528","protein kinase C signaling","1/512","39/28943",0.501695710406632,0.668107562509988,0.543268615158735,"Ang2",1
"GO:0070570","regulation of neuron projection regeneration","1/512","39/28943",0.501695710406632,0.668107562509988,0.543268615158735,"Hgf",1
"GO:0071320","cellular response to cAMP","1/512","39/28943",0.501695710406632,0.668107562509988,0.543268615158735,"Wnt10b",1
"GO:1901661","quinone metabolic process","1/512","39/28943",0.501695710406632,0.668107562509988,0.543268615158735,"Nqo1",1
"GO:0006140","regulation of nucleotide metabolic process","2/512","95/28943",0.502934021287326,0.66881956940693,0.543847580317327,"Cda/P2rx7",2
"GO:0044272","sulfur compound biosynthetic process","2/512","95/28943",0.502934021287326,0.66881956940693,0.543847580317327,"Acsl4/Mgst2",2
"GO:0051341","regulation of oxidoreductase activity","2/512","95/28943",0.502934021287326,0.66881956940693,0.543847580317327,"Ripk3/Dhfr",2
"GO:1901983","regulation of protein acetylation","2/512","95/28943",0.502934021287326,0.66881956940693,0.543847580317327,"Chek1/Brca1",2
"GO:0019827","stem cell population maintenance","4/512","208/28943",0.50333688520382,0.669121271868855,0.544092908297247,"Aspm/Phf19/Fancd2/Hmga2",4
"GO:0003231","cardiac ventricle development","3/512","152/28943",0.505594169600159,0.671887113883189,0.546341940107679,"Slit2/Nsd2/Ltbp1",3
"GO:0022408","negative regulation of cell-cell adhesion","4/512","209/28943",0.507080376017105,0.672939821114429,0.547197944188122,"Cd44/Spn/Ripor2/Notch4",4
"GO:0007044","cell-substrate junction assembly","2/512","96/28943",0.50849756897286,0.672939821114429,0.547197944188122,"Grem1/Itgb4",2
"GO:0009063","cellular amino acid catabolic process","2/512","96/28943",0.50849756897286,0.672939821114429,0.547197944188122,"Bcat1/Hmgcll1",2
"GO:0010717","regulation of epithelial to mesenchymal transition","2/512","96/28943",0.50849756897286,0.672939821114429,0.547197944188122,"Grem1/Il6",2
"GO:0032651","regulation of interleukin-1 beta production","2/512","96/28943",0.50849756897286,0.672939821114429,0.547197944188122,"P2rx7/Il6",2
"GO:0035304","regulation of protein dephosphorylation","2/512","96/28943",0.50849756897286,0.672939821114429,0.547197944188122,"Mastl/Cdca2",2
"GO:0044344","cellular response to fibroblast growth factor stimulus","2/512","96/28943",0.50849756897286,0.672939821114429,0.547197944188122,"Cd44/Shcbp1",2
"GO:1901879","regulation of protein depolymerization","2/512","96/28943",0.50849756897286,0.672939821114429,0.547197944188122,"Tpx2/Ckap2",2
"GO:0001835","blastocyst hatching","1/512","40/28943",0.510522578531176,0.672939821114429,0.547197944188122,"Asf1b",1
"GO:0002861","regulation of inflammatory response to antigenic stimulus","1/512","40/28943",0.510522578531176,0.672939821114429,0.547197944188122,"Spn",1
"GO:0006195","purine nucleotide catabolic process","1/512","40/28943",0.510522578531176,0.672939821114429,0.547197944188122,"Urah",1
"GO:0010591","regulation of lamellipodium assembly","1/512","40/28943",0.510522578531176,0.672939821114429,0.547197944188122,"Slit2",1
"GO:0021680","cerebellar Purkinje cell layer development","1/512","40/28943",0.510522578531176,0.672939821114429,0.547197944188122,"Kif14",1
"GO:0032094","response to food","1/512","40/28943",0.510522578531176,0.672939821114429,0.547197944188122,"Cck",1
"GO:0032633","interleukin-4 production","1/512","40/28943",0.510522578531176,0.672939821114429,0.547197944188122,"Syk",1
"GO:0035188","hatching","1/512","40/28943",0.510522578531176,0.672939821114429,0.547197944188122,"Asf1b",1
"GO:0043302","positive regulation of leukocyte degranulation","1/512","40/28943",0.510522578531176,0.672939821114429,0.547197944188122,"Syk",1
"GO:0060351","cartilage development involved in endochondral bone morphogenesis","1/512","40/28943",0.510522578531176,0.672939821114429,0.547197944188122,"Poc1a",1
"GO:0070849","response to epidermal growth factor","1/512","40/28943",0.510522578531176,0.672939821114429,0.547197944188122,"Knstrn",1
"GO:0071604","transforming growth factor beta production","1/512","40/28943",0.510522578531176,0.672939821114429,0.547197944188122,"Ltbp1",1
"GO:0071684","organism emergence from protective structure","1/512","40/28943",0.510522578531176,0.672939821114429,0.547197944188122,"Asf1b",1
"GO:1904707","positive regulation of vascular associated smooth muscle cell proliferation","1/512","40/28943",0.510522578531176,0.672939821114429,0.547197944188122,"Dnmt1",1
"GO:1905332","positive regulation of morphogenesis of an epithelium","1/512","40/28943",0.510522578531176,0.672939821114429,0.547197944188122,"Grem1",1
"GO:1902107","positive regulation of leukocyte differentiation","4/512","210/28943",0.510811237174183,0.672939821114429,0.547197944188122,"Inpp5d/Il6/Syk/Wnt10b",4
"GO:1903708","positive regulation of hemopoiesis","4/512","210/28943",0.510811237174183,0.672939821114429,0.547197944188122,"Inpp5d/Il6/Syk/Wnt10b",4
"GO:0009895","negative regulation of catabolic process","6/512","324/28943",0.512065581215355,0.674358621330371,0.548351635108198,"Timp1/Mad2l1/Pkp3/Nqo1/Pbk/Ttc36",6
"GO:0021954","central nervous system neuron development","2/512","97/28943",0.514020284305272,0.676464216313134,0.550063790058328,"Slit2/Ttc36",2
"GO:0046364","monosaccharide biosynthetic process","2/512","97/28943",0.514020284305272,0.676464216313134,0.550063790058328,"Il6/Aldoc",2
"GO:0009260","ribonucleotide biosynthetic process","4/512","212/28943",0.518234205288896,0.678977691562674,0.55210761098579,"Acsl4/Npr1/Cda/Adcy7",4
"GO:0042113","B cell activation","8/512","440/28943",0.518291483204451,0.678977691562674,0.55210761098579,"Exo1/Inpp5d/Hmgb3/Nsd2/Il6/Siglecg/Atad5/Syk",8
"GO:0001504","neurotransmitter uptake","1/512","41/28943",0.519193389166474,0.678977691562674,0.55210761098579,"Slc29a4",1
"GO:0002335","mature B cell differentiation","1/512","41/28943",0.519193389166474,0.678977691562674,0.55210761098579,"Il6",1
"GO:0003230","cardiac atrium development","1/512","41/28943",0.519193389166474,0.678977691562674,0.55210761098579,"Nsd2",1
"GO:0006953","acute-phase response","1/512","41/28943",0.519193389166474,0.678977691562674,0.55210761098579,"Il6",1
"GO:0010939","regulation of necrotic cell death","1/512","41/28943",0.519193389166474,0.678977691562674,0.55210761098579,"Ripk3",1
"GO:0032365","intracellular lipid transport","1/512","41/28943",0.519193389166474,0.678977691562674,0.55210761098579,"Stard4",1
"GO:0032689","negative regulation of interferon-gamma production","1/512","41/28943",0.519193389166474,0.678977691562674,0.55210761098579,"Nr1h4",1
"GO:0043551","regulation of phosphatidylinositol 3-kinase activity","1/512","41/28943",0.519193389166474,0.678977691562674,0.55210761098579,"Flt1",1
"GO:0048520","positive regulation of behavior","1/512","41/28943",0.519193389166474,0.678977691562674,0.55210761098579,"Cck",1
"GO:0051154","negative regulation of striated muscle cell differentiation","1/512","41/28943",0.519193389166474,0.678977691562674,0.55210761098579,"Rgs4",1
"GO:0051968","positive regulation of synaptic transmission, glutamatergic","1/512","41/28943",0.519193389166474,0.678977691562674,0.55210761098579,"Ccl2",1
"GO:0060259","regulation of feeding behavior","1/512","41/28943",0.519193389166474,0.678977691562674,0.55210761098579,"Cck",1
"GO:1904037","positive regulation of epithelial cell apoptotic process","1/512","41/28943",0.519193389166474,0.678977691562674,0.55210761098579,"Ccl2",1
"GO:2000249","regulation of actin cytoskeleton reorganization","1/512","41/28943",0.519193389166474,0.678977691562674,0.55210761098579,"Gmfg",1
"GO:2000463","positive regulation of excitatory postsynaptic potential","1/512","41/28943",0.519193389166474,0.678977691562674,0.55210761098579,"Rgs4",1
"GO:0071774","response to fibroblast growth factor","2/512","98/28943",0.519501868689063,0.678977691562674,0.55210761098579,"Cd44/Shcbp1",2
"GO:0090305","nucleic acid phosphodiester bond hydrolysis","2/512","98/28943",0.519501868689063,0.678977691562674,0.55210761098579,"Atad5/Fen1",2
"GO:1901222","regulation of NIK/NF-kappaB signaling","2/512","98/28943",0.519501868689063,0.678977691562674,0.55210761098579,"Grem1/Tlr7",2
"GO:0098727","maintenance of cell number","4/512","213/28943",0.521925892088794,0.681911423272026,0.554493161535464,"Aspm/Phf19/Fancd2/Hmga2",4
"GO:0008643","carbohydrate transport","3/512","156/28943",0.522991173632278,0.682833943045989,0.555243304279207,"Tmem144/Slc2a5/Slc37a2",3
"GO:0070646","protein modification by small protein removal","3/512","156/28943",0.522991173632278,0.682833943045989,0.555243304279207,"Bard1/Brca1/Epop",3
"GO:0019935","cyclic-nucleotide-mediated signaling","2/512","99/28943",0.524942046805817,0.684206260526471,0.556359197975095,"Npr1/Cgas",2
"GO:0045576","mast cell activation","2/512","99/28943",0.524942046805817,0.684206260526471,0.556359197975095,"Enpp3/Syk",2
"GO:0062207","regulation of pattern recognition receptor signaling pathway","2/512","99/28943",0.524942046805817,0.684206260526471,0.556359197975095,"Ptgs2os/Smpdl3b",2
"GO:0140029","exocytic process","2/512","99/28943",0.524942046805817,0.684206260526471,0.556359197975095,"Sytl2/Syk",2
"GO:1902882","regulation of response to oxidative stress","2/512","99/28943",0.524942046805817,0.684206260526471,0.556359197975095,"Hgf/Dhfr",2
"GO:0014037","Schwann cell differentiation","1/512","42/28943",0.527710896077649,0.685199318203256,0.557166698292578,"Itgb4",1
"GO:0014059","regulation of dopamine secretion","1/512","42/28943",0.527710896077649,0.685199318203256,0.557166698292578,"Sncg",1
"GO:0034661","ncRNA catabolic process","1/512","42/28943",0.527710896077649,0.685199318203256,0.557166698292578,"Slfn9",1
"GO:0038084","vascular endothelial growth factor signaling pathway","1/512","42/28943",0.527710896077649,0.685199318203256,0.557166698292578,"Adamts3",1
"GO:0040018","positive regulation of multicellular organism growth","1/512","42/28943",0.527710896077649,0.685199318203256,0.557166698292578,"Hmga2",1
"GO:0043001","Golgi to plasma membrane protein transport","1/512","42/28943",0.527710896077649,0.685199318203256,0.557166698292578,"Ank3",1
"GO:0060219","camera-type eye photoreceptor cell differentiation","1/512","42/28943",0.527710896077649,0.685199318203256,0.557166698292578,"Rpgrip1",1
"GO:0072595","maintenance of protein localization in organelle","1/512","42/28943",0.527710896077649,0.685199318203256,0.557166698292578,"Bard1",1
"GO:0090175","regulation of establishment of planar polarity","1/512","42/28943",0.527710896077649,0.685199318203256,0.557166698292578,"Sapcd2",1
"GO:1900744","regulation of p38MAPK cascade","1/512","42/28943",0.527710896077649,0.685199318203256,0.557166698292578,"Hgf",1
"GO:0002274","myeloid leukocyte activation","5/512","272/28943",0.527866597321761,0.685199318203256,0.557166698292578,"Il18rap/Ulbp1/Enpp3/Syk/Adgrf5",5
"GO:0044403","biological process involved in symbiotic interaction","5/512","272/28943",0.527866597321761,0.685199318203256,0.557166698292578,"Trim59/Ptx3/Cxcl5/Cxcl1/Hmga2",5
"GO:0006970","response to osmotic stress","2/512","100/28943",0.530340565887085,0.688175710410477,0.559586938031388,"Abcb1a/Abcb1b",2
"GO:0030099","myeloid cell differentiation","8/512","445/28943",0.531088212821595,0.688711910267407,0.560022946497792,"Inpp5d/Hmgb3/Ank1/Hmgb2/Hba-a1/Ncapg2/Tnfrsf11b/Adgrf5",8
"GO:0048588","developmental cell growth","5/512","273/28943",0.531116075987385,0.688711910267407,0.560022946497792,"Tnn/Rgs4/Aurka/Slit2/Ang2",5
"GO:0006898","receptor-mediated endocytosis","5/512","274/28943",0.534355555809845,0.690670217833477,0.56161533535727,"Cd44/Grem1/Serpine1/Hmmr/Syk",5
"GO:0031638","zymogen activation","2/512","101/28943",0.535697195005632,0.690670217833477,0.56161533535727,"Dhcr24/Serpine1",2
"GO:0036473","cell death in response to oxidative stress","2/512","101/28943",0.535697195005632,0.690670217833477,0.56161533535727,"Melk/Hgf",2
"GO:0046031","ADP metabolic process","2/512","101/28943",0.535697195005632,0.690670217833477,0.56161533535727,"P2rx7/Aldoc",2
"GO:0001838","embryonic epithelial tube formation","3/512","159/28943",0.535816663796511,0.690670217833477,0.56161533535727,"Grem1/Stil/Kif20b",3
"GO:0002021","response to dietary excess","1/512","43/28943",0.536077804530929,0.690670217833477,0.56161533535727,"Vgf",1
"GO:0006778","porphyrin-containing compound metabolic process","1/512","43/28943",0.536077804530929,0.690670217833477,0.56161533535727,"Ank1",1
"GO:0032735","positive regulation of interleukin-12 production","1/512","43/28943",0.536077804530929,0.690670217833477,0.56161533535727,"Syk",1
"GO:0045601","regulation of endothelial cell differentiation","1/512","43/28943",0.536077804530929,0.690670217833477,0.56161533535727,"Notch4",1
"GO:0045823","positive regulation of heart contraction","1/512","43/28943",0.536077804530929,0.690670217833477,0.56161533535727,"Rgs4",1
"GO:0045880","positive regulation of smoothened signaling pathway","1/512","43/28943",0.536077804530929,0.690670217833477,0.56161533535727,"Tedc1",1
"GO:0045981","positive regulation of nucleotide metabolic process","1/512","43/28943",0.536077804530929,0.690670217833477,0.56161533535727,"P2rx7",1
"GO:0048873","homeostasis of number of cells within a tissue","1/512","43/28943",0.536077804530929,0.690670217833477,0.56161533535727,"P2rx7",1
"GO:0050919","negative chemotaxis","1/512","43/28943",0.536077804530929,0.690670217833477,0.56161533535727,"Slit2",1
"GO:0051281","positive regulation of release of sequestered calcium ion into cytosol","1/512","43/28943",0.536077804530929,0.690670217833477,0.56161533535727,"Cxcl10",1
"GO:0060563","neuroepithelial cell differentiation","1/512","43/28943",0.536077804530929,0.690670217833477,0.56161533535727,"Serpine1",1
"GO:1900544","positive regulation of purine nucleotide metabolic process","1/512","43/28943",0.536077804530929,0.690670217833477,0.56161533535727,"P2rx7",1
"GO:1902116","negative regulation of organelle assembly","1/512","43/28943",0.536077804530929,0.690670217833477,0.56161533535727,"Kif24",1
"GO:2000516","positive regulation of CD4-positive, alpha-beta T cell activation","1/512","43/28943",0.536077804530929,0.690670217833477,0.56161533535727,"Il6",1
"GO:0006164","purine nucleotide biosynthetic process","4/512","217/28943",0.536555985362225,0.691052119358801,0.561925876839558,"Acsl4/Npr1/Dck/Adcy7",4
"GO:0007613","memory","3/512","160/28943",0.540048161301755,0.694901386064372,0.565055890492832,"Ttc36/Cck/Fen1",3
"GO:0003341","cilium movement","4/512","218/28943",0.540178392567656,0.694901386064372,0.565055890492832,"Rhox5/Cfap69/Rnase10/Mns1",4
"GO:0048639","positive regulation of developmental growth","4/512","218/28943",0.540178392567656,0.694901386064372,0.565055890492832,"Serpine1/Hmga2/Cdk1/Ccnb1",4
"GO:0043543","protein acylation","5/512","276/28943",0.540803935712808,0.694901386064372,0.565055890492832,"Brca2/Esco2/Chek1/Brca1/Dscc1",5
"GO:0032611","interleukin-1 beta production","2/512","102/28943",0.541011724384611,0.694901386064372,0.565055890492832,"P2rx7/Il6",2
"GO:0099565","chemical synaptic transmission, postsynaptic","2/512","102/28943",0.541011724384611,0.694901386064372,0.565055890492832,"Rgs4/Anks1b",2
"GO:0150115","cell-substrate junction organization","2/512","102/28943",0.541011724384611,0.694901386064372,0.565055890492832,"Grem1/Itgb4",2
"GO:2000628","regulation of miRNA metabolic process","2/512","102/28943",0.541011724384611,0.694901386064372,0.565055890492832,"Prl2c2/Fosl1",2
"GO:0006816","calcium ion transport","8/512","449/28943",0.541234965044963,0.694901386064372,0.565055890492832,"Rgs4/Mcub/Gja4/P2rx7/Cxcl10/Serpine1/Ccl2/Trpm6",8
"GO:0001666","response to hypoxia","4/512","219/28943",0.543786389034101,0.694901386064372,0.565055890492832,"Suv39h2/Flt1/Tacc3/Ang2",4
"GO:0045216","cell-cell junction organization","4/512","219/28943",0.543786389034101,0.694901386064372,0.565055890492832,"Cldn34c1/Ect2/Pkp3/Nr1h4",4
"GO:0001782","B cell homeostasis","1/512","44/28943",0.54429677214616,0.694901386064372,0.565055890492832,"Cd44",1
"GO:0005978","glycogen biosynthetic process","1/512","44/28943",0.54429677214616,0.694901386064372,0.565055890492832,"Pask",1
"GO:0009250","glucan biosynthetic process","1/512","44/28943",0.54429677214616,0.694901386064372,0.565055890492832,"Pask",1
"GO:0014046","dopamine secretion","1/512","44/28943",0.54429677214616,0.694901386064372,0.565055890492832,"Sncg",1
"GO:0034314","Arp2/3 complex-mediated actin nucleation","1/512","44/28943",0.54429677214616,0.694901386064372,0.565055890492832,"Gmfg",1
"GO:0035886","vascular associated smooth muscle cell differentiation","1/512","44/28943",0.54429677214616,0.694901386064372,0.565055890492832,"Dnmt1",1
"GO:0046461","neutral lipid catabolic process","1/512","44/28943",0.54429677214616,0.694901386064372,0.565055890492832,"Pnliprp2",1
"GO:0046464","acylglycerol catabolic process","1/512","44/28943",0.54429677214616,0.694901386064372,0.565055890492832,"Pnliprp2",1
"GO:0046621","negative regulation of organ growth","1/512","44/28943",0.54429677214616,0.694901386064372,0.565055890492832,"Rgs4",1
"GO:0048854","brain morphogenesis","1/512","44/28943",0.54429677214616,0.694901386064372,0.565055890492832,"Fancd2",1
"GO:0050691","regulation of defense response to virus by host","1/512","44/28943",0.54429677214616,0.694901386064372,0.565055890492832,"Cgas",1
"GO:0050918","positive chemotaxis","1/512","44/28943",0.54429677214616,0.694901386064372,0.565055890492832,"S1pr1",1
"GO:0060964","regulation of miRNA-mediated gene silencing","1/512","44/28943",0.54429677214616,0.694901386064372,0.565055890492832,"Il6",1
"GO:0085029","extracellular matrix assembly","1/512","44/28943",0.54429677214616,0.694901386064372,0.565055890492832,"Ntn4",1
"GO:1901998","toxin transport","1/512","44/28943",0.54429677214616,0.694901386064372,0.565055890492832,"Slc29a4",1
"GO:0046330","positive regulation of JNK cascade","2/512","103/28943",0.546283964724274,0.697204308117386,0.56692850104952,"Traf1/Lmnb1",2
"GO:0007224","smoothened signaling pathway","3/512","162/28943",0.548444299225384,0.699726585790238,0.568979479627324,"Stil/Tedc1/Wnt10b",3
"GO:0015980","energy derivation by oxidation of organic compounds","6/512","337/28943",0.550408710658267,0.700806399455155,0.569857525180595,"Pask/Mtfr2/Cdk1/Slc37a2/Ccnb1/Adgrf5",6
"GO:0030258","lipid modification","4/512","221/28943",0.550958458909026,0.700806399455155,0.569857525180595,"Inpp5d/Mtmr11/Pla2g7/Stard4",4
"GO:0046390","ribose phosphate biosynthetic process","4/512","221/28943",0.550958458909026,0.700806399455155,0.569857525180595,"Acsl4/Npr1/Cda/Adcy7",4
"GO:1903828","negative regulation of protein localization","4/512","221/28943",0.550958458909026,0.700806399455155,0.569857525180595,"Bard1/Sapcd2/Cdt1/Ripor2",4
"GO:0030510","regulation of BMP signaling pathway","2/512","104/28943",0.551513746545795,0.700806399455155,0.569857525180595,"Grem1/Tmprss6",2
"GO:0046718","viral entry into host cell","2/512","104/28943",0.551513746545795,0.700806399455155,0.569857525180595,"Trim59/Ptx3",2
"GO:0051153","regulation of striated muscle cell differentiation","2/512","104/28943",0.551513746545795,0.700806399455155,0.569857525180595,"Rgs4/Grem1",2
"GO:0055013","cardiac muscle cell development","2/512","104/28943",0.551513746545795,0.700806399455155,0.569857525180595,"Rgs4/Ang2",2
"GO:0008631","intrinsic apoptotic signaling pathway in response to oxidative stress","1/512","45/28943",0.552370409734352,0.700806399455155,0.569857525180595,"Melk",1
"GO:0030851","granulocyte differentiation","1/512","45/28943",0.552370409734352,0.700806399455155,0.569857525180595,"Inpp5d",1
"GO:0031952","regulation of protein autophosphorylation","1/512","45/28943",0.552370409734352,0.700806399455155,0.569857525180595,"Grem1",1
"GO:0032007","negative regulation of TOR signaling","1/512","45/28943",0.552370409734352,0.700806399455155,0.569857525180595,"Tnfaip8l1",1
"GO:0045940","positive regulation of steroid metabolic process","1/512","45/28943",0.552370409734352,0.700806399455155,0.569857525180595,"Stard4",1
"GO:0046006","regulation of activated T cell proliferation","1/512","45/28943",0.552370409734352,0.700806399455155,0.569857525180595,"Ripk3",1
"GO:0046636","negative regulation of alpha-beta T cell activation","1/512","45/28943",0.552370409734352,0.700806399455155,0.569857525180595,"Cd44",1
"GO:0050850","positive regulation of calcium-mediated signaling","1/512","45/28943",0.552370409734352,0.700806399455155,0.569857525180595,"Syk",1
"GO:0033135","regulation of peptidyl-serine phosphorylation","3/512","163/28943",0.552608518034339,0.700806399455155,0.569857525180595,"Cd44/Hgf/Il6",3
"GO:0035637","multicellular organismal signaling","3/512","163/28943",0.552608518034339,0.700806399455155,0.569857525180595,"P2rx7/Il6/Ank3",3
"GO:0022604","regulation of cell morphogenesis","6/512","338/28943",0.553302537865098,0.70145256717676,0.570382953514257,"Cd44/Sprr1b/Il6/Arhgap18/Ccl2/Fmnl3",6
"GO:0009135","purine nucleoside diphosphate metabolic process","2/512","105/28943",0.556700919551834,0.705055594982036,0.57331273912961,"P2rx7/Aldoc",2
"GO:0009179","purine ribonucleoside diphosphate metabolic process","2/512","105/28943",0.556700919551834,0.705055594982036,0.57331273912961,"P2rx7/Aldoc",2
"GO:0019217","regulation of fatty acid metabolic process","2/512","105/28943",0.556700919551834,0.705055594982036,0.57331273912961,"Acsl4/Brca1",2
"GO:0048863","stem cell differentiation","5/512","282/28943",0.559894449729386,0.706321443840281,0.574342058351257,"Sox18/Phf19/Dnmt3l/Etv4/Epop",5
"GO:0021696","cerebellar cortex morphogenesis","1/512","46/28943",0.560301282120538,0.706321443840281,0.574342058351257,"Kif14",1
"GO:0021955","central nervous system neuron axonogenesis","1/512","46/28943",0.560301282120538,0.706321443840281,0.574342058351257,"Slit2",1
"GO:0030517","negative regulation of axon extension","1/512","46/28943",0.560301282120538,0.706321443840281,0.574342058351257,"Slit2",1
"GO:0032768","regulation of monooxygenase activity","1/512","46/28943",0.560301282120538,0.706321443840281,0.574342058351257,"Dhfr",1
"GO:0032881","regulation of polysaccharide metabolic process","1/512","46/28943",0.560301282120538,0.706321443840281,0.574342058351257,"Pask",1
"GO:0034142","toll-like receptor 4 signaling pathway","1/512","46/28943",0.560301282120538,0.706321443840281,0.574342058351257,"Nr1h4",1
"GO:0042462","eye photoreceptor cell development","1/512","46/28943",0.560301282120538,0.706321443840281,0.574342058351257,"Rpgrip1",1
"GO:0048536","spleen development","1/512","46/28943",0.560301282120538,0.706321443840281,0.574342058351257,"Ripk3",1
"GO:0060122","inner ear receptor cell stereocilium organization","1/512","46/28943",0.560301282120538,0.706321443840281,0.574342058351257,"Ripor2",1
"GO:0060147","regulation of post-transcriptional gene silencing","1/512","46/28943",0.560301282120538,0.706321443840281,0.574342058351257,"Il6",1
"GO:0072523","purine-containing compound catabolic process","1/512","46/28943",0.560301282120538,0.706321443840281,0.574342058351257,"Urah",1
"GO:1900368","regulation of post-transcriptional gene silencing by RNA","1/512","46/28943",0.560301282120538,0.706321443840281,0.574342058351257,"Il6",1
"GO:2000758","positive regulation of peptidyl-lysine acetylation","1/512","46/28943",0.560301282120538,0.706321443840281,0.574342058351257,"Brca1",1
"GO:1990845","adaptive thermogenesis","3/512","165/28943",0.560868266177123,0.706801838914625,0.574732689413398,"Map2k6/Syk/Wnt10b",3
"GO:0010810","regulation of cell-substrate adhesion","4/512","225/28943",0.565122329353601,0.711190463561486,0.57830127951496,"Grem1/Spp1/Serpine1/Nid1",4
"GO:0003300","cardiac muscle hypertrophy","2/512","107/28943",0.5669469301129,0.711190463561486,0.57830127951496,"Rgs4/Ang2",2
"GO:0006821","chloride transport","2/512","107/28943",0.5669469301129,0.711190463561486,0.57830127951496,"Abcb1a/Abcb1b",2
"GO:0032006","regulation of TOR signaling","2/512","107/28943",0.5669469301129,0.711190463561486,0.57830127951496,"Fam83d/Tnfaip8l1",2
"GO:0071901","negative regulation of protein serine/threonine kinase activity","2/512","107/28943",0.5669469301129,0.711190463561486,0.57830127951496,"Cdkn2c/Plk1",2
"GO:1904427","positive regulation of calcium ion transmembrane transport","2/512","107/28943",0.5669469301129,0.711190463561486,0.57830127951496,"P2rx7/Cxcl10",2
"GO:0003179","heart valve morphogenesis","1/512","47/28943",0.568091908952192,0.711190463561486,0.57830127951496,"Slit2",1
"GO:0006739","NADP metabolic process","1/512","47/28943",0.568091908952192,0.711190463561486,0.57830127951496,"Nqo1",1
"GO:0006904","vesicle docking involved in exocytosis","1/512","47/28943",0.568091908952192,0.711190463561486,0.57830127951496,"Sytl2",1
"GO:0010559","regulation of glycoprotein biosynthetic process","1/512","47/28943",0.568091908952192,0.711190463561486,0.57830127951496,"Pxylp1",1
"GO:0017158","regulation of calcium ion-dependent exocytosis","1/512","47/28943",0.568091908952192,0.711190463561486,0.57830127951496,"P2rx7",1
"GO:0030890","positive regulation of B cell proliferation","1/512","47/28943",0.568091908952192,0.711190463561486,0.57830127951496,"Atad5",1
"GO:0035774","positive regulation of insulin secretion involved in cellular response to glucose stimulus","1/512","47/28943",0.568091908952192,0.711190463561486,0.57830127951496,"Nr1h4",1
"GO:0042417","dopamine metabolic process","1/512","47/28943",0.568091908952192,0.711190463561486,0.57830127951496,"Npr1",1
"GO:0043114","regulation of vascular permeability","1/512","47/28943",0.568091908952192,0.711190463561486,0.57830127951496,"Slit2",1
"GO:0043403","skeletal muscle tissue regeneration","1/512","47/28943",0.568091908952192,0.711190463561486,0.57830127951496,"Wnt10b",1
"GO:0050685","positive regulation of mRNA processing","1/512","47/28943",0.568091908952192,0.711190463561486,0.57830127951496,"Ccnb1",1
"GO:0072538","T-helper 17 type immune response","1/512","47/28943",0.568091908952192,0.711190463561486,0.57830127951496,"Il6",1
"GO:0097300","programmed necrotic cell death","1/512","47/28943",0.568091908952192,0.711190463561486,0.57830127951496,"Ripk3",1
"GO:1903524","positive regulation of blood circulation","1/512","47/28943",0.568091908952192,0.711190463561486,0.57830127951496,"Rgs4",1
"GO:0045637","regulation of myeloid cell differentiation","4/512","226/28943",0.568624840348936,0.711623318962032,0.578653253908328,"Inpp5d/Hmgb3/Hmgb2/Tnfrsf11b",4
"GO:0010675","regulation of cellular carbohydrate metabolic process","3/512","167/28943",0.569035207751265,0.711902553428861,0.578880312140581,"Pask/Pfkfb1/Il6",3
"GO:0048638","regulation of developmental growth","7/512","402/28943",0.569332929052503,0.712040722453164,0.578992663652078,"Rgs4/Dusp9/Slit2/Serpine1/Hmga2/Cdk1/Ccnb1",7
"GO:0044409","entry into host","2/512","108/28943",0.572005557452277,0.714341083455227,0.580863191701875,"Trim59/Ptx3",2
"GO:0045833","negative regulation of lipid metabolic process","2/512","108/28943",0.572005557452277,0.714341083455227,0.580863191701875,"Nr1h4/Brca1",2
"GO:0090263","positive regulation of canonical Wnt signaling pathway","2/512","108/28943",0.572005557452277,0.714341083455227,0.580863191701875,"Aspm/Wnt10b",2
"GO:1904063","negative regulation of cation transmembrane transport","2/512","108/28943",0.572005557452277,0.714341083455227,0.580863191701875,"Rgs4/Ank3",2
"GO:0070374","positive regulation of ERK1 and ERK2 cascade","4/512","227/28943",0.572111677833026,0.714341083455227,0.580863191701875,"Cd44/Il6/Ccl2/Arhgap8",4
"GO:0030178","negative regulation of Wnt signaling pathway","3/512","168/28943",0.573083449113421,0.714850155357358,0.581277141195648,"Tnn/Grem1/Hmga2",3
"GO:0050768","negative regulation of neurogenesis","3/512","168/28943",0.573083449113421,0.714850155357358,0.581277141195648,"Slit2/Cit/Hmga2",3
"GO:0051168","nuclear export","3/512","168/28943",0.573083449113421,0.714850155357358,0.581277141195648,"Bard1/Nup107/Ankle1",3
"GO:0002347","response to tumor cell","1/512","48/28943",0.575744765493459,0.716289790054363,0.58244777357891,"Ulbp1",1
"GO:0002701","negative regulation of production of molecular mediator of immune response","1/512","48/28943",0.575744765493459,0.716289790054363,0.58244777357891,"Siglecg",1
"GO:0009409","response to cold","1/512","48/28943",0.575744765493459,0.716289790054363,0.58244777357891,"Vgf",1
"GO:0042304","regulation of fatty acid biosynthetic process","1/512","48/28943",0.575744765493459,0.716289790054363,0.58244777357891,"Brca1",1
"GO:0045197","establishment or maintenance of epithelial cell apical/basal polarity","1/512","48/28943",0.575744765493459,0.716289790054363,0.58244777357891,"Mtcl1",1
"GO:0045761","regulation of adenylate cyclase activity","1/512","48/28943",0.575744765493459,0.716289790054363,0.58244777357891,"Adcy7",1
"GO:0072348","sulfur compound transport","1/512","48/28943",0.575744765493459,0.716289790054363,0.58244777357891,"Racgap1",1
"GO:0090317","negative regulation of intracellular protein transport","1/512","48/28943",0.575744765493459,0.716289790054363,0.58244777357891,"Bard1",1
"GO:0006165","nucleoside diphosphate phosphorylation","2/512","109/28943",0.577021154377058,0.716812998200921,0.58287321789532,"P2rx7/Aldoc",2
"GO:0043255","regulation of carbohydrate biosynthetic process","2/512","109/28943",0.577021154377058,0.716812998200921,0.58287321789532,"Pask/Il6",2
"GO:0060349","bone morphogenesis","2/512","109/28943",0.577021154377058,0.716812998200921,0.58287321789532,"Col10a1/Poc1a",2
"GO:0030041","actin filament polymerization","3/512","169/28943",0.57710799250211,0.716812998200921,0.58287321789532,"Slit2/Arhgap18/Diaph3",3
"GO:0046887","positive regulation of hormone secretion","3/512","169/28943",0.57710799250211,0.716812998200921,0.58287321789532,"Acsl4/Spp1/Nr1h4",3
"GO:0043433","negative regulation of DNA-binding transcription factor activity","3/512","170/28943",0.581108688924848,0.721158764717909,0.586406958104183,"Tacc3/Nr1h4/Traip",3
"GO:0072175","epithelial tube formation","3/512","170/28943",0.581108688924848,0.721158764717909,0.586406958104183,"Grem1/Stil/Kif20b",3
"GO:0033865","nucleoside bisphosphate metabolic process","2/512","110/28943",0.581993657464793,0.721158764717909,0.586406958104183,"Acsl4/Far1",2
"GO:0033875","ribonucleoside bisphosphate metabolic process","2/512","110/28943",0.581993657464793,0.721158764717909,0.586406958104183,"Acsl4/Far1",2
"GO:0034032","purine nucleoside bisphosphate metabolic process","2/512","110/28943",0.581993657464793,0.721158764717909,0.586406958104183,"Acsl4/Far1",2
"GO:0046916","cellular transition metal ion homeostasis","2/512","110/28943",0.581993657464793,0.721158764717909,0.586406958104183,"Mt2/Tmprss6",2
"GO:0055006","cardiac cell development","2/512","110/28943",0.581993657464793,0.721158764717909,0.586406958104183,"Rgs4/Ang2",2
"GO:0006110","regulation of glycolytic process","1/512","49/28943",0.583262283405463,0.721158764717909,0.586406958104183,"P2rx7",1
"GO:0010718","positive regulation of epithelial to mesenchymal transition","1/512","49/28943",0.583262283405463,0.721158764717909,0.586406958104183,"Il6",1
"GO:0030219","megakaryocyte differentiation","1/512","49/28943",0.583262283405463,0.721158764717909,0.586406958104183,"Hmgb2",1
"GO:0035307","positive regulation of protein dephosphorylation","1/512","49/28943",0.583262283405463,0.721158764717909,0.586406958104183,"Cdca2",1
"GO:0045214","sarcomere organization","1/512","49/28943",0.583262283405463,0.721158764717909,0.586406958104183,"Csrp2",1
"GO:0047496","vesicle transport along microtubule","1/512","49/28943",0.583262283405463,0.721158764717909,0.586406958104183,"Kifc1",1
"GO:0060966","regulation of gene silencing by RNA","1/512","49/28943",0.583262283405463,0.721158764717909,0.586406958104183,"Il6",1
"GO:0014897","striated muscle hypertrophy","2/512","111/28943",0.586923018968234,0.725213298055647,0.589703883382551,"Rgs4/Ang2",2
"GO:0030518","intracellular steroid hormone receptor signaling pathway","2/512","111/28943",0.586923018968234,0.725213298055647,0.589703883382551,"Hmga2/Brca1",2
"GO:0006401","RNA catabolic process","5/512","291/28943",0.587765815647431,0.726018723551505,0.590358811448481,"Pkp3/Slfn9/Rnaseh2c/Nanos1/Fen1",5
"GO:0051961","negative regulation of nervous system development","3/512","172/28943",0.589037983054402,0.727117666095077,0.591252411562125,"Slit2/Cit/Hmga2",3
"GO:0062013","positive regulation of small molecule metabolic process","3/512","172/28943",0.589037983054402,0.727117666095077,0.591252411562125,"P2rx7/Nr1h4/Stard4",3
"GO:0018205","peptidyl-lysine modification","7/512","410/28943",0.590125217655981,0.727171545665335,0.591296223488771,"Suv39h2/Phf19/Brca2/Nsd2/Chek1/Dnmt1/Brca1",7
"GO:0042391","regulation of membrane potential","8/512","469/28943",0.590580465006147,0.727171545665335,0.591296223488771,"Rgs4/P2rx7/Il6/Ank3/Bco2/Cck/Kcnk10/Gna14",8
"GO:0007157","heterophilic cell-cell adhesion via plasma membrane cell adhesion molecules","1/512","50/28943",0.590646851512904,0.727171545665335,0.591296223488771,"Selp",1
"GO:0035305","negative regulation of dephosphorylation","1/512","50/28943",0.590646851512904,0.727171545665335,0.591296223488771,"Mastl",1
"GO:0043618","regulation of transcription from RNA polymerase II promoter in response to stress","1/512","50/28943",0.590646851512904,0.727171545665335,0.591296223488771,"Chek1",1
"GO:0045663","positive regulation of myoblast differentiation","1/512","50/28943",0.590646851512904,0.727171545665335,0.591296223488771,"Ripor2",1
"GO:0048806","genitalia development","1/512","50/28943",0.590646851512904,0.727171545665335,0.591296223488771,"Dhcr24",1
"GO:0090102","cochlea development","1/512","50/28943",0.590646851512904,0.727171545665335,0.591296223488771,"Mcm2",1
"GO:0006874","cellular calcium ion homeostasis","5/512","292/28943",0.590802973319364,0.727171545665335,0.591296223488771,"Mcub/P2rx7/Spp1/Cxcl10/Ccl2",5
"GO:0001843","neural tube closure","2/512","112/28943",0.591809206282692,0.728174304947183,0.592111612622132,"Stil/Kif20b",2
"GO:1901617","organic hydroxy compound biosynthetic process","4/512","234/28943",0.59606965020005,0.732947227730685,0.595992692999536,"Cited1/Dhcr24/Dhfr/Stard4",4
"GO:0014896","muscle hypertrophy","2/512","113/28943",0.596652201427268,0.732947227730685,0.595992692999536,"Rgs4/Ang2",2
"GO:0031532","actin cytoskeleton reorganization","2/512","113/28943",0.596652201427268,0.732947227730685,0.595992692999536,"S1pr1/Gmfg",2
"GO:0045639","positive regulation of myeloid cell differentiation","2/512","113/28943",0.596652201427268,0.732947227730685,0.595992692999536,"Inpp5d/Hmgb2",2
"GO:0060606","tube closure","2/512","113/28943",0.596652201427268,0.732947227730685,0.595992692999536,"Stil/Kif20b",2
"GO:0001916","positive regulation of T cell mediated cytotoxicity","1/512","51/28943",0.597900816557219,0.733769820707085,0.596661580723915,"P2rx7",1
"GO:0030195","negative regulation of blood coagulation","1/512","51/28943",0.597900816557219,0.733769820707085,0.596661580723915,"Serpine1",1
"GO:0030520","intracellular estrogen receptor signaling pathway","1/512","51/28943",0.597900816557219,0.733769820707085,0.596661580723915,"Brca1",1
"GO:0010906","regulation of glucose metabolic process","2/512","114/28943",0.601452000539633,0.737889805115097,0.600011727241352,"Pfkfb1/Il6",2
"GO:0031330","negative regulation of cellular catabolic process","4/512","236/28943",0.602766584658441,0.739100444082953,0.600996152792612,"Timp1/Pkp3/Pbk/Ttc36",4
"GO:0051924","regulation of calcium ion transport","5/512","296/28943",0.602827584718895,0.739100444082953,0.600996152792612,"Rgs4/P2rx7/Cxcl10/Serpine1/Ccl2",5
"GO:0019083","viral transcription","1/512","52/28943",0.605026483936518,0.73988764616489,0.601636262572685,"Hmga2",1
"GO:0035196","miRNA processing","1/512","52/28943",0.605026483936518,0.73988764616489,0.601636262572685,"Il6",1
"GO:0043268","positive regulation of potassium ion transport","1/512","52/28943",0.605026483936518,0.73988764616489,0.601636262572685,"Cxcl1",1
"GO:0045581","negative regulation of T cell differentiation","1/512","52/28943",0.605026483936518,0.73988764616489,0.601636262572685,"Cd44",1
"GO:0046148","pigment biosynthetic process","1/512","52/28943",0.605026483936518,0.73988764616489,0.601636262572685,"Cited1",1
"GO:0090207","regulation of triglyceride metabolic process","1/512","52/28943",0.605026483936518,0.73988764616489,0.601636262572685,"Nr1h4",1
"GO:1900047","negative regulation of hemostasis","1/512","52/28943",0.605026483936518,0.73988764616489,0.601636262572685,"Serpine1",1
"GO:2001258","negative regulation of cation channel activity","1/512","52/28943",0.605026483936518,0.73988764616489,0.601636262572685,"Ank3",1
"GO:0007254","JNK cascade","3/512","177/28943",0.608434907712625,0.743816565634534,0.604831045507524,"Traf1/Tlr7/Lmnb1",3
"GO:1904035","regulation of epithelial cell apoptotic process","2/512","116/28943",0.610922062872365,0.74437725600784,0.605286968325542,"Serpine1/Ccl2",2
"GO:0002920","regulation of humoral immune response","1/512","53/28943",0.612026118432538,0.74437725600784,0.605286968325542,"Ivl",1
"GO:0006024","glycosaminoglycan biosynthetic process","1/512","53/28943",0.612026118432538,0.74437725600784,0.605286968325542,"Pxylp1",1
"GO:0009299","mRNA transcription","1/512","53/28943",0.612026118432538,0.74437725600784,0.605286968325542,"Ereg",1
"GO:0030850","prostate gland development","1/512","53/28943",0.612026118432538,0.74437725600784,0.605286968325542,"Cd44",1
"GO:0031103","axon regeneration","1/512","53/28943",0.612026118432538,0.74437725600784,0.605286968325542,"Dhfr",1
"GO:0032941","secretion by tissue","1/512","53/28943",0.612026118432538,0.74437725600784,0.605286968325542,"Sytl2",1
"GO:0033013","tetrapyrrole metabolic process","1/512","53/28943",0.612026118432538,0.74437725600784,0.605286968325542,"Ank1",1
"GO:0042755","eating behavior","1/512","53/28943",0.612026118432538,0.74437725600784,0.605286968325542,"Cck",1
"GO:0043370","regulation of CD4-positive, alpha-beta T cell differentiation","1/512","53/28943",0.612026118432538,0.74437725600784,0.605286968325542,"Il6",1
"GO:0046189","phenol-containing compound biosynthetic process","1/512","53/28943",0.612026118432538,0.74437725600784,0.605286968325542,"Cited1",1
"GO:0050798","activated T cell proliferation","1/512","53/28943",0.612026118432538,0.74437725600784,0.605286968325542,"Ripk3",1
"GO:0050819","negative regulation of coagulation","1/512","53/28943",0.612026118432538,0.74437725600784,0.605286968325542,"Serpine1",1
"GO:0051289","protein homotetramerization","1/512","53/28943",0.612026118432538,0.74437725600784,0.605286968325542,"Tk1",1
"GO:0090199","regulation of release of cytochrome c from mitochondria","1/512","53/28943",0.612026118432538,0.74437725600784,0.605286968325542,"Hgf",1
"GO:1903202","negative regulation of oxidative stress-induced cell death","1/512","53/28943",0.612026118432538,0.74437725600784,0.605286968325542,"Hgf",1
"GO:0030902","hindbrain development","3/512","178/28943",0.61224035546088,0.744399690266155,0.605305210640299,"Kif14/Nav2/Nanos1",3
"GO:0010586","miRNA metabolic process","2/512","117/28943",0.6155923845975,0.747996882786735,0.608230251320535,"Prl2c2/Fosl1",2
"GO:0034766","negative regulation of ion transmembrane transport","2/512","117/28943",0.6155923845975,0.747996882786735,0.608230251320535,"Rgs4/Ank3",2
"GO:0007617","mating behavior","1/512","54/28943",0.618901944924837,0.750339666646758,0.61013527532366,"Vgf",1
"GO:0021545","cranial nerve development","1/512","54/28943",0.618901944924837,0.750339666646758,0.61013527532366,"Nav2",1
"GO:0021795","cerebral cortex cell migration","1/512","54/28943",0.618901944924837,0.750339666646758,0.61013527532366,"Slit2",1
"GO:0035088","establishment or maintenance of apical/basal cell polarity","1/512","54/28943",0.618901944924837,0.750339666646758,0.61013527532366,"Mtcl1",1
"GO:0046854","phosphatidylinositol phosphate biosynthetic process","1/512","54/28943",0.618901944924837,0.750339666646758,0.61013527532366,"Hycc1",1
"GO:0061245","establishment or maintenance of bipolar cell polarity","1/512","54/28943",0.618901944924837,0.750339666646758,0.61013527532366,"Mtcl1",1
"GO:0071709","membrane assembly","1/512","54/28943",0.618901944924837,0.750339666646758,0.61013527532366,"Ank3",1
"GO:0035282","segmentation","2/512","118/28943",0.620219626379451,0.751218547147077,0.610849932991214,"Xrcc2/Palb2",2
"GO:0038061","NIK/NF-kappaB signaling","2/512","118/28943",0.620219626379451,0.751218547147077,0.610849932991214,"Grem1/Tlr7",2
"GO:0043401","steroid hormone mediated signaling pathway","2/512","118/28943",0.620219626379451,0.751218547147077,0.610849932991214,"Hmga2/Brca1",2
"GO:0016573","histone acetylation","3/512","181/28943",0.623507235635265,0.754455129815551,0.613481745416061,"Brca2/Chek1/Brca1",3
"GO:0008637","apoptotic mitochondrial changes","2/512","119/28943",0.624803847823209,0.754455129815551,0.613481745416061,"Hgf/Cck",2
"GO:0014020","primary neural tube formation","2/512","119/28943",0.624803847823209,0.754455129815551,0.613481745416061,"Stil/Kif20b",2
"GO:0045666","positive regulation of neuron differentiation","2/512","119/28943",0.624803847823209,0.754455129815551,0.613481745416061,"Ect2/Il6",2
"GO:0002823","negative regulation of adaptive immune response based on somatic recombination of immune receptors built from immunoglobulin superfamily domains","1/512","55/28943",0.625656149092461,0.754455129815551,0.613481745416061,"Spn",1
"GO:0006111","regulation of gluconeogenesis","1/512","55/28943",0.625656149092461,0.754455129815551,0.613481745416061,"Il6",1
"GO:0010823","negative regulation of mitochondrion organization","1/512","55/28943",0.625656149092461,0.754455129815551,0.613481745416061,"Hgf",1
"GO:0031113","regulation of microtubule polymerization","1/512","55/28943",0.625656149092461,0.754455129815551,0.613481745416061,"Stmn1",1
"GO:0032330","regulation of chondrocyte differentiation","1/512","55/28943",0.625656149092461,0.754455129815551,0.613481745416061,"Grem1",1
"GO:0032814","regulation of natural killer cell activation","1/512","55/28943",0.625656149092461,0.754455129815551,0.613481745416061,"Ulbp1",1
"GO:0042531","positive regulation of tyrosine phosphorylation of STAT protein","1/512","55/28943",0.625656149092461,0.754455129815551,0.613481745416061,"Il6",1
"GO:0043620","regulation of DNA-templated transcription in response to stress","1/512","55/28943",0.625656149092461,0.754455129815551,0.613481745416061,"Chek1",1
"GO:2000378","negative regulation of reactive oxygen species metabolic process","1/512","55/28943",0.625656149092461,0.754455129815551,0.613481745416061,"Brca1",1
"GO:0006836","neurotransmitter transport","4/512","243/28943",0.625669916966973,0.754455129815551,0.613481745416061,"P2rx7/Slc29a4/Mctp2/Sncg",4
"GO:0060485","mesenchyme development","5/512","304/28943",0.626263494069148,0.754931453535479,0.613869065874942,"Fam83d/Grem1/Il6/Hmga2/Notch4",5
"GO:0006875","cellular metal ion homeostasis","7/512","425/28943",0.627705940826826,0.756430423779268,0.615087946687259,"Mcub/P2rx7/Spp1/Cxcl10/Mt2/Ccl2/Tmprss6",7
"GO:0045664","regulation of neuron differentiation","4/512","244/28943",0.628872617349333,0.757445440270957,0.61591330271486,"Aspm/Ect2/Cit/Il6",4
"GO:0002275","myeloid cell activation involved in immune response","2/512","120/28943",0.629345119888468,0.757445440270957,0.61591330271486,"Enpp3/Syk",2
"GO:0008306","associative learning","2/512","120/28943",0.629345119888468,0.757445440270957,0.61591330271486,"Ttc36/Cck",2
"GO:0051209","release of sequestered calcium ion into cytosol","2/512","120/28943",0.629345119888468,0.757445440270957,0.61591330271486,"P2rx7/Cxcl10",2
"GO:0051962","positive regulation of nervous system development","6/512","366/28943",0.630537781760929,0.758350132034286,0.616648948693125,"Aspm/Flt1/Xrcc2/Il6/Prl2c2/Cip2a",6
"GO:0007369","gastrulation","3/512","183/28943",0.630893231339746,0.758350132034286,0.616648948693125,"Dusp2/Hmga2/Col12a1",3
"GO:0031668","cellular response to extracellular stimulus","4/512","245/28943",0.632057788787623,0.758350132034286,0.616648948693125,"P2rx7/Nr1h4/Asgr1/Fosl1",4
"GO:0045333","cellular respiration","4/512","245/28943",0.632057788787623,0.758350132034286,0.616648948693125,"Mtfr2/Cdk1/Slc37a2/Ccnb1",4
"GO:0001662","behavioral fear response","1/512","56/28943",0.632290878103284,0.758350132034286,0.616648948693125,"Cck",1
"GO:0003044","regulation of systemic arterial blood pressure mediated by a chemical signal","1/512","56/28943",0.632290878103284,0.758350132034286,0.616648948693125,"Slc2a5",1
"GO:0010596","negative regulation of endothelial cell migration","1/512","56/28943",0.632290878103284,0.758350132034286,0.616648948693125,"Slit2",1
"GO:0043507","positive regulation of JUN kinase activity","1/512","56/28943",0.632290878103284,0.758350132034286,0.616648948693125,"Syk",1
"GO:0045604","regulation of epidermal cell differentiation","1/512","56/28943",0.632290878103284,0.758350132034286,0.616648948693125,"Etv4",1
"GO:0060428","lung epithelium development","1/512","56/28943",0.632290878103284,0.758350132034286,0.616648948693125,"Hmga2",1
"GO:0070918","small regulatory ncRNA processing","1/512","56/28943",0.632290878103284,0.758350132034286,0.616648948693125,"Il6",1
"GO:0051604","protein maturation","6/512","367/28943",0.633149136167419,0.758776158702181,0.616995370333704,"Dhcr24/P2rx7/Adamts3/Serpine1/Notch4/Fam111a",6
"GO:0006090","pyruvate metabolic process","2/512","121/28943",0.633843524470838,0.758776158702181,0.616995370333704,"P2rx7/Aldoc",2
"GO:0022600","digestive system process","2/512","121/28943",0.633843524470838,0.758776158702181,0.616995370333704,"Abcb1a/Slco1a5",2
"GO:0044106","cellular amine metabolic process","2/512","121/28943",0.633843524470838,0.758776158702181,0.616995370333704,"Npr1/Nr1h4",2
"GO:0051028","mRNA transport","2/512","121/28943",0.633843524470838,0.758776158702181,0.616995370333704,"Ndc1/Nup107",2
"GO:0051283","negative regulation of sequestering of calcium ion","2/512","121/28943",0.633843524470838,0.758776158702181,0.616995370333704,"P2rx7/Cxcl10",2
"GO:0036293","response to decreased oxygen levels","4/512","246/28943",0.635225364291361,0.7601910088246,0.61814584925326,"Suv39h2/Flt1/Tacc3/Ang2",4
"GO:0071496","cellular response to external stimulus","5/512","308/28943",0.637665033535388,0.760409810078078,0.618323766493899,"P2rx7/Nr1h4/Asgr1/Ripor2/Fosl1",5
"GO:0072659","protein localization to plasma membrane","5/512","308/28943",0.637665033535388,0.760409810078078,0.618323766493899,"Hycc1/Sytl2/Pkp3/Ank3/Ank1",5
"GO:0007219","Notch signaling pathway","3/512","185/28943",0.638178477025327,0.760409810078078,0.618323766493899,"Nr1h4/Notch4/Dlk2",3
"GO:0035148","tube formation","3/512","185/28943",0.638178477025327,0.760409810078078,0.618323766493899,"Grem1/Stil/Kif20b",3
"GO:0007498","mesoderm development","2/512","122/28943",0.638299153994253,0.760409810078078,0.618323766493899,"Palb2/Hmga2",2
"GO:0002209","behavioral defense response","1/512","57/28943",0.638808241291262,0.760409810078078,0.618323766493899,"Cck",1
"GO:0006695","cholesterol biosynthetic process","1/512","57/28943",0.638808241291262,0.760409810078078,0.618323766493899,"Dhcr24",1
"GO:0021587","cerebellum morphogenesis","1/512","57/28943",0.638808241291262,0.760409810078078,0.618323766493899,"Kif14",1
"GO:0031018","endocrine pancreas development","1/512","57/28943",0.638808241291262,0.760409810078078,0.618323766493899,"Il6",1
"GO:0031648","protein destabilization","1/512","57/28943",0.638808241291262,0.760409810078078,0.618323766493899,"Plk1",1
"GO:0033059","cellular pigmentation","1/512","57/28943",0.638808241291262,0.760409810078078,0.618323766493899,"Mreg",1
"GO:0043536","positive regulation of blood vessel endothelial cell migration","1/512","57/28943",0.638808241291262,0.760409810078078,0.618323766493899,"Prl2c2",1
"GO:0044060","regulation of endocrine process","1/512","57/28943",0.638808241291262,0.760409810078078,0.618323766493899,"Spp1",1
"GO:0045010","actin nucleation","1/512","57/28943",0.638808241291262,0.760409810078078,0.618323766493899,"Gmfg",1
"GO:0051489","regulation of filopodium assembly","1/512","57/28943",0.638808241291262,0.760409810078078,0.618323766493899,"Ripor2",1
"GO:1901985","positive regulation of protein acetylation","1/512","57/28943",0.638808241291262,0.760409810078078,0.618323766493899,"Brca1",1
"GO:1902653","secondary alcohol biosynthetic process","1/512","57/28943",0.638808241291262,0.760409810078078,0.618323766493899,"Dhcr24",1
"GO:1901652","response to peptide","7/512","430/28943",0.639797026056645,0.761348448534387,0.619087016070626,"Cited1/H2az1/Vgf/Irf5/Nr1h4/Timeless/Ang2",7
"GO:0007269","neurotransmitter secretion","3/512","186/28943",0.641783202469467,0.763234199496063,0.620620405858395,"P2rx7/Mctp2/Sncg",3
"GO:0099643","signal release from synapse","3/512","186/28943",0.641783202469467,0.763234199496063,0.620620405858395,"P2rx7/Mctp2/Sncg",3
"GO:0030316","osteoclast differentiation","2/512","123/28943",0.642712111014334,0.763669048365797,0.620974001232134,"Inpp5d/Tnfrsf11b",2
"GO:0051282","regulation of sequestering of calcium ion","2/512","123/28943",0.642712111014334,0.763669048365797,0.620974001232134,"P2rx7/Cxcl10",2
"GO:0007517","muscle organ development","6/512","371/28943",0.643485921583546,0.763669048365797,0.620974001232134,"Cenpf/S1pr1/Il6/Ripor2/Rtl1/Wnt10b",6
"GO:0060828","regulation of canonical Wnt signaling pathway","4/512","249/28943",0.644621897268092,0.763669048365797,0.620974001232134,"Tnn/Aspm/Grem1/Wnt10b",4
"GO:0003170","heart valve development","1/512","58/28943",0.645210310821791,0.763669048365797,0.620974001232134,"Slit2",1
"GO:0014014","negative regulation of gliogenesis","1/512","58/28943",0.645210310821791,0.763669048365797,0.620974001232134,"Hmga2",1
"GO:0018023","peptidyl-lysine trimethylation","1/512","58/28943",0.645210310821791,0.763669048365797,0.620974001232134,"Suv39h2",1
"GO:0031279","regulation of cyclase activity","1/512","58/28943",0.645210310821791,0.763669048365797,0.620974001232134,"Adcy7",1
"GO:0043666","regulation of phosphoprotein phosphatase activity","1/512","58/28943",0.645210310821791,0.763669048365797,0.620974001232134,"Mastl",1
"GO:0044058","regulation of digestive system process","1/512","58/28943",0.645210310821791,0.763669048365797,0.620974001232134,"Abcb1a",1
"GO:0051123","RNA polymerase II preinitiation complex assembly","1/512","58/28943",0.645210310821791,0.763669048365797,0.620974001232134,"Wnt10b",1
"GO:0051155","positive regulation of striated muscle cell differentiation","1/512","58/28943",0.645210310821791,0.763669048365797,0.620974001232134,"Grem1",1
"GO:0051496","positive regulation of stress fiber assembly","1/512","58/28943",0.645210310821791,0.763669048365797,0.620974001232134,"Arhgef15",1
"GO:1905953","negative regulation of lipid localization","1/512","58/28943",0.645210310821791,0.763669048365797,0.620974001232134,"Acsl4",1
"GO:0009060","aerobic respiration","3/512","187/28943",0.645362612414336,0.763669048365797,0.620974001232134,"Mtfr2/Cdk1/Ccnb1",3
"GO:0043271","negative regulation of ion transport","3/512","187/28943",0.645362612414336,0.763669048365797,0.620974001232134,"Rgs4/Acsl4/Ank3",3
"GO:0002286","T cell activation involved in immune response","2/512","124/28943",0.647082507832439,0.765465990908193,0.622435176859095,"Il6/Spn",2
"GO:0006814","sodium ion transport","4/512","250/28943",0.647718488100231,0.765503789790823,0.622465912847988,"P2rx7/Cxcl1/Ank3/Slc38a4",4
"GO:0032868","response to insulin","4/512","250/28943",0.647718488100231,0.765503789790823,0.622465912847988,"Cited1/H2az1/Vgf/Nr1h4",4
"GO:0098657","import into cell","4/512","250/28943",0.647718488100231,0.765503789790823,0.622465912847988,"Rgs4/Slc2a5/Slc29a4/Slc7a8",4
"GO:0016331","morphogenesis of embryonic epithelium","3/512","188/28943",0.648916675836546,0.76668154180564,0.623423596523482,"Grem1/Stil/Kif20b",3
"GO:0006352","DNA-templated transcription initiation","2/512","125/28943",0.651410466120161,0.766768643416665,0.623494422800948,"Wnt10b/Fosl1",2
"GO:0051208","sequestering of calcium ion","2/512","125/28943",0.651410466120161,0.766768643416665,0.623494422800948,"P2rx7/Cxcl10",2
"GO:0090277","positive regulation of peptide hormone secretion","2/512","125/28943",0.651410466120161,0.766768643416665,0.623494422800948,"Acsl4/Nr1h4",2
"GO:0030166","proteoglycan biosynthetic process","1/512","59/28943",0.651499122345394,0.766768643416665,0.623494422800948,"Pxylp1",1
"GO:0042743","hydrogen peroxide metabolic process","1/512","59/28943",0.651499122345394,0.766768643416665,0.623494422800948,"Hba-a1",1
"GO:0042987","amyloid precursor protein catabolic process","1/512","59/28943",0.651499122345394,0.766768643416665,0.623494422800948,"Dhcr24",1
"GO:0043388","positive regulation of DNA binding","1/512","59/28943",0.651499122345394,0.766768643416665,0.623494422800948,"Hmgb2",1
"GO:0043616","keratinocyte proliferation","1/512","59/28943",0.651499122345394,0.766768643416665,0.623494422800948,"Ereg",1
"GO:0045599","negative regulation of fat cell differentiation","1/512","59/28943",0.651499122345394,0.766768643416665,0.623494422800948,"Wnt10b",1
"GO:0086001","cardiac muscle cell action potential","1/512","59/28943",0.651499122345394,0.766768643416665,0.623494422800948,"Ank3",1
"GO:0098815","modulation of excitatory postsynaptic potential","1/512","59/28943",0.651499122345394,0.766768643416665,0.623494422800948,"Rgs4",1
"GO:2000649","regulation of sodium ion transmembrane transporter activity","1/512","59/28943",0.651499122345394,0.766768643416665,0.623494422800948,"Ank3",1
"GO:0007162","negative regulation of cell adhesion","5/512","313/28943",0.651612174350143,0.766768643416665,0.623494422800948,"Cd44/Serpine1/Spn/Ripor2/Notch4",5
"GO:0001659","temperature homeostasis","3/512","189/28943",0.652445367093544,0.767511536413878,0.624098502851009,"Map2k6/Syk/Wnt10b",3
"GO:0010927","cellular component assembly involved in morphogenesis","2/512","126/28943",0.655696116554003,0.770858576109561,0.626820132903397,"Csrp2/Itgb4",2
"GO:0048640","negative regulation of developmental growth","2/512","126/28943",0.655696116554003,0.770858576109561,0.626820132903397,"Rgs4/Slit2",2
"GO:0002820","negative regulation of adaptive immune response","1/512","60/28943",0.657676675639922,0.77127906254873,0.627162049532274,"Spn",1
"GO:0006023","aminoglycan biosynthetic process","1/512","60/28943",0.657676675639922,0.77127906254873,0.627162049532274,"Pxylp1",1
"GO:0009948","anterior/posterior axis specification","1/512","60/28943",0.657676675639922,0.77127906254873,0.627162049532274,"Aurka",1
"GO:0030199","collagen fibril organization","1/512","60/28943",0.657676675639922,0.77127906254873,0.627162049532274,"Grem1",1
"GO:0033363","secretory granule organization","1/512","60/28943",0.657676675639922,0.77127906254873,0.627162049532274,"Ptprn",1
"GO:0043470","regulation of carbohydrate catabolic process","1/512","60/28943",0.657676675639922,0.77127906254873,0.627162049532274,"P2rx7",1
"GO:0051930","regulation of sensory perception of pain","1/512","60/28943",0.657676675639922,0.77127906254873,0.627162049532274,"Cck",1
"GO:0055078","sodium ion homeostasis","1/512","60/28943",0.657676675639922,0.77127906254873,0.627162049532274,"Spp1",1
"GO:0006475","internal protein amino acid acetylation","3/512","191/28943",0.659426556753073,0.772027801029219,0.627770882810381,"Brca2/Chek1/Brca1",3
"GO:0018393","internal peptidyl-lysine acetylation","3/512","191/28943",0.659426556753073,0.772027801029219,0.627770882810381,"Brca2/Chek1/Brca1",3
"GO:0043122","regulation of I-kappaB kinase/NF-kappaB signaling","3/512","191/28943",0.659426556753073,0.772027801029219,0.627770882810381,"Traf1/Trim59/Nr1h4",3
"GO:0009308","amine metabolic process","2/512","127/28943",0.659939598460011,0.772027801029219,0.627770882810381,"Npr1/Nr1h4",2
"GO:0018958","phenol-containing compound metabolic process","2/512","127/28943",0.659939598460011,0.772027801029219,0.627770882810381,"Cited1/Npr1",2
"GO:0034219","carbohydrate transmembrane transport","2/512","127/28943",0.659939598460011,0.772027801029219,0.627770882810381,"Tmem144/Slc2a5",2
"GO:0043280","positive regulation of cysteine-type endopeptidase activity involved in apoptotic process","2/512","127/28943",0.659939598460011,0.772027801029219,0.627770882810381,"Cck/Syk",2
"GO:0044000","movement in host","2/512","127/28943",0.659939598460011,0.772027801029219,0.627770882810381,"Trim59/Ptx3",2
"GO:0001505","regulation of neurotransmitter levels","4/512","255/28943",0.662932360448384,0.774097620793921,0.629453947305226,"P2rx7/Slc29a4/Mctp2/Sncg",4
"GO:0006446","regulation of translational initiation","1/512","61/28943",0.663744935241499,0.774097620793921,0.629453947305226,"Bzw1",1
"GO:0010812","negative regulation of cell-substrate adhesion","1/512","61/28943",0.663744935241499,0.774097620793921,0.629453947305226,"Serpine1",1
"GO:0021575","hindbrain morphogenesis","1/512","61/28943",0.663744935241499,0.774097620793921,0.629453947305226,"Kif14",1
"GO:0031663","lipopolysaccharide-mediated signaling pathway","1/512","61/28943",0.663744935241499,0.774097620793921,0.629453947305226,"Ccl2",1
"GO:0042491","inner ear auditory receptor cell differentiation","1/512","61/28943",0.663744935241499,0.774097620793921,0.629453947305226,"Ripor2",1
"GO:0043300","regulation of leukocyte degranulation","1/512","61/28943",0.663744935241499,0.774097620793921,0.629453947305226,"Syk",1
"GO:0044091","membrane biogenesis","1/512","61/28943",0.663744935241499,0.774097620793921,0.629453947305226,"Ank3",1
"GO:0051339","regulation of lyase activity","1/512","61/28943",0.663744935241499,0.774097620793921,0.629453947305226,"Adcy7",1
"GO:0051931","regulation of sensory perception","1/512","61/28943",0.663744935241499,0.774097620793921,0.629453947305226,"Cck",1
"GO:0001952","regulation of cell-matrix adhesion","2/512","128/28943",0.664141059468113,0.774322081600051,0.629636466585273,"Grem1/Serpine1",2
"GO:0090287","regulation of cellular response to growth factor stimulus","5/512","318/28943",0.665214652537198,0.775336023588727,0.630460948885653,"Grem1/Adamts3/Slit2/Tmprss6/Ltbp1",5
"GO:0050821","protein stabilization","3/512","193/28943",0.666306079505161,0.776370123897831,0.631301822832285,"Mcm8/Chek2/Wnt10b",3
"GO:0002793","positive regulation of peptide secretion","2/512","129/28943",0.668300655175946,0.777709703636763,0.632391095983049,"Acsl4/Nr1h4",2
"GO:0003014","renal system process","2/512","129/28943",0.668300655175946,0.777709703636763,0.632391095983049,"Ang2/Adgrf5",2
"GO:0033138","positive regulation of peptidyl-serine phosphorylation","2/512","129/28943",0.668300655175946,0.777709703636763,0.632391095983049,"Cd44/Il6",2
"GO:0042476","odontogenesis","2/512","129/28943",0.668300655175946,0.777709703636763,0.632391095983049,"Serpine1/Tnfrsf11b",2
"GO:0001754","eye photoreceptor cell differentiation","1/512","62/28943",0.669705831064377,0.777709703636763,0.632391095983049,"Rpgrip1",1
"GO:0001947","heart looping","1/512","62/28943",0.669705831064377,0.777709703636763,0.632391095983049,"Stil",1
"GO:0021872","forebrain generation of neurons","1/512","62/28943",0.669705831064377,0.777709703636763,0.632391095983049,"Aspm",1
"GO:0031122","cytoplasmic microtubule organization","1/512","62/28943",0.669705831064377,0.777709703636763,0.632391095983049,"Tacc3",1
"GO:0032655","regulation of interleukin-12 production","1/512","62/28943",0.669705831064377,0.777709703636763,0.632391095983049,"Syk",1
"GO:0042596","fear response","1/512","62/28943",0.669705831064377,0.777709703636763,0.632391095983049,"Cck",1
"GO:0098781","ncRNA transcription","1/512","62/28943",0.669705831064377,0.777709703636763,0.632391095983049,"Ang2",1
"GO:0000288","nuclear-transcribed mRNA catabolic process, deadenylation-dependent decay","1/512","63/28943",0.675561259009914,0.781882467809952,0.635784160125648,"Nanos1",1
"GO:0001736","establishment of planar polarity","1/512","63/28943",0.675561259009914,0.781882467809952,0.635784160125648,"Sapcd2",1
"GO:0006584","catecholamine metabolic process","1/512","63/28943",0.675561259009914,0.781882467809952,0.635784160125648,"Npr1",1
"GO:0006893","Golgi to plasma membrane transport","1/512","63/28943",0.675561259009914,0.781882467809952,0.635784160125648,"Ank3",1
"GO:0009712","catechol-containing compound metabolic process","1/512","63/28943",0.675561259009914,0.781882467809952,0.635784160125648,"Npr1",1
"GO:0015807","L-amino acid transport","1/512","63/28943",0.675561259009914,0.781882467809952,0.635784160125648,"Slc7a8",1
"GO:0016126","sterol biosynthetic process","1/512","63/28943",0.675561259009914,0.781882467809952,0.635784160125648,"Dhcr24",1
"GO:0031124","mRNA 3'-end processing","1/512","63/28943",0.675561259009914,0.781882467809952,0.635784160125648,"Ccnb1",1
"GO:0045682","regulation of epidermis development","1/512","63/28943",0.675561259009914,0.781882467809952,0.635784160125648,"Etv4",1
"GO:0046173","polyol biosynthetic process","1/512","63/28943",0.675561259009914,0.781882467809952,0.635784160125648,"Dhfr",1
"GO:0070897","transcription preinitiation complex assembly","1/512","63/28943",0.675561259009914,0.781882467809952,0.635784160125648,"Wnt10b",1
"GO:0031929","TOR signaling","2/512","131/28943",0.676494910967382,0.782724787430915,0.63646908848102,"Fam83d/Tnfaip8l1",2
"GO:0045927","positive regulation of growth","5/512","324/28943",0.681075459761952,0.785431272319468,0.638669854315535,"Acsl4/Serpine1/Hmga2/Cdk1/Ccnb1",5
"GO:0055074","calcium ion homeostasis","5/512","324/28943",0.681075459761952,0.785431272319468,0.638669854315535,"Mcub/P2rx7/Spp1/Cxcl10/Ccl2",5
"GO:0007164","establishment of tissue polarity","1/512","64/28943",0.681313081564862,0.785431272319468,0.638669854315535,"Sapcd2",1
"GO:0009064","glutamine family amino acid metabolic process","1/512","64/28943",0.681313081564862,0.785431272319468,0.638669854315535,"Nr1h4",1
"GO:0019748","secondary metabolic process","1/512","64/28943",0.681313081564862,0.785431272319468,0.638669854315535,"Cited1",1
"GO:0032615","interleukin-12 production","1/512","64/28943",0.681313081564862,0.785431272319468,0.638669854315535,"Syk",1
"GO:0033692","cellular polysaccharide biosynthetic process","1/512","64/28943",0.681313081564862,0.785431272319468,0.638669854315535,"Pask",1
"GO:0051893","regulation of focal adhesion assembly","1/512","64/28943",0.681313081564862,0.785431272319468,0.638669854315535,"Grem1",1
"GO:0060261","positive regulation of transcription initiation by RNA polymerase II","1/512","64/28943",0.681313081564862,0.785431272319468,0.638669854315535,"Wnt10b",1
"GO:0060393","regulation of pathway-restricted SMAD protein phosphorylation","1/512","64/28943",0.681313081564862,0.785431272319468,0.638669854315535,"Grem1",1
"GO:0071260","cellular response to mechanical stimulus","1/512","64/28943",0.681313081564862,0.785431272319468,0.638669854315535,"Ripor2",1
"GO:0090109","regulation of cell-substrate junction assembly","1/512","64/28943",0.681313081564862,0.785431272319468,0.638669854315535,"Grem1",1
"GO:0031667","response to nutrient levels","6/512","387/28943",0.68304343009702,0.786729658282335,0.639725630935302,"Spp1/Vgf/Nr1h4/Cck/Prl2c3/Prl2c2",6
"GO:0008154","actin polymerization or depolymerization","3/512","198/28943",0.683060126772748,0.786729658282335,0.639725630935302,"Slit2/Arhgap18/Diaph3",3
"GO:0098739","import across plasma membrane","3/512","198/28943",0.683060126772748,0.786729658282335,0.639725630935302,"Rgs4/Slc2a5/Slc7a8",3
"GO:0043244","regulation of protein-containing complex disassembly","2/512","133/28943",0.684523757770594,0.787938034224584,0.640708216317617,"Tpx2/Ckap2",2
"GO:1901216","positive regulation of neuron death","2/512","133/28943",0.684523757770594,0.787938034224584,0.640708216317617,"Mybl2/Nqo1",2
"GO:0019216","regulation of lipid metabolic process","6/512","388/28943",0.685418449760966,0.788729099876269,0.641351467741799,"Acsl4/Flt1/Nr1h4/Brca1/Adgrf5/Stard4",6
"GO:0003205","cardiac chamber development","3/512","199/28943",0.686334788754354,0.78931212273665,0.641825550119754,"Slit2/Nsd2/Ltbp1",3
"GO:0002707","negative regulation of lymphocyte mediated immunity","1/512","65/28943",0.686963128389157,0.78931212273665,0.641825550119754,"Spn",1
"GO:0010656","negative regulation of muscle cell apoptotic process","1/512","65/28943",0.686963128389157,0.78931212273665,0.641825550119754,"Dnmt1",1
"GO:0048278","vesicle docking","1/512","65/28943",0.686963128389157,0.78931212273665,0.641825550119754,"Sytl2",1
"GO:0060119","inner ear receptor cell development","1/512","65/28943",0.686963128389157,0.78931212273665,0.641825550119754,"Ripor2",1
"GO:0016055","Wnt signaling pathway","7/512","451/28943",0.688025653040445,0.790294118688753,0.642624055646299,"Tnn/Aspm/Cd44/Grem1/Hmga2/Depdc1b/Wnt10b",7
"GO:0001841","neural tube formation","2/512","134/28943",0.688476617426632,0.790573270750847,0.642851046871519,"Stil/Kif20b",2
"GO:0009152","purine ribonucleotide biosynthetic process","3/512","200/28943",0.689584119469515,0.791128190169914,0.643302277064436,"Acsl4/Npr1/Adcy7",3
"GO:0021915","neural tube development","3/512","200/28943",0.689584119469515,0.791128190169914,0.643302277064436,"Akp3/Stil/Kif20b",3
"GO:1990138","neuron projection extension","3/512","200/28943",0.689584119469515,0.791128190169914,0.643302277064436,"Tnn/Aurka/Slit2",3
"GO:0006909","phagocytosis","6/512","390/28943",0.690133576400419,0.79151971567855,0.64362064424483,"Ptx3/P2rx7/Spon2/Xkr5/Ccl2/Syk",6
"GO:0045444","fat cell differentiation","4/512","265/28943",0.692001215541591,0.79209842797491,0.644091221507326,"Hmga2/Wnt10b/Adgrf5/Dlk2",4
"GO:0090090","negative regulation of canonical Wnt signaling pathway","2/512","135/28943",0.692388695002753,0.79209842797491,0.644091221507326,"Tnn/Grem1",2
"GO:0198738","cell-cell signaling by wnt","7/512","453/28943",0.692396261424664,0.79209842797491,0.644091221507326,"Tnn/Aspm/Cd44/Grem1/Hmga2/Depdc1b/Wnt10b",7
"GO:0006081","cellular aldehyde metabolic process","1/512","66/28943",0.692513196893373,0.79209842797491,0.644091221507326,"Bco2",1
"GO:0015909","long-chain fatty acid transport","1/512","66/28943",0.692513196893373,0.79209842797491,0.644091221507326,"Syk",1
"GO:0042461","photoreceptor cell development","1/512","66/28943",0.692513196893373,0.79209842797491,0.644091221507326,"Rpgrip1",1
"GO:0070265","necrotic cell death","1/512","66/28943",0.692513196893373,0.79209842797491,0.644091221507326,"Ripk3",1
"GO:0090311","regulation of protein deacetylation","1/512","66/28943",0.692513196893373,0.79209842797491,0.644091221507326,"Ripk3",1
"GO:1903307","positive regulation of regulated secretory pathway","1/512","66/28943",0.692513196893373,0.79209842797491,0.644091221507326,"Syk",1
"GO:1905475","regulation of protein localization to membrane","3/512","201/28943",0.692808149190649,0.79219746863845,0.644171755970854,"Ank3/Ccl2/Mtcl1",3
"GO:0006469","negative regulation of protein kinase activity","3/512","202/28943",0.696006912168169,0.795376699748536,0.646756933237756,"Cdkn2c/Il6/Plk1",3
"GO:0007179","transforming growth factor beta receptor signaling pathway","3/512","202/28943",0.696006912168169,0.795376699748536,0.646756933237756,"Cited1/Ccl2/Ltbp1",3
"GO:0001707","mesoderm formation","1/512","67/28943",0.697965052806057,0.796895835065655,0.647992211187416,"Hmga2",1
"GO:0032663","regulation of interleukin-2 production","1/512","67/28943",0.697965052806057,0.796895835065655,0.647992211187416,"Nr1h4",1
"GO:1901016","regulation of potassium ion transmembrane transporter activity","1/512","67/28943",0.697965052806057,0.796895835065655,0.647992211187416,"Ank3",1
"GO:0050773","regulation of dendrite development","2/512","137/28943",0.700091320343715,0.798615477993152,0.649390530985323,"Cdc20/Cit",2
"GO:0021537","telencephalon development","4/512","268/28943",0.700366230713628,0.798615477993152,0.649390530985323,"Kif14/Aspm/Slit2/Tacc3",4
"GO:0018394","peptidyl-lysine acetylation","3/512","204/28943",0.702328794193251,0.798615477993152,0.649390530985323,"Brca2/Chek1/Brca1",3
"GO:0010959","regulation of metal ion transport","7/512","458/28943",0.703149190390904,0.798615477993152,0.649390530985323,"Rgs4/P2rx7/Cxcl1/Cxcl10/Serpine1/Ank3/Ccl2",7
"GO:0006879","cellular iron ion homeostasis","1/512","68/28943",0.703320430731092,0.798615477993152,0.649390530985323,"Tmprss6",1
"GO:0019098","reproductive behavior","1/512","68/28943",0.703320430731092,0.798615477993152,0.649390530985323,"Vgf",1
"GO:0019933","cAMP-mediated signaling","1/512","68/28943",0.703320430731092,0.798615477993152,0.649390530985323,"Cgas",1
"GO:0030837","negative regulation of actin filament polymerization","1/512","68/28943",0.703320430731092,0.798615477993152,0.649390530985323,"Slit2",1
"GO:0032233","positive regulation of actin filament bundle assembly","1/512","68/28943",0.703320430731092,0.798615477993152,0.649390530985323,"Arhgef15",1
"GO:0035315","hair cell differentiation","1/512","68/28943",0.703320430731092,0.798615477993152,0.649390530985323,"Ripor2",1
"GO:0042440","pigment metabolic process","1/512","68/28943",0.703320430731092,0.798615477993152,0.649390530985323,"Cited1",1
"GO:0046496","nicotinamide nucleotide metabolic process","1/512","68/28943",0.703320430731092,0.798615477993152,0.649390530985323,"Nqo1",1
"GO:0050433","regulation of catecholamine secretion","1/512","68/28943",0.703320430731092,0.798615477993152,0.649390530985323,"Sncg",1
"GO:0050771","negative regulation of axonogenesis","1/512","68/28943",0.703320430731092,0.798615477993152,0.649390530985323,"Slit2",1
"GO:0060389","pathway-restricted SMAD protein phosphorylation","1/512","68/28943",0.703320430731092,0.798615477993152,0.649390530985323,"Grem1",1
"GO:0061371","determination of heart left/right asymmetry","1/512","68/28943",0.703320430731092,0.798615477993152,0.649390530985323,"Stil",1
"GO:0061951","establishment of protein localization to plasma membrane","1/512","68/28943",0.703320430731092,0.798615477993152,0.649390530985323,"Ank3",1
"GO:0098900","regulation of action potential","1/512","68/28943",0.703320430731092,0.798615477993152,0.649390530985323,"Ank3",1
"GO:0008277","regulation of G protein-coupled receptor signaling pathway","2/512","138/28943",0.703882290046043,0.798615477993152,0.649390530985323,"Rgs4/Stmn1",2
"GO:0010811","positive regulation of cell-substrate adhesion","2/512","138/28943",0.703882290046043,0.798615477993152,0.649390530985323,"Spp1/Nid1",2
"GO:0032874","positive regulation of stress-activated MAPK cascade","2/512","138/28943",0.703882290046043,0.798615477993152,0.649390530985323,"Traf1/Lmnb1",2
"GO:0016051","carbohydrate biosynthetic process","3/512","205/28943",0.705452000750193,0.799680532752604,0.650256575401976,"Pask/Il6/Aldoc",3
"GO:0048736","appendage development","3/512","205/28943",0.705452000750193,0.799680532752604,0.650256575401976,"Sp9/Grem1/Itgb4",3
"GO:0060173","limb development","3/512","205/28943",0.705452000750193,0.799680532752604,0.650256575401976,"Sp9/Grem1/Itgb4",3
"GO:0034341","response to interferon-gamma","2/512","139/28943",0.707633321029962,0.800839801995072,0.651199229895492,"Cited1/Ccl2",2
"GO:0034754","cellular hormone metabolic process","2/512","139/28943",0.707633321029962,0.800839801995072,0.651199229895492,"Spp1/Bco2",2
"GO:0032271","regulation of protein polymerization","3/512","206/28943",0.708550115391603,0.800839801995072,0.651199229895492,"Stmn1/Slit2/Arhgap18",3
"GO:0001523","retinoid metabolic process","1/512","69/28943",0.708581034695271,0.800839801995072,0.651199229895492,"Bco2",1
"GO:0003143","embryonic heart tube morphogenesis","1/512","69/28943",0.708581034695271,0.800839801995072,0.651199229895492,"Stil",1
"GO:0006406","mRNA export from nucleus","1/512","69/28943",0.708581034695271,0.800839801995072,0.651199229895492,"Nup107",1
"GO:0006940","regulation of smooth muscle contraction","1/512","69/28943",0.708581034695271,0.800839801995072,0.651199229895492,"Flt1",1
"GO:0022029","telencephalon cell migration","1/512","69/28943",0.708581034695271,0.800839801995072,0.651199229895492,"Slit2",1
"GO:0060425","lung morphogenesis","1/512","69/28943",0.708581034695271,0.800839801995072,0.651199229895492,"Hmga2",1
"GO:0150116","regulation of cell-substrate junction organization","1/512","69/28943",0.708581034695271,0.800839801995072,0.651199229895492,"Grem1",1
"GO:0006790","sulfur compound metabolic process","5/512","335/28943",0.708825164442825,0.800877644936588,0.651230001710667,"Acsl4/Mgst2/Far1/Gsta1/Dnmt1",5
"GO:0006119","oxidative phosphorylation","2/512","140/28943",0.711344636844997,0.802861521918695,0.652843182224095,"Cdk1/Ccnb1",2
"GO:0031623","receptor internalization","2/512","140/28943",0.711344636844997,0.802861521918695,0.652843182224095,"Grem1/Syk",2
"GO:0070304","positive regulation of stress-activated protein kinase signaling cascade","2/512","140/28943",0.711344636844997,0.802861521918695,0.652843182224095,"Traf1/Lmnb1",2
"GO:0007519","skeletal muscle tissue development","3/512","207/28943",0.711623190804413,0.802861521918695,0.652843182224095,"Ripor2/Rtl1/Wnt10b",3
"GO:0008347","glial cell migration","1/512","70/28943",0.713748538686267,0.802861521918695,0.652843182224095,"Ccl2",1
"GO:0019362","pyridine nucleotide metabolic process","1/512","70/28943",0.713748538686267,0.802861521918695,0.652843182224095,"Nqo1",1
"GO:0032720","negative regulation of tumor necrosis factor production","1/512","70/28943",0.713748538686267,0.802861521918695,0.652843182224095,"Nr1h4",1
"GO:0042058","regulation of epidermal growth factor receptor signaling pathway","1/512","70/28943",0.713748538686267,0.802861521918695,0.652843182224095,"Ereg",1
"GO:0042509","regulation of tyrosine phosphorylation of STAT protein","1/512","70/28943",0.713748538686267,0.802861521918695,0.652843182224095,"Il6",1
"GO:0046513","ceramide biosynthetic process","1/512","70/28943",0.713748538686267,0.802861521918695,0.652843182224095,"P2rx7",1
"GO:0060260","regulation of transcription initiation by RNA polymerase II","1/512","70/28943",0.713748538686267,0.802861521918695,0.652843182224095,"Wnt10b",1
"GO:0099601","regulation of neurotransmitter receptor activity","1/512","70/28943",0.713748538686267,0.802861521918695,0.652843182224095,"Ccl2",1
"GO:1902305","regulation of sodium ion transmembrane transport","1/512","70/28943",0.713748538686267,0.802861521918695,0.652843182224095,"Ank3",1
"GO:1902373","negative regulation of mRNA catabolic process","1/512","70/28943",0.713748538686267,0.802861521918695,0.652843182224095,"Pkp3",1
"GO:1904036","negative regulation of epithelial cell apoptotic process","1/512","70/28943",0.713748538686267,0.802861521918695,0.652843182224095,"Serpine1",1
"GO:0009855","determination of bilateral symmetry","2/512","141/28943",0.715016465636229,0.803574520351446,0.653422953645504,"Grem1/Stil",2
"GO:0046165","alcohol biosynthetic process","2/512","141/28943",0.715016465636229,0.803574520351446,0.653422953645504,"Dhcr24/Dhfr",2
"GO:1904375","regulation of protein localization to cell periphery","2/512","141/28943",0.715016465636229,0.803574520351446,0.653422953645504,"Sapcd2/Plk1",2
"GO:0072330","monocarboxylic acid biosynthetic process","3/512","209/28943",0.717694451630976,0.805948416532798,0.655353276490719,"Brca1/Fads6/Stard4",3
"GO:0009799","specification of symmetry","2/512","142/28943",0.718649039912514,0.805948416532798,0.655353276490719,"Grem1/Stil",2
"GO:0016101","diterpenoid metabolic process","1/512","71/28943",0.718824587181146,0.805948416532798,0.655353276490719,"Bco2",1
"GO:0030239","myofibril assembly","1/512","71/28943",0.718824587181146,0.805948416532798,0.655353276490719,"Csrp2",1
"GO:0043303","mast cell degranulation","1/512","71/28943",0.718824587181146,0.805948416532798,0.655353276490719,"Syk",1
"GO:0048332","mesoderm morphogenesis","1/512","71/28943",0.718824587181146,0.805948416532798,0.655353276490719,"Hmga2",1
"GO:0060986","endocrine hormone secretion","1/512","71/28943",0.718824587181146,0.805948416532798,0.655353276490719,"Spp1",1
"GO:1903556","negative regulation of tumor necrosis factor superfamily cytokine production","1/512","71/28943",0.718824587181146,0.805948416532798,0.655353276490719,"Nr1h4",1
"GO:0009141","nucleoside triphosphate metabolic process","4/512","275/28943",0.719245509679399,0.806182614328147,0.65554371335911,"Dut/P2rx7/Enpp3/Aldoc",4
"GO:0002761","regulation of myeloid leukocyte differentiation","2/512","143/28943",0.722242596321423,0.807490799624596,0.656607458262255,"Inpp5d/Tnfrsf11b",2
"GO:0030326","embryonic limb morphogenesis","2/512","143/28943",0.722242596321423,0.807490799624596,0.656607458262255,"Sp9/Grem1",2
"GO:0035113","embryonic appendage morphogenesis","2/512","143/28943",0.722242596321423,0.807490799624596,0.656607458262255,"Sp9/Grem1",2
"GO:0035270","endocrine system development","2/512","143/28943",0.722242596321423,0.807490799624596,0.656607458262255,"Il6/Hmga2",2
"GO:0008361","regulation of cell size","3/512","211/28943",0.723666271221035,0.807490799624596,0.656607458262255,"Iqgap3/P2rx7/Slit2",3
"GO:0010721","negative regulation of cell development","3/512","211/28943",0.723666271221035,0.807490799624596,0.656607458262255,"Slit2/Cit/Hmga2",3
"GO:0000271","polysaccharide biosynthetic process","1/512","72/28943",0.723810795665603,0.807490799624596,0.656607458262255,"Pask",1
"GO:0007585","respiratory gaseous exchange by respiratory system","1/512","72/28943",0.723810795665603,0.807490799624596,0.656607458262255,"Pask",1
"GO:0021536","diencephalon development","1/512","72/28943",0.723810795665603,0.807490799624596,0.656607458262255,"Hmga2",1
"GO:0021885","forebrain cell migration","1/512","72/28943",0.723810795665603,0.807490799624596,0.656607458262255,"Slit2",1
"GO:0043462","regulation of ATP-dependent activity","1/512","72/28943",0.723810795665603,0.807490799624596,0.656607458262255,"Mcm2",1
"GO:0043506","regulation of JUN kinase activity","1/512","72/28943",0.723810795665603,0.807490799624596,0.656607458262255,"Syk",1
"GO:0048678","response to axon injury","1/512","72/28943",0.723810795665603,0.807490799624596,0.656607458262255,"Dhfr",1
"GO:0050909","sensory perception of taste","1/512","72/28943",0.723810795665603,0.807490799624596,0.656607458262255,"Wnt10b",1
"GO:0055002","striated muscle cell development","1/512","72/28943",0.723810795665603,0.807490799624596,0.656607458262255,"Csrp2",1
"GO:0055008","cardiac muscle tissue morphogenesis","1/512","72/28943",0.723810795665603,0.807490799624596,0.656607458262255,"S1pr1",1
"GO:2000113","negative regulation of cellular macromolecule biosynthetic process","3/512","212/28943",0.726615056856425,0.810381474381967,0.658957997247941,"Pask/Tyms/Nanos1",3
"GO:0060560","developmental growth involved in morphogenesis","4/512","278/28943",0.727063425752307,0.810643737451693,0.659171255266099,"Tnn/Aurka/S1pr1/Slit2",4
"GO:0030900","forebrain development","6/512","407/28943",0.72831359082392,0.811288630117074,0.659695646793612,"Kif14/Aspm/Stil/Slit2/Tacc3/Hmga2",6
"GO:0017156","calcium-ion regulated exocytosis","1/512","73/28943",0.728708751144084,0.811288630117074,0.659695646793612,"P2rx7",1
"GO:0019080","viral gene expression","1/512","73/28943",0.728708751144084,0.811288630117074,0.659695646793612,"Hmga2",1
"GO:0048168","regulation of neuronal synaptic plasticity","1/512","73/28943",0.728708751144084,0.811288630117074,0.659695646793612,"Vgf",1
"GO:0061035","regulation of cartilage development","1/512","73/28943",0.728708751144084,0.811288630117074,0.659695646793612,"Grem1",1
"GO:0008203","cholesterol metabolic process","2/512","145/28943",0.729313621516489,0.811724352753422,0.660049952666685,"Dhcr24/Apon",2
"GO:0031345","negative regulation of cell projection organization","3/512","213/28943",0.729539187781676,0.811737779322778,0.660060870420277,"Kif24/Slit2/Cit",3
"GO:0006665","sphingolipid metabolic process","2/512","146/28943",0.73279158235689,0.813785552395931,0.661726007748511,"Smpdl3b/P2rx7",2
"GO:0010821","regulation of mitochondrion organization","2/512","146/28943",0.73279158235689,0.813785552395931,0.661726007748511,"Aurka/Hgf",2
"GO:0030833","regulation of actin filament polymerization","2/512","146/28943",0.73279158235689,0.813785552395931,0.661726007748511,"Slit2/Arhgap18",2
"GO:0010633","negative regulation of epithelial cell migration","1/512","74/28943",0.73352001264094,0.813785552395931,0.661726007748511,"Slit2",1
"GO:0032623","interleukin-2 production","1/512","74/28943",0.73352001264094,0.813785552395931,0.661726007748511,"Nr1h4",1
"GO:0042982","amyloid precursor protein metabolic process","1/512","74/28943",0.73352001264094,0.813785552395931,0.661726007748511,"Dhcr24",1
"GO:0048488","synaptic vesicle endocytosis","1/512","74/28943",0.73352001264094,0.813785552395931,0.661726007748511,"Sncg",1
"GO:0050432","catecholamine secretion","1/512","74/28943",0.73352001264094,0.813785552395931,0.661726007748511,"Sncg",1
"GO:0099518","vesicle cytoskeletal trafficking","1/512","74/28943",0.73352001264094,0.813785552395931,0.661726007748511,"Kifc1",1
"GO:0140238","presynaptic endocytosis","1/512","74/28943",0.73352001264094,0.813785552395931,0.661726007748511,"Sncg",1
"GO:0007260","tyrosine phosphorylation of STAT protein","1/512","75/28943",0.738246111692789,0.817359265188114,0.664631955994765,"Il6",1
"GO:0010611","regulation of cardiac muscle hypertrophy","1/512","75/28943",0.738246111692789,0.817359265188114,0.664631955994765,"Rgs4",1
"GO:0034637","cellular carbohydrate biosynthetic process","1/512","75/28943",0.738246111692789,0.817359265188114,0.664631955994765,"Pask",1
"GO:0097120","receptor localization to synapse","1/512","75/28943",0.738246111692789,0.817359265188114,0.664631955994765,"Anks1b",1
"GO:1901184","regulation of ERBB signaling pathway","1/512","75/28943",0.738246111692789,0.817359265188114,0.664631955994765,"Ereg",1
"GO:1903578","regulation of ATP metabolic process","1/512","75/28943",0.738246111692789,0.817359265188114,0.664631955994765,"P2rx7",1
"GO:2000036","regulation of stem cell population maintenance","1/512","75/28943",0.738246111692789,0.817359265188114,0.664631955994765,"Hmga2",1
"GO:0098876","vesicle-mediated transport to the plasma membrane","2/512","148/28943",0.739633655734053,0.81828847494762,0.665387538669719,"Ank3/Arhgap8",2
"GO:1903313","positive regulation of mRNA metabolic process","2/512","148/28943",0.739633655734053,0.81828847494762,0.665387538669719,"Ccnb1/Nanos1",2
"GO:0003007","heart morphogenesis","4/512","283/28943",0.739731059546283,0.81828847494762,0.665387538669719,"S1pr1/Stil/Slit2/Nsd2",4
"GO:0006006","glucose metabolic process","3/512","217/28943",0.740990699278123,0.819443466740961,0.666326714975,"Pfkfb1/Il6/Aldoc",3
"GO:0006900","vesicle budding from membrane","1/512","76/28943",0.742888552832227,0.820708732983442,0.667355560445297,"P2rx7",1
"GO:0007422","peripheral nervous system development","1/512","76/28943",0.742888552832227,0.820708732983442,0.667355560445297,"Itgb4",1
"GO:0034763","negative regulation of transmembrane transport","2/512","149/28943",0.742998279571017,0.820708732983442,0.667355560445297,"Rgs4/Ank3",2
"GO:2001056","positive regulation of cysteine-type endopeptidase activity","2/512","149/28943",0.742998279571017,0.820708732983442,0.667355560445297,"Cck/Syk",2
"GO:0045598","regulation of fat cell differentiation","2/512","150/28943",0.746325640392739,0.823905367239604,0.669954889001001,"Wnt10b/Dlk2",2
"GO:0046328","regulation of JNK cascade","2/512","150/28943",0.746325640392739,0.823905367239604,0.669954889001001,"Traf1/Lmnb1",2
"GO:0060538","skeletal muscle organ development","3/512","219/28943",0.746570597331873,0.823936548927658,0.669980244248327,"Ripor2/Rtl1/Wnt10b",3
"GO:0016064","immunoglobulin mediated immune response","4/512","286/28943",0.747115600883676,0.823949084101966,0.669990437168104,"Exo1/Inpp5d/Nsd2/Atad5",4
"GO:0010822","positive regulation of mitochondrion organization","1/512","77/28943",0.747448814063041,0.823949084101966,0.669990437168104,"Aurka",1
"GO:0043113","receptor clustering","1/512","77/28943",0.747448814063041,0.823949084101966,0.669990437168104,"Itgb7",1
"GO:0060976","coronary vasculature development","1/512","77/28943",0.747448814063041,0.823949084101966,0.669990437168104,"Ltbp1",1
"GO:0003206","cardiac chamber morphogenesis","2/512","151/28943",0.749616000609886,0.826098560672112,0.671738274230736,"Slit2/Nsd2",2
"GO:0002704","negative regulation of leukocyte mediated immunity","1/512","78/28943",0.751928347327079,0.827447634308988,0.672835267301281,"Spn",1
"GO:0006721","terpenoid metabolic process","1/512","78/28943",0.751928347327079,0.827447634308988,0.672835267301281,"Bco2",1
"GO:0006919","activation of cysteine-type endopeptidase activity involved in apoptotic process","1/512","78/28943",0.751928347327079,0.827447634308988,0.672835267301281,"Cck",1
"GO:0014743","regulation of muscle hypertrophy","1/512","78/28943",0.751928347327079,0.827447634308988,0.672835267301281,"Rgs4",1
"GO:0098661","inorganic anion transmembrane transport","1/512","78/28943",0.751928347327079,0.827447634308988,0.672835267301281,"Slc37a2",1
"GO:0008202","steroid metabolic process","5/512","354/28943",0.752674241413641,0.827764694719136,0.673093083526704,"Dhcr24/Spp1/Nr1h4/Apon/Stard4",5
"GO:0050657","nucleic acid transport","2/512","152/28943",0.752869625023349,0.827764694719136,0.673093083526704,"Ndc1/Nup107",2
"GO:0050658","RNA transport","2/512","152/28943",0.752869625023349,0.827764694719136,0.673093083526704,"Ndc1/Nup107",2
"GO:0019724","B cell mediated immunity","4/512","289/28943",0.754339297990085,0.829140795304511,0.674212053437069,"Exo1/Inpp5d/Nsd2/Atad5",4
"GO:0021766","hippocampus development","1/512","79/28943",0.756328578962919,0.830367097088368,0.675209215135673,"Kif14",1
"GO:0072524","pyridine-containing compound metabolic process","1/512","79/28943",0.756328578962919,0.830367097088368,0.675209215135673,"Nqo1",1
"GO:1901606","alpha-amino acid catabolic process","1/512","79/28943",0.756328578962919,0.830367097088368,0.675209215135673,"Hmgcll1",1
"GO:1903201","regulation of oxidative stress-induced cell death","1/512","79/28943",0.756328578962919,0.830367097088368,0.675209215135673,"Hgf",1
"GO:0045862","positive regulation of proteolysis","5/512","357/28943",0.759127110800965,0.832632228024256,0.677051096017951,"Aurka/Cdc20/Plk1/Cck/Syk",5
"GO:0006633","fatty acid biosynthetic process","2/512","154/28943",0.759267736601813,0.832632228024256,0.677051096017951,"Brca1/Fads6",2
"GO:0016052","carbohydrate catabolic process","2/512","154/28943",0.759267736601813,0.832632228024256,0.677051096017951,"P2rx7/Aldoc",2
"GO:0016125","sterol metabolic process","2/512","154/28943",0.759267736601813,0.832632228024256,0.677051096017951,"Dhcr24/Apon",2
"GO:0046034","ATP metabolic process","3/512","224/28943",0.760100671109647,0.833187773095633,0.67750283495719,"P2rx7/Enpp3/Aldoc",3
"GO:0005977","glycogen metabolic process","1/512","80/28943",0.760650910156482,0.833187773095633,0.67750283495719,"Pask",1
"GO:0006073","cellular glucan metabolic process","1/512","80/28943",0.760650910156482,0.833187773095633,0.67750283495719,"Pask",1
"GO:0032456","endocytic recycling","1/512","80/28943",0.760650910156482,0.833187773095633,0.67750283495719,"Arhgap8",1
"GO:0051236","establishment of RNA localization","2/512","155/28943",0.762412763849334,0.83487711064377,0.678876512074186,"Ndc1/Nup107",2
"GO:0032412","regulation of ion transmembrane transporter activity","4/512","293/28943",0.763722665315311,0.836070709337406,0.679847081404237,"Abcb1a/Abcb1b/Ank3/Ccl2",4
"GO:0008543","fibroblast growth factor receptor signaling pathway","1/512","81/28943",0.764896717383724,0.836392671697704,0.680108883628051,"Shcbp1",1
"GO:0044042","glucan metabolic process","1/512","81/28943",0.764896717383724,0.836392671697704,0.680108883628051,"Pask",1
"GO:0046626","regulation of insulin receptor signaling pathway","1/512","81/28943",0.764896717383724,0.836392671697704,0.680108883628051,"Nr1h4",1
"GO:0048663","neuron fate commitment","1/512","81/28943",0.764896717383724,0.836392671697704,0.680108883628051,"Epop",1
"GO:0033673","negative regulation of kinase activity","3/512","226/28943",0.765346867914019,0.836595331372104,0.680273675417334,"Cdkn2c/Il6/Plk1",3
"GO:2001235","positive regulation of apoptotic signaling pathway","2/512","156/28943",0.765522135150855,0.836595331372104,0.680273675417334,"Bub1/Ripk3",2
"GO:0048593","camera-type eye morphogenesis","2/512","157/28943",0.768596124865684,0.839713352511301,0.682809080075775,"Flt1/Rpgrip1",2
"GO:0051279","regulation of release of sequestered calcium ion into cytosol","1/512","82/28943",0.76906735284556,0.839986807101069,0.683031438427376,"Cxcl10",1
"GO:0007389","pattern specification process","7/512","493/28943",0.771368285732061,0.842084598013362,0.684737247533222,"Aurka/Grem1/Cited1/Stil/Xrcc2/Palb2/Mns1",7
"GO:1902652","secondary alcohol metabolic process","2/512","158/28943",0.771635008820293,0.842084598013362,0.684737247533222,"Dhcr24/Apon",2
"GO:0042063","gliogenesis","5/512","363/28943",0.771652482766584,0.842084598013362,0.684737247533222,"Flt1/Il6/Hmga2/Itgb4/Ccl2",5
"GO:0050810","regulation of steroid biosynthetic process","1/512","83/28943",0.773164144895145,0.842766651058298,0.685291855853767,"Stard4",1
"GO:0070373","negative regulation of ERK1 and ERK2 cascade","1/512","83/28943",0.773164144895145,0.842766651058298,0.685291855853767,"Dusp9",1
"GO:1902369","negative regulation of RNA catabolic process","1/512","83/28943",0.773164144895145,0.842766651058298,0.685291855853767,"Pkp3",1
"GO:1904888","cranial skeletal system development","1/512","83/28943",0.773164144895145,0.842766651058298,0.685291855853767,"Cep55",1
"GO:0031331","positive regulation of cellular catabolic process","6/512","431/28943",0.776395739406042,0.845214614112117,0.687282405838281,"Aurka/Cdc20/P2rx7/Il6/Plk1/Nanos1",6
"GO:0000422","autophagy of mitochondrion","1/512","84/28943",0.777188398457643,0.845214614112117,0.687282405838281,"Atg9b",1
"GO:0045913","positive regulation of carbohydrate metabolic process","1/512","84/28943",0.777188398457643,0.845214614112117,0.687282405838281,"P2rx7",1
"GO:0060042","retina morphogenesis in camera-type eye","1/512","84/28943",0.777188398457643,0.845214614112117,0.687282405838281,"Rpgrip1",1
"GO:0061726","mitochondrion disassembly","1/512","84/28943",0.777188398457643,0.845214614112117,0.687282405838281,"Atg9b",1
"GO:1900076","regulation of cellular response to insulin stimulus","1/512","84/28943",0.777188398457643,0.845214614112117,0.687282405838281,"Nr1h4",1
"GO:1990542","mitochondrial transmembrane transport","1/512","84/28943",0.777188398457643,0.845214614112117,0.687282405838281,"Mcub",1
"GO:2000300","regulation of synaptic vesicle exocytosis","1/512","84/28943",0.777188398457643,0.845214614112117,0.687282405838281,"P2rx7",1
"GO:0010634","positive regulation of epithelial cell migration","2/512","160/28943",0.777608569270524,0.845429734162577,0.687457329725488,"Serpine1/Prl2c2",2
"GO:0060070","canonical Wnt signaling pathway","4/512","300/28943",0.779469701330939,0.847210921801095,0.688905694324266,"Tnn/Aspm/Grem1/Wnt10b",4
"GO:0030003","cellular cation homeostasis","7/512","498/28943",0.780104618660478,0.847574082612121,0.689200996880257,"Mcub/P2rx7/Spp1/Cxcl10/Mt2/Ccl2/Tmprss6",7
"GO:0002251","organ or tissue specific immune response","1/512","85/28943",0.781141395442628,0.847574082612121,0.689200996880257,"Il6",1
"GO:0032413","negative regulation of ion transmembrane transporter activity","1/512","85/28943",0.781141395442628,0.847574082612121,0.689200996880257,"Ank3",1
"GO:0045824","negative regulation of innate immune response","1/512","85/28943",0.781141395442628,0.847574082612121,0.689200996880257,"Smpdl3b",1
"GO:0046530","photoreceptor cell differentiation","1/512","85/28943",0.781141395442628,0.847574082612121,0.689200996880257,"Rpgrip1",1
"GO:0051966","regulation of synaptic transmission, glutamatergic","1/512","85/28943",0.781141395442628,0.847574082612121,0.689200996880257,"Ccl2",1
"GO:0043434","response to peptide hormone","5/512","369/28943",0.783675852806552,0.849988233920879,0.691164052998594,"Cited1/H2az1/Vgf/Nr1h4/Ang2",5
"GO:0008037","cell recognition","4/512","302/28943",0.783813452952814,0.849988233920879,0.691164052998594,"Tnn/Ptx3/Spon2/Robo3",4
"GO:0036465","synaptic vesicle recycling","1/512","86/28943",0.785024395149239,0.850089077287783,0.691246053322135,"Sncg",1
"GO:0048041","focal adhesion assembly","1/512","86/28943",0.785024395149239,0.850089077287783,0.691246053322135,"Grem1",1
"GO:0051384","response to glucocorticoid","1/512","86/28943",0.785024395149239,0.850089077287783,0.691246053322135,"Il6",1
"GO:0060415","muscle tissue morphogenesis","1/512","86/28943",0.785024395149239,0.850089077287783,0.691246053322135,"S1pr1",1
"GO:0097009","energy homeostasis","1/512","86/28943",0.785024395149239,0.850089077287783,0.691246053322135,"Pask",1
"GO:0043542","endothelial cell migration","3/512","234/28943",0.785405106895823,0.850259173239726,0.691384366069126,"Grem1/Slit2/Prl2c2",3
"GO:0022898","regulation of transmembrane transporter activity","4/512","303/28943",0.785959723319782,0.850515060104776,0.691592439305553,"Abcb1a/Abcb1b/Ank3/Ccl2",4
"GO:0009755","hormone-mediated signaling pathway","2/512","163/28943",0.786312581869618,0.850515060104776,0.691592439305553,"Hmga2/Brca1",2
"GO:0051701","biological process involved in interaction with host","2/512","163/28943",0.786312581869618,0.850515060104776,0.691592439305553,"Trim59/Ptx3",2
"GO:0003018","vascular process in circulatory system","3/512","235/28943",0.787810002698722,0.851551530094644,0.692435240147283,"Abcb1a/Abcb1b/Slit2",3
"GO:0003407","neural retina development","1/512","87/28943",0.788838634664213,0.851551530094644,0.692435240147283,"Rpgrip1",1
"GO:0006405","RNA export from nucleus","1/512","87/28943",0.788838634664213,0.851551530094644,0.692435240147283,"Nup107",1
"GO:0007040","lysosome organization","1/512","87/28943",0.788838634664213,0.851551530094644,0.692435240147283,"P2rx7",1
"GO:0048708","astrocyte differentiation","1/512","87/28943",0.788838634664213,0.851551530094644,0.692435240147283,"Hmga2",1
"GO:0060113","inner ear receptor cell differentiation","1/512","87/28943",0.788838634664213,0.851551530094644,0.692435240147283,"Ripor2",1
"GO:0080171","lytic vacuole organization","1/512","87/28943",0.788838634664213,0.851551530094644,0.692435240147283,"P2rx7",1
"GO:0009952","anterior/posterior pattern specification","3/512","236/28943",0.790192535978211,0.852296622016081,0.69304110824254,"Aurka/Xrcc2/Palb2",3
"GO:0030100","regulation of endocytosis","3/512","236/28943",0.790192535978211,0.852296622016081,0.69304110824254,"Grem1/Serpine1/Syk",3
"GO:0070482","response to oxygen levels","4/512","305/28943",0.790201365756624,0.852296622016081,0.69304110824254,"Suv39h2/Flt1/Tacc3/Ang2",4
"GO:0008064","regulation of actin polymerization or depolymerization","2/512","165/28943",0.791947651253829,0.853937881471089,0.69437569087754,"Slit2/Arhgap18",2
"GO:0021675","nerve development","1/512","88/28943",0.792585329252926,0.854140992579259,0.694540849748134,"Nav2",1
"GO:0035019","somatic stem cell population maintenance","1/512","88/28943",0.792585329252926,0.854140992579259,0.694540849748134,"Hmga2",1
"GO:0001738","morphogenesis of a polarized epithelium","1/512","89/28943",0.796265672743569,0.857135358938576,0.696975705086685,"Sapcd2",1
"GO:0007218","neuropeptide signaling pathway","1/512","89/28943",0.796265672743569,0.857135358938576,0.696975705086685,"Cort",1
"GO:0040014","regulation of multicellular organism growth","1/512","89/28943",0.796265672743569,0.857135358938576,0.696975705086685,"Hmga2",1
"GO:1900542","regulation of purine nucleotide metabolic process","1/512","89/28943",0.796265672743569,0.857135358938576,0.696975705086685,"P2rx7",1
"GO:0006367","transcription initiation at RNA polymerase II promoter","1/512","90/28943",0.799880837904562,0.860539599805644,0.699743848010514,"Wnt10b",1
"GO:0045995","regulation of embryonic development","1/512","90/28943",0.799880837904562,0.860539599805644,0.699743848010514,"Racgap1",1
"GO:0030832","regulation of actin filament length","2/512","168/28943",0.80015450011243,0.860590497716396,0.69978523541434,"Slit2/Arhgap18",2
"GO:0034329","cell junction assembly","6/512","445/28943",0.801342910999935,0.861624928626062,0.70062637818731,"Grem1/Cldn34c1/Ect2/Pkp3/Nr1h4/Itgb4",6
"GO:0006694","steroid biosynthetic process","2/512","169/28943",0.802825715772434,0.862651334609418,0.701460995528077,"Dhcr24/Stard4",2
"GO:0071383","cellular response to steroid hormone stimulus","2/512","169/28943",0.802825715772434,0.862651334609418,0.701460995528077,"Hmga2/Brca1",2
"GO:0006029","proteoglycan metabolic process","1/512","91/28943",0.803431976815347,0.862651334609418,0.701460995528077,"Pxylp1",1
"GO:0046888","negative regulation of hormone secretion","1/512","91/28943",0.803431976815347,0.862651334609418,0.701460995528077,"Il6",1
"GO:0060079","excitatory postsynaptic potential","1/512","91/28943",0.803431976815347,0.862651334609418,0.701460995528077,"Rgs4",1
"GO:0006910","phagocytosis, recognition","2/512","170/28943",0.805465204187286,0.86434623379059,0.702839195061592,"Ptx3/Spon2",2
"GO:0010950","positive regulation of endopeptidase activity","2/512","170/28943",0.805465204187286,0.86434623379059,0.702839195061592,"Cck/Syk",2
"GO:0006664","glycolipid metabolic process","1/512","92/28943",0.806920221230657,0.865663284740113,0.70391014903007,"Pnliprp2",1
"GO:0007029","endoplasmic reticulum organization","1/512","93/28943",0.810346682938394,0.867869884093457,0.705704435223147,"Esyt3",1
"GO:0030512","negative regulation of transforming growth factor beta receptor signaling pathway","1/512","93/28943",0.810346682938394,0.867869884093457,0.705704435223147,"Ltbp1",1
"GO:0031016","pancreas development","1/512","93/28943",0.810346682938394,0.867869884093457,0.705704435223147,"Il6",1
"GO:0034308","primary alcohol metabolic process","1/512","93/28943",0.810346682938394,0.867869884093457,0.705704435223147,"Slc37a2",1
"GO:0048814","regulation of dendrite morphogenesis","1/512","93/28943",0.810346682938394,0.867869884093457,0.705704435223147,"Cit",1
"GO:1903509","liposaccharide metabolic process","1/512","93/28943",0.810346682938394,0.867869884093457,0.705704435223147,"Pnliprp2",1
"GO:0032410","negative regulation of transporter activity","1/512","94/28943",0.813712454111203,0.87073874205764,0.708037233983025,"Ank3",1
"GO:0042490","mechanoreceptor differentiation","1/512","94/28943",0.813712454111203,0.87073874205764,0.708037233983025,"Ripor2",1
"GO:0048644","muscle organ morphogenesis","1/512","94/28943",0.813712454111203,0.87073874205764,0.708037233983025,"S1pr1",1
"GO:0032409","regulation of transporter activity","4/512","317/28943",0.81425417713488,0.87107326434069,0.708309249250701,"Abcb1a/Abcb1b/Ank3/Ccl2",4
"GO:0009266","response to temperature stimulus","2/512","174/28943",0.815711561156131,0.872386879188638,0.709377409168867,"Vgf/Ccl2",2
"GO:0008589","regulation of smoothened signaling pathway","1/512","95/28943",0.817018607651883,0.872627019087353,0.709572677831489,"Tedc1",1
"GO:0031960","response to corticosteroid","1/512","95/28943",0.817018607651883,0.872627019087353,0.709572677831489,"Il6",1
"GO:0043535","regulation of blood vessel endothelial cell migration","1/512","95/28943",0.817018607651883,0.872627019087353,0.709572677831489,"Prl2c2",1
"GO:0045685","regulation of glial cell differentiation","1/512","95/28943",0.817018607651883,0.872627019087353,0.709572677831489,"Hmga2",1
"GO:0010632","regulation of epithelial cell migration","3/512","248/28943",0.817083689624139,0.872627019087353,0.709572677831489,"Slit2/Serpine1/Prl2c2",3
"GO:0010970","transport along microtubule","2/512","175/28943",0.818196668449268,0.873079913961302,0.709940947231192,"Mreg/Kifc1",2
"GO:0035107","appendage morphogenesis","2/512","175/28943",0.818196668449268,0.873079913961302,0.709940947231192,"Sp9/Grem1",2
"GO:0035108","limb morphogenesis","2/512","175/28943",0.818196668449268,0.873079913961302,0.709940947231192,"Sp9/Grem1",2
"GO:0003002","regionalization","5/512","389/28943",0.820230538358408,0.874962969323273,0.711472145104364,"Aurka/Grem1/Xrcc2/Palb2/Mns1",5
"GO:0010594","regulation of endothelial cell migration","2/512","176/28943",0.820651748712991,0.874962969323273,0.711472145104364,"Slit2/Prl2c2",2
"GO:0030509","BMP signaling pathway","2/512","176/28943",0.820651748712991,0.874962969323273,0.711472145104364,"Grem1/Tmprss6",2
"GO:0006403","RNA localization","2/512","177/28943",0.82307708403871,0.876373857555111,0.712619402430677,"Ndc1/Nup107",2
"GO:0009612","response to mechanical stimulus","2/512","177/28943",0.82307708403871,0.876373857555111,0.712619402430677,"P2rx7/Ripor2",2
"GO:0055088","lipid homeostasis","2/512","177/28943",0.82307708403871,0.876373857555111,0.712619402430677,"Pold1/Nr1h4",2
"GO:1903531","negative regulation of secretion by cell","2/512","177/28943",0.82307708403871,0.876373857555111,0.712619402430677,"Acsl4/Il6",2
"GO:0009205","purine ribonucleoside triphosphate metabolic process","3/512","251/28943",0.823331659146114,0.876373857555111,0.712619402430677,"P2rx7/Enpp3/Aldoc",3
"GO:0061157","mRNA destabilization","1/512","97/28943",0.823456259128834,0.876373857555111,0.712619402430677,"Nanos1",1
"GO:1901653","cellular response to peptide","4/512","322/28943",0.823588583125832,0.876373857555111,0.712619402430677,"H2az1/Nr1h4/Timeless/Ang2",4
"GO:0006720","isoprenoid metabolic process","1/512","98/28943",0.826589809545738,0.878829545831347,0.714616234144541,"Bco2",1
"GO:0042632","cholesterol homeostasis","1/512","98/28943",0.826589809545738,0.878829545831347,0.714616234144541,"Nr1h4",1
"GO:0120162","positive regulation of cold-induced thermogenesis","1/512","98/28943",0.826589809545738,0.878829545831347,0.714616234144541,"Syk",1
"GO:0019318","hexose metabolic process","3/512","253/28943",0.827395183188678,0.879439889986959,0.715112532709017,"Pfkfb1/Il6/Aldoc",3
"GO:0070588","calcium ion transmembrane transport","4/512","325/28943",0.829001143974331,0.880900600723981,0.716300302978026,"Mcub/P2rx7/Cxcl10/Trpm6",4
"GO:0030148","sphingolipid biosynthetic process","1/512","99/28943",0.829667847941044,0.881116524545209,0.716475880447764,"P2rx7",1
"GO:0055092","sterol homeostasis","1/512","99/28943",0.829667847941044,0.881116524545209,0.716475880447764,"Nr1h4",1
"GO:0010952","positive regulation of peptidase activity","2/512","180/28943",0.830177432443021,0.881411504649082,0.716715742172916,"Cck/Syk",2
"GO:0050770","regulation of axonogenesis","2/512","181/28943",0.832486596653163,0.88361642671003,0.718508664483335,"Lrrc4c/Slit2",2
"GO:0009144","purine nucleoside triphosphate metabolic process","3/512","257/28943",0.835282787500884,0.88476308908405,0.719441067759311,"P2rx7/Enpp3/Aldoc",3
"GO:0009199","ribonucleoside triphosphate metabolic process","3/512","257/28943",0.835282787500884,0.88476308908405,0.719441067759311,"P2rx7/Enpp3/Aldoc",3
"GO:0006661","phosphatidylinositol biosynthetic process","1/512","101/28943",0.835661297448928,0.88476308908405,0.719441067759311,"Hycc1",1
"GO:0006672","ceramide metabolic process","1/512","101/28943",0.835661297448928,0.88476308908405,0.719441067759311,"P2rx7",1
"GO:0043299","leukocyte degranulation","1/512","101/28943",0.835661297448928,0.88476308908405,0.719441067759311,"Syk",1
"GO:0043502","regulation of muscle adaptation","1/512","101/28943",0.835661297448928,0.88476308908405,0.719441067759311,"Rgs4",1
"GO:0044264","cellular polysaccharide metabolic process","1/512","101/28943",0.835661297448928,0.88476308908405,0.719441067759311,"Pask",1
"GO:0050779","RNA destabilization","1/512","101/28943",0.835661297448928,0.88476308908405,0.719441067759311,"Nanos1",1
"GO:1903312","negative regulation of mRNA metabolic process","1/512","101/28943",0.835661297448928,0.88476308908405,0.719441067759311,"Pkp3",1
"GO:0060041","retina development in camera-type eye","2/512","183/28943",0.837020170031999,0.885708512792001,0.720209834732442,"Rpgrip1/Arhgef15",2
"GO:0061013","regulation of mRNA catabolic process","2/512","183/28943",0.837020170031999,0.885708512792001,0.720209834732442,"Pkp3/Nanos1",2
"GO:0006892","post-Golgi vesicle-mediated transport","1/512","102/28943",0.838578619954515,0.88637084044122,0.720748403437488,"Ank3",1
"GO:0009408","response to heat","1/512","102/28943",0.838578619954515,0.88637084044122,0.720748403437488,"Ccl2",1
"GO:0060395","SMAD protein signal transduction","1/512","102/28943",0.838578619954515,0.88637084044122,0.720748403437488,"Cited1",1
"GO:0061014","positive regulation of mRNA catabolic process","1/512","102/28943",0.838578619954515,0.88637084044122,0.720748403437488,"Nanos1",1
"GO:0090150","establishment of protein localization to membrane","3/512","259/28943",0.839109041811825,0.886684985260856,0.721003848863793,"Ank3/Ccl2/Mtcl1",3
"GO:0097553","calcium ion transmembrane import into cytosol","2/512","185/28943",0.841442583540169,0.888165200738224,0.722207479323393,"P2rx7/Cxcl10",2
"GO:0010660","regulation of muscle cell apoptotic process","1/512","103/28943",0.841444253829322,0.888165200738224,0.722207479323393,"Dnmt1",1
"GO:0032418","lysosome localization","1/512","103/28943",0.841444253829322,0.888165200738224,0.722207479323393,"Syk",1
"GO:1990849","vacuolar localization","1/512","103/28943",0.841444253829322,0.888165200738224,0.722207479323393,"Syk",1
"GO:0000045","autophagosome assembly","1/512","104/28943",0.844259113123336,0.890641827995262,0.724221337473929,"Atg9b",1
"GO:0007173","epidermal growth factor receptor signaling pathway","1/512","104/28943",0.844259113123336,0.890641827995262,0.724221337473929,"Ereg",1
"GO:0007612","learning","2/512","187/28943",0.845756039412518,0.890984888292157,0.724500295388595,"Ttc36/Cck",2
"GO:0048592","eye morphogenesis","2/512","187/28943",0.845756039412518,0.890984888292157,0.724500295388595,"Flt1/Rpgrip1",2
"GO:0071772","response to BMP","2/512","187/28943",0.845756039412518,0.890984888292157,0.724500295388595,"Grem1/Tmprss6",2
"GO:0071773","cellular response to BMP stimulus","2/512","187/28943",0.845756039412518,0.890984888292157,0.724500295388595,"Grem1/Tmprss6",2
"GO:1903305","regulation of regulated secretory pathway","2/512","187/28943",0.845756039412518,0.890984888292157,0.724500295388595,"P2rx7/Syk",2
"GO:0043200","response to amino acid","2/512","188/28943",0.847872591709034,0.89296720046475,0.726112203484307,"Nqo1/Dnmt1",2
"GO:0007178","transmembrane receptor protein serine/threonine kinase signaling pathway","5/512","407/28943",0.848727715016623,0.893620263775464,0.726643238934781,"Grem1/Cited1/Ccl2/Tmprss6/Ltbp1",5
"GO:0045921","positive regulation of exocytosis","1/512","106/28943",0.84974008378955,0.894438482438502,0.727308569706215,"Syk",1
"GO:0009953","dorsal/ventral pattern formation","1/512","107/28943",0.852407943729895,0.896502075258939,0.728986570789751,"Grem1",1
"GO:0019236","response to pheromone","1/512","107/28943",0.852407943729895,0.896502075258939,0.728986570789751,"Vmn1r44",1
"GO:0021761","limbic system development","1/512","107/28943",0.852407943729895,0.896502075258939,0.728986570789751,"Kif14",1
"GO:0017148","negative regulation of translation","2/512","191/28943",0.854064798552369,0.89799622900888,0.730201535092079,"Tyms/Nanos1",2
"GO:0006576","cellular biogenic amine metabolic process","1/512","108/28943",0.855028526779219,0.898512564625371,0.730621391042031,"Npr1",1
"GO:0010657","muscle cell apoptotic process","1/512","108/28943",0.855028526779219,0.898512564625371,0.730621391042031,"Dnmt1",1
"GO:0005996","monosaccharide metabolic process","3/512","268/28943",0.85539133934814,0.898645446864225,0.73072944362807,"Pfkfb1/Il6/Aldoc",3
"GO:0051650","establishment of vesicle localization","2/512","192/28943",0.856077280329343,0.899117629782365,0.731113397012876,"Mreg/Kifc1",2
"GO:2000112","regulation of cellular macromolecule biosynthetic process","6/512","482/28943",0.85690867932551,0.899725537522098,0.7316077144169,"Bzw1/Pask/Il6/Tyms/Pxylp1/Nanos1",6
"GO:0030516","regulation of axon extension","1/512","109/28943",0.857602669116276,0.899725537522098,0.7316077144169,"Slit2",1
"GO:0031123","RNA 3'-end processing","1/512","109/28943",0.857602669116276,0.899725537522098,0.7316077144169,"Ccnb1",1
"GO:0033555","multicellular organismal response to stress","1/512","109/28943",0.857602669116276,0.899725537522098,0.7316077144169,"Cck",1
"GO:1904062","regulation of cation transmembrane transport","5/512","414/28943",0.858753949213938,0.900684831699695,0.732387760099118,"Rgs4/P2rx7/Cxcl10/Ank3/Ccl2",5
"GO:0010595","positive regulation of endothelial cell migration","1/512","110/28943",0.86013119215895,0.90163187002711,0.733157839992697,"Prl2c2",1
"GO:0071456","cellular response to hypoxia","1/512","110/28943",0.86013119215895,0.90163187002711,0.733157839992697,"Suv39h2",1
"GO:0008344","adult locomotory behavior","1/512","111/28943",0.86261490282432,0.90398617986165,0.735072236289395,"Sncg",1
"GO:0090092","regulation of transmembrane receptor protein serine/threonine kinase signaling pathway","3/512","273/28943",0.863801061308893,0.904809345369363,0.735741589564999,"Grem1/Tmprss6/Ltbp1",3
"GO:2001257","regulation of cation channel activity","2/512","196/28943",0.863876360781375,0.904809345369363,0.735741589564999,"Ank3/Ccl2",2
"GO:0030301","cholesterol transport","1/512","112/28943",0.865054593784155,0.905295228617494,0.736136683310607,"Stard4",1
"GO:0071346","cellular response to interferon-gamma","1/512","112/28943",0.865054593784155,0.905295228617494,0.736136683310607,"Ccl2",1
"GO:1905037","autophagosome organization","1/512","112/28943",0.865054593784155,0.905295228617494,0.736136683310607,"Atg9b",1
"GO:0007033","vacuole organization","2/512","197/28943",0.865764732611643,0.905789079083507,0.736538255563072,"P2rx7/Atg9b",2
"GO:0002027","regulation of heart rate","1/512","113/28943",0.867451043715913,0.906804747926285,0.737364142046984,"Rgs4",1
"GO:0005976","polysaccharide metabolic process","1/512","113/28943",0.867451043715913,0.906804747926285,0.737364142046984,"Pask",1
"GO:0030004","cellular monovalent inorganic cation homeostasis","1/512","113/28943",0.867451043715913,0.906804747926285,0.737364142046984,"Spp1",1
"GO:0044282","small molecule catabolic process","4/512","350/28943",0.868935843084929,0.908107222487328,0.738423243291698,"Cda/Bcat1/Urah/Hmgcll1",4
"GO:0001708","cell fate specification","1/512","114/28943",0.869805017549331,0.908266596188563,0.738552837289462,"Sox18",1
"GO:0006805","xenobiotic metabolic process","1/512","114/28943",0.869805017549331,0.908266596188563,0.738552837289462,"Gsta1",1
"GO:0050886","endocrine process","1/512","114/28943",0.869805017549331,0.908266596188563,0.738552837289462,"Spp1",1
"GO:0071375","cellular response to peptide hormone stimulus","3/512","278/28943",0.871778297456116,0.910077179277363,0.740025104664474,"H2az1/Nr1h4/Ang2",3
"GO:0030101","natural killer cell activation","1/512","115/28943",0.872117266708676,0.910181127649296,0.740109629808683,"Ulbp1",1
"GO:1903169","regulation of calcium ion transmembrane transport","2/512","201/28943",0.873080395268842,0.910936241166887,0.740723646919114,"P2rx7/Cxcl10",2
"GO:0015918","sterol transport","1/512","116/28943",0.874388529350731,0.911800655126571,0.741426541185176,"Stard4",1
"GO:1904659","glucose transmembrane transport","1/512","116/28943",0.874388529350731,0.911800655126571,0.741426541185176,"Slc2a5",1
"GO:0006939","smooth muscle contraction","1/512","117/28943",0.876619530598603,0.912625261592522,0.742097066169395,"Flt1",1
"GO:0008645","hexose transmembrane transport","1/512","117/28943",0.876619530598603,0.912625261592522,0.742097066169395,"Slc2a5",1
"GO:0019218","regulation of steroid metabolic process","1/512","117/28943",0.876619530598603,0.912625261592522,0.742097066169395,"Stard4",1
"GO:0035249","synaptic transmission, glutamatergic","1/512","117/28943",0.876619530598603,0.912625261592522,0.742097066169395,"Ccl2",1
"GO:0038127","ERBB signaling pathway","1/512","117/28943",0.876619530598603,0.912625261592522,0.742097066169395,"Ereg",1
"GO:0060078","regulation of postsynaptic membrane potential","1/512","117/28943",0.876619530598603,0.912625261592522,0.742097066169395,"Rgs4",1
"GO:0006605","protein targeting","3/512","282/28943",0.877860193649703,0.9136667003165,0.742943907314588,"Ank3/Ccl2/Mtcl1",3
"GO:0002832","negative regulation of response to biotic stimulus","1/512","118/28943",0.878810982771417,0.913905732083404,0.743138274904886,"Smpdl3b",1
"GO:0019751","polyol metabolic process","1/512","118/28943",0.878810982771417,0.913905732083404,0.743138274904886,"Dhfr",1
"GO:0051897","positive regulation of protein kinase B signaling","1/512","118/28943",0.878810982771417,0.913905732083404,0.743138274904886,"Il6",1
"GO:0006066","alcohol metabolic process","4/512","359/28943",0.881213549445893,0.91615365463311,0.744966162866482,"Dhcr24/Apon/Slc37a2/Dhfr",4
"GO:0051048","negative regulation of secretion","2/512","206/28943",0.881708876446317,0.916418028498879,0.745181137268808,"Acsl4/Il6",2
"GO:0006413","translational initiation","1/512","120/28943",0.883078026498377,0.91663921469891,0.745360993817851,"Bzw1",1
"GO:0006888","endoplasmic reticulum to Golgi vesicle-mediated transport","1/512","120/28943",0.883078026498377,0.91663921469891,0.745360993817851,"Ank1",1
"GO:0015749","monosaccharide transmembrane transport","1/512","120/28943",0.883078026498377,0.91663921469891,0.745360993817851,"Slc2a5",1
"GO:0042472","inner ear morphogenesis","1/512","120/28943",0.883078026498377,0.91663921469891,0.745360993817851,"Ripor2",1
"GO:0030705","cytoskeleton-dependent intracellular transport","2/512","207/28943",0.883368248989165,0.91663921469891,0.745360993817851,"Mreg/Kifc1",2
"GO:0043491","protein kinase B signaling","2/512","207/28943",0.883368248989165,0.91663921469891,0.745360993817851,"Il6/Ccl2",2
"GO:0001101","response to acid chemical","2/512","209/28943",0.886622621116668,0.919765131101111,0.747902818473369,"Nqo1/Dnmt1",2
"GO:0021782","glial cell development","1/512","122/28943",0.887195111481011,0.92010796886274,0.748181595434499,"Itgb4",1
"GO:0021953","central nervous system neuron differentiation","2/512","210/28943",0.888218100559262,0.920666635312517,0.748635872508337,"Slit2/Ttc36",2
"GO:0099024","plasma membrane invagination","2/512","210/28943",0.888218100559262,0.920666635312517,0.748635872508337,"Xkr5/Aurkb",2
"GO:0001676","long-chain fatty acid metabolic process","1/512","123/28943",0.88919907050123,0.920930227743306,0.748850211490376,"Acsl4",1
"GO:0006476","protein deacetylation","1/512","123/28943",0.88919907050123,0.920930227743306,0.748850211490376,"Ripk3",1
"GO:1902414","protein localization to cell junction","1/512","123/28943",0.88919907050123,0.920930227743306,0.748850211490376,"Abcb1a",1
"GO:0051648","vesicle localization","2/512","211/28943",0.889792759213216,0.921294136854207,0.749146122522995,"Mreg/Kifc1",2
"GO:0000956","nuclear-transcribed mRNA catabolic process","1/512","124/28943",0.891167497840001,0.922149838755733,0.749841932618729,"Nanos1",1
"GO:0061387","regulation of extent of cell growth","1/512","124/28943",0.891167497840001,0.922149838755733,0.749841932618729,"Slit2",1
"GO:0032869","cellular response to insulin stimulus","2/512","212/28943",0.891346832568995,0.922149838755733,0.749841932618729,"H2az1/Nr1h4",2
"GO:0034249","negative regulation of cellular amide metabolic process","2/512","213/28943",0.892880554320534,0.923485274082337,0.750927835759524,"Tyms/Nanos1",2
"GO:0034440","lipid oxidation","1/512","126/28943",0.895000261535237,0.92542588913706,0.75250583803415,"Pla2g7",1
"GO:0099111","microtubule-based transport","2/512","216/28943",0.897361919732579,0.927615557048196,0.754286356502271,"Mreg/Kifc1",2
"GO:0043500","muscle adaptation","1/512","128/28943",0.898698300801209,0.928361985566786,0.754893311445403,"Rgs4",1
"GO:0009566","fertilization","2/512","217/28943",0.898816535736807,0.928361985566786,0.754893311445403,"Cfap69/Rnase10",2
"GO:0098742","cell-cell adhesion via plasma-membrane adhesion molecules","2/512","217/28943",0.898816535736807,0.928361985566786,0.754893311445403,"Selp/Lrrc4c",2
"GO:0010324","membrane invagination","2/512","218/28943",0.900251941331918,0.92934160415687,0.755689883830872,"Xkr5/Aurkb",2
"GO:0008286","insulin receptor signaling pathway","1/512","129/28943",0.900498282407656,0.92934160415687,0.755689883830872,"Nr1h4",1
"GO:0060996","dendritic spine development","1/512","129/28943",0.900498282407656,0.92934160415687,0.755689883830872,"Acsl4",1
"GO:0007631","feeding behavior","1/512","130/28943",0.902266342357933,0.930913604788294,0.756968148969578,"Cck",1
"GO:0048839","inner ear development","2/512","221/28943",0.904445113719631,0.93279680045103,0.758499460927677,"Mcm2/Ripor2",2
"GO:0044262","cellular carbohydrate metabolic process","3/512","302/28943",0.904582273346383,0.93279680045103,0.758499460927677,"Pask/Pfkfb1/Il6",3
"GO:0034248","regulation of cellular amide metabolic process","5/512","453/28943",0.904940686711482,0.932913365205275,0.75859424502558,"Bzw1/Il6/Tyms/Nr1h4/Nanos1",5
"GO:0007368","determination of left/right symmetry","1/512","132/28943",0.905708947405245,0.933199300280418,0.758826751826902,"Stil",1
"GO:0060048","cardiac muscle contraction","1/512","132/28943",0.905708947405245,0.933199300280418,0.758826751826902,"Map2k6",1
"GO:0035195","miRNA-mediated gene silencing","1/512","133/28943",0.907384592781265,0.934672506571219,0.760024682798436,"Il6",1
"GO:0046467","membrane lipid biosynthetic process","1/512","134/28943",0.909030517407992,0.936114308555034,0.761197077501075,"P2rx7",1
"GO:0009791","post-embryonic development","1/512","135/28943",0.910647247425941,0.936764295106447,0.761725611098767,"Flt1",1
"GO:0035601","protein deacylation","1/512","135/28943",0.910647247425941,0.936764295106447,0.761725611098767,"Ripk3",1
"GO:0036294","cellular response to decreased oxygen levels","1/512","135/28943",0.910647247425941,0.936764295106447,0.761725611098767,"Suv39h2",1
"GO:0098732","macromolecule deacylation","1/512","135/28943",0.910647247425941,0.936764295106447,0.761725611098767,"Ripk3",1
"GO:0046395","carboxylic acid catabolic process","2/512","226/28943",0.911069949677566,0.936945617710064,0.761873052746327,"Bcat1/Hmgcll1",2
"GO:0016054","organic acid catabolic process","2/512","228/28943",0.91359750714606,0.939240140986566,0.763738833876227,"Bcat1/Hmgcll1",2
"GO:0016079","synaptic vesicle exocytosis","1/512","137/28943",0.913795181880407,0.939240140986566,0.763738833876227,"P2rx7",1
"GO:1990830","cellular response to leukemia inhibitory factor","3/512","311/28943",0.914788385378656,0.940006876002609,0.764362300955082,"Mybl2/Spp1/Hells",3
"GO:0017015","regulation of transforming growth factor beta receptor signaling pathway","1/512","138/28943",0.915327392769709,0.940052605972565,0.764399486071437,"Ltbp1",1
"GO:0048675","axon extension","1/512","138/28943",0.915327392769709,0.940052605972565,0.764399486071437,"Slit2",1
"GO:1990823","response to leukemia inhibitory factor","3/512","312/28943",0.915858956279091,0.940294557823725,0.76459622811492,"Mybl2/Spp1/Hells",3
"GO:0099504","synaptic vesicle cycle","2/512","230/28943",0.916057612356411,0.940294557823725,0.76459622811492,"P2rx7/Sncg",2
"GO:0016358","dendrite development","3/512","315/28943",0.918997649396474,0.943057776789581,0.766843127005454,"Acsl4/Cdc20/Cit",3
"GO:0035194","post-transcriptional gene silencing by RNA","1/512","141/28943",0.919762853709728,0.943255481267084,0.767003889498996,"Il6",1
"GO:1903844","regulation of cellular response to transforming growth factor beta stimulus","1/512","141/28943",0.919762853709728,0.943255481267084,0.767003889498996,"Ltbp1",1
"GO:0006417","regulation of translation","4/512","394/28943",0.919934593513505,0.943255481267084,0.767003889498996,"Bzw1/Il6/Tyms/Nanos1",4
"GO:1903311","regulation of mRNA metabolic process","3/512","317/28943",0.921030432090475,0.943778310719856,0.767429025882282,"Pkp3/Ccnb1/Nanos1",3
"GO:0045727","positive regulation of translation","1/512","142/28943",0.921189192814672,0.943778310719856,0.767429025882282,"Il6",1
"GO:0051224","negative regulation of protein transport","1/512","142/28943",0.921189192814672,0.943778310719856,0.767429025882282,"Bard1",1
"GO:0030324","lung development","2/512","236/28943",0.923049171858425,0.945429135615768,0.768771386611897,"Hmga2/Timeless",2
"GO:0032535","regulation of cellular component size","4/512","398/28943",0.923551231666376,0.945688602961368,0.768982371299742,"Iqgap3/P2rx7/Slit2/Arhgap18",4
"GO:0042471","ear morphogenesis","1/512","144/28943",0.923966398958844,0.945858979224966,0.769120911980876,"Ripor2",1
"GO:0007611","learning or memory","3/512","321/28943",0.924956915665976,0.946363345899365,0.769531035440194,"Ttc36/Cck/Fen1",3
"GO:0090596","sensory organ morphogenesis","3/512","321/28943",0.924956915665976,0.946363345899365,0.769531035440194,"Flt1/Rpgrip1/Ripor2",3
"GO:0030323","respiratory tube development","2/512","239/28943",0.9263358519044,0.947028469029867,0.770071877278087,"Hmga2/Timeless",2
"GO:0042445","hormone metabolic process","2/512","239/28943",0.9263358519044,0.947028469029867,0.770071877278087,"Spp1/Bco2",2
"GO:0002065","columnar/cuboidal epithelial cell differentiation","1/512","146/28943",0.926645923819824,0.947028469029867,0.770071877278087,"Serpine1",1
"GO:1904950","negative regulation of establishment of protein localization","1/512","146/28943",0.926645923819824,0.947028469029867,0.770071877278087,"Bard1",1
"GO:0016050","vesicle organization","3/512","323/28943",0.926852428527127,0.947028469029867,0.770071877278087,"Ptprn/P2rx7/Fbxo5",3
"GO:0060047","heart contraction","2/512","242/28943",0.929489864527928,0.949468152857383,0.772055695047519,"Rgs4/Map2k6",2
"GO:0016441","post-transcriptional gene silencing","1/512","149/28943",0.930489527126135,0.950234000035876,0.772678440185323,"Il6",1
"GO:0009451","RNA modification","1/512","151/28943",0.932939589870997,0.952224515621351,0.77429701884878,"Rbm47",1
"GO:0071453","cellular response to oxygen levels","1/512","151/28943",0.932939589870997,0.952224515621351,0.77429701884878,"Suv39h2",1
"GO:0002573","myeloid leukocyte differentiation","2/512","246/28943",0.933497230820481,0.952282391086523,0.774344080019136,"Inpp5d/Tnfrsf11b",2
"GO:0006402","mRNA catabolic process","2/512","246/28943",0.933497230820481,0.952282391086523,0.774344080019136,"Pkp3/Nanos1",2
"GO:0035725","sodium ion transmembrane transport","1/512","153/28943",0.935303457020389,0.953869029933347,0.775634248155885,"Ank3",1
"GO:0050684","regulation of mRNA processing","1/512","154/28943",0.936454017284563,0.954786316362539,0.776380135429214,"Ccnb1",1
"GO:0050808","synapse organization","5/512","496/28943",0.940080950931242,0.958008665835127,0.779000374195789,"Lrrc4c/Cdc20/Ank3/Sncg/Arhgef15",5
"GO:0003015","heart process","2/512","254/28943",0.940874370917508,0.958008665835127,0.779000374195789,"Rgs4/Map2k6",2
"GO:0016072","rRNA metabolic process","2/512","254/28943",0.940874370917508,0.958008665835127,0.779000374195789,"Ang2/Slfn9",2
"GO:0017157","regulation of exocytosis","2/512","254/28943",0.940874370917508,0.958008665835127,0.779000374195789,"P2rx7/Syk",2
"GO:0043583","ear development","2/512","254/28943",0.940874370917508,0.958008665835127,0.779000374195789,"Mcm2/Ripor2",2
"GO:0006887","exocytosis","4/512","422/28943",0.94232918195471,0.959233078926856,0.779996000113009,"Sytl1/P2rx7/Sytl2/Syk",4
"GO:0010977","negative regulation of neuron projection development","1/512","160/28943",0.942940952795269,0.959598903246149,0.78029346848859,"Slit2",1
"GO:0007601","visual perception","1/512","161/28943",0.943955934978113,0.960374756432108,0.780924349965697,"Rpgrip1",1
"GO:0090257","regulation of muscle system process","2/512","258/28943",0.944265060727431,0.960432252778409,0.780971102857274,"Rgs4/Flt1",2
"GO:0099003","vesicle-mediated transport in synapse","2/512","260/28943",0.945890295778629,0.961828003356606,0.782106051069618,"P2rx7/Sncg",2
"GO:0010001","glial cell differentiation","2/512","261/28943",0.946685908958681,0.962333897530017,0.782517416607786,"Hmga2/Itgb4",2
"GO:0043488","regulation of mRNA stability","1/512","164/28943",0.946894032261913,0.962333897530017,0.782517416607786,"Nanos1",1
"GO:0050953","sensory perception of light stimulus","1/512","165/28943",0.94783882726806,0.96303667057006,0.783088873297784,"Rpgrip1",1
"GO:0120254","olefinic compound metabolic process","1/512","166/28943",0.948766845908645,0.963450633056341,0.783425485004146,"Bco2",1
"GO:0003012","muscle system process","4/512","432/28943",0.948831875262016,0.963450633056341,0.783425485004146,"Rgs4/Flt1/Ang2/Map2k6",4
"GO:0050807","regulation of synapse organization","2/512","264/28943",0.949006475748552,0.963450633056341,0.783425485004146,"Cdc20/Arhgef15",2
"GO:0006937","regulation of muscle contraction","1/512","167/28943",0.949678385502584,0.963875392867278,0.783770876505771,"Flt1",1
"GO:0007626","locomotory behavior","2/512","266/28943",0.950499714769949,0.964269304240427,0.784091183741004,"Nav2/Sncg",2
"GO:0007338","single fertilization","1/512","168/28943",0.95057373810971,0.964269304240427,0.784091183741004,"Rnase10",1
"GO:0060541","respiratory system development","2/512","267/28943",0.951230610853839,0.964646674866937,0.784398040943602,"Hmga2/Timeless",2
"GO:0006457","protein folding","1/512","169/28943",0.951453190623623,0.964646674866937,0.784398040943602,"Ppih",1
"GO:0009100","glycoprotein metabolic process","3/512","355/28943",0.951768669421846,0.964709272498496,0.784448941922003,"Ptx3/Sec1/Pxylp1",3
"GO:0034250","positive regulation of cellular amide metabolic process","1/512","170/28943",0.952317024862891,0.965007816772045,0.784691701835459,"Il6",1
"GO:0055067","monovalent inorganic cation homeostasis","1/512","171/28943",0.95316551766066,0.965610257965848,0.785181574142611,"Spp1",1
"GO:0050890","cognition","3/512","358/28943",0.953645722023873,0.965839380696527,0.785367884245328,"Ttc36/Cck/Fen1",3
"GO:0006399","tRNA metabolic process","1/512","172/28943",0.953998940952671,0.965939806525181,0.785449545049546,"Slfn9",1
"GO:0050803","regulation of synapse structure or activity","2/512","272/28943",0.954733262266235,0.965996905323556,0.785495974676841,"Cdc20/Arhgef15",2
"GO:0006941","striated muscle contraction","1/512","173/28943",0.954817561863735,0.965996905323556,0.785495974676841,"Map2k6",1
"GO:0071230","cellular response to amino acid stimulus","1/512","173/28943",0.954817561863735,0.965996905323556,0.785495974676841,"Dnmt1",1
"GO:0051896","regulation of protein kinase B signaling","1/512","175/28943",0.956411441495804,0.967352035266573,0.786597892405084,"Il6",1
"GO:0048193","Golgi vesicle transport","2/512","278/28943",0.958619557637115,0.969148758329509,0.788058889563323,"Ank3/Ank1",2
"GO:0043487","regulation of RNA stability","1/512","178/28943",0.958697653886713,0.969148758329509,0.788058889563323,"Nanos1",1
"GO:0007605","sensory perception of sound","2/512","280/28943",0.959842490122004,0.970048151898952,0.788790227339412,"Nav2/Ripor2",2
"GO:1902905","positive regulation of supramolecular fiber organization","1/512","180/28943",0.960154908326248,0.970050653310646,0.788792261350915,"Arhgef15",1
"GO:0006631","fatty acid metabolic process","4/512","453/28943",0.960355249621587,0.970050653310646,0.788792261350915,"Acsl4/Alox5ap/Brca1/Fads6",4
"GO:0050853","B cell receptor signaling pathway","1/512","182/28943",0.96156084390742,0.971010445826298,0.789572712254447,"Syk",1
"GO:0002455","humoral immune response mediated by circulating immunoglobulin","1/512","183/28943",0.962245133324318,0.971443440493642,0.789924799891976,"Exo1",1
"GO:0043010","camera-type eye development","3/512","376/28943",0.96354883942283,0.9725013770867,0.790785056204114,"Flt1/Rpgrip1/Arhgef15",3
"GO:0009101","glycoprotein biosynthetic process","2/512","287/28943",0.963855799682788,0.972553012312622,0.790827043152405,"Sec1/Pxylp1",2
"GO:0048813","dendrite morphogenesis","1/512","186/28943",0.964225910567758,0.972668323687614,0.790920808070689,"Cit",1
"GO:0071229","cellular response to acid chemical","1/512","187/28943",0.964862845358915,0.973052662613951,0.791233331514487,"Dnmt1",1
"GO:0045055","regulated exocytosis","2/512","291/28943",0.965973261526234,0.973786706009141,0.791830215551052,"P2rx7/Syk",2
"GO:0030534","adult behavior","1/512","189/28943",0.966102960301546,0.973786706009141,0.791830215551052,"Sncg",1
"GO:0031047","gene silencing by RNA","1/512","194/28943",0.969015468417532,0.97646350673826,0.794006843846804,"Il6",1
"GO:0008016","regulation of heart contraction","1/512","199/28943",0.97167817399623,0.978876708350358,0.795969127723636,"Rgs4",1
"GO:0006486","protein glycosylation","1/512","200/28943",0.972182654058641,0.978876708350358,0.795969127723636,"Sec1",1
"GO:0043413","macromolecule glycosylation","1/512","200/28943",0.972182654058641,0.978876708350358,0.795969127723636,"Sec1",1
"GO:0006911","phagocytosis, engulfment","1/512","201/28943",0.97267816535259,0.979116331657545,0.796163976322215,"Xkr5",1
"GO:0050954","sensory perception of mechanical stimulus","2/512","310/28943",0.974504980048371,0.980695588709346,0.797448141986032,"Nav2/Ripor2",2
"GO:0006936","muscle contraction","2/512","317/28943",0.977094446293771,0.982860904965247,0.799208859016842,"Flt1/Map2k6",2
"GO:0030307","positive regulation of cell growth","1/512","211/28943",0.977173650912319,0.982860904965247,0.799208859016842,"Acsl4",1
"GO:0031669","cellular response to nutrient levels","1/512","213/28943",0.977979940720241,0.983411725632996,0.799656756328832,"Nr1h4",1
"GO:0001654","eye development","3/512","424/28943",0.981112311945413,0.986198993692698,0.801923210630265,"Flt1/Rpgrip1/Arhgef15",3
"GO:1901888","regulation of cell junction assembly","1/512","222/28943",0.981270592619536,0.986198993692698,0.801923210630265,"Grem1",1
"GO:0150063","visual system development","3/512","427/28943",0.981885926279152,0.986405627659545,0.802091234097312,"Flt1/Rpgrip1/Arhgef15",3
"GO:0048562","embryonic organ morphogenesis","2/512","333/28943",0.982093757665129,0.986405627659545,0.802091234097312,"Stil/Ripor2",2
"GO:0070085","glycosylation","1/512","225/28943",0.9822545255968,0.986405627659545,0.802091234097312,"Sec1",1
"GO:0048880","sensory system development","3/512","431/28943",0.982870479884908,0.98676355017756,0.80238227715925,"Flt1/Rpgrip1/Arhgef15",3
"GO:0016197","endosomal transport","1/512","234/28943",0.984907418717961,0.988547520054299,0.803832904122339,"Arhgap8",1
"GO:0002429","immune response-activating cell surface receptor signaling pathway","2/512","349/28943",0.986027930376713,0.98936638240288,0.804498758303735,"C3ar1/Syk",2
"GO:0002757","immune response-activating signal transduction","2/512","350/28943",0.986243711022335,0.98936638240288,0.804498758303735,"C3ar1/Syk",2
"GO:0002253","activation of immune response","3/512","448/28943",0.986512718326631,0.989375192581865,0.804505922260566,"C3ar1/Cgas/Syk",3
"GO:0002768","immune response-regulating cell surface receptor signaling pathway","2/512","360/28943",0.988230757216938,0.990824000847914,0.805684014089627,"C3ar1/Syk",2
"GO:0016236","macroautophagy","1/512","249/28943",0.988478546874313,0.990824000847914,0.805684014089627,"Atg9b",1
"GO:0006914","autophagy","3/512","469/28943",0.989994206929507,0.991820283200523,0.806494136537539,"Atg9b/Itgb4/Mtcl1",3
"GO:0061919","process utilizing autophagic mechanism","3/512","469/28943",0.989994206929507,0.991820283200523,0.806494136537539,"Atg9b/Itgb4/Mtcl1",3
"GO:0048167","regulation of synaptic plasticity","2/512","378/28943",0.991126437418713,0.992693022936235,0.807203800870379,"Cdc20/Vgf",2
"GO:1903522","regulation of blood circulation","1/512","268/28943",0.991817352706336,0.993123406634051,0.807553765409952,"Rgs4",1
"GO:0010506","regulation of autophagy","1/512","285/28943",0.993976628123027,0.995023470280081,0.80909879349168,"Mtcl1",1
"GO:0050851","antigen receptor-mediated signaling pathway","1/512","307/28943",0.995949266473996,0.996735749179819,0.810491125264024,"Syk",1
"GO:0050806","positive regulation of synaptic transmission","1/512","335/28943",0.997556334057799,0.998081363707303,0.811585305575556,"Ccl2",1
"GO:0034470","ncRNA processing","1/512","398/28943",0.999217667140989,0.999480549978963,0.812723047506358,"Il6",1
"GO:0006397","mRNA processing","1/512","476/28943",0.999809699955112,0.999809699955112,0.812990694307197,"Ccnb1",1
