"ID","Description","GeneRatio","BgRatio","pvalue","p.adjust","qvalue","geneID","Count"
"GO:0030198","extracellular matrix organization","27/417","322/28943",2.63640999203503e-13,3.76214024698546e-10,2.9250602878284e-10,"Dpt/Ntng2/Col11a1/Col27a1/Eln/Col28a1/Ltbp4/Lum/Spock2/Mmp2/Col4a1/Comp/Agt/Colq/Adamts15/Mmp8/Mmp27/Mmp3/Ramp2/Vtn/Col23a1/Gfap/Flrt2/Adamts1/Smoc2/Col11a2/Hpse2",27
"GO:0043062","extracellular structure organization","27/417","323/28943",2.83932366826513e-13,3.76214024698546e-10,2.9250602878284e-10,"Dpt/Ntng2/Col11a1/Col27a1/Eln/Col28a1/Ltbp4/Lum/Spock2/Mmp2/Col4a1/Comp/Agt/Colq/Adamts15/Mmp8/Mmp27/Mmp3/Ramp2/Vtn/Col23a1/Gfap/Flrt2/Adamts1/Smoc2/Col11a2/Hpse2",27
"GO:0045229","external encapsulating structure organization","27/417","324/28943",3.0569937001507e-13,3.76214024698546e-10,2.9250602878284e-10,"Dpt/Ntng2/Col11a1/Col27a1/Eln/Col28a1/Ltbp4/Lum/Spock2/Mmp2/Col4a1/Comp/Agt/Colq/Adamts15/Mmp8/Mmp27/Mmp3/Ramp2/Vtn/Col23a1/Gfap/Flrt2/Adamts1/Smoc2/Col11a2/Hpse2",27
"GO:0035458","cellular response to interferon-beta","12/417","57/28943",2.69403484834066e-11,2.48659416501843e-08,1.93332448195394e-08,"Ifi208/Ifi207/Ifi205/Gbp6/Oas1g/Tgtp1/Tgtp2/Ifi47/Gm4951/F830016B08Rik/Iigp1/Ifit3",12
"GO:0035456","response to interferon-beta","12/417","65/28943",1.38292255689976e-10,1.02115001601478e-07,7.93943118455926e-08,"Ifi208/Ifi207/Ifi205/Gbp6/Oas1g/Tgtp1/Tgtp2/Ifi47/Gm4951/F830016B08Rik/Iigp1/Ifit3",12
"GO:0006820","anion transport","28/417","500/28943",1.27763141083354e-09,7.73653957273131e-07,6.01515179758176e-07,"Agtr2/Clca3a1/Clca3a2/Pla2g5/Slc6a12/Slc4a5/Ceacam1/Slc1a5/Slco2b1/Fxyd1/Slc22a18/Ttyh1/Avpr1a/Nat3/Ces1a/Ces1d/Ces1f/Slc7a2/Agt/Car7/Stc2/Wnk4/Gfap/Trpv1/Edn1/Tg/Slc26a8/Slc6a7",28
"GO:0010876","lipid localization","27/417","470/28943",1.4668411974301e-09,7.73653957273131e-07,6.01515179758176e-07,"Gulp1/Ren1/Nr1h3/Agtr2/Pla2g5/Atp8a1/Cidec/Ceacam1/Apoc1/Slco2b1/Pnpla2/Lpl/Ces1a/Ces1d/Ces1f/Agt/Plscr2/Eepd1/Wnk4/Acsl6/Abca8a/Npc1l1/Edn1/Gpihbp1/Adipoq/Apod/C3",27
"GO:1905952","regulation of lipid localization","17/417","187/28943",2.13606022751106e-09,9.85791794996355e-07,7.66452136897719e-07,"Ren1/Nr1h3/Agtr2/Atp8a1/Apoc1/Pnpla2/Lpl/Ces1a/Ces1d/Ces1f/Agt/Eepd1/Acsl6/Abca8a/Edn1/Adipoq/C3",17
"GO:0006631","fatty acid metabolic process","26/417","453/28943",3.02787953871573e-09,1.24210347299316e-06,9.65734210769332e-07,"Fmo1/Fmo2/Slc45a3/Irs1/Olah/Nr1h3/Ptgds/Pla2g5/Ppargc1a/Ceacam1/Apoc1/Acsm3/Cyp2f2/Avpr1a/Ggt5/Lpl/Ces1a/Ces1d/Ces1f/Agt/Ces2g/Acsl6/Edn1/Akr1c14/Adipoq/C3",26
"GO:0008217","regulation of blood pressure","18/417","226/28943",5.93884782377796e-09,2.19262261653882e-06,1.70476189636237e-06,"Atp1a2/Ren1/Agtr2/Rarres2/Slc4a5/Klk1b24/Adm/Avpr1a/Trhde/Tbxa2r/Npy1r/Agt/Gch1/Ramp2/Trpv1/Edn1/Nampt/Adipoq",18
"GO:0006869","lipid transport","24/417","419/28943",1.28703127092006e-08,4.31974495657895e-06,3.35859739310908e-06,"Gulp1/Ren1/Nr1h3/Agtr2/Pla2g5/Atp8a1/Cidec/Ceacam1/Apoc1/Slco2b1/Ces1a/Ces1d/Ces1f/Agt/Plscr2/Eepd1/Wnk4/Acsl6/Abca8a/Npc1l1/Edn1/Gpihbp1/Adipoq/Apod",24
"GO:0042180","cellular ketone metabolic process","18/417","241/28943",1.62112619163043e-08,4.98766491624961e-06,3.87790449524226e-06,"Fmo1/Fmo2/Slc45a3/Irs1/Nr1h3/Tdo2/Ppargc1a/Ceacam1/Apoc1/Avpr1a/Ces1a/Ces1d/Ces1f/Agt/Hsd17b1/Akr1c14/Gpd1/Adipoq",18
"GO:0062012","regulation of small molecule metabolic process","22/417","368/28943",2.45453968135337e-08,6.97089269504356e-06,5.41986211421104e-06,"Fmo1/Fmo2/Slc45a3/Irs1/Nr1h3/Ppargc1a/Gckr/Adcyap1r1/Gnb3/Ceacam1/Apoc1/Igf1/Avpr1a/Cyp27b1/Ces1a/Ces1d/Ces1f/Fgl1/Agt/Gpd1/Adipoq/Prkn",22
"GO:0019216","regulation of lipid metabolic process","22/417","388/28943",6.25062946650353e-08,1.63707984145921e-05,1.27282794310865e-05,"Fmo1/Fmo2/Slc45a3/Irs1/Ccdc3/Nr1h3/Ppargc1a/Rarres2/Gnb3/Ceacam1/Apoc1/Pnpla2/Igf1/Avpr1a/Cyp27b1/Ces1a/Ces1d/Ces1f/Agt/Adipoq/Apod/C3",22
"GO:0010565","regulation of cellular ketone metabolic process","14/417","156/28943",6.65119112185487e-08,1.63707984145921e-05,1.27282794310865e-05,"Fmo1/Fmo2/Slc45a3/Irs1/Nr1h3/Ppargc1a/Ceacam1/Apoc1/Avpr1a/Ces1a/Ces1d/Ces1f/Agt/Adipoq",14
"GO:0032368","regulation of lipid transport","14/417","157/28943",7.20786586328784e-08,1.66321504795367e-05,1.29314804007802e-05,"Ren1/Nr1h3/Agtr2/Atp8a1/Apoc1/Ces1a/Ces1d/Ces1f/Agt/Eepd1/Acsl6/Abca8a/Edn1/Adipoq",14
"GO:0062013","positive regulation of small molecule metabolic process","14/417","172/28943",2.24403397249061e-07,4.87351378025608e-05,3.78915210091758e-05,"Slc45a3/Irs1/Nr1h3/Ppargc1a/Adcyap1r1/Igf1/Avpr1a/Ces1a/Ces1d/Ces1f/Agt/Gpd1/Adipoq/Prkn",14
"GO:1905954","positive regulation of lipid localization","12/417","124/28943",2.5466353549245e-07,5.18528394007058e-05,4.03155308906098e-05,"Nr1h3/Atp8a1/Lpl/Ces1a/Ces1d/Ces1f/Eepd1/Acsl6/Abca8a/Edn1/Adipoq/C3",12
"GO:0046942","carboxylic acid transport","18/417","290/28943",2.6684830677503e-07,5.18528394007058e-05,4.03155308906098e-05,"Agtr2/Pla2g5/Slc6a12/Ceacam1/Slc1a5/Slco2b1/Avpr1a/Nat3/Ces1a/Ces1d/Ces1f/Slc7a2/Agt/Gfap/Trpv1/Edn1/Slc26a8/Slc6a7",18
"GO:0010875","positive regulation of cholesterol efflux","7/417","32/28943",3.02275408476406e-07,5.58000404047446e-05,4.33844757323768e-05,"Nr1h3/Ces1a/Ces1d/Ces1f/Eepd1/Abca8a/Adipoq",7
"GO:0015850","organic hydroxy compound transport","18/417","294/28943",3.26454738043173e-07,5.7393852040733e-05,4.46236626889089e-05,"Ren1/Nr1h3/Agtr2/Ceacam1/Apoc1/Slco2b1/Ces1a/Ces1d/Ces1f/Agt/Eepd1/Wnk4/Abca8a/Npc1l1/Slc2a13/Mapk15/Adipoq/Prkn",18
"GO:0019217","regulation of fatty acid metabolic process","11/417","105/28943",3.60650681474781e-07,6.05237416365859e-05,4.70571487263984e-05,"Fmo1/Fmo2/Slc45a3/Irs1/Nr1h3/Ppargc1a/Ceacam1/Apoc1/Avpr1a/Agt/Adipoq",11
"GO:0072330","monocarboxylic acid biosynthetic process","15/417","209/28943",4.26473735006864e-07,6.7949460844864e-05,5.28306380007824e-05,"Slc45a3/Olah/Nr1h3/Ptgds/Ceacam1/Apoc1/Acsm3/Avpr1a/Lpl/Ces1a/Ces1d/Ces1f/Agt/Edn1/Aldh1a1",15
"GO:1903028","positive regulation of opsonization","5/417","12/28943",4.41708304516993e-07,6.7949460844864e-05,5.28306380007824e-05,"Pla2g5/Colec11/C4b/C3/Cfb",5
"GO:0019318","hexose metabolic process","16/417","253/28943",9.61683538035711e-07,0.000142021424897114,0.000110421516135721,"Slc45a3/Irs1/Oas1g/Gckr/Gnb3/Man2a2/Chst15/Igf1/Npy1r/Fgl1/Gpd1/Adipoq/Apod/Prkn/Aldh1a1/Aldh1a7",16
"GO:1903027","regulation of opsonization","5/417","14/28943",1.09026545872275e-06,0.000154817695138631,0.000120370603479229,"Pla2g5/Colec11/C4b/C3/Cfb",5
"GO:0008202","steroid metabolic process","19/417","354/28943",1.1347803803881e-06,0.000155170709792328,0.000120645072020209,"Cat/Hmgcs2/Ppargc1a/Gnb3/Adm/Apoc1/Saa1/Sult1a1/Igf1/Cyp27b1/Ces1a/Ces1d/Ces1f/Fgl1/Agt/Hsd17b1/Npc1l1/Akr1c14/Akr1c19",19
"GO:0015711","organic anion transport","19/417","356/28943",1.23374723382085e-06,0.000162678385259521,0.000126482282204115,"Agtr2/Pla2g5/Slc6a12/Slc4a5/Ceacam1/Slc1a5/Slco2b1/Avpr1a/Nat3/Ces1a/Ces1d/Ces1f/Slc7a2/Agt/Gfap/Trpv1/Edn1/Slc26a8/Slc6a7",19
"GO:0006066","alcohol metabolic process","19/417","359/28943",1.39696399754674e-06,0.000177847968239399,0.000138276617833393,"Itpka/Cat/Hmgcs2/Adh1/Adcyap1r1/Gnb3/Apoc1/Saa1/Cyp27b1/Ces1a/Ces1d/Ces1f/Fgl1/Gch1/Gdpd1/Npc1l1/Akr1c14/Gpd1/Aldh1a1",19
"GO:0006639","acylglycerol metabolic process","12/417","147/28943",1.5924054456313e-06,0.000190762399573223,0.000148317575308257,"Nr1h3/Cat/Gnb3/Apoc1/Pnpla2/Lpl/Ces1d/Ang3/Acsl6/Gpihbp1/C3/Plce1",12
"GO:0050830","defense response to Gram-positive bacterium","13/417","174/28943",1.60174279164949e-06,0.000190762399573223,0.000148317575308257,"Gbp8/Gbp4/Gbp6/Gbp11/Rarres2/Adm/Stab2/Il27ra/Ear1/Ear10/Ear2/Ang3/Mpeg1",13
"GO:0046394","carboxylic acid biosynthetic process","17/417","298/28943",1.82859245913386e-06,0.000196253543563274,0.000152586934280963,"Slc45a3/Olah/Nr1h3/Ptgds/Pla2g5/Ceacam1/Apoc1/Acsm3/Avpr1a/Ggt5/Lpl/Ces1a/Ces1d/Ces1f/Agt/Edn1/Aldh1a1",17
"GO:0006638","neutral lipid metabolic process","12/417","149/28943",1.83667106601549e-06,0.000196253543563274,0.000152586934280963,"Nr1h3/Cat/Gnb3/Apoc1/Pnpla2/Lpl/Ces1d/Ang3/Acsl6/Gpihbp1/C3/Plce1",12
"GO:0046890","regulation of lipid biosynthetic process","14/417","205/28943",1.86492279880895e-06,0.000196253543563274,0.000152586934280963,"Slc45a3/Ccdc3/Nr1h3/Ppargc1a/Ceacam1/Apoc1/Igf1/Avpr1a/Cyp27b1/Ces1a/Ces1d/Ces1f/Agt/C3",14
"GO:0003018","vascular process in circulatory system","15/417","235/28943",1.86968309757997e-06,0.000196253543563274,0.000152586934280963,"Atp1a2/Agtr2/Ceacam1/Slc1a5/Adm/Avpr1a/Tbxa2r/Npy1r/Mmp2/Comp/Agt/Gch1/Ramp2/Cacna1g/Edn1",15
"GO:0016053","organic acid biosynthetic process","17/417","299/28943",1.91363151903517e-06,0.000196253543563274,0.000152586934280963,"Slc45a3/Olah/Nr1h3/Ptgds/Pla2g5/Ceacam1/Apoc1/Acsm3/Avpr1a/Ggt5/Lpl/Ces1a/Ces1d/Ces1f/Agt/Edn1/Aldh1a1",17
"GO:0005996","monosaccharide metabolic process","16/417","268/28943",2.0426477579482e-06,0.000201227947593738,0.000156454528450739,"Slc45a3/Irs1/Oas1g/Gckr/Gnb3/Man2a2/Chst15/Igf1/Npy1r/Fgl1/Gpd1/Adipoq/Apod/Prkn/Aldh1a1/Aldh1a7",16
"GO:0032370","positive regulation of lipid transport","10/417","101/28943",2.07114355594855e-06,0.000201227947593738,0.000156454528450739,"Nr1h3/Atp8a1/Ces1a/Ces1d/Ces1f/Eepd1/Acsl6/Abca8a/Edn1/Adipoq",10
"GO:0042445","hormone metabolic process","15/417","239/28943",2.30395003141548e-06,0.000218107269640666,0.000169578184498516,"Ren1/Adh1/Ppargc1a/Gnb3/Adm/Sult1a1/Igf1/Cyp27b1/Agt/Stc2/Hsd17b1/Akr1c14/Tg/Ghr/Aldh1a1",15
"GO:0010874","regulation of cholesterol efflux","7/417","43/28943",2.5246740783245e-06,0.000230768318837105,0.000179422137614411,"Nr1h3/Ces1a/Ces1d/Ces1f/Eepd1/Abca8a/Adipoq",7
"GO:0051145","smooth muscle cell differentiation","9/417","81/28943",2.56270343237305e-06,0.000230768318837105,0.000179422137614411,"Adm/Fgfr2/Cfd/Comp/Agt/Ramp2/Tbx2/C3/Tmem204",9
"GO:0045834","positive regulation of lipid metabolic process","13/417","188/28943",3.78408028087259e-06,0.000326043338776526,0.000253498370543305,"Slc45a3/Irs1/Ccdc3/Nr1h3/Ppargc1a/Pnpla2/Igf1/Avpr1a/Ces1a/Ces1d/Ces1f/Agt/Adipoq",13
"GO:0033344","cholesterol efflux","8/417","64/28943",3.79736282973744e-06,0.000326043338776526,0.000253498370543305,"Nr1h3/Apoc1/Ces1a/Ces1d/Ces1f/Eepd1/Abca8a/Adipoq",8
"GO:0032373","positive regulation of sterol transport","7/417","46/28943",4.04046552946065e-06,0.000331497749661527,0.00025773916956349,"Nr1h3/Ces1a/Ces1d/Ces1f/Eepd1/Abca8a/Adipoq",7
"GO:0032376","positive regulation of cholesterol transport","7/417","46/28943",4.04046552946065e-06,0.000331497749661527,0.00025773916956349,"Nr1h3/Ces1a/Ces1d/Ces1f/Eepd1/Abca8a/Adipoq",7
"GO:0042310","vasoconstriction","10/417","109/28943",4.14988418957056e-06,0.00033307331364988,0.000258964168992195,"Atp1a2/Adm/Avpr1a/Tbxa2r/Npy1r/Mmp2/Comp/Agt/Cacna1g/Edn1",10
"GO:0008228","opsonization","5/417","18/28943",4.4492143190062e-06,0.000349499984378104,0.000271735889091375,"Pla2g5/Colec11/C4b/C3/Cfb",5
"GO:0001655","urogenital system development","19/417","391/28943",4.84191234847006e-06,0.000372423758136489,0.000289559100313111,"Gsta3/Ren1/Lrp4/Cat/Agtr2/Spry1/Wnt2b/Fgfr2/Igf1/Mmp2/Col4a1/Agt/Kirrel3/Wnk4/Hs3st3b1/Osr2/Adamts1/Adipoq/Plce1",19
"GO:0045923","positive regulation of fatty acid metabolic process","7/417","48/28943",5.42209432987441e-06,0.000408538209508089,0.000317638050216273,"Slc45a3/Irs1/Nr1h3/Ppargc1a/Avpr1a/Agt/Adipoq",7
"GO:0001823","mesonephros development","10/417","113/28943",5.74286841698576e-06,0.000424053403910229,0.000329701098381477,"Gsta3/Ren1/Cat/Agtr2/Spry1/Wnt2b/Fgfr2/Agt/Hs3st3b1/Osr2",10
"GO:0044070","regulation of anion transport","10/417","117/28943",7.83992116790035e-06,0.000567548802978198,0.000441268627964174,"Agtr2/Fxyd1/Avpr1a/Ces1a/Ces1d/Ces1f/Agt/Car7/Stc2/Edn1",10
"GO:0046503","glycerolipid catabolic process","8/417","71/28943",8.36060166068352e-06,0.000579267950855516,0.000450380253744367,"Prdx6/Pla2g5/Apoc1/Pnpla2/Lpl/Ces1d/Gdpd1/Gpihbp1",8
"GO:0033002","muscle cell proliferation","15/417","266/28943",8.45683745285984e-06,0.000579267950855516,0.000450380253744367,"Ppargc1a/Tenm4/Fgfr2/Igf1/Mmp2/Agt/Ang3/Dipk2a/Tbx2/Edn1/Ogn/Nampt/Adamts1/Adipoq/Apod",15
"GO:0035296","regulation of tube diameter","12/417","173/28943",8.62939796778261e-06,0.000579267950855516,0.000450380253744367,"Atp1a2/Agtr2/Adm/Avpr1a/Tbxa2r/Npy1r/Mmp2/Comp/Agt/Gch1/Cacna1g/Edn1",12
"GO:0097746","blood vessel diameter maintenance","12/417","173/28943",8.62939796778261e-06,0.000579267950855516,0.000450380253744367,"Atp1a2/Agtr2/Adm/Avpr1a/Tbxa2r/Npy1r/Mmp2/Comp/Agt/Gch1/Cacna1g/Edn1",12
"GO:0035150","regulation of tube size","12/417","174/28943",9.14996501786657e-06,0.000591263339904273,0.000459706656759694,"Atp1a2/Agtr2/Adm/Avpr1a/Tbxa2r/Npy1r/Mmp2/Comp/Agt/Gch1/Cacna1g/Edn1",12
"GO:0032371","regulation of sterol transport","8/417","72/28943",9.28853567563593e-06,0.000591263339904273,0.000459706656759694,"Nr1h3/Apoc1/Ces1a/Ces1d/Ces1f/Eepd1/Abca8a/Adipoq",8
"GO:0032374","regulation of cholesterol transport","8/417","72/28943",9.28853567563593e-06,0.000591263339904273,0.000459706656759694,"Nr1h3/Apoc1/Ces1a/Ces1d/Ces1f/Eepd1/Abca8a/Adipoq",8
"GO:0016042","lipid catabolic process","17/417","338/28943",9.75520603576982e-06,0.000610444418373935,0.000474619926129247,"Prdx6/Irs1/Pla2g5/Rarres2/Apoc1/Plin1/Pnpla2/Cyp27b1/Lpl/Ces1a/Ces1d/Ces1f/Gdpd1/Aspg/Gpihbp1/Adipoq/Plce1",17
"GO:0044344","cellular response to fibroblast growth factor stimulus","9/417","96/28943",1.05330272717158e-05,0.000635375970441305,0.000494004182982676,"Flrt3/Spry1/Cxcl13/Fgfr2/Fgf17/Tbx2/Flrt2/Chrd/Smoc2",9
"GO:0046460","neutral lipid biosynthetic process","7/417","53/28943",1.06699106628822e-05,0.000635375970441305,0.000494004182982676,"Nr1h3/Pnpla2/Lpl/Ang3/Acsl6/C3/Plce1",7
"GO:0046463","acylglycerol biosynthetic process","7/417","53/28943",1.06699106628822e-05,0.000635375970441305,0.000494004182982676,"Nr1h3/Pnpla2/Lpl/Ang3/Acsl6/C3/Plce1",7
"GO:0009636","response to toxic substance","10/417","122/28943",1.13659761665147e-05,0.000666082285821781,0.000517878312549466,"Gsta3/Prdx6/Cat/Cyp2f2/Slc22a18/Ces1d/Gch1/Prkn/Aldh1a1/Aldh1a7",10
"GO:0010883","regulation of lipid storage","7/417","54/28943",1.21083116173107e-05,0.000698498226423609,0.000543081674019839,"Nr1h3/Pnpla2/Lpl/Ces1a/Ces1d/Ces1f/C3",7
"GO:0071774","response to fibroblast growth factor","9/417","98/28943",1.24650163888425e-05,0.000708012930886254,0.000550479347244915,"Flrt3/Spry1/Cxcl13/Fgfr2/Fgf17/Tbx2/Flrt2/Chrd/Smoc2",9
"GO:0010885","regulation of cholesterol storage","5/417","22/28943",1.30401752415199e-05,0.000718572044652109,0.000558689047661032,"Nr1h3/Lpl/Ces1a/Ces1d/Ces1f",5
"GO:0035634","response to stilbenoid","5/417","22/28943",1.30401752415199e-05,0.000718572044652109,0.000558689047661032,"Saa3/Saa2/Fgl1/Ly6d/Ifit3",5
"GO:0072001","renal system development","17/417","348/28943",1.42220205562261e-05,0.000772172057258628,0.000600363003975674,"Gsta3/Ren1/Lrp4/Cat/Agtr2/Spry1/Wnt2b/Fgfr2/Col4a1/Agt/Kirrel3/Wnk4/Hs3st3b1/Osr2/Adamts1/Adipoq/Plce1",17
"GO:0006633","fatty acid biosynthetic process","11/417","154/28943",1.54963794005046e-05,0.000829168590531345,0.000644677751718931,"Slc45a3/Olah/Nr1h3/Ptgds/Ceacam1/Apoc1/Acsm3/Avpr1a/Lpl/Agt/Edn1",11
"GO:0048660","regulation of smooth muscle cell proliferation","12/417","185/28943",1.69669217657435e-05,0.00089488393084464,0.000695771363235826,"Ppargc1a/Fgfr2/Igf1/Mmp2/Agt/Ang3/Edn1/Ogn/Nampt/Adamts1/Adipoq/Apod",12
"GO:0003014","renal system process","10/417","129/28943",1.85498704605274e-05,0.000951196135281491,0.000739554045992081,"Ren1/Agtr2/Slc4a5/Adm/Avpr1a/Agt/Wnk4/Trpv1/Edn1/Adipoq",10
"GO:0003073","regulation of systemic arterial blood pressure","10/417","129/28943",1.85498704605274e-05,0.000951196135281491,0.000739554045992081,"Ren1/Agtr2/Rarres2/Slc4a5/Klk1b24/Adm/Avpr1a/Agt/Trpv1/Edn1",10
"GO:0042832","defense response to protozoan","6/417","39/28943",1.88263556028427e-05,0.000952149381995826,0.000740295194361241,"Gbp8/Gbp4/Gbp6/Gbp11/Irf8/Iigp1",6
"GO:0098754","detoxification","7/417","58/28943",1.95649034490981e-05,0.000957276476658969,0.000744281505345558,"Gsta3/Prdx6/Cat/Slc22a18/Gch1/Aldh1a1/Aldh1a7",7
"GO:1905953","negative regulation of lipid localization","7/417","58/28943",1.95649034490981e-05,0.000957276476658969,0.000744281505345558,"Nr1h3/Agtr2/Apoc1/Pnpla2/Ces1a/Ces1d/Ces1f",7
"GO:1902652","secondary alcohol metabolic process","11/417","158/28943",1.97055829431424e-05,0.000957276476658969,0.000744281505345558,"Cat/Hmgcs2/Gnb3/Apoc1/Saa1/Cyp27b1/Ces1a/Ces1d/Ces1f/Fgl1/Npc1l1",11
"GO:0010878","cholesterol storage","5/417","24/28943",2.05536045651126e-05,0.000985505299407736,0.000766229386863459,"Nr1h3/Lpl/Ces1a/Ces1d/Ces1f",5
"GO:1904707","positive regulation of vascular associated smooth muscle cell proliferation","6/417","40/28943",2.18811180278131e-05,0.00103570625331648,0.000805260578432472,"Ppargc1a/Igf1/Mmp2/Agt/Edn1/Adamts1",6
"GO:0008543","fibroblast growth factor receptor signaling pathway","8/417","81/28943",2.23005207964244e-05,0.00104219649089113,0.000810306731670213,"Flrt3/Spry1/Fgfr2/Fgf17/Tbx2/Flrt2/Chrd/Smoc2",8
"GO:0048659","smooth muscle cell proliferation","12/417","192/28943",2.4542764572065e-05,0.0011326485850008,0.000880633144579228,"Ppargc1a/Fgfr2/Igf1/Mmp2/Agt/Ang3/Edn1/Ogn/Nampt/Adamts1/Adipoq/Apod",12
"GO:0060191","regulation of lipase activity","8/417","84/28943",2.91124837139265e-05,0.00132695419594835,0.00103170556319529,"Nr1h3/Pla2g5/Adcyap1r1/Apoc1/Fgfr2/Agt/Ang3/Gpihbp1",8
"GO:0010888","negative regulation of lipid storage","5/417","26/28943",3.10635104168419e-05,0.00139861561535342,0.0010874222452725,"Nr1h3/Pnpla2/Ces1a/Ces1d/Ces1f",5
"GO:0001822","kidney development","16/417","334/28943",3.20645102872473e-05,0.00142629122868093,0.00110894000701742,"Gsta3/Ren1/Lrp4/Cat/Agtr2/Spry1/Wnt2b/Fgfr2/Agt/Kirrel3/Wnk4/Hs3st3b1/Osr2/Adamts1/Adipoq/Plce1",16
"GO:0034341","response to interferon-gamma","10/417","139/28943",3.53808255683435e-05,0.00154752127973499,0.00120319625073768,"Gbp8/Gbp4/Gbp6/Gbp11/Cyp27b1/Irf8/Gch1/Tgtp1/Ccl6/Dapk1",10
"GO:0002526","acute inflammatory response","9/417","112/28943",3.64665090295082e-05,0.00154752127973499,0.00120319625073768,"Orm2/Ephb6/Saa3/Saa1/Saa2/Il20rb/Trpv1/Il31ra/C3",9
"GO:0006641","triglyceride metabolic process","9/417","112/28943",3.64665090295082e-05,0.00154752127973499,0.00120319625073768,"Nr1h3/Cat/Gnb3/Apoc1/Pnpla2/Lpl/Acsl6/Gpihbp1/C3",9
"GO:0030301","cholesterol transport","9/417","112/28943",3.64665090295082e-05,0.00154752127973499,0.00120319625073768,"Nr1h3/Apoc1/Ces1a/Ces1d/Ces1f/Eepd1/Abca8a/Npc1l1/Adipoq",9
"GO:0060193","positive regulation of lipase activity","7/417","64/28943",3.75347185797062e-05,0.00157475205677586,0.00122436815271362,"Nr1h3/Pla2g5/Adcyap1r1/Fgfr2/Agt/Ang3/Gpihbp1",7
"GO:0001562","response to protozoan","6/417","44/28943",3.83327464053803e-05,0.00159016291829959,0.00123635008216998,"Gbp8/Gbp4/Gbp6/Gbp11/Irf8/Iigp1",6
"GO:0045940","positive regulation of steroid metabolic process","6/417","45/28943",4.3696503893032e-05,0.00179252769303416,0.00139368849258828,"Ppargc1a/Igf1/Ces1a/Ces1d/Ces1f/Agt",6
"GO:0046486","glycerolipid metabolic process","17/417","382/28943",4.61369047188527e-05,0.00187184013430774,0.00145535383653339,"Prdx6/Itpka/Nr1h3/Cat/Pla2g5/Gnb3/Apoc1/Pnpla2/Lpl/Ces1d/Ang3/Acsl6/Gdpd1/Gpihbp1/Gpd1/C3/Plce1",17
"GO:0015918","sterol transport","9/417","116/28943",4.8105893681704e-05,0.00193051042905273,0.00150096993215111,"Nr1h3/Apoc1/Ces1a/Ces1d/Ces1f/Eepd1/Abca8a/Npc1l1/Adipoq",9
"GO:0008203","cholesterol metabolic process","10/417","145/28943",5.07293637709415e-05,0.00195871605171408,0.00152289977562419,"Cat/Hmgcs2/Gnb3/Apoc1/Saa1/Ces1a/Ces1d/Ces1f/Fgl1/Npc1l1",10
"GO:0006957","complement activation, alternative pathway","4/417","15/28943",5.1120623205054e-05,0.00195871605171408,0.00152289977562419,"Cfi/Cfd/C3/Cfb",4
"GO:0010887","negative regulation of cholesterol storage","4/417","15/28943",5.1120623205054e-05,0.00195871605171408,0.00152289977562419,"Nr1h3/Ces1a/Ces1d/Ces1f",4
"GO:0035815","positive regulation of renal sodium excretion","4/417","15/28943",5.1120623205054e-05,0.00195871605171408,0.00152289977562419,"Agtr2/Avpr1a/Agt/Edn1",4
"GO:0006939","smooth muscle contraction","9/417","117/28943",5.14613913911878e-05,0.00195871605171408,0.00152289977562419,"Atp1a2/Tbxa2r/Npy1r/Comp/Agt/Trpv1/Cacna1g/Tbx2/Edn1",9
"GO:0006959","humoral immune response","18/417","425/28943",5.27201854550755e-05,0.00198615229285856,0.00154423142573567,"Cd55/Wfdc3/Cfi/Cxcl13/C1s1/Rarres2/C1s2/Adm/Lgals4/Cfd/Ang3/Wfdc17/Wfdc21/Colec11/Kng2/C4b/C3/Cfb",18
"GO:0042304","regulation of fatty acid biosynthetic process","6/417","48/28943",6.34811973239796e-05,0.00236739980323366,0.00184065098460917,"Slc45a3/Nr1h3/Ceacam1/Apoc1/Avpr1a/Agt",6
"GO:0050890","cognition","16/417","358/28943",7.30008713931043e-05,0.00269519217183341,0.00209550922409469,"Atp1a2/Gpr155/Gpr88/Kcnab1/Musk/Atp8a1/Shank1/Igf1/S100b/Agt/Fam107a/Ppp1r1b/Adcy1/Peg13/Chrd/Prkn",16
"GO:0015849","organic acid transport","15/417","322/28943",7.70256566022508e-05,0.00281563093243079,0.0021891502402745,"Agtr2/Pla2g5/Ceacam1/Slc1a5/Slco2b1/Fxyd1/Avpr1a/Slc7a2/Agt/Gfap/Acsl6/Trpv1/Edn1/Slc26a8/Slc6a7",15
"GO:0097237","cellular response to toxic substance","6/417","50/28943",8.02342731487182e-05,0.0028628069143544,0.00222582951914365,"Prdx6/Cat/Gch1/Prkn/Aldh1a1/Aldh1a7",6
"GO:0006006","glucose metabolic process","12/417","217/28943",8.05656065828327e-05,0.0028628069143544,0.00222582951914365,"Slc45a3/Irs1/Oas1g/Gckr/Gnb3/Igf1/Npy1r/Fgl1/Gpd1/Adipoq/Apod/Prkn",12
"GO:1904705","regulation of vascular associated smooth muscle cell proliferation","7/417","72/28943",8.06424482916732e-05,0.0028628069143544,0.00222582951914365,"Ppargc1a/Igf1/Mmp2/Agt/Edn1/Adamts1/Adipoq",7
"GO:0033674","positive regulation of kinase activity","18/417","440/28943",8.19441953008227e-05,0.00288131399095845,0.00224021875273527,"Irs1/Mertk/Ror1/Musk/Gckr/Ephb6/Ceacam1/Fgfr2/Igf1/Agt/Ang3/Dipk2a/Wnk4/Edn1/Ghr/Fgd4/Adipoq/Fgd2",18
"GO:0016125","sterol metabolic process","10/417","154/28943",8.42089124023594e-05,0.00293301230744822,0.00228041414221682,"Cat/Hmgcs2/Gnb3/Apoc1/Saa1/Ces1a/Ces1d/Ces1f/Fgl1/Npc1l1",10
"GO:2001256","regulation of store-operated calcium entry","4/417","17/28943",8.7120343844363e-05,0.00300605896704101,0.00233720784715768,"Stim1/Cracr2b/Stc2/Efhb",4
"GO:0072073","kidney epithelium development","10/417","155/28943",8.88807138007829e-05,0.00303840366067121,0.0023623558141787,"Gsta3/Cat/Agtr2/Spry1/Wnt2b/Fgfr2/Agt/Wnk4/Hs3st3b1/Adipoq",10
"GO:1990874","vascular associated smooth muscle cell proliferation","7/417","75/28943",0.000104712050539385,0.00354611530883361,0.0027571011139845,"Ppargc1a/Igf1/Mmp2/Agt/Edn1/Adamts1/Adipoq",7
"GO:0042692","muscle cell differentiation","18/417","449/28943",0.00010565348969981,0.00354611530883361,0.0027571011139845,"Lmod1/Agtr2/Tcf23/Adm/Alpk3/Fgfr2/Stim1/Igf1/Cfd/Myom2/Comp/Agt/Adamts15/Ramp2/Tbx2/Edn1/C3/Tmem204",18
"GO:0006790","sulfur compound metabolic process","15/417","335/28943",0.000119370674668799,0.00397041919709194,0.00308699696369668,"Gsta3/Tdo2/Hmgcs2/Nat8f3/Acsm3/Sult1a1/Ggt5/Spock2/Ces1d/Sult5a1/Pipox/Hs3st3b1/Acsl6/Gpx3/Ghr",15
"GO:0014065","phosphatidylinositol 3-kinase signaling","9/417","134/28943",0.000146719528791162,0.00483650446693725,0.00376037739674342,"Irs1/Cat/Ror1/Ceacam1/Igf1/Agt/Dipk2a/Edn1/Hcls1",9
"GO:1903522","regulation of blood circulation","13/417","268/28943",0.000153787693933949,0.00502463863720477,0.00390665152638918,"Atp1a2/Agtr2/Adm/Fxyd1/Avpr1a/Tbxa2r/Npy1r/Mmp2/Agt/Gch1/Trpv1/Cacna1g/Edn1",13
"GO:0006109","regulation of carbohydrate metabolic process","11/417","199/28943",0.000159062601881137,0.00515139584337856,0.00400520512769953,"Slc45a3/Irs1/Ppargc1a/Gckr/Adcyap1r1/Gnb3/Igf1/Fgl1/Gpd1/Adipoq/Prkn",11
"GO:0001657","ureteric bud development","8/417","107/28943",0.000163337129256475,0.00518852125238217,0.00403407009615275,"Gsta3/Cat/Agtr2/Spry1/Wnt2b/Fgfr2/Agt/Hs3st3b1",8
"GO:0007204","positive regulation of cytosolic calcium ion concentration","12/417","234/28943",0.00016384283041924,0.00518852125238217,0.00403407009615275,"Cd55/Cxcl13/Adcyap1r1/Adm/Saa2/Avpr1a/Tbxa2r/Agt/Trpv1/Cacna1g/Edn1/Kng2",12
"GO:0010675","regulation of cellular carbohydrate metabolic process","10/417","167/28943",0.000164424969265632,0.00518852125238217,0.00403407009615275,"Slc45a3/Irs1/Ppargc1a/Gckr/Adcyap1r1/Gnb3/Igf1/Fgl1/Adipoq/Prkn",10
"GO:0048015","phosphatidylinositol-mediated signaling","10/417","168/28943",0.00017262912548975,0.00540124348566235,0.00419946142025467,"Irs1/Cat/Ror1/Ceacam1/Igf1/Agt/Dipk2a/Edn1/Hcls1/Plce1",10
"GO:0048661","positive regulation of smooth muscle cell proliferation","8/417","109/28943",0.000185691605446248,0.00576112106981133,0.0044792658828122,"Ppargc1a/Fgfr2/Igf1/Mmp2/Agt/Edn1/Nampt/Adamts1",8
"GO:0072163","mesonephric epithelium development","8/417","110/28943",0.000197776826557881,0.00603241101796053,0.00469019354678063,"Gsta3/Cat/Agtr2/Spry1/Wnt2b/Fgfr2/Agt/Hs3st3b1",8
"GO:0072164","mesonephric tubule development","8/417","110/28943",0.000197776826557881,0.00603241101796053,0.00469019354678063,"Gsta3/Cat/Agtr2/Spry1/Wnt2b/Fgfr2/Agt/Hs3st3b1",8
"GO:0048017","inositol lipid-mediated signaling","10/417","171/28943",0.000199337525512239,0.00603241101796053,0.00469019354678063,"Irs1/Cat/Ror1/Ceacam1/Igf1/Agt/Dipk2a/Edn1/Hcls1/Plce1",10
"GO:0046165","alcohol biosynthetic process","9/417","141/28943",0.000215435809859735,0.00646657731709058,0.00502775741110396,"Itpka/Hmgcs2/Adcyap1r1/Cyp27b1/Ces1a/Ces1d/Ces1f/Gch1/Npc1l1",9
"GO:0002027","regulation of heart rate","8/417","113/28943",0.000237964627941303,0.00702852325087432,0.00546466981386049,"Agtr2/Adm/Avpr1a/Agt/Gch1/Trpv1/Cacna1g/Edn1",8
"GO:0055017","cardiac muscle tissue growth","8/417","113/28943",0.000237964627941303,0.00702852325087432,0.00546466981386049,"Agtr2/Tenm4/Fgfr2/Igf1/Agt/Dipk2a/Tbx2/Edn1",8
"GO:0019229","regulation of vasoconstriction","7/417","86/28943",0.00024758402705576,0.0072546049832529,0.0056404481351801,"Atp1a2/Adm/Avpr1a/Tbxa2r/Npy1r/Mmp2/Edn1",7
"GO:0010906","regulation of glucose metabolic process","8/417","114/28943",0.00025275847593268,0.00729537594511295,0.00567214751734134,"Slc45a3/Irs1/Gckr/Gnb3/Igf1/Fgl1/Adipoq/Prkn",8
"GO:0071404","cellular response to low-density lipoprotein particle stimulus","4/417","22/28943",0.000252927443384198,0.00729537594511295,0.00567214751734134,"Lpl/Ces1a/Ces1d/Ces1f",4
"GO:0007611","learning or memory","14/417","321/28943",0.000261113753373729,0.00747311610430857,0.00581034031375078,"Atp1a2/Gpr88/Kcnab1/Musk/Atp8a1/Shank1/Igf1/S100b/Agt/Ppp1r1b/Adcy1/Peg13/Chrd/Prkn",14
"GO:0019730","antimicrobial humoral response","10/417","177/28943",0.0002632522814014,0.00747636479179976,0.00581286616503335,"Wfdc3/Cxcl13/Rarres2/Adm/Lgals4/Ang3/Wfdc17/Wfdc21/Colec11/Kng2",10
"GO:0042446","hormone biosynthetic process","6/417","63/28943",0.000293133922728164,0.00822698425957223,0.00639647205219065,"Ppargc1a/Igf1/Cyp27b1/Stc2/Hsd17b1/Tg",6
"GO:0006953","acute-phase response","5/417","41/28943",0.000296367526143853,0.00822698425957223,0.00639647205219065,"Orm2/Saa3/Saa1/Saa2/Trpv1",5
"GO:0071827","plasma lipoprotein particle organization","5/417","41/28943",0.000296367526143853,0.00822698425957223,0.00639647205219065,"Pla2g5/Apoc1/Lpl/Ces1d/Gpihbp1",5
"GO:0019218","regulation of steroid metabolic process","8/417","117/28943",0.000301718551778986,0.00827852606778966,0.00643654575664663,"Ppargc1a/Gnb3/Igf1/Cyp27b1/Ces1a/Ces1d/Ces1f/Agt",8
"GO:0035930","corticosteroid hormone secretion","4/417","23/28943",0.000302708835089817,0.00827852606778966,0.00643654575664663,"Ren1/Agtr2/Agt/Wnk4",4
"GO:0010827","regulation of glucose transmembrane transport","7/417","89/28943",0.000305997141507794,0.00830692240034393,0.00645862387687115,"Rnasel/Irs1/Upk3b/Igf1/Edn1/Adipoq/C3",7
"GO:0051346","negative regulation of hydrolase activity","15/417","366/28943",0.000309655131955969,0.00834486676774771,0.00648812558466329,"Pi15/Ifi207/Wfdc3/Spry1/Col28a1/Apoc1/Igf1/Agt/Ppp1r1b/Vtn/Serpinb6c/Serpina3c/Serpina3f/Serpina3k/Kng2",15
"GO:0006979","response to oxidative stress","16/417","407/28943",0.000313486066660638,0.00838688810225417,0.00652079713030938,"Prdx6/Cat/Txnip/Ppargc1a/Mmp2/Gch1/Mmp3/Stc2/Rnf112/Gpx3/Edn1/Dapk1/Adipoq/Apod/Prkn/Aldh1a1",16
"GO:0019915","lipid storage","7/417","90/28943",0.000327753967869707,0.0087055226573738,0.0067685351789526,"Nr1h3/Pnpla2/Lpl/Ces1a/Ces1d/Ces1f/C3",7
"GO:0048639","positive regulation of developmental growth","11/417","218/28943",0.000349028726408737,0.00920438612786468,0.0071564010294483,"Foxs1/Cdh4/Musk/Fgfr2/Igf1/Agt/Tbx2/Edn1/Ghr/C3/Prkn",11
"GO:0050808","synapse organization","18/417","496/28943",0.000355054338590663,0.00929688381614701,0.00722831788978528,"Itpka/Ntng2/Lrp4/Flrt3/Negr1/Musk/Shank1/Fgfr2/Chchd10/Ncan/Col4a1/Colq/Kirrel3/Flrt2/Sybu/Lrrc24/Chrd/C3",18
"GO:0002115","store-operated calcium entry","4/417","24/28943",0.000359139881194757,0.00933763691106369,0.00726000338041588,"Stim1/Cracr2b/Stc2/Efhb",4
"GO:0098801","regulation of renal system process","5/417","43/28943",0.000371810343370854,0.00953280408142495,0.00741174566061637,"Agtr2/Avpr1a/Agt/Edn1/Adipoq",5
"GO:1990748","cellular detoxification","5/417","43/28943",0.000371810343370854,0.00953280408142495,0.00741174566061637,"Prdx6/Cat/Gch1/Aldh1a1/Aldh1a7",5
"GO:0015698","inorganic anion transport","9/417","152/28943",0.000376071723718751,0.00957556416530778,0.0074449915831654,"Clca3a1/Clca3a2/Fxyd1/Ttyh1/Car7/Stc2/Wnk4/Tg/Slc26a8",9
"GO:0035886","vascular associated smooth muscle cell differentiation","5/417","44/28943",0.00041456388144335,0.0104833551389647,0.00815079815930798,"Adm/Cfd/Comp/Ramp2/C3",5
"GO:0051791","medium-chain fatty acid metabolic process","4/417","25/28943",0.00042271146884173,0.0105499514206396,0.00820257670185438,"Olah/Ces1a/Ces1d/Ces1f",4
"GO:0060419","heart growth","8/417","123/28943",0.000422912462149148,0.0105499514206396,0.00820257670185438,"Agtr2/Tenm4/Fgfr2/Igf1/Agt/Dipk2a/Tbx2/Edn1",8
"GO:0097006","regulation of plasma lipoprotein particle levels","6/417","68/28943",0.00044455311297701,0.0109196322053773,0.00849000314308715,"Pla2g5/Apoc1/Lpl/Ces1d/Gpihbp1/Adipoq",6
"GO:0015718","monocarboxylic acid transport","8/417","124/28943",0.000446496413811743,0.0109196322053773,0.00849000314308715,"Pla2g5/Slc6a12/Ceacam1/Slco2b1/Ces1a/Ces1d/Ces1f/Edn1",8
"GO:0002016","regulation of blood volume by renin-angiotensin","3/417","11/28943",0.000449562322648252,0.0109196322053773,0.00849000314308715,"Ren1/Agtr2/Agt",3
"GO:2001214","positive regulation of vasculogenesis","3/417","11/28943",0.000449562322648252,0.0109196322053773,0.00849000314308715,"Ceacam1/Adm/Ramp2",3
"GO:0019221","cytokine-mediated signaling pathway","16/417","421/28943",0.000453642153914845,0.010946711321919,0.00851105712917636,"Ccdc3/Oas1g/Oas2/Cxcl13/Ceacam1/Il27ra/Il20rb/Gpr75/Ccl6/Edn1/Il31ra/Csf2rb/Ghr/Adipoq/Prkn/Iigp1",16
"GO:0010466","negative regulation of peptidase activity","12/417","262/28943",0.000458396190006064,0.0109788719034085,0.00853606194919171,"Pi15/Ifi207/Wfdc3/Col28a1/Igf1/Agt/Vtn/Serpinb6c/Serpina3c/Serpina3f/Serpina3k/Kng2",12
"GO:0071825","protein-lipid complex subunit organization","5/417","45/28943",0.000460922303637139,0.0109788719034085,0.00853606194919171,"Pla2g5/Apoc1/Lpl/Ces1d/Gpihbp1",5
"GO:0048754","branching morphogenesis of an epithelial tube","10/417","191/28943",0.000481313385215295,0.0113910834500953,0.00885655601539885,"Agtr2/Spry1/Wnt2b/Fgfr2/Igf1/Col4a1/Agt/Hs3st3b1/Tbx2/Edn1",10
"GO:0044262","cellular carbohydrate metabolic process","13/417","302/28943",0.000485312115411321,0.011412562612093,0.00887325604241818,"Slc45a3/Irs1/Itpka/Ppargc1a/Gckr/Phkg1/Adcyap1r1/Gnb3/Igf1/Fgl1/Adipoq/Ppp1r2/Prkn",13
"GO:0035813","regulation of renal sodium excretion","4/417","26/28943",0.000493920188555345,0.0115414768110528,0.0089734867034672,"Agtr2/Avpr1a/Agt/Edn1",4
"GO:0044242","cellular lipid catabolic process","11/417","228/28943",0.000509114687074794,0.01182170707346,0.0091913654528498,"Prdx6/Irs1/Pla2g5/Apoc1/Pnpla2/Lpl/Ces1d/Ces1f/Gdpd1/Gpihbp1/Adipoq",11
"GO:0150076","neuroinflammatory response","6/417","70/28943",0.000519847551036188,0.01199548224016,0.00932647547155056,"Igf1/Agt/Mmp8/Adcy1/Trpv1/Nampt",6
"GO:0061138","morphogenesis of a branching epithelium","11/417","229/28943",0.000528044987010202,0.0121089570934265,0.00941470205672979,"Agtr2/Spry1/Wnt2b/Adm/Fgfr2/Igf1/Col4a1/Agt/Hs3st3b1/Tbx2/Edn1",11
"GO:0042632","cholesterol homeostasis","7/417","98/28943",0.000550147297909248,0.0125379248387712,0.00974822405067263,"Nr1h3/Lpl/Ces1a/Ces1d/Ces1f/Npc1l1/Gpihbp1",7
"GO:0001990","regulation of systemic arterial blood pressure by hormone","5/417","47/28943",0.000565227401718424,0.0125982319507598,0.00979511277006389,"Ren1/Agtr2/Avpr1a/Agt/Edn1",5
"GO:0014821","phasic smooth muscle contraction","4/417","27/28943",0.000573267326036743,0.0125982319507598,0.00979511277006389,"Npy1r/Agt/Tbx2/Edn1",4
"GO:0014829","vascular associated smooth muscle contraction","4/417","27/28943",0.000573267326036743,0.0125982319507598,0.00979511277006389,"Comp/Agt/Cacna1g/Edn1",4
"GO:0034368","protein-lipid complex remodeling","4/417","27/28943",0.000573267326036743,0.0125982319507598,0.00979511277006389,"Pla2g5/Apoc1/Lpl/Gpihbp1",4
"GO:0034369","plasma lipoprotein particle remodeling","4/417","27/28943",0.000573267326036743,0.0125982319507598,0.00979511277006389,"Pla2g5/Apoc1/Lpl/Gpihbp1",4
"GO:0045723","positive regulation of fatty acid biosynthetic process","4/417","27/28943",0.000573267326036743,0.0125982319507598,0.00979511277006389,"Slc45a3/Nr1h3/Avpr1a/Agt",4
"GO:0042476","odontogenesis","8/417","129/28943",0.000580970276750458,0.0126919660459331,0.00986799093552475,"Lrp4/Fgfr2/Stim1/Edar/Edn1/Aspn/Jag2/Osr2",8
"GO:0055092","sterol homeostasis","7/417","99/28943",0.000584794041271511,0.0127003505904378,0.00987450991051028,"Nr1h3/Lpl/Ces1a/Ces1d/Ces1f/Npc1l1/Gpihbp1",7
"GO:0009404","toxin metabolic process","3/417","12/28943",0.000593021346840172,0.0127292721658949,0.00989699640656762,"Gsta3/Fmo1/Fmo2",3
"GO:0014824","artery smooth muscle contraction","3/417","12/28943",0.000593021346840172,0.0127292721658949,0.00989699640656762,"Agt/Cacna1g/Edn1",3
"GO:1901617","organic hydroxy compound biosynthetic process","11/417","234/28943",0.000631748437579252,0.0134821689684543,0.0104823729192493,"Itpka/Agtr2/Hmgcs2/Adcyap1r1/Cyp27b1/Ces1a/Ces1d/Ces1f/Gch1/Hsd17b1/Npc1l1",11
"GO:0030282","bone mineralization","8/417","131/28943",0.000643167037142193,0.0136469695467182,0.0106105052043966,"Fgfr2/Igf1/Cyp27b1/Comp/Clec3b/Aspn/Omd/Osr2",8
"GO:0048662","negative regulation of smooth muscle cell proliferation","6/417","73/28943",0.00065096407323257,0.0137334820478551,0.0106777685877006,"Ppargc1a/Agt/Ang3/Ogn/Adipoq/Apod",6
"GO:0034764","positive regulation of transmembrane transport","12/417","273/28943",0.000659247045630439,0.0137347328392337,0.0106787410767493,"Rnasel/Irs1/Adcyap1r1/Fxyd1/Stim1/Igf1/Agt/Wnk4/Acsl6/Edn1/Adipoq/C3",12
"GO:0014066","regulation of phosphatidylinositol 3-kinase signaling","7/417","101/28943",0.000659280462520713,0.0137347328392337,0.0106787410767493,"Cat/Ror1/Ceacam1/Igf1/Agt/Dipk2a/Hcls1",7
"GO:0008016","regulation of heart contraction","10/417","199/28943",0.000662183760938138,0.0137347328392337,0.0106787410767493,"Atp1a2/Agtr2/Adm/Fxyd1/Avpr1a/Agt/Gch1/Trpv1/Cacna1g/Edn1",10
"GO:0062014","negative regulation of small molecule metabolic process","7/417","103/28943",0.000741095497100624,0.0152856121524889,0.0118845481951979,"Fmo1/Fmo2/Ppargc1a/Ceacam1/Apoc1/Cyp27b1/Adipoq",7
"GO:0034367","protein-containing complex remodeling","4/417","29/28943",0.000758399733853827,0.0154429755807524,0.0120068981036414,"Pla2g5/Apoc1/Lpl/Gpihbp1",4
"GO:0035812","renal sodium excretion","4/417","29/28943",0.000758399733853827,0.0154429755807524,0.0120068981036414,"Agtr2/Avpr1a/Agt/Edn1",4
"GO:0006936","muscle contraction","13/417","317/28943",0.000761273444121596,0.0154429755807524,0.0120068981036414,"Atp1a2/Lmod1/Trim63/Fxyd1/Tbxa2r/Myom2/Npy1r/Comp/Agt/Trpv1/Cacna1g/Tbx2/Edn1",13
"GO:0006575","cellular modified amino acid metabolic process","10/417","203/28943",0.000771745419245792,0.0155698584035818,0.0121055493717761,"Gsta3/Bbox1/Nat8f3/Folh1/Vnn3/Ggt5/Gch1/Pipox/Gpx3/Tg",10
"GO:0042116","macrophage activation","7/417","104/28943",0.000784907105675826,0.0157493317073649,0.0122450896863729,"Nr1h3/Pla2g5/Slc7a2/Mmp8/Wnk4/Trpv1/Nampt",7
"GO:0006694","steroid biosynthetic process","9/417","169/28943",0.00080876999686361,0.0161315830484469,0.0125422897226192,"Hmgcs2/Ppargc1a/Igf1/Cyp27b1/Ces1a/Ces1d/Ces1f/Hsd17b1/Npc1l1",9
"GO:0048638","regulation of developmental growth","15/417","402/28943",0.000815368467879065,0.0161315830484469,0.0125422897226192,"Foxs1/Cdh4/Musk/Fgfr2/Igf1/Npy1r/Agt/Colq/Stc2/Tbx2/Edn1/Ghr/Rtn4r/C3/Prkn",15
"GO:0010518","positive regulation of phospholipase activity","5/417","51/28943",0.000825804224311066,0.0161315830484469,0.0125422897226192,"Pla2g5/Adcyap1r1/Fgfr2/Agt/Ang3",5
"GO:0032350","regulation of hormone metabolic process","5/417","51/28943",0.000825804224311066,0.0161315830484469,0.0125422897226192,"Ppargc1a/Gnb3/Igf1/Cyp27b1/Stc2",5
"GO:0046456","icosanoid biosynthetic process","5/417","51/28943",0.000825804224311066,0.0161315830484469,0.0125422897226192,"Ptgds/Pla2g5/Avpr1a/Ggt5/Edn1",5
"GO:0045861","negative regulation of proteolysis","14/417","361/28943",0.000833556498312555,0.0161973189040524,0.0125933992847553,"Pi15/Ifi207/Nr1h3/Wfdc3/Col28a1/Igf1/Agt/Vtn/Serpinb6c/Ctla2a/Serpina3c/Serpina3f/Serpina3k/Kng2",14
"GO:0046885","regulation of hormone biosynthetic process","4/417","30/28943",0.000865202592289737,0.0166371248475714,0.0129353479669633,"Ppargc1a/Igf1/Cyp27b1/Stc2",4
"GO:0060343","trabecula formation","4/417","30/28943",0.000865202592289737,0.0166371248475714,0.0129353479669633,"Slc40a1/Cyp27b1/Mmp2/Adamts1",4
"GO:0007588","excretion","5/417","52/28943",0.000902982146515903,0.0172736273830918,0.0134302280531708,"Agtr2/Avpr1a/Agt/Trpv1/Edn1",5
"GO:0006651","diacylglycerol biosynthetic process","3/417","14/28943",0.000960378524646505,0.0179076642070449,0.0139231910510953,"Pnpla2/Ang3/Plce1",3
"GO:0014820","tonic smooth muscle contraction","3/417","14/28943",0.000960378524646505,0.0179076642070449,0.0139231910510953,"Agt/Cacna1g/Edn1",3
"GO:0030432","peristalsis","3/417","14/28943",0.000960378524646505,0.0179076642070449,0.0139231910510953,"Npy1r/Agt/Tbx2",3
"GO:0032782","bile acid secretion","3/417","14/28943",0.000960378524646505,0.0179076642070449,0.0139231910510953,"Ces1a/Ces1d/Ces1f",3
"GO:0071340","skeletal muscle acetylcholine-gated channel clustering","3/417","14/28943",0.000960378524646505,0.0179076642070449,0.0139231910510953,"Lrp4/Musk/Colq",3
"GO:0006576","cellular biogenic amine metabolic process","7/417","108/28943",0.000981025171889451,0.0179216454814583,0.0139340614779999,"Agtr2/Tdo2/Aoc1/Sult1a1/Gch1/Gdpd1/Prkn",7
"GO:0045833","negative regulation of lipid metabolic process","7/417","108/28943",0.000981025171889451,0.0179216454814583,0.0139340614779999,"Fmo1/Fmo2/Ccdc3/Ceacam1/Apoc1/Cyp27b1/Apod",7
"GO:0010460","positive regulation of heart rate","4/417","31/28943",0.000982177327430924,0.0179216454814583,0.0139340614779999,"Adm/Avpr1a/Gch1/Edn1",4
"GO:0044062","regulation of excretion","4/417","31/28943",0.000982177327430924,0.0179216454814583,0.0139340614779999,"Agtr2/Avpr1a/Agt/Edn1",4
"GO:0010828","positive regulation of glucose transmembrane transport","5/417","53/28943",0.000985399250470218,0.0179216454814583,0.0139340614779999,"Rnasel/Irs1/Igf1/Adipoq/C3",5
"GO:0001763","morphogenesis of a branching structure","11/417","249/28943",0.00104944566568032,0.0189929088122144,0.0147669676486596,"Agtr2/Spry1/Wnt2b/Adm/Fgfr2/Igf1/Col4a1/Agt/Hs3st3b1/Tbx2/Edn1",11
"GO:0006692","prostanoid metabolic process","5/417","54/28943",0.00107327298488844,0.019235552719457,0.0149556230444087,"Ptgds/Avpr1a/Ces2g/Edn1/Akr1c14",5
"GO:0006693","prostaglandin metabolic process","5/417","54/28943",0.00107327298488844,0.019235552719457,0.0149556230444087,"Ptgds/Avpr1a/Ces2g/Edn1/Akr1c14",5
"GO:0031589","cell-substrate adhesion","14/417","371/28943",0.00108196125987258,0.0192975892340558,0.0150038563726037,"Ntng2/Mertk/Megf9/Itgal/Ttyh1/Itga7/Spock2/Agt/Itgbl1/Fam107a/Vtn/Apod/Smoc2/Lims2",14
"GO:0006690","icosanoid metabolic process","8/417","142/28943",0.00108819670033306,0.0192999175332254,0.0150056666228847,"Ptgds/Pla2g5/Cyp2f2/Avpr1a/Ggt5/Ces2g/Edn1/Akr1c14",8
"GO:0046889","positive regulation of lipid biosynthetic process","7/417","110/28943",0.0010925467942698,0.0192999175332254,0.0150056666228847,"Slc45a3/Ccdc3/Nr1h3/Ppargc1a/Igf1/Avpr1a/Agt",7
"GO:0055088","lipid homeostasis","9/417","177/28943",0.00112060378135452,0.019701281717909,0.0153177268759588,"Nr1h3/Gckr/Pnpla2/Lpl/Ces1a/Ces1d/Ces1f/Npc1l1/Gpihbp1",9
"GO:0007568","aging","6/417","81/28943",0.00112715627059808,0.0197225637490432,0.0153342736339285,"Avpr1a/Cyp27b1/Mmp2/Comp/Edn1/Apod",6
"GO:0032892","positive regulation of organic acid transport","5/417","55/28943",0.00116682315145115,0.0203203352601776,0.0157990403873252,"Fxyd1/Avpr1a/Agt/Acsl6/Edn1",5
"GO:0034392","negative regulation of smooth muscle cell apoptotic process","3/417","15/28943",0.00118769300000687,0.0204904792337633,0.0159313271570031,"Igf1/Dipk2a/Edn1",3
"GO:0097084","vascular associated smooth muscle cell development","3/417","15/28943",0.00118769300000687,0.0204904792337633,0.0159313271570031,"Adm/Comp/Ramp2",3
"GO:0031214","biomineral tissue development","9/417","179/28943",0.00121207382287753,0.0207467124844407,0.0161305482537121,"Fgfr2/Stim1/Igf1/Cyp27b1/Comp/Clec3b/Aspn/Omd/Osr2",9
"GO:0071346","cellular response to interferon-gamma","7/417","112/28943",0.0012137838289922,0.0207467124844407,0.0161305482537121,"Gbp8/Gbp4/Gbp6/Gbp11/Irf8/Ccl6/Dapk1",7
"GO:0002438","acute inflammatory response to antigenic stimulus","4/417","33/28943",0.00124868655282741,0.0212449343458009,0.016517915253749,"Ephb6/Il20rb/Il31ra/C3",4
"GO:0003044","regulation of systemic arterial blood pressure mediated by a chemical signal","5/417","56/28943",0.00126627173167931,0.0213473754947946,0.0165975631448665,"Ren1/Agtr2/Avpr1a/Agt/Edn1",5
"GO:0048713","regulation of oligodendrocyte differentiation","5/417","56/28943",0.00126627173167931,0.0213473754947946,0.0165975631448665,"Slc45a3/Dusp15/Tenm4/Lingo1/Aspa",5
"GO:0098742","cell-cell adhesion via plasma-membrane adhesion molecules","10/417","217/28943",0.00127892017425691,0.0213798607459901,0.0166228203952543,"Cdh26/Cdh4/Ntng2/Flrt3/Cldn2/Ceacam1/Itgal/Tenm4/Kirrel3/Adipoq",10
"GO:0050810","regulation of steroid biosynthetic process","6/417","83/28943",0.00127978039676701,0.0213798607459901,0.0166228203952543,"Ppargc1a/Igf1/Cyp27b1/Ces1a/Ces1d/Ces1f",6
"GO:0035265","organ growth","10/417","218/28943",0.00132362649386499,0.0220127433123854,0.0171148859590793,"Agtr2/Col27a1/Tenm4/Fgfr2/Igf1/Comp/Agt/Dipk2a/Tbx2/Edn1",10
"GO:0050886","endocrine process","7/417","114/28943",0.00134531129631796,0.0222730462152731,0.0173172712063209,"Ren1/Agtr2/Avpr1a/Cyp27b1/Agt/Wnk4/Edn1",7
"GO:0006695","cholesterol biosynthetic process","5/417","57/28943",0.00137184271385642,0.0225104146647019,0.0175018249388841,"Hmgcs2/Ces1a/Ces1d/Ces1f/Npc1l1",5
"GO:1902653","secondary alcohol biosynthetic process","5/417","57/28943",0.00137184271385642,0.0225104146647019,0.0175018249388841,"Hmgcs2/Ces1a/Ces1d/Ces1f/Npc1l1",5
"GO:0050878","regulation of body fluid levels","14/417","381/28943",0.00138979787025586,0.0225589456750707,0.0175395577510173,"Nr1h3/Entpd2/Mertk/Oas2/Slc4a5/Ceacam1/Adm/Tbxa2r/Comp/Wnk4/Vtn/Edn1/Kng2/C3",14
"GO:0035929","steroid hormone secretion","4/417","34/28943",0.00139924121332373,0.0225589456750707,0.0175395577510173,"Ren1/Agtr2/Agt/Wnk4",4
"GO:0045922","negative regulation of fatty acid metabolic process","4/417","34/28943",0.00139924121332373,0.0225589456750707,0.0175395577510173,"Fmo1/Fmo2/Ceacam1/Apoc1",4
"GO:0055094","response to lipoprotein particle","4/417","34/28943",0.00139924121332373,0.0225589456750707,0.0175395577510173,"Lpl/Ces1a/Ces1d/Ces1f",4
"GO:0070857","regulation of bile acid biosynthetic process","3/417","16/28943",0.00144622525583668,0.0231145612318139,0.0179715482919417,"Ces1a/Ces1d/Ces1f",3
"GO:2001212","regulation of vasculogenesis","3/417","16/28943",0.00144622525583668,0.0231145612318139,0.0179715482919417,"Ceacam1/Adm/Ramp2",3
"GO:0140353","lipid export from cell","5/417","58/28943",0.00148376192022991,0.0235736485466385,0.0183284882210992,"Ren1/Agtr2/Agt/Wnk4/Edn1",5
"GO:1904659","glucose transmembrane transport","7/417","116/28943",0.00148771942344712,0.0235736485466385,0.0183284882210992,"Rnasel/Irs1/Upk3b/Igf1/Edn1/Adipoq/C3",7
"GO:1901888","regulation of cell junction assembly","10/417","222/28943",0.00151536218934383,0.0239090478763137,0.0185892608652299,"Ntng2/Flrt3/Negr1/Musk/Agt/Colq/Fam107a/Flrt2/Lrrc24/Apod",10
"GO:0010001","glial cell differentiation","11/417","261/28943",0.0015284851760247,0.0240134777441838,0.0186704549832894,"Slc45a3/Dusp15/Tenm4/Igf1/Agt/Lingo1/Rnf112/Vtn/Gfap/Aspa/Sh3tc2",11
"GO:0046475","glycerophospholipid catabolic process","4/417","35/28943",0.0015620066771285,0.0243515005284901,0.0189332673607779,"Prdx6/Pla2g5/Apoc1/Gdpd1",4
"GO:0008645","hexose transmembrane transport","7/417","117/28943",0.00156319220618964,0.0243515005284901,0.0189332673607779,"Rnasel/Irs1/Upk3b/Igf1/Edn1/Adipoq/C3",7
"GO:0007528","neuromuscular junction development","5/417","59/28943",0.00160225683471083,0.024855177452741,0.0193248756667688,"Lrp4/Musk/Fgfr2/Col4a1/Colq",5
"GO:0007612","learning","9/417","187/28943",0.00164012006789299,0.0253360807140625,0.0196987774725576,"Atp1a2/Gpr88/Atp8a1/Shank1/Agt/Ppp1r1b/Peg13/Chrd/Prkn",9
"GO:0003012","muscle system process","15/417","432/28943",0.00166032965276995,0.0255414044917777,0.0198584165048405,"Atp1a2/Lmod1/Agtr2/Trim63/Fxyd1/Igf1/Tbxa2r/Myom2/Npy1r/Comp/Agt/Trpv1/Cacna1g/Tbx2/Edn1",15
"GO:0010951","negative regulation of endopeptidase activity","9/417","188/28943",0.00170121215419999,0.025762272121193,0.0200301408663093,"Ifi207/Igf1/Agt/Vtn/Serpinb6c/Serpina3c/Serpina3f/Serpina3k/Kng2",9
"GO:0110148","biomineralization","9/417","188/28943",0.00170121215419999,0.025762272121193,0.0200301408663093,"Fgfr2/Stim1/Igf1/Cyp27b1/Comp/Clec3b/Aspn/Omd/Osr2",9
"GO:0030199","collagen fibril organization","5/417","60/28943",0.00172755643127951,0.025762272121193,0.0200301408663093,"Dpt/Col11a1/Lum/Comp/Col11a2",5
"GO:0055078","sodium ion homeostasis","5/417","60/28943",0.00172755643127951,0.025762272121193,0.0200301408663093,"Atp1a2/Agtr2/Avpr1a/Agt/Edn1",5
"GO:0006637","acyl-CoA metabolic process","6/417","88/28943",0.00173044919955399,0.025762272121193,0.0200301408663093,"Tdo2/Hmgcs2/Acsm3/Ces1d/Pipox/Acsl6",6
"GO:0032890","regulation of organic acid transport","6/417","88/28943",0.00173044919955399,0.025762272121193,0.0200301408663093,"Agtr2/Fxyd1/Avpr1a/Agt/Acsl6/Edn1",6
"GO:0035383","thioester metabolic process","6/417","88/28943",0.00173044919955399,0.025762272121193,0.0200301408663093,"Tdo2/Hmgcs2/Acsm3/Ces1d/Pipox/Acsl6",6
"GO:0051386","regulation of neurotrophin TRK receptor signaling pathway","3/417","17/28943",0.00173746202269217,0.025762272121193,0.0200301408663093,"Agtr2/Spry1/Agt",3
"GO:0090183","regulation of kidney development","4/417","36/28943",0.00173748801684102,0.025762272121193,0.0200301408663093,"Agtr2/Wnt2b/Agt/Adipoq",4
"GO:0015749","monosaccharide transmembrane transport","7/417","120/28943",0.00180761132030159,0.0266948039782139,0.0207551834545787,"Rnasel/Irs1/Upk3b/Igf1/Edn1/Adipoq/C3",7
"GO:0044106","cellular amine metabolic process","7/417","121/28943",0.00189534676589043,0.0277705994813913,0.0215916133847734,"Agtr2/Tdo2/Aoc1/Sult1a1/Gch1/Gdpd1/Prkn",7
"GO:0050731","positive regulation of peptidyl-tyrosine phosphorylation","9/417","191/28943",0.00189550137305271,0.0277705994813913,0.0215916133847734,"Angpt4/Lrp4/Musk/Igf1/Agt/Vtn/Ghr/Adipoq/Hcls1",9
"GO:0055001","muscle cell development","10/417","229/28943",0.00190482210772733,0.0277792302703765,0.0215983238145967,"Lmod1/Agtr2/Adm/Alpk3/Igf1/Myom2/Comp/Agt/Ramp2/Edn1",10
"GO:0060441","epithelial tube branching involved in lung morphogenesis","4/417","37/28943",0.00192618714767507,0.0277792302703765,0.0215983238145967,"Spry1/Wnt2b/Fgfr2/Tbx2",4
"GO:0071402","cellular response to lipoprotein particle stimulus","4/417","37/28943",0.00192618714767507,0.0277792302703765,0.0215983238145967,"Lpl/Ces1a/Ces1d/Ces1f",4
"GO:0071711","basement membrane organization","4/417","37/28943",0.00192618714767507,0.0277792302703765,0.0215983238145967,"Ntng2/Col4a1/Ramp2/Flrt2",4
"GO:0007249","I-kappaB kinase/NF-kappaB signaling","10/417","230/28943",0.00196651584907007,0.0282504922753568,0.0219647295532013,"Tlr8/Ror1/Saa3/Trim30d/Trim30b/S100b/Edar/Edn1/Adipoq/Prkn",10
"GO:0008643","carbohydrate transport","8/417","156/28943",0.0019776910917921,0.0282840016912219,0.0219907830905976,"Rnasel/Slc45a3/Irs1/Upk3b/Igf1/Edn1/Adipoq/C3",8
"GO:0051963","regulation of synapse assembly","7/417","122/28943",0.0019863465387356,0.0282840016912219,0.0219907830905976,"Ntng2/Flrt3/Negr1/Musk/Colq/Flrt2/Lrrc24",7
"GO:0031102","neuron projection regeneration","5/417","62/28943",0.00199949199388107,0.0282840016912219,0.0219907830905976,"Adm/Mmp2/Gfap/Rtn4r/Nrep",5
"GO:0046622","positive regulation of organ growth","5/417","62/28943",0.00199949199388107,0.0282840016912219,0.0219907830905976,"Fgfr2/Igf1/Agt/Tbx2/Edn1",5
"GO:0006956","complement activation","9/417","193/28943",0.00203459369217835,0.0283118246733945,0.0220124154314726,"Cd55/Cfi/C1s1/C1s2/Cfd/Colec11/C4b/C3/Cfb",9
"GO:0050766","positive regulation of phagocytosis","6/417","91/28943",0.00205322126146711,0.0283118246733945,0.0220124154314726,"Mertk/Pla2g5/Colec11/C4b/C3/Cfb",6
"GO:0022612","gland morphogenesis","8/417","157/28943",0.00205829991392583,0.0283118246733945,0.0220124154314726,"Ceacam1/Fgfr2/Igf1/Edar/Mmp2/Fgl1/Tbx2/Lims2",8
"GO:0001991","regulation of systemic arterial blood pressure by circulatory renin-angiotensin","3/417","18/28943",0.00206280629391743,0.0283118246733945,0.0220124154314726,"Ren1/Agtr2/Agt",3
"GO:0002524","hypersensitivity","3/417","18/28943",0.00206280629391743,0.0283118246733945,0.0220124154314726,"Ephb6/Il20rb/C3",3
"GO:0051004","regulation of lipoprotein lipase activity","3/417","18/28943",0.00206280629391743,0.0283118246733945,0.0220124154314726,"Nr1h3/Apoc1/Gpihbp1",3
"GO:0090205","positive regulation of cholesterol metabolic process","3/417","18/28943",0.00206280629391743,0.0283118246733945,0.0220124154314726,"Ces1a/Ces1d/Ces1f",3
"GO:1901570","fatty acid derivative biosynthetic process","3/417","18/28943",0.00206280629391743,0.0283118246733945,0.0220124154314726,"Hmgcs2/Ggt5/Acsl6",3
"GO:0050764","regulation of phagocytosis","7/417","123/28943",0.0020806916985296,0.0284515324110048,0.0221210380580516,"Mertk/Pla2g5/Colec11/Adipoq/C4b/C3/Cfb",7
"GO:0048545","response to steroid hormone","10/417","232/28943",0.00209474039086773,0.028473911096152,0.022138437463422,"Atp1a2/Nr1h3/Fibin/Agtr2/Adh1/Trim63/Sult1a1/Igf1/Fam107a/Peg13",10
"GO:0007416","synapse assembly","9/417","194/28943",0.00210712844515791,0.028473911096152,0.022138437463422,"Ntng2/Lrp4/Flrt3/Negr1/Musk/Colq/Kirrel3/Flrt2/Lrrc24",9
"GO:0050803","regulation of synapse structure or activity","11/417","272/28943",0.00211240617603239,0.028473911096152,0.022138437463422,"Itpka/Ntng2/Lrp4/Flrt3/Negr1/Musk/Ncan/Colq/Flrt2/Sybu/Lrrc24",11
"GO:0055090","acylglycerol homeostasis","4/417","38/28943",0.00212860223795719,0.028473911096152,0.022138437463422,"Nr1h3/Gckr/Lpl/Gpihbp1",4
"GO:0070328","triglyceride homeostasis","4/417","38/28943",0.00212860223795719,0.028473911096152,0.022138437463422,"Nr1h3/Gckr/Lpl/Gpihbp1",4
"GO:1903580","positive regulation of ATP metabolic process","4/417","38/28943",0.00212860223795719,0.028473911096152,0.022138437463422,"Ppargc1a/Igf1/Gpd1/Prkn",4
"GO:0010517","regulation of phospholipase activity","5/417","63/28943",0.00214659182760115,0.0285079749190771,0.0221649220517544,"Pla2g5/Adcyap1r1/Fgfr2/Agt/Ang3",5
"GO:0016126","sterol biosynthetic process","5/417","63/28943",0.00214659182760115,0.0285079749190771,0.0221649220517544,"Hmgcs2/Ces1a/Ces1d/Ces1f/Npc1l1",5
"GO:0061333","renal tubule morphogenesis","6/417","92/28943",0.00217030746095325,0.0287196241786359,0.0223294791398586,"Agtr2/Wnt2b/Col4a1/Agt/Wnk4/Hs3st3b1",6
"GO:0008360","regulation of cell shape","8/417","159/28943",0.0022272626161986,0.0293680484964473,0.0228336283999007,"Spta1/Strip2/Fes/Arap1/S100b/Itga7/Fgd4/Cdc42ep3",8
"GO:0009410","response to xenobiotic stimulus","12/417","317/28943",0.0023397141829231,0.0307041795756889,0.023872468980699,"Gsta3/Fmo1/Fmo2/Fmo3/Ren1/Cyp2f2/Sult1a1/Cyp27b1/Mmp2/Wnk4/Adipoq/Aldh1a1",12
"GO:0097254","renal tubular secretion","4/417","39/28943",0.00234522715068913,0.0307041795756889,0.023872468980699,"Agtr2/Avpr1a/Agt/Edn1",4
"GO:0006816","calcium ion transport","15/417","449/28943",0.00240229795961687,0.0312862133775345,0.0243249996808281,"Atp1a2/Adcyap1r1/Stim1/Cracr2b/Igf1/Cyp27b1/Grin3b/Agt/Stc2/Ramp2/Trpv1/Cacna1g/Edn1/Efhb/Pkd2l1",15
"GO:0072006","nephron development","8/417","161/28943",0.00240692875818927,0.0312862133775345,0.0243249996808281,"Agtr2/Wnt2b/Agt/Kirrel3/Wnk4/Hs3st3b1/Adipoq/Plce1",8
"GO:0043691","reverse cholesterol transport","3/417","19/28943",0.00242357990952732,0.0312862133775345,0.0243249996808281,"Ces1a/Ces1d/Ces1f",3
"GO:1904251","regulation of bile acid metabolic process","3/417","19/28943",0.00242357990952732,0.0312862133775345,0.0243249996808281,"Ces1a/Ces1d/Ces1f",3
"GO:0009308","amine metabolic process","7/417","127/28943",0.00249317358144352,0.0319611002176718,0.0248497235255719,"Agtr2/Tdo2/Aoc1/Sult1a1/Gch1/Gdpd1/Prkn",7
"GO:0034219","carbohydrate transmembrane transport","7/417","127/28943",0.00249317358144352,0.0319611002176718,0.0248497235255719,"Rnasel/Irs1/Upk3b/Igf1/Edn1/Adipoq/C3",7
"GO:0045685","regulation of glial cell differentiation","6/417","95/28943",0.00255188622896061,0.0326005673263756,0.0253469085644712,"Slc45a3/Dusp15/Tenm4/Lingo1/Rnf112/Aspa",6
"GO:0019432","triglyceride biosynthetic process","4/417","40/28943",0.0025765509151404,0.0328021585472358,0.0255036455375241,"Nr1h3/Lpl/Acsl6/C3",4
"GO:0043123","positive regulation of I-kappaB kinase/NF-kappaB signaling","7/417","128/28943",0.0026054874443444,0.0330565623523007,0.025701444242095,"Ror1/Trim30d/Trim30b/S100b/Edar/Adipoq/Prkn",7
"GO:0045088","regulation of innate immune response","10/417","240/28943",0.0026766492088661,0.0338431125997728,0.0263129862746138,"Ifi208/Ifi207/Ifi205/Tlr8/Cfi/Pla2g5/Oas1g/Ceacam1/Trim30d/C3",10
"GO:0045927","positive regulation of growth","12/417","324/28943",0.00279472984658962,0.0350933578579071,0.0272850507152057,"Foxs1/Cdh4/Musk/Fgfr2/Igf1/Avpr1a/Agt/Tbx2/Edn1/Ghr/C3/Prkn",12
"GO:0043116","negative regulation of vascular permeability","3/417","20/28943",0.00282102607643883,0.0350933578579071,0.0272850507152057,"Ceacam1/Adm/Ramp2",3
"GO:0071397","cellular response to cholesterol","3/417","20/28943",0.00282102607643883,0.0350933578579071,0.0272850507152057,"Ces1a/Ces1d/Ces1f",3
"GO:2000846","regulation of corticosteroid hormone secretion","3/417","20/28943",0.00282102607643883,0.0350933578579071,0.0272850507152057,"Ren1/Agtr2/Agt",3
"GO:0090181","regulation of cholesterol metabolic process","4/417","41/28943",0.00282305722746436,0.0350933578579071,0.0272850507152057,"Gnb3/Ces1a/Ces1d/Ces1f",4
"GO:0060047","heart contraction","10/417","242/28943",0.00284064819985384,0.035193534073357,0.0273629376227532,"Atp1a2/Agtr2/Adm/Fxyd1/Avpr1a/Agt/Gch1/Trpv1/Cacna1g/Edn1",10
"GO:0043434","response to peptide hormone","13/417","369/28943",0.00292098884264059,0.0360678622308664,0.0280427268927332,"Irs1/Rarres2/Ceacam1/Igf1/Cyp27b1/Lpl/Agt/Edn1/Serpina3c/Serpina3f/Serpina3k/Ghr/Adipoq",13
"GO:0071902","positive regulation of protein serine/threonine kinase activity","9/417","204/28943",0.00295186360286206,0.0363276014058891,0.0282446738421223,"Ceacam1/Igf1/Agt/Dipk2a/Edn1/Ghr/Fgd4/Adipoq/Fgd2",9
"GO:0010506","regulation of autophagy","11/417","285/28943",0.00302363825550787,0.0370872838516115,0.0288353261855917,"Rufy4/Depp1/Trim30d/Trim30b/Gfap/Dapk1/Nampt/Mapk15/Nrbp2/Prkn/Iigp1",11
"GO:0002831","regulation of response to biotic stimulus","13/417","371/28943",0.00305820044824992,0.0373870068044328,0.0290683604823197,"Cd55/Ifi208/Ifi207/Ifi205/Tlr8/Cfi/Pla2g5/Gbp4/Oas1g/Ceacam1/Trim30d/Dapk1/C3",13
"GO:0046324","regulation of glucose import","5/417","69/28943",0.00319976425730004,0.0388602948616833,0.0302138404766523,"Rnasel/Irs1/Upk3b/Igf1/Adipoq",5
"GO:0060425","lung morphogenesis","5/417","69/28943",0.00319976425730004,0.0388602948616833,0.0302138404766523,"Spry1/Wnt2b/Fgfr2/Igf1/Tbx2",5
"GO:0010766","negative regulation of sodium ion transport","3/417","21/28943",0.00325631182643711,0.0394173877482157,0.0306469796400138,"Hecw2/Atp1a2/Wnk4",3
"GO:0014910","regulation of smooth muscle cell migration","6/417","100/28943",0.00329693022340334,0.0397786483163567,0.030927859371245,"Ppargc1a/Igf1/Agt/Vtn/Adamts1/Adipoq",6
"GO:0046879","hormone secretion","13/417","375/28943",0.00334840262459292,0.0400584717052269,0.0311454217768585,"Ren1/Irs1/Agtr2/Adm/Ltbp4/Cyp27b1/Npy1r/Agt/Wnk4/Edn1/Sybu/Adipoq/Prkn",13
"GO:0045823","positive regulation of heart contraction","4/417","43/28943",0.00336352281381916,0.0400584717052269,0.0311454217768585,"Adm/Avpr1a/Gch1/Edn1",4
"GO:0045981","positive regulation of nucleotide metabolic process","4/417","43/28943",0.00336352281381916,0.0400584717052269,0.0311454217768585,"Ppargc1a/Igf1/Gpd1/Prkn",4
"GO:1900544","positive regulation of purine nucleotide metabolic process","4/417","43/28943",0.00336352281381916,0.0400584717052269,0.0311454217768585,"Ppargc1a/Igf1/Gpd1/Prkn",4
"GO:0032092","positive regulation of protein binding","6/417","101/28943",0.00346351862935383,0.0411167549182455,0.0319682359189301,"Spta1/Ephb6/Spon1/Ramp2/Vtn/Prkn",6
"GO:0071466","cellular response to xenobiotic stimulus","8/417","171/28943",0.00348215812165319,0.0412055377728961,0.0320372644998254,"Gsta3/Fmo1/Fmo2/Fmo3/Cyp2f2/Sult1a1/Wnk4/Adipoq",8
"GO:0014706","striated muscle tissue development","11/417","291/28943",0.00353931571248147,0.0417480946021776,0.0324591018931797,"Agtr2/Col11a1/Tenm4/Alpk3/Fgfr2/Igf1/Agt/Dipk2a/Tbx2/Edn1/Boc",11
"GO:0098657","import into cell","10/417","250/28943",0.00357867693182963,0.0420779465997293,0.03271556149212,"Atp1a2/Slc1a5/Slc7a2/Agt/Wnk4/Gfap/Acsl6/Trpv1/Mapk15/Prkn",10
"GO:0060986","endocrine hormone secretion","5/417","71/28943",0.00362143304322046,0.0422090058326672,0.0328174599149465,"Ren1/Agtr2/Cyp27b1/Agt/Wnk4",5
"GO:0046320","regulation of fatty acid oxidation","4/417","44/28943",0.00365841870705674,0.0422090058326672,0.0328174599149465,"Fmo1/Fmo2/Irs1/Ppargc1a",4
"GO:0046326","positive regulation of glucose import","4/417","44/28943",0.00365841870705674,0.0422090058326672,0.0328174599149465,"Rnasel/Irs1/Igf1/Adipoq",4
"GO:0046461","neutral lipid catabolic process","4/417","44/28943",0.00365841870705674,0.0422090058326672,0.0328174599149465,"Pnpla2/Lpl/Ces1d/Gpihbp1",4
"GO:0046464","acylglycerol catabolic process","4/417","44/28943",0.00365841870705674,0.0422090058326672,0.0328174599149465,"Pnpla2/Lpl/Ces1d/Gpihbp1",4
"GO:0085029","extracellular matrix assembly","4/417","44/28943",0.00365841870705674,0.0422090058326672,0.0328174599149465,"Ntng2/Ltbp4/Agt/Ramp2",4
"GO:0010743","regulation of macrophage derived foam cell differentiation","3/417","22/28943",0.00373053041323493,0.0427736592722464,0.0332564774007573,"Pla2g5/Lpl/Adipoq",3
"GO:0030852","regulation of granulocyte differentiation","3/417","22/28943",0.00373053041323493,0.0427736592722464,0.0332564774007573,"Ceacam1/Adipoq/Hcls1",3
"GO:0022604","regulation of cell morphogenesis","12/417","338/28943",0.00392043134017524,0.0447616789890191,0.0348021607467226,"Spta1/Itpka/Ntng2/Strip2/Fes/Arap1/S100b/Itga7/Fgd4/Prkn/Cdc42ep3/Lims2",12
"GO:0003298","physiological muscle hypertrophy","4/417","45/28943",0.00397036957568304,0.0447616789890191,0.0348021607467226,"Agtr2/Igf1/Agt/Edn1",4
"GO:0003301","physiological cardiac muscle hypertrophy","4/417","45/28943",0.00397036957568304,0.0447616789890191,0.0348021607467226,"Agtr2/Igf1/Agt/Edn1",4
"GO:0061049","cell growth involved in cardiac muscle cell development","4/417","45/28943",0.00397036957568304,0.0447616789890191,0.0348021607467226,"Agtr2/Igf1/Agt/Edn1",4
"GO:0009914","hormone transport","13/417","383/28943",0.00399604644709986,0.0447616789890191,0.0348021607467226,"Ren1/Irs1/Agtr2/Adm/Ltbp4/Cyp27b1/Npy1r/Agt/Wnk4/Edn1/Sybu/Adipoq/Prkn",13
"GO:0003015","heart process","10/417","254/28943",0.00400077956572276,0.0447616789890191,0.0348021607467226,"Atp1a2/Agtr2/Adm/Fxyd1/Avpr1a/Agt/Gch1/Trpv1/Cacna1g/Edn1",10
"GO:0043583","ear development","10/417","254/28943",0.00400077956572276,0.0447616789890191,0.0348021607467226,"Col11a1/Ror1/Myo7a/Fgfr2/Igf1/Tbx2/Edn1/Jag2/Osr2/H2-T23",10
"GO:0090288","negative regulation of cellular response to growth factor stimulus","6/417","104/28943",0.00400090846868264,0.0447616789890191,0.0348021607467226,"Agtr2/Spry1/Htra3/Cxcl13/Agt/Chrd",6
"GO:0045017","glycerolipid biosynthetic process","9/417","214/28943",0.00404393508801466,0.0451063696222058,0.035070157370062,"Itpka/Nr1h3/Pla2g5/Pnpla2/Lpl/Ang3/Acsl6/C3/Plce1",9
"GO:1900046","regulation of hemostasis","5/417","73/28943",0.0040815327176526,0.0453886108240163,0.0352895996228238,"Ceacam1/Tbxa2r/Comp/Vtn/Kng2",5
"GO:0034754","cellular hormone metabolic process","7/417","139/28943",0.0041140203437729,0.0455635699979293,0.0354256302059512,"Adh1/Ppargc1a/Adm/Sult1a1/Hsd17b1/Akr1c14/Aldh1a1",7
"GO:0001818","negative regulation of cytokine production","11/417","297/28943",0.0041231605205824,0.0455635699979293,0.0354256302059512,"Mertk/Tlr8/Gbp4/Oas1g/Ceacam1/Igf1/Il27ra/Il20rb/Mmp8/Adipoq/Apod",11
"GO:0010594","regulation of endothelial cell migration","8/417","176/28943",0.00414320216132268,0.0455635699979293,0.0354256302059512,"Angpt4/Cxcl13/Ceacam1/Igf1/Tbxa2r/Agt/Vash1/Smoc2",8
"GO:1901652","response to peptide","14/417","430/28943",0.00414663042234676,0.0455635699979293,0.0354256302059512,"Irs1/Rarres2/Ceacam1/Igf1/Cyp27b1/Lpl/Mmp2/Agt/Edn1/Serpina3c/Serpina3f/Serpina3k/Ghr/Adipoq",14
"GO:0019731","antibacterial humoral response","6/417","105/28943",0.00419303988741076,0.0459368049386366,0.0357158199999036,"Wfdc3/Adm/Lgals4/Ang3/Wfdc17/Wfdc21",6
"GO:0031643","positive regulation of myelination","3/417","23/28943",0.0042447036499567,0.0462284539104428,0.0359425767844493,"Tenm4/Igf1/S100b",3
"GO:0090190","positive regulation of branching involved in ureteric bud morphogenesis","3/417","23/28943",0.0042447036499567,0.0462284539104428,0.0359425767844493,"Agtr2/Wnt2b/Agt",3
"GO:0007596","blood coagulation","8/417","177/28943",0.00428628374143951,0.0465439987452785,0.036187912578655,"Entpd2/Mertk/Ceacam1/Tbxa2r/Comp/Vtn/Kng2/C3",8
"GO:0055023","positive regulation of cardiac muscle tissue growth","4/417","46/28943",0.00429982590828219,0.0465541268427503,0.0361957871643326,"Fgfr2/Igf1/Tbx2/Edn1",4
"GO:0014068","positive regulation of phosphatidylinositol 3-kinase signaling","5/417","74/28943",0.00432657702542633,0.046706790578579,0.0363144830665977,"Cat/Ror1/Igf1/Agt/Hcls1",5
"GO:0006821","chloride transport","6/417","107/28943",0.00459763560080555,0.0494882525894289,0.0384770670044399,"Clca3a1/Clca3a2/Ttyh1/Car7/Wnk4/Slc26a8",6
"GO:1903524","positive regulation of blood circulation","4/417","47/28943",0.00464723042052069,0.0498766706760534,0.0387790616791919,"Adm/Avpr1a/Gch1/Edn1",4
"GO:0007599","hemostasis","8/417","180/28943",0.00473842791000505,0.0505614908778573,0.0393115087027191,"Entpd2/Mertk/Ceacam1/Tbxa2r/Comp/Vtn/Kng2/C3",8
"GO:0050817","coagulation","8/417","180/28943",0.00473842791000505,0.0505614908778573,0.0393115087027191,"Entpd2/Mertk/Ceacam1/Tbxa2r/Comp/Vtn/Kng2/C3",8
"GO:0030258","lipid modification","9/417","221/28943",0.00497994148292956,0.0528331722844136,0.0410777387294281,"Fmo1/Fmo2/Irs1/Porcn/Ppargc1a/Plppr3/Agt/Adipoq/Apod",9
"GO:0043393","regulation of protein binding","9/417","221/28943",0.00497994148292956,0.0528331722844136,0.0410777387294281,"Spta1/Ephb6/Spon1/Ramp2/Vtn/Adipoq/Ppp1r2/Efhb/Prkn",9
"GO:0072676","lymphocyte migration","6/417","109/28943",0.00503026693463549,0.0532141705520752,0.0413739645023405,"Cxcl13/Itgal/Saa2/Il27ra/Ccl6/Apod",6
"GO:0070371","ERK1 and ERK2 cascade","12/417","350/28943",0.00515269793324442,0.0543536021986811,0.042259871470549,"Dusp15/Spry1/Pla2g5/Ceacam1/Fgfr2/Igf1/Agt/Wnk4/Ccl6/Edn1/Adipoq/C3",12
"GO:0050807","regulation of synapse organization","10/417","264/28943",0.00522934048806816,0.0545972360258099,0.0424492965280218,"Itpka/Ntng2/Lrp4/Flrt3/Negr1/Musk/Ncan/Colq/Flrt2/Lrrc24",10
"GO:0014074","response to purine-containing compound","6/417","110/28943",0.00525744309657967,0.0545972360258099,0.0424492965280218,"Ren1/Irs1/Cyp27b1/Trpv1/Gpd1/Adipoq",6
"GO:0033865","nucleoside bisphosphate metabolic process","6/417","110/28943",0.00525744309657967,0.0545972360258099,0.0424492965280218,"Tdo2/Hmgcs2/Acsm3/Ces1d/Pipox/Acsl6",6
"GO:0033875","ribonucleoside bisphosphate metabolic process","6/417","110/28943",0.00525744309657967,0.0545972360258099,0.0424492965280218,"Tdo2/Hmgcs2/Acsm3/Ces1d/Pipox/Acsl6",6
"GO:0034032","purine nucleoside bisphosphate metabolic process","6/417","110/28943",0.00525744309657967,0.0545972360258099,0.0424492965280218,"Tdo2/Hmgcs2/Acsm3/Ces1d/Pipox/Acsl6",6
"GO:0060562","epithelial tube morphogenesis","13/417","397/28943",0.0053708958851622,0.0545972360258099,0.0424492965280218,"Agtr2/Spry1/Wnt2b/Adm/Fgfr2/Igf1/Col4a1/Agt/Wnk4/Ccdc40/Hs3st3b1/Tbx2/Edn1",13
"GO:0045765","regulation of angiogenesis","11/417","308/28943",0.00539117868784328,0.0545972360258099,0.0424492965280218,"Angpt4/Ceacam1/Adm/Stim1/Tbxa2r/Agt/Ramp2/Vash1/Adamts1/C3/Smoc2",11
"GO:0007202","activation of phospholipase C activity","3/417","25/28943",0.00539665774101165,0.0545972360258099,0.0424492965280218,"Adcyap1r1/Agt/Ang3",3
"GO:0036315","cellular response to sterol","3/417","25/28943",0.00539665774101165,0.0545972360258099,0.0424492965280218,"Ces1a/Ces1d/Ces1f",3
"GO:0090189","regulation of branching involved in ureteric bud morphogenesis","3/417","25/28943",0.00539665774101165,0.0545972360258099,0.0424492965280218,"Agtr2/Wnt2b/Agt",3
"GO:0098869","cellular oxidant detoxification","3/417","25/28943",0.00539665774101165,0.0545972360258099,0.0424492965280218,"Prdx6/Cat/Gch1",3
"GO:0010677","negative regulation of cellular carbohydrate metabolic process","4/417","49/28943",0.00539761407080732,0.0545972360258099,0.0424492965280218,"Ppargc1a/Gckr/Adipoq/Prkn",4
"GO:0060421","positive regulation of heart growth","4/417","49/28943",0.00539761407080732,0.0545972360258099,0.0424492965280218,"Fgfr2/Igf1/Tbx2/Edn1",4
"GO:0061900","glial cell activation","4/417","49/28943",0.00539761407080732,0.0545972360258099,0.0424492965280218,"Agt/Mmp8/Trpv1/Nampt",4
"GO:0089718","amino acid import across plasma membrane","4/417","49/28943",0.00539761407080732,0.0545972360258099,0.0424492965280218,"Slc1a5/Slc7a2/Agt/Gfap",4
"GO:0014909","smooth muscle cell migration","6/417","111/28943",0.0054920446844512,0.0552496702315908,0.0429565634719588,"Ppargc1a/Igf1/Agt/Vtn/Adamts1/Adipoq",6
"GO:0061326","renal tubule development","6/417","111/28943",0.0054920446844512,0.0552496702315908,0.0429565634719588,"Agtr2/Wnt2b/Col4a1/Agt/Wnk4/Hs3st3b1",6
"GO:0034329","cell junction assembly","14/417","445/28943",0.0055720566898095,0.0559022643988497,0.0434639547857852,"Ntng2/Lrp4/Flrt3/Cldn2/Negr1/Musk/Agt/Colq/Fam107a/Kirrel3/Ramp2/Flrt2/Lrrc24/Apod",14
"GO:0030574","collagen catabolic process","4/417","50/28943",0.00580143698470037,0.0580458139499018,0.0451305624227012,"Mmp2/Mmp8/Mmp27/Mmp3",4
"GO:0002253","activation of immune response","14/417","448/28943",0.0058996114723084,0.0587739132209038,0.0456966588793421,"Cd55/Ifi208/Ifi207/Ifi205/Cfi/C1s1/C1s2/Trim30d/Cfd/Plscr2/Colec11/C4b/C3/Cfb",14
"GO:0030336","negative regulation of cell migration","11/417","312/28943",0.00592196525411057,0.0587739132209038,0.0456966588793421,"Angpt4/Arhgap4/Ppargc1a/Cxcl13/Tbxa2r/Il27ra/Vash1/Mapk15/Chrd/Adipoq/Apod",11
"GO:1901342","regulation of vasculature development","11/417","312/28943",0.00592196525411057,0.0587739132209038,0.0456966588793421,"Angpt4/Ceacam1/Adm/Stim1/Tbxa2r/Agt/Ramp2/Vash1/Adamts1/C3/Smoc2",11
"GO:0030004","cellular monovalent inorganic cation homeostasis","6/417","113/28943",0.00598407874878103,0.0588006550265862,0.0457174506065748,"Atp1a2/Agtr2/Slc4a5/Avpr1a/Agt/Car7",6
"GO:0003084","positive regulation of systemic arterial blood pressure","3/417","26/28943",0.00603614524785379,0.0588006550265862,0.0457174506065748,"Rarres2/Avpr1a/Agt",3
"GO:0006760","folic acid-containing compound metabolic process","3/417","26/28943",0.00603614524785379,0.0588006550265862,0.0457174506065748,"Folh1/Gch1/Pipox",3
"GO:0006883","cellular sodium ion homeostasis","3/417","26/28943",0.00603614524785379,0.0588006550265862,0.0457174506065748,"Atp1a2/Agtr2/Agt",3
"GO:0010742","macrophage derived foam cell differentiation","3/417","26/28943",0.00603614524785379,0.0588006550265862,0.0457174506065748,"Pla2g5/Lpl/Adipoq",3
"GO:0030449","regulation of complement activation","3/417","26/28943",0.00603614524785379,0.0588006550265862,0.0457174506065748,"Cd55/Cfi/C3",3
"GO:0070723","response to cholesterol","3/417","26/28943",0.00603614524785379,0.0588006550265862,0.0457174506065748,"Ces1a/Ces1d/Ces1f",3
"GO:0006805","xenobiotic metabolic process","6/417","114/28943",0.00624178805169564,0.0605862397007984,0.0471057409089574,"Gsta3/Fmo1/Fmo2/Fmo3/Cyp2f2/Sult1a1",6
"GO:0048738","cardiac muscle tissue development","10/417","271/28943",0.0062522636310954,0.0605862397007984,0.0471057409089574,"Agtr2/Col11a1/Tenm4/Alpk3/Fgfr2/Igf1/Agt/Dipk2a/Tbx2/Edn1",10
"GO:0002274","myeloid leukocyte activation","10/417","272/28943",0.00641027345762454,0.0619547895433241,0.0481697870458587,"Nr1h3/Ptgds/Pla2g5/Fes/Slc7a2/Plscr2/Mmp8/Wnk4/Trpv1/Nampt",10
"GO:0032102","negative regulation of response to external stimulus","13/417","407/28943",0.00656713813487804,0.0633051540312525,0.0492196940877076,"Ifi207/Nr1h3/Pla2g5/Oas1g/Cxcl13/Ceacam1/Igf1/Il20rb/Vtn/Ctla2a/Rtn4r/Kng2/Adipoq",13
"GO:0007188","adenylate cyclase-modulating G protein-coupled receptor signaling pathway","9/417","231/28943",0.00659899543781657,0.0634465915531739,0.0493296616198624,"Adcyap1r1/Adm/Tbxa2r/Vipr1/Ramp2/Adcy1/Edn1/Mc2r/Mc5r",9
"GO:0032409","regulation of transporter activity","11/417","317/28943",0.00664234879025595,0.063616764588531,0.0494619709850385,"Hecw2/Atp1a2/Kcnab1/Ppargc1a/Shank1/Fxyd1/Stim1/Wnk4/Edn1/Dapk1/Adipoq",11
"GO:0090207","regulation of triglyceride metabolic process","4/417","52/28943",0.00666838783742185,0.063616764588531,0.0494619709850385,"Nr1h3/Gnb3/Pnpla2/C3",4
"GO:1900047","negative regulation of hemostasis","4/417","52/28943",0.00666838783742185,0.063616764588531,0.0494619709850385,"Ceacam1/Comp/Vtn/Kng2",4
"GO:0071605","monocyte chemotactic protein-1 production","3/417","27/28943",0.00671900498808091,0.0637700936143823,0.0495811841496324,"Oas1g/Adipoq/Apod",3
"GO:0071637","regulation of monocyte chemotactic protein-1 production","3/417","27/28943",0.00671900498808091,0.0637700936143823,0.0495811841496324,"Oas1g/Adipoq/Apod",3
"GO:0090287","regulation of cellular response to growth factor stimulus","11/417","318/28943",0.00679432832764017,0.0643196415016603,0.0500084570836025,"Pmepa1/Agtr2/Spry1/Htra3/Cxcl13/Agt/Aspn/Chrd/Tmem204/Smoc2/Nrep",11
"GO:0035725","sodium ion transmembrane transport","7/417","153/28943",0.00689434541702698,0.0650995480298302,0.0506148336309936,"Hecw2/Atp1a2/Slc6a12/Fxyd1/Wnk4/Slc6a7/Pkd2l1",7
"GO:0032652","regulation of interleukin-1 production","6/417","117/28943",0.00706334011057868,0.0665251318577971,0.0517232236346618,"Ifi207/Ifi205/Tlr8/Ceacam1/Igf1/Lpl",6
"GO:0010959","regulation of metal ion transport","14/417","458/28943",0.00710466276884373,0.0665286583954085,0.0517259655141355,"Hecw2/Atp1a2/Kcnab1/Adcyap1r1/Fxyd1/Stim1/Cracr2b/Igf1/Grin3b/Agt/Stc2/Wnk4/Cacna1g/Efhb",14
"GO:0018108","peptidyl-tyrosine phosphorylation","11/417","320/28943",0.00710644606073441,0.0665286583954085,0.0517259655141355,"Angpt4/Lrp4/Musk/Fes/Fgfr2/Igf1/Agt/Vtn/Ghr/Adipoq/Hcls1",11
"GO:0050798","activated T cell proliferation","4/417","53/28943",0.00713230527309137,0.0665286583954085,0.0517259655141355,"Ephb6/Itgal/Igf1/Il27ra",4
"GO:0046434","organophosphate catabolic process","7/417","154/28943",0.00713579326234609,0.0665286583954085,0.0517259655141355,"Prdx6/Entpd2/Pla2g5/Apoc1/Entpd3/Gdpd1/Gpd1",7
"GO:0032103","positive regulation of response to external stimulus","14/417","459/28943",0.00723522582421587,0.0672857776901889,0.0523146250103054,"Ifi208/Ifi207/Ifi205/Tlr8/Pla2g5/Cxcl13/Rarres2/Trim30d/Lpl/Mmp8/Vtn/Edn1/C3/Smoc2",14
"GO:0031644","regulation of nervous system process","8/417","194/28943",0.00734948775627041,0.0675439574608893,0.0525153595243899,"Shank1/Tenm4/Igf1/Avpr1a/S100b/Agt/Edn1/Prkn",8
"GO:0051099","positive regulation of binding","8/417","194/28943",0.00734948775627041,0.0675439574608893,0.0525153595243899,"Spta1/Ephb6/Spon1/Igf1/Mmp8/Ramp2/Vtn/Prkn",8
"GO:0045913","positive regulation of carbohydrate metabolic process","5/417","84/28943",0.00738144630484625,0.0675439574608893,0.0525153595243899,"Slc45a3/Irs1/Adcyap1r1/Igf1/Gpd1",5
"GO:0006644","phospholipid metabolic process","12/417","367/28943",0.00740662653271367,0.0675439574608893,0.0525153595243899,"Prdx6/Itpka/Nr1h3/Hmgcs2/Pla2g5/Gnb3/Apoc1/Plppr3/Acsl6/Gdpd1/Abca8a/Aspg",12
"GO:0018212","peptidyl-tyrosine modification","11/417","322/28943",0.00742965706823983,0.0675439574608893,0.0525153595243899,"Angpt4/Lrp4/Musk/Fes/Fgfr2/Igf1/Agt/Vtn/Ghr/Adipoq/Hcls1",11
"GO:0003071","renal system process involved in regulation of systemic arterial blood pressure","3/417","28/28943",0.00744593463883584,0.0675439574608893,0.0525153595243899,"Ren1/Agtr2/Agt",3
"GO:0031670","cellular response to nutrient","3/417","28/28943",0.00744593463883584,0.0675439574608893,0.0525153595243899,"Fes/Cyp27b1/Lpl",3
"GO:0045822","negative regulation of heart contraction","3/417","28/28943",0.00744593463883584,0.0675439574608893,0.0525153595243899,"Atp1a2/Agtr2/Trpv1",3
"GO:0070293","renal absorption","3/417","28/28943",0.00744593463883584,0.0675439574608893,0.0525153595243899,"Wnk4/Edn1/Adipoq",3
"GO:0090077","foam cell differentiation","3/417","28/28943",0.00744593463883584,0.0675439574608893,0.0525153595243899,"Pla2g5/Lpl/Adipoq",3
"GO:0045912","negative regulation of carbohydrate metabolic process","4/417","54/28943",0.00761702785614761,0.0689266344237671,0.0535903894832676,"Ppargc1a/Gckr/Adipoq/Prkn",4
"GO:0048709","oligodendrocyte differentiation","6/417","119/28943",0.00765276657771469,0.0690807193274392,0.0537101903421129,"Slc45a3/Dusp15/Tenm4/Lingo1/Vtn/Aspa",6
"GO:0006809","nitric oxide biosynthetic process","5/417","85/28943",0.00775230481386149,0.0696387089361961,0.054144026706109,"Igf1/Slc7a2/Agt/Mmp8/Trpv1",5
"GO:0046323","glucose import","5/417","85/28943",0.00775230481386149,0.0696387089361961,0.054144026706109,"Rnasel/Irs1/Upk3b/Igf1/Adipoq",5
"GO:0032970","regulation of actin filament-based process","13/417","416/28943",0.00781653791908604,0.0700452864011303,0.0544601402793757,"Atp1a2/Spta1/Lmod1/Eln/Shank1/Fes/Arap1/Fxyd1/Fam107a/Edn1/Hcls1/Prkn/Cdc42ep3",13
"GO:2000146","negative regulation of cell motility","11/417","325/28943",0.00793584161549715,0.07081884376714,0.055061580359523,"Angpt4/Arhgap4/Ppargc1a/Cxcl13/Tbxa2r/Il27ra/Vash1/Mapk15/Chrd/Adipoq/Apod",11
"GO:0008306","associative learning","6/417","120/28943",0.00796040632810485,0.07081884376714,0.055061580359523,"Atp1a2/Shank1/Agt/Ppp1r1b/Peg13/Chrd",6
"GO:0072009","nephron epithelium development","6/417","120/28943",0.00796040632810485,0.07081884376714,0.055061580359523,"Agtr2/Wnt2b/Agt/Wnk4/Hs3st3b1/Adipoq",6
"GO:0002683","negative regulation of immune system process","14/417","465/28943",0.00805927431358789,0.0715186214539142,0.0556056568126886,"Cd55/Ifi207/Nr1h3/Mertk/Tsc22d3/Oas1g/Clec2g/Ceacam1/Igf1/Fgl1/Il27ra/Il20rb/Adipoq/Apod",14
"GO:0003151","outflow tract morphogenesis","5/417","86/28943",0.00813592118381473,0.0715186214539142,0.0556056568126886,"Eln/Fgfr2/Npy1r/Tbx2/Edn1",5
"GO:0014015","positive regulation of gliogenesis","5/417","86/28943",0.00813592118381473,0.0715186214539142,0.0556056568126886,"Tenm4/Igf1/Rnf112/Gfap/Aspa",5
"GO:0051384","response to glucocorticoid","5/417","86/28943",0.00813592118381473,0.0715186214539142,0.0556056568126886,"Fibin/Agtr2/Trim63/Sult1a1/Fam107a",5
"GO:0072078","nephron tubule morphogenesis","5/417","86/28943",0.00813592118381473,0.0715186214539142,0.0556056568126886,"Agtr2/Wnt2b/Agt/Wnk4/Hs3st3b1",5
"GO:0006699","bile acid biosynthetic process","3/417","29/28943",0.00821757328171839,0.0717240675085208,0.0557653909151327,"Ces1a/Ces1d/Ces1f",3
"GO:0032770","positive regulation of monooxygenase activity","3/417","29/28943",0.00821757328171839,0.0717240675085208,0.0557653909151327,"Agtr2/Cyp27b1/Gch1",3
"GO:2000831","regulation of steroid hormone secretion","3/417","29/28943",0.00821757328171839,0.0717240675085208,0.0557653909151327,"Ren1/Agtr2/Agt",3
"GO:0043405","regulation of MAP kinase activity","8/417","198/28943",0.00826390003025826,0.07178898567462,0.0558158647244936,"Spry1/Ceacam1/Agt/Edn1/Ghr/Fgd4/Adipoq/Fgd2",8
"GO:0098739","import across plasma membrane","8/417","198/28943",0.00826390003025826,0.07178898567462,0.0558158647244936,"Atp1a2/Slc1a5/Slc7a2/Agt/Wnk4/Gfap/Acsl6/Trpv1",8
"GO:0017038","protein import","2/417","10/28943",0.00863247763289704,0.0739285501279973,0.0574793739519441,"Gpihbp1/Chrd",2
"GO:0030853","negative regulation of granulocyte differentiation","2/417","10/28943",0.00863247763289704,0.0739285501279973,0.0574793739519441,"Ceacam1/Adipoq",2
"GO:0033131","regulation of glucokinase activity","2/417","10/28943",0.00863247763289704,0.0739285501279973,0.0574793739519441,"Gckr/Prkn",2
"GO:0110095","cellular detoxification of aldehyde","2/417","10/28943",0.00863247763289704,0.0739285501279973,0.0574793739519441,"Aldh1a1/Aldh1a7",2
"GO:0010463","mesenchymal cell proliferation","4/417","56/28943",0.00865036122841139,0.0739285501279973,0.0574793739519441,"Irs1/Fgfr2/Tbx2/Chrd",4
"GO:0010596","negative regulation of endothelial cell migration","4/417","56/28943",0.00865036122841139,0.0739285501279973,0.0574793739519441,"Angpt4/Cxcl13/Tbxa2r/Vash1",4
"GO:0045777","positive regulation of blood pressure","4/417","56/28943",0.00865036122841139,0.0739285501279973,0.0574793739519441,"Rarres2/Avpr1a/Tbxa2r/Agt",4
"GO:0043010","camera-type eye development","12/417","376/28943",0.00887945233883993,0.075124744141719,0.0584094136039424,"Mertk/Spry1/Slc4a5/Fgfr2/Kera/Cfd/Grk1/Col4a1/Tbx2/Osr2/C3/Aldh1a1",12
"GO:0032612","interleukin-1 production","6/417","123/28943",0.00893665186944861,0.075124744141719,0.0584094136039424,"Ifi207/Ifi205/Tlr8/Ceacam1/Igf1/Lpl",6
"GO:0072088","nephron epithelium morphogenesis","5/417","88/28943",0.00894226885125414,0.075124744141719,0.0584094136039424,"Agtr2/Wnt2b/Agt/Wnk4/Hs3st3b1",5
"GO:0006865","amino acid transport","7/417","161/28943",0.00900503166510364,0.075124744141719,0.0584094136039424,"Slc1a5/Avpr1a/Slc7a2/Agt/Gfap/Trpv1/Slc6a7",7
"GO:0001516","prostaglandin biosynthetic process","3/417","30/28943",0.00903450335832157,0.075124744141719,0.0584094136039424,"Ptgds/Avpr1a/Edn1",3
"GO:0034390","smooth muscle cell apoptotic process","3/417","30/28943",0.00903450335832157,0.075124744141719,0.0584094136039424,"Igf1/Dipk2a/Edn1",3
"GO:0034391","regulation of smooth muscle cell apoptotic process","3/417","30/28943",0.00903450335832157,0.075124744141719,0.0584094136039424,"Igf1/Dipk2a/Edn1",3
"GO:0042744","hydrogen peroxide catabolic process","3/417","30/28943",0.00903450335832157,0.075124744141719,0.0584094136039424,"Prdx6/Cat/Gpx3",3
"GO:0046339","diacylglycerol metabolic process","3/417","30/28943",0.00903450335832157,0.075124744141719,0.0584094136039424,"Pnpla2/Ang3/Plce1",3
"GO:0046457","prostanoid biosynthetic process","3/417","30/28943",0.00903450335832157,0.075124744141719,0.0584094136039424,"Ptgds/Avpr1a/Edn1",3
"GO:0071548","response to dexamethasone","3/417","30/28943",0.00903450335832157,0.075124744141719,0.0584094136039424,"Fibin/Agtr2/Trim63",3
"GO:1903523","negative regulation of blood circulation","3/417","30/28943",0.00903450335832157,0.075124744141719,0.0584094136039424,"Atp1a2/Agtr2/Trpv1",3
"GO:0044060","regulation of endocrine process","4/417","57/28943",0.00919968338045327,0.0758152478585569,0.058946279554737,"Ren1/Agtr2/Cyp27b1/Agt",4
"GO:0051055","negative regulation of lipid biosynthetic process","4/417","57/28943",0.00919968338045327,0.0758152478585569,0.058946279554737,"Ccdc3/Ceacam1/Apoc1/Cyp27b1",4
"GO:0051353","positive regulation of oxidoreductase activity","4/417","57/28943",0.00919968338045327,0.0758152478585569,0.058946279554737,"Agtr2/Cyp27b1/Gch1/Edn1",4
"GO:0061383","trabecula morphogenesis","4/417","57/28943",0.00919968338045327,0.0758152478585569,0.058946279554737,"Slc40a1/Cyp27b1/Mmp2/Adamts1",4
"GO:0031348","negative regulation of defense response","9/417","244/28943",0.00927458579297096,0.076262295651779,0.0592938587678626,"Ifi207/Nr1h3/Pla2g5/Oas1g/Ceacam1/Igf1/Il20rb/Ctla2a/Adipoq",9
"GO:0040014","regulation of multicellular organism growth","5/417","89/28943",0.00936541451874039,0.0768380231181989,0.0597414862984913,"Foxs1/Npy1r/Agt/Stc2/Ghr",5
"GO:0072593","reactive oxygen species metabolic process","9/417","245/28943",0.00950999614771039,0.0778512323222766,0.0605292554435902,"Prdx6/Cat/Agt/Gch1/Mmp8/Mmp3/Gpx3/Edn1/Prkn",9
"GO:0009395","phospholipid catabolic process","4/417","58/28943",0.00977123311824761,0.0790164305802468,0.0614351959264221,"Prdx6/Pla2g5/Apoc1/Gdpd1",4
"GO:0043030","regulation of macrophage activation","4/417","58/28943",0.00977123311824761,0.0790164305802468,0.0614351959264221,"Nr1h3/Pla2g5/Slc7a2/Mmp8",4
"GO:0045071","negative regulation of viral genome replication","4/417","58/28943",0.00977123311824761,0.0790164305802468,0.0614351959264221,"Rnasel/Ifi207/Oas1g/Oas2",4
"GO:0006112","energy reserve metabolic process","5/417","90/28943",0.00980214658877384,0.0790164305802468,0.0614351959264221,"Irs1/Phkg1/Igf1/S100b/Ppp1r2",5
"GO:0006835","dicarboxylic acid transport","5/417","90/28943",0.00980214658877384,0.0790164305802468,0.0614351959264221,"Slc1a5/Avpr1a/Gfap/Trpv1/Slc26a8",5
"GO:0033627","cell adhesion mediated by integrin","5/417","90/28943",0.00980214658877384,0.0790164305802468,0.0614351959264221,"Cxcl13/Itgal/Itga7/Itgbl1/Vtn",5
"GO:0072028","nephron morphogenesis","5/417","90/28943",0.00980214658877384,0.0790164305802468,0.0614351959264221,"Agtr2/Wnt2b/Agt/Wnk4/Hs3st3b1",5
"GO:0035455","response to interferon-alpha","3/417","31/28943",0.009897252575917,0.0790923301088432,0.0614942077341665,"Oas1g/Tgtp1/Ifit3",3
"GO:0036314","response to sterol","3/417","31/28943",0.009897252575917,0.0790923301088432,0.0614942077341665,"Ces1a/Ces1d/Ces1f",3
"GO:0042558","pteridine-containing compound metabolic process","3/417","31/28943",0.009897252575917,0.0790923301088432,0.0614942077341665,"Folh1/Gch1/Pipox",3
"GO:0051923","sulfation","3/417","31/28943",0.009897252575917,0.0790923301088432,0.0614942077341665,"Sult1a1/Sult5a1/Hs3st3b1",3
"GO:0014812","muscle cell migration","6/417","126/28943",0.00999568884238889,0.0795346620821116,0.0618381204019839,"Ppargc1a/Igf1/Agt/Vtn/Adamts1/Adipoq",6
"GO:0034440","lipid oxidation","6/417","126/28943",0.00999568884238889,0.0795346620821116,0.0618381204019839,"Fmo1/Fmo2/Irs1/Ppargc1a/Adipoq/Apod",6
"GO:0010632","regulation of epithelial cell migration","9/417","248/28943",0.0102433537889465,0.080051317067031,0.0622398191371938,"Irs1/Angpt4/Cxcl13/Ceacam1/Igf1/Tbxa2r/Agt/Vash1/Smoc2",9
"GO:0046209","nitric oxide metabolic process","5/417","91/28943",0.0102526655031521,0.080051317067031,0.0622398191371938,"Igf1/Slc7a2/Agt/Mmp8/Trpv1",5
"GO:0046683","response to organophosphorus","5/417","91/28943",0.0102526655031521,0.080051317067031,0.0622398191371938,"Ren1/Cyp27b1/Trpv1/Gpd1/Adipoq",5
"GO:0046888","negative regulation of hormone secretion","5/417","91/28943",0.0102526655031521,0.080051317067031,0.0622398191371938,"Irs1/Npy1r/Edn1/Adipoq/Prkn",5
"GO:0051048","negative regulation of secretion","8/417","206/28943",0.0103453322943359,0.080051317067031,0.0622398191371938,"Irs1/Nr1h3/Agtr2/Npy1r/Wnk4/Edn1/Adipoq/Prkn",8
"GO:0002218","activation of innate immune response","4/417","59/28943",0.010365340484323,0.080051317067031,0.0622398191371938,"Ifi208/Ifi207/Ifi205/Trim30d",4
"GO:0042743","hydrogen peroxide metabolic process","4/417","59/28943",0.010365340484323,0.080051317067031,0.0622398191371938,"Prdx6/Cat/Mmp3/Gpx3",4
"GO:1903793","positive regulation of anion transport","4/417","59/28943",0.010365340484323,0.080051317067031,0.0622398191371938,"Fxyd1/Avpr1a/Agt/Edn1",4
"GO:2000649","regulation of sodium ion transmembrane transporter activity","4/417","59/28943",0.010365340484323,0.080051317067031,0.0622398191371938,"Hecw2/Atp1a2/Fxyd1/Wnk4",4
"GO:0002118","aggressive behavior","2/417","11/28943",0.0104509032573968,0.080051317067031,0.0622398191371938,"Avpr1a/Kirrel3",2
"GO:0034370","triglyceride-rich lipoprotein particle remodeling","2/417","11/28943",0.0104509032573968,0.080051317067031,0.0622398191371938,"Lpl/Gpihbp1",2
"GO:0045924","regulation of female receptivity","2/417","11/28943",0.0104509032573968,0.080051317067031,0.0622398191371938,"Avpr1a/Ppp1r1b",2
"GO:0051006","positive regulation of lipoprotein lipase activity","2/417","11/28943",0.0104509032573968,0.080051317067031,0.0622398191371938,"Nr1h3/Gpihbp1",2
"GO:0070294","renal sodium ion absorption","2/417","11/28943",0.0104509032573968,0.080051317067031,0.0622398191371938,"Wnk4/Edn1",2
"GO:0071372","cellular response to follicle-stimulating hormone stimulus","2/417","11/28943",0.0104509032573968,0.080051317067031,0.0622398191371938,"Ppargc1a/Edn1",2
"GO:0071492","cellular response to UV-A","2/417","11/28943",0.0104509032573968,0.080051317067031,0.0622398191371938,"Mmp2/Mmp3",2
"GO:0097278","complement-dependent cytotoxicity","2/417","11/28943",0.0104509032573968,0.080051317067031,0.0622398191371938,"Cd55/C3",2
"GO:1903299","regulation of hexokinase activity","2/417","11/28943",0.0104509032573968,0.080051317067031,0.0622398191371938,"Gckr/Prkn",2
"GO:0032412","regulation of ion transmembrane transporter activity","10/417","293/28943",0.0105035502691738,0.0802880074405583,0.0624238456664203,"Hecw2/Atp1a2/Kcnab1/Ppargc1a/Shank1/Fxyd1/Stim1/Wnk4/Edn1/Dapk1",10
"GO:0032496","response to lipopolysaccharide","12/417","386/28943",0.0107737409917128,0.0812563013485764,0.0631766932136534,"Cd55/Nr1h3/Gbp6/Cxcl13/Adm/Trim30d/Cyp27b1/Tbxa2r/Irf8/Gch1/Plscr2/Wfdc21",12
"GO:0001945","lymph vessel development","3/417","32/28943",0.0108062957643963,0.0812563013485764,0.0631766932136534,"Svep1/Vash1/Tmem204",3
"GO:0010259","multicellular organism aging","3/417","32/28943",0.0108062957643963,0.0812563013485764,0.0631766932136534,"Avpr1a/Comp/Edn1",3
"GO:0019433","triglyceride catabolic process","3/417","32/28943",0.0108062957643963,0.0812563013485764,0.0631766932136534,"Pnpla2/Lpl/Gpihbp1",3
"GO:0048011","neurotrophin TRK receptor signaling pathway","3/417","32/28943",0.0108062957643963,0.0812563013485764,0.0631766932136534,"Agtr2/Spry1/Agt",3
"GO:0072574","hepatocyte proliferation","3/417","32/28943",0.0108062957643963,0.0812563013485764,0.0631766932136534,"Ceacam1/Fgl1/Lims2",3
"GO:0072575","epithelial cell proliferation involved in liver morphogenesis","3/417","32/28943",0.0108062957643963,0.0812563013485764,0.0631766932136534,"Ceacam1/Fgl1/Lims2",3
"GO:1904752","regulation of vascular associated smooth muscle cell migration","3/417","32/28943",0.0108062957643963,0.0812563013485764,0.0631766932136534,"Agt/Adamts1/Adipoq",3
"GO:0031641","regulation of myelination","4/417","60/28943",0.0109823250595404,0.0817678937026802,0.0635744557584561,"Tenm4/Igf1/S100b/Tg",4
"GO:0046717","acid secretion","4/417","60/28943",0.0109823250595404,0.0817678937026802,0.0635744557584561,"Ces1a/Ces1d/Ces1f/Trpv1",4
"GO:0051591","response to cAMP","4/417","60/28943",0.0109823250595404,0.0817678937026802,0.0635744557584561,"Ren1/Cyp27b1/Gpd1/Adipoq",4
"GO:0071715","icosanoid transport","4/417","60/28943",0.0109823250595404,0.0817678937026802,0.0635744557584561,"Agtr2/Pla2g5/Slco2b1/Edn1",4
"GO:0002449","lymphocyte mediated immunity","14/417","483/28943",0.0109850691431553,0.0817678937026802,0.0635744557584561,"Cd55/Cfi/C1s1/C1s2/Ephb6/Ceacam1/Gzmm/Il27ra/Il20rb/Il31ra/Csf2rb/C4b/C3/H2-T23",14
"GO:0034308","primary alcohol metabolic process","5/417","93/28943",0.0111958512201889,0.0830021741063,0.0645341075405942,"Adh1/Gdpd1/Akr1c14/Gpd1/Aldh1a1",5
"GO:2001057","reactive nitrogen species metabolic process","5/417","93/28943",0.0111958512201889,0.0830021741063,0.0645341075405942,"Igf1/Slc7a2/Agt/Mmp8/Trpv1",5
"GO:0051924","regulation of calcium ion transport","10/417","296/28943",0.0112212975834426,0.0830241095752911,0.0645511623458456,"Atp1a2/Adcyap1r1/Stim1/Cracr2b/Igf1/Grin3b/Agt/Stc2/Cacna1g/Efhb",10
"GO:0006909","phagocytosis","12/417","390/28943",0.0116133962454088,0.0856492110856385,0.0665921761505777,"Gulp1/Nr1h3/Mertk/Pla2g5/Itgal/Myo7a/Irf8/Colec11/Adipoq/C4b/C3/Cfb",12
"GO:0140115","export across plasma membrane","4/417","61/28943",0.0116224958705051,0.0856492110856385,0.0665921761505777,"Atp1a2/Slc40a1/Fxyd1/Slc22a18",4
"GO:0003081","regulation of systemic arterial blood pressure by renin-angiotensin","3/417","33/28943",0.0117620566855532,0.0863330283957501,0.0671238434268149,"Ren1/Agtr2/Agt",3
"GO:0060740","prostate gland epithelium morphogenesis","3/417","33/28943",0.0117620566855532,0.0863330283957501,0.0671238434268149,"Fgfr2/Igf1/Mmp2",3
"GO:0031960","response to corticosteroid","5/417","95/28943",0.0121965163445916,0.0888833233121392,0.0691066951793932,"Fibin/Agtr2/Trim63/Sult1a1/Fam107a",5
"GO:0051341","regulation of oxidoreductase activity","5/417","95/28943",0.0121965163445916,0.0888833233121392,0.0691066951793932,"Agtr2/Cyp27b1/Gch1/Edn1/Prkn",5
"GO:0055067","monovalent inorganic cation homeostasis","7/417","171/28943",0.0122661635631687,0.0888833233121392,0.0691066951793932,"Atp1a2/Agtr2/Slc4a5/Avpr1a/Agt/Car7/Edn1",7
"GO:0010676","positive regulation of cellular carbohydrate metabolic process","4/417","62/28943",0.0122861513102723,0.0888833233121392,0.0691066951793932,"Slc45a3/Irs1/Adcyap1r1/Igf1",4
"GO:0032731","positive regulation of interleukin-1 beta production","4/417","62/28943",0.0122861513102723,0.0888833233121392,0.0691066951793932,"Ifi207/Ifi205/Tlr8/Lpl",4
"GO:0001542","ovulation from ovarian follicle","2/417","12/28943",0.0124224796395081,0.0888833233121392,0.0691066951793932,"Agt/Adamts1",2
"GO:0010744","positive regulation of macrophage derived foam cell differentiation","2/417","12/28943",0.0124224796395081,0.0888833233121392,0.0691066951793932,"Pla2g5/Lpl",2
"GO:0014874","response to stimulus involved in regulation of muscle adaptation","2/417","12/28943",0.0124224796395081,0.0888833233121392,0.0691066951793932,"Trim63/Agt",2
"GO:0032354","response to follicle-stimulating hormone","2/417","12/28943",0.0124224796395081,0.0888833233121392,0.0691066951793932,"Ppargc1a/Edn1",2
"GO:0060525","prostate glandular acinus development","2/417","12/28943",0.0124224796395081,0.0888833233121392,0.0691066951793932,"Fgfr2/Igf1",2
"GO:0061365","positive regulation of triglyceride lipase activity","2/417","12/28943",0.0124224796395081,0.0888833233121392,0.0691066951793932,"Nr1h3/Gpihbp1",2
"GO:0071305","cellular response to vitamin D","2/417","12/28943",0.0124224796395081,0.0888833233121392,0.0691066951793932,"Fes/Cyp27b1",2
"GO:1903911","positive regulation of receptor clustering","2/417","12/28943",0.0124224796395081,0.0888833233121392,0.0691066951793932,"Lrp4/Musk",2
"GO:0032651","regulation of interleukin-1 beta production","5/417","96/28943",0.0127188728222877,0.0903028441962501,0.0702103712502634,"Ifi207/Ifi205/Tlr8/Igf1/Lpl",5
"GO:0002053","positive regulation of mesenchymal cell proliferation","3/417","34/28943",0.0127649097957689,0.0903028441962501,0.0702103712502634,"Irs1/Fgfr2/Chrd",3
"GO:0010863","positive regulation of phospholipase C activity","3/417","34/28943",0.0127649097957689,0.0903028441962501,0.0702103712502634,"Adcyap1r1/Agt/Ang3",3
"GO:0060512","prostate gland morphogenesis","3/417","34/28943",0.0127649097957689,0.0903028441962501,0.0702103712502634,"Fgfr2/Igf1/Mmp2",3
"GO:0072576","liver morphogenesis","3/417","34/28943",0.0127649097957689,0.0903028441962501,0.0702103712502634,"Ceacam1/Fgl1/Lims2",3
"GO:0061448","connective tissue development","10/417","302/28943",0.0127676285672921,0.0903028441962501,0.0702103712502634,"Col11a1/Col27a1/Ppargc1a/Igf1/Fgl1/Comp/Edn1/Ogn/Osr2/Col11a2",10
"GO:0033559","unsaturated fatty acid metabolic process","6/417","133/28943",0.0128085189329193,0.0904188372855411,0.0703005557614389,"Ptgds/Cyp2f2/Avpr1a/Ces2g/Edn1/Akr1c14",6
"GO:0006584","catecholamine metabolic process","4/417","63/28943",0.0129735790718093,0.0905452815370889,0.0703988660408398,"Agtr2/Sult1a1/Gch1/Prkn",4
"GO:0009712","catechol-containing compound metabolic process","4/417","63/28943",0.0129735790718093,0.0905452815370889,0.0703988660408398,"Agtr2/Sult1a1/Gch1/Prkn",4
"GO:0015807","L-amino acid transport","4/417","63/28943",0.0129735790718093,0.0905452815370889,0.0703988660408398,"Slc1a5/Nat3/Slc7a2/Agt",4
"GO:0046173","polyol biosynthetic process","4/417","63/28943",0.0129735790718093,0.0905452815370889,0.0703988660408398,"Itpka/Adcyap1r1/Cyp27b1/Gch1",4
"GO:0050435","amyloid-beta metabolic process","4/417","63/28943",0.0129735790718093,0.0905452815370889,0.0703988660408398,"Nat8f3/Spon1/Igf1/Slc2a13",4
"GO:0070098","chemokine-mediated signaling pathway","4/417","63/28943",0.0129735790718093,0.0905452815370889,0.0703988660408398,"Cxcl13/Gpr75/Ccl6/Edn1",4
"GO:0022898","regulation of transmembrane transporter activity","10/417","303/28943",0.0130401985126638,0.0908385149221787,0.0706268547051324,"Hecw2/Atp1a2/Kcnab1/Ppargc1a/Shank1/Fxyd1/Stim1/Wnk4/Edn1/Dapk1",10
"GO:0060537","muscle tissue development","14/417","494/28943",0.0131454418097619,0.0913024939829245,0.0709875979618621,"Agtr2/Col11a1/Ppargc1a/Eln/Tenm4/Alpk3/Fgfr2/Igf1/S100b/Agt/Dipk2a/Tbx2/Edn1/Boc",14
"GO:0052547","regulation of peptidase activity","13/417","445/28943",0.0131562640300422,0.0913024939829245,0.0709875979618621,"Pi15/Ifi207/Wfdc3/Col28a1/Igf1/Agt/Vtn/Dapk1/Serpinb6c/Serpina3c/Serpina3f/Serpina3k/Kng2",13
"GO:0014911","positive regulation of smooth muscle cell migration","4/417","64/28943",0.013685056093695,0.0945746765816372,0.0735317166670824,"Igf1/Agt/Vtn/Adamts1",4
"GO:0019748","secondary metabolic process","4/417","64/28943",0.013685056093695,0.0945746765816372,0.0735317166670824,"Gsta3/Fmo1/Fmo2/Akr1c14",4
"GO:0014013","regulation of gliogenesis","6/417","135/28943",0.0137046186270791,0.0945746765816372,0.0735317166670824,"Tenm4/Igf1/Lingo1/Rnf112/Gfap/Aspa",6
"GO:0003333","amino acid transmembrane transport","5/417","98/28943",0.0138085435059109,0.0948060442526362,0.0737116048004045,"Slc1a5/Slc7a2/Agt/Gfap/Slc6a7",5
"GO:0002063","chondrocyte development","3/417","35/28943",0.0138151819631415,0.0948060442526362,0.0737116048004045,"Col11a1/Col27a1/Comp",3
"GO:0006084","acetyl-CoA metabolic process","3/417","35/28943",0.0138151819631415,0.0948060442526362,0.0737116048004045,"Tdo2/Hmgcs2/Pipox",3
"GO:0048705","skeletal system morphogenesis","9/417","261/28943",0.0139219262456766,0.0953613204063786,0.0741433314558347,"Ripply1/Col11a1/Col27a1/Fgfr2/Cyp27b1/Mmp2/Comp/Osr2/Col11a2",9
"GO:0009582","detection of abiotic stimulus","6/417","136/28943",0.0141686881502994,0.0968718456498249,0.0753177633252758,"Gpr88/Col11a1/Igf1/Grk1/Trpv1/Pkd2l1",6
"GO:0046883","regulation of hormone secretion","10/417","308/28943",0.0144691467918124,0.0986546838232422,0.0767039182260311,"Ren1/Irs1/Agtr2/Cyp27b1/Npy1r/Agt/Edn1/Sybu/Adipoq/Prkn",10
"GO:0014029","neural crest formation","2/417","13/28943",0.0145424379897755,0.0986546838232422,0.0767039182260311,"Edn1/Chrd",2
"GO:0019370","leukotriene biosynthetic process","2/417","13/28943",0.0145424379897755,0.0986546838232422,0.0767039182260311,"Pla2g5/Ggt5",2
"GO:0098532","histone H3-K27 trimethylation","2/417","13/28943",0.0145424379897755,0.0986546838232422,0.0767039182260311,"H1f2/H1f3",2
"GO:0006606","protein import into nucleus","7/417","177/28943",0.0145897771851274,0.0986546838232422,0.0767039182260311,"Agtr2/Txnip/Gbp4/Gckr/Agt/Apod/Hcls1",7
"GO:1903531","negative regulation of secretion by cell","7/417","177/28943",0.0145897771851274,0.0986546838232422,0.0767039182260311,"Irs1/Nr1h3/Agtr2/Npy1r/Edn1/Adipoq/Prkn",7
"GO:0009581","detection of external stimulus","6/417","137/28943",0.0146435964893893,0.0988375836175968,0.0768461226336279,"Gpr88/Col11a1/Igf1/Grk1/Trpv1/Pkd2l1",6
"GO:0001702","gastrulation with mouth forming second","3/417","36/28943",0.0149131541400779,0.0997452266035642,0.0775518141494895,"Nat8f3/Tenm4/Chrd",3
"GO:0003401","axis elongation","3/417","36/28943",0.0149131541400779,0.0997452266035642,0.0775518141494895,"Spry1/Nat8f3/Fgfr2",3
"GO:0032369","negative regulation of lipid transport","3/417","36/28943",0.0149131541400779,0.0997452266035642,0.0775518141494895,"Nr1h3/Agtr2/Apoc1",3
"GO:0043537","negative regulation of blood vessel endothelial cell migration","3/417","36/28943",0.0149131541400779,0.0997452266035642,0.0775518141494895,"Angpt4/Tbxa2r/Vash1",3
"GO:0048009","insulin-like growth factor receptor signaling pathway","3/417","36/28943",0.0149131541400779,0.0997452266035642,0.0775518141494895,"Irs1/Igf1/Ghr",3
"GO:0010563","negative regulation of phosphorus metabolic process","13/417","453/28943",0.0150356143140808,0.10008755970818,0.0778179777967178,"Pmepa1/Spry1/Gbp4/Ppargc1a/Gckr/Ceacam1/Apoc1/Igf1/Agt/Ppp1r1b/Wnk4/Adipoq/Prkn",13
"GO:0045936","negative regulation of phosphate metabolic process","13/417","453/28943",0.0150356143140808,0.10008755970818,0.0778179777967178,"Pmepa1/Spry1/Gbp4/Ppargc1a/Gckr/Ceacam1/Apoc1/Igf1/Agt/Ppp1r1b/Wnk4/Adipoq/Prkn",13
"GO:0008277","regulation of G protein-coupled receptor signaling pathway","6/417","138/28943",0.0151294611907455,0.10008755970818,0.0778179777967178,"Adm/Grk1/Ramp2/Edn1/C3/Plce1",6
"GO:0032835","glomerulus development","4/417","66/28943",0.0151812116567121,0.10008755970818,0.0778179777967178,"Agtr2/Kirrel3/Adipoq/Plce1",4
"GO:0045776","negative regulation of blood pressure","4/417","66/28943",0.0151812116567121,0.10008755970818,0.0778179777967178,"Agtr2/Gch1/Trpv1/Adipoq",4
"GO:0060038","cardiac muscle cell proliferation","4/417","66/28943",0.0151812116567121,0.10008755970818,0.0778179777967178,"Tenm4/Fgfr2/Dipk2a/Tbx2",4
"GO:0060688","regulation of morphogenesis of a branching structure","4/417","66/28943",0.0151812116567121,0.10008755970818,0.0778179777967178,"Agtr2/Wnt2b/Fgfr2/Agt",4
"GO:0072678","T cell migration","4/417","66/28943",0.0151812116567121,0.10008755970818,0.0778179777967178,"Cxcl13/Itgal/Il27ra/Apod",4
"GO:0048839","inner ear development","8/417","221/28943",0.0152602176429595,0.100429097215341,0.0780835228677182,"Col11a1/Ror1/Myo7a/Fgfr2/Igf1/Tbx2/Jag2/H2-T23",8
"GO:0032147","activation of protein kinase activity","5/417","101/28943",0.0155580719244437,0.102025580008963,0.0793247866466447,"Igf1/Agt/Ang3/Wnk4/Ghr",5
"GO:0048525","negative regulation of viral process","5/417","101/28943",0.0155580719244437,0.102025580008963,0.0793247866466447,"Rnasel/Ifi207/Oas1g/Oas2/Trim30d",5
"GO:0002237","response to molecule of bacterial origin","12/417","407/28943",0.0157561268843541,0.103141171023112,0.0801921575469084,"Cd55/Nr1h3/Gbp6/Cxcl13/Adm/Trim30d/Cyp27b1/Tbxa2r/Irf8/Gch1/Plscr2/Wfdc21",12
"GO:0001658","branching involved in ureteric bud morphogenesis","4/417","67/28943",0.015966389975671,0.103835482605519,0.0807319841093831,"Agtr2/Wnt2b/Agt/Hs3st3b1",4
"GO:0040013","negative regulation of locomotion","11/417","360/28943",0.016030309699766,0.103835482605519,0.0807319841093831,"Angpt4/Arhgap4/Ppargc1a/Cxcl13/Tbxa2r/Il27ra/Vash1/Mapk15/Chrd/Adipoq/Apod",11
"GO:0051098","regulation of binding","12/417","408/28943",0.0160306291000683,0.103835482605519,0.0807319841093831,"Ifi207/Spta1/Ephb6/Spon1/Igf1/Mmp8/Ramp2/Vtn/Adipoq/Ppp1r2/Efhb/Prkn",12
"GO:0035640","exploration behavior","3/417","37/28943",0.0160590629923487,0.103835482605519,0.0807319841093831,"Atp1a2/Agtr2/Chrd",3
"GO:1902003","regulation of amyloid-beta formation","3/417","37/28943",0.0160590629923487,0.103835482605519,0.0807319841093831,"Spon1/Igf1/Slc2a13",3
"GO:1904738","vascular associated smooth muscle cell migration","3/417","37/28943",0.0160590629923487,0.103835482605519,0.0807319841093831,"Agt/Adamts1/Adipoq",3
"GO:2000191","regulation of fatty acid transport","3/417","37/28943",0.0160590629923487,0.103835482605519,0.0807319841093831,"Agtr2/Acsl6/Edn1",3
"GO:1905039","carboxylic acid transmembrane transport","6/417","140/28943",0.0161345226829308,0.104141010044372,0.0809695313882082,"Slc1a5/Slc7a2/Agt/Gfap/Acsl6/Slc6a7",6
"GO:0032611","interleukin-1 beta production","5/417","102/28943",0.0161725969730723,0.104204586430337,0.0810189619648538,"Ifi207/Ifi205/Tlr8/Igf1/Lpl",5
"GO:0050730","regulation of peptidyl-tyrosine phosphorylation","9/417","268/28943",0.0162672519292712,0.104458207041179,0.0812161517366982,"Angpt4/Lrp4/Musk/Igf1/Agt/Vtn/Ghr/Adipoq/Hcls1",9
"GO:0051170","import into nucleus","7/417","181/28943",0.0163034120421034,0.104458207041179,0.0812161517366982,"Agtr2/Txnip/Gbp4/Gckr/Agt/Apod/Hcls1",7
"GO:0001558","regulation of cell growth","13/417","459/28943",0.01657484860692,0.104458207041179,0.0812161517366982,"Cdh4/Ptch2/Osgin2/Ceacam1/Igf1/Avpr1a/Cyp27b1/Agt/Fam107a/Edn1/Csf2rb/Rtn4r/Prkn",13
"GO:1903825","organic acid transmembrane transport","6/417","141/28943",0.0166539472700765,0.104458207041179,0.0812161517366982,"Slc1a5/Slc7a2/Agt/Gfap/Acsl6/Slc6a7",6
"GO:0045766","positive regulation of angiogenesis","7/417","182/28943",0.0167531649392513,0.104458207041179,0.0812161517366982,"Angpt4/Adm/Stim1/Tbxa2r/Ramp2/C3/Smoc2",7
"GO:1904018","positive regulation of vasculature development","7/417","182/28943",0.0167531649392513,0.104458207041179,0.0812161517366982,"Angpt4/Adm/Stim1/Tbxa2r/Ramp2/C3/Smoc2",7
"GO:0003096","renal sodium ion transport","2/417","14/28943",0.016806114567297,0.104458207041179,0.0812161517366982,"Wnk4/Edn1",2
"GO:0010459","negative regulation of heart rate","2/417","14/28943",0.016806114567297,0.104458207041179,0.0812161517366982,"Agtr2/Trpv1",2
"GO:0010642","negative regulation of platelet-derived growth factor receptor signaling pathway","2/417","14/28943",0.016806114567297,0.104458207041179,0.0812161517366982,"Adipoq/Apod",2
"GO:0014848","urinary tract smooth muscle contraction","2/417","14/28943",0.016806114567297,0.104458207041179,0.0812161517366982,"Trpv1/Tbx2",2
"GO:0045906","negative regulation of vasoconstriction","2/417","14/28943",0.016806114567297,0.104458207041179,0.0812161517366982,"Adm/Mmp2",2
"GO:0046886","positive regulation of hormone biosynthetic process","2/417","14/28943",0.016806114567297,0.104458207041179,0.0812161517366982,"Ppargc1a/Igf1",2
"GO:0060180","female mating behavior","2/417","14/28943",0.016806114567297,0.104458207041179,0.0812161517366982,"Avpr1a/Ppp1r1b",2
"GO:0060346","bone trabecula formation","2/417","14/28943",0.016806114567297,0.104458207041179,0.0812161517366982,"Cyp27b1/Mmp2",2
"GO:0060670","branching involved in labyrinthine layer morphogenesis","2/417","14/28943",0.016806114567297,0.104458207041179,0.0812161517366982,"Adm/Fgfr2",2
"GO:0060736","prostate gland growth","2/417","14/28943",0.016806114567297,0.104458207041179,0.0812161517366982,"Fgfr2/Igf1",2
"GO:0070831","basement membrane assembly","2/417","14/28943",0.016806114567297,0.104458207041179,0.0812161517366982,"Ntng2/Ramp2",2
"GO:0072224","metanephric glomerulus development","2/417","14/28943",0.016806114567297,0.104458207041179,0.0812161517366982,"Agtr2/Adipoq",2
"GO:0072683","T cell extravasation","2/417","14/28943",0.016806114567297,0.104458207041179,0.0812161517366982,"Itgal/Il27ra",2
"GO:1903961","positive regulation of anion transmembrane transport","2/417","14/28943",0.016806114567297,0.104458207041179,0.0812161517366982,"Fxyd1/Agt",2
"GO:2000402","negative regulation of lymphocyte migration","2/417","14/28943",0.016806114567297,0.104458207041179,0.0812161517366982,"Il27ra/Apod",2
"GO:0042063","gliogenesis","11/417","363/28943",0.0169378849282109,0.104923944890864,0.0815782624500729,"Slc45a3/Dusp15/Tenm4/Igf1/Agt/Lingo1/Rnf112/Vtn/Gfap/Aspa/Sh3tc2",11
"GO:0045860","positive regulation of protein kinase activity","11/417","363/28943",0.0169378849282109,0.104923944890864,0.0815782624500729,"Ceacam1/Igf1/Agt/Ang3/Dipk2a/Wnk4/Edn1/Ghr/Fgd4/Adipoq/Fgd2",11
"GO:0045089","positive regulation of innate immune response","6/417","142/28943",0.0171847837384807,0.105987444886472,0.082405132635402,"Ifi208/Ifi207/Ifi205/Tlr8/Pla2g5/Trim30d",6
"GO:0051224","negative regulation of protein transport","6/417","142/28943",0.0171847837384807,0.105987444886472,0.082405132635402,"Irs1/Nr1h3/Gbp4/Adipoq/Apod/Prkn",6
"GO:0010737","protein kinase A signaling","3/417","38/28943",0.0172531024855822,0.105987444886472,0.082405132635402,"Tcp11x2/Edn1/Adipoq",3
"GO:0034381","plasma lipoprotein particle clearance","3/417","38/28943",0.0172531024855822,0.105987444886472,0.082405132635402,"Apoc1/Gpihbp1/Adipoq",3
"GO:1900274","regulation of phospholipase C activity","3/417","38/28943",0.0172531024855822,0.105987444886472,0.082405132635402,"Adcyap1r1/Agt/Ang3",3
"GO:0055013","cardiac muscle cell development","5/417","104/28943",0.0174496414412566,0.107016737875613,0.0832054069073381,"Agtr2/Alpk3/Igf1/Agt/Edn1",5
"GO:0050994","regulation of lipid catabolic process","4/417","69/28943",0.0176121157150505,0.107834048457656,0.08384086506929,"Irs1/Rarres2/Apoc1/Pnpla2",4
"GO:0071674","mononuclear cell migration","7/417","184/28943",0.0176788593456945,0.108063491232292,0.0840192565976105,"Cxcl13/Rarres2/Itgal/Saa2/Il27ra/Ccl6/Apod",7
"GO:1904062","regulation of cation transmembrane transport","12/417","414/28943",0.0177542614198935,0.108345013491317,0.0842381398730747,"Hecw2/Atp1a2/Kcnab1/Ppargc1a/Adcyap1r1/Shank1/Fxyd1/Stim1/Agt/Wnk4/Edn1/Dapk1",12
"GO:0051962","positive regulation of nervous system development","11/417","366/28943",0.0178833308635452,0.108952570211566,0.0847105146167932,"Itpka/Cdh4/Flrt3/Musk/Tenm4/Igf1/Rnf112/Gfap/Aspa/Flrt2/Lrrc24",11
"GO:0034599","cellular response to oxidative stress","9/417","273/28943",0.0181113452260734,0.10998560007888,0.0855136943077797,"Cat/Ppargc1a/Mmp2/Gch1/Mmp3/Rnf112/Edn1/Dapk1/Prkn",9
"GO:0072080","nephron tubule development","5/417","105/28943",0.0181124715189489,0.10998560007888,0.0855136943077797,"Agtr2/Wnt2b/Agt/Wnk4/Hs3st3b1",5
"GO:0008544","epidermis development","11/417","367/28943",0.0182070492557901,0.110197419430126,0.0856783836420008,"Lrp4/Txnip/Ptch2/Svep1/Myo7a/Fgfr2/Cyp27b1/Edar/Trpv1/Jag2/Krt90",11
"GO:0050727","regulation of inflammatory response","11/417","367/28943",0.0182070492557901,0.110197419430126,0.0856783836420008,"Nr1h3/Pla2g5/Igf1/Lpl/Slc7a2/Agt/Il20rb/Mmp8/Ctla2a/Adipoq/C3",11
"GO:0042471","ear morphogenesis","6/417","144/28943",0.0182811308243165,0.110464705406508,0.0858861982219158,"Col11a1/Myo7a/Fgfr2/Tbx2/Edn1/Osr2",6
"GO:0034504","protein localization to nucleus","10/417","320/28943",0.0183729836203954,0.110838326023692,0.0861766878789441,"Irs1/Agtr2/Txnip/Gbp4/Gckr/Dcp1b/Chchd10/Agt/Apod/Hcls1",10
"GO:0045600","positive regulation of fat cell differentiation","4/417","70/28943",0.0184730977767964,0.1108986617755,0.086223598865766,"Ccdc3/Rarres2/Igf1/Lpl",4
"GO:0050885","neuromuscular process controlling balance","4/417","70/28943",0.0184730977767964,0.1108986617755,0.086223598865766,"Foxs1/Gpr88/Shank1/Myo7a",4
"GO:1902305","regulation of sodium ion transmembrane transport","4/417","70/28943",0.0184730977767964,0.1108986617755,0.086223598865766,"Hecw2/Atp1a2/Fxyd1/Wnk4",4
"GO:0032956","regulation of actin cytoskeleton organization","11/417","368/28943",0.0185351072556473,0.111090285694561,0.0863725862716168,"Spta1/Lmod1/Eln/Shank1/Fes/Arap1/Fam107a/Edn1/Hcls1/Prkn/Cdc42ep3",11
"GO:0032680","regulation of tumor necrosis factor production","7/417","186/28943",0.01864000874119,0.111537945336261,0.0867206411963235,"Oas1g/Oas2/Igf1/Lpl/Il27ra/Mmp8/Adipoq",7
"GO:0051260","protein homooligomerization","7/417","187/28943",0.019134077377902,0.111860312985302,0.0869712817217647,"Tdo2/Slc1a5/Ikzf4/Comp/Rnf112/Trpv1/Pkd2l1",7
"GO:0009134","nucleoside diphosphate catabolic process","2/417","15/28943",0.0192089486545724,0.111860312985302,0.0869712817217647,"Entpd2/Entpd3",2
"GO:0010889","regulation of sequestering of triglyceride","2/417","15/28943",0.0192089486545724,0.111860312985302,0.0869712817217647,"Pnpla2/Lpl",2
"GO:0019732","antifungal humoral response","2/417","15/28943",0.0192089486545724,0.111860312985302,0.0869712817217647,"Rarres2/Ang3",2
"GO:0030157","pancreatic juice secretion","2/417","15/28943",0.0192089486545724,0.111860312985302,0.0869712817217647,"Nr1h3/Wnk4",2
"GO:0033280","response to vitamin D","2/417","15/28943",0.0192089486545724,0.111860312985302,0.0869712817217647,"Fes/Cyp27b1",2
"GO:0034638","phosphatidylcholine catabolic process","2/417","15/28943",0.0192089486545724,0.111860312985302,0.0869712817217647,"Pla2g5/Apoc1",2
"GO:0036376","sodium ion export across plasma membrane","2/417","15/28943",0.0192089486545724,0.111860312985302,0.0869712817217647,"Atp1a2/Fxyd1",2
"GO:0042976","activation of Janus kinase activity","2/417","15/28943",0.0192089486545724,0.111860312985302,0.0869712817217647,"Agt/Ghr",2
"GO:0046459","short-chain fatty acid metabolic process","2/417","15/28943",0.0192089486545724,0.111860312985302,0.0869712817217647,"Ces1d/Ces1f",2
"GO:0051782","negative regulation of cell division","2/417","15/28943",0.0192089486545724,0.111860312985302,0.0869712817217647,"Txnip/Susd2",2
"GO:0060442","branching involved in prostate gland morphogenesis","2/417","15/28943",0.0192089486545724,0.111860312985302,0.0869712817217647,"Fgfr2/Igf1",2
"GO:0060700","regulation of ribonuclease activity","2/417","15/28943",0.0192089486545724,0.111860312985302,0.0869712817217647,"Oas1g/Oas2",2
"GO:0070141","response to UV-A","2/417","15/28943",0.0192089486545724,0.111860312985302,0.0869712817217647,"Mmp2/Mmp3",2
"GO:0071468","cellular response to acidic pH","2/417","15/28943",0.0192089486545724,0.111860312985302,0.0869712817217647,"Trpv1/Pkd2l1",2
"GO:0110096","cellular response to aldehyde","2/417","15/28943",0.0192089486545724,0.111860312985302,0.0869712817217647,"Aldh1a1/Aldh1a7",2
"GO:2000650","negative regulation of sodium ion transmembrane transporter activity","2/417","15/28943",0.0192089486545724,0.111860312985302,0.0869712817217647,"Hecw2/Atp1a2",2
"GO:0030193","regulation of blood coagulation","4/417","71/28943",0.0193597643280546,0.112418489331449,0.0874052632738953,"Ceacam1/Tbxa2r/Vtn/Kng2",4
"GO:1904950","negative regulation of establishment of protein localization","6/417","146/28943",0.0194244246419109,0.112418489331449,0.0874052632738953,"Irs1/Nr1h3/Gbp4/Adipoq/Apod/Prkn",6
"GO:0003300","cardiac muscle hypertrophy","5/417","107/28943",0.0194874954420713,0.112418489331449,0.0874052632738953,"Agtr2/Trim63/Igf1/Agt/Edn1",5
"GO:0032479","regulation of type I interferon production","5/417","107/28943",0.0194874954420713,0.112418489331449,0.0874052632738953,"Tlr8/Gbp4/Oas1g/Oas2/Irf8",5
"GO:0060993","kidney morphogenesis","5/417","107/28943",0.0194874954420713,0.112418489331449,0.0874052632738953,"Agtr2/Wnt2b/Agt/Wnk4/Hs3st3b1",5
"GO:0070167","regulation of biomineral tissue development","5/417","107/28943",0.0194874954420713,0.112418489331449,0.0874052632738953,"Cyp27b1/Comp/Aspn/Omd/Osr2",5
"GO:0051047","positive regulation of secretion","12/417","420/28943",0.0196135881629196,0.112969372070982,0.0878335740541617,"Irs1/Agtr2/Igf1/Avpr1a/Cyp27b1/Agt/Ang3/Trpv1/Cacna1g/Edn1/Sybu/Prkn",12
"GO:0010803","regulation of tumor necrosis factor-mediated signaling pathway","3/417","40/28943",0.0197861449854283,0.113256507420467,0.0880568215018571,"Ccdc3/Adipoq/Prkn",3
"GO:0032232","negative regulation of actin filament bundle assembly","3/417","40/28943",0.0197861449854283,0.113256507420467,0.0880568215018571,"Shank1/Arap1/Prkn",3
"GO:0042398","cellular modified amino acid biosynthetic process","3/417","40/28943",0.0197861449854283,0.113256507420467,0.0880568215018571,"Bbox1/Ggt5/Gch1",3
"GO:1905332","positive regulation of morphogenesis of an epithelium","3/417","40/28943",0.0197861449854283,0.113256507420467,0.0880568215018571,"Agtr2/Wnt2b/Agt",3
"GO:0048608","reproductive structure development","10/417","324/28943",0.0198320682261983,0.113343646890285,0.0881245723526849,"Ren1/Sycp2/Mertk/Sohlh1/Fgfr2/Igf1/Mmp2/Agt/Adamts1/C3",10
"GO:0050728","negative regulation of inflammatory response","6/417","147/28943",0.0200139382363748,0.114206275067536,0.0887952648996892,"Nr1h3/Pla2g5/Igf1/Il20rb/Ctla2a/Adipoq",6
"GO:0060560","developmental growth involved in morphogenesis","9/417","278/28943",0.0201031138528397,0.114361627649745,0.0889160513773319,"Cdh4/Flrt3/Spry1/Nat8f3/Fgfr2/Tbx2/Edn1/Rtn4r/Prkn",9
"GO:0071375","cellular response to peptide hormone stimulus","9/417","278/28943",0.0201031138528397,0.114361627649745,0.0889160513773319,"Irs1/Rarres2/Ceacam1/Igf1/Lpl/Agt/Edn1/Ghr/Adipoq",9
"GO:1903555","regulation of tumor necrosis factor superfamily cytokine production","7/417","189/28943",0.0201495918818624,0.114449681888979,0.0889845134604678,"Oas1g/Oas2/Igf1/Lpl/Il27ra/Mmp8/Adipoq",7
"GO:0048678","response to axon injury","4/417","72/28943",0.0202723056260252,0.11496981931073,0.0893889197868393,"Flrt3/Mmp2/Rtn4r/Nrep",4
"GO:0002456","T cell mediated immunity","6/417","148/28943",0.0206154990646324,0.116736844396661,0.0907627800278538,"Cd55/Ephb6/Gzmm/Il20rb/Il31ra/H2-T23",6
"GO:0000302","response to reactive oxygen species","7/417","190/28943",0.0206711908955142,0.116872950668053,0.0908686025180419,"Prdx6/Cat/Mmp2/Gch1/Rnf112/Edn1/Apod",7
"GO:0043542","endothelial cell migration","8/417","234/28943",0.0207304840728846,0.117028971249373,0.090989908364327,"Angpt4/Cxcl13/Ceacam1/Igf1/Tbxa2r/Agt/Vash1/Smoc2",8
"GO:0060349","bone morphogenesis","5/417","109/28943",0.0209292898800197,0.117407266973677,0.0912840329124753,"Ripply1/Col27a1/Fgfr2/Comp/Osr2",5
"GO:0110149","regulation of biomineralization","5/417","109/28943",0.0209292898800197,0.117407266973677,0.0912840329124753,"Cyp27b1/Comp/Aspn/Omd/Osr2",5
"GO:0001654","eye development","12/417","424/28943",0.0209314726349812,0.117407266973677,0.0912840329124753,"Mertk/Spry1/Slc4a5/Fgfr2/Kera/Cfd/Grk1/Col4a1/Tbx2/Osr2/C3/Aldh1a1",12
"GO:0001504","neurotransmitter uptake","3/417","41/28943",0.0211253361242149,0.117407266973677,0.0912840329124753,"Atp1a2/Gfap/Prkn",3
"GO:0001709","cell fate determination","3/417","41/28943",0.0211253361242149,0.117407266973677,0.0912840329124753,"Ptch2/Tbx2/Jag2",3
"GO:0006636","unsaturated fatty acid biosynthetic process","3/417","41/28943",0.0211253361242149,0.117407266973677,0.0912840329124753,"Ptgds/Avpr1a/Edn1",3
"GO:0010613","positive regulation of cardiac muscle hypertrophy","3/417","41/28943",0.0211253361242149,0.117407266973677,0.0912840329124753,"Igf1/Agt/Edn1",3
"GO:0038179","neurotrophin signaling pathway","3/417","41/28943",0.0211253361242149,0.117407266973677,0.0912840329124753,"Agtr2/Spry1/Agt",3
"GO:0043122","regulation of I-kappaB kinase/NF-kappaB signaling","7/417","191/28943",0.0212021183602377,0.117407266973677,0.0912840329124753,"Ror1/Trim30d/Trim30b/S100b/Edar/Adipoq/Prkn",7
"GO:0045428","regulation of nitric oxide biosynthetic process","4/417","73/28943",0.0212109011569454,0.117407266973677,0.0912840329124753,"Igf1/Agt/Mmp8/Trpv1",4
"GO:1905330","regulation of morphogenesis of an epithelium","4/417","73/28943",0.0212109011569454,0.117407266973677,0.0912840329124753,"Agtr2/Wnt2b/Agt/Tbx2",4
"GO:1990868","response to chemokine","4/417","73/28943",0.0212109011569454,0.117407266973677,0.0912840329124753,"Cxcl13/Gpr75/Ccl6/Edn1",4
"GO:1990869","cellular response to chemokine","4/417","73/28943",0.0212109011569454,0.117407266973677,0.0912840329124753,"Cxcl13/Gpr75/Ccl6/Edn1",4
"GO:0009150","purine ribonucleotide metabolic process","12/417","425/28943",0.021270986099269,0.117563593830092,0.091405576887341,"Atp1a2/Tdo2/Hmgcs2/Ppargc1a/Acsm3/Igf1/Ces1d/Pipox/Acsl6/Adcy1/Gpd1/Prkn",12
"GO:0061458","reproductive system development","10/417","328/28943",0.021374246268062,0.11789721917703,0.0916649702616639,"Ren1/Sycp2/Mertk/Sohlh1/Fgfr2/Igf1/Mmp2/Agt/Adamts1/C3",10
"GO:0001503","ossification","12/417","426/28943",0.0216145707222486,0.11789721917703,0.0916649702616639,"Lrp4/Gdpd2/Fgfr2/Igf1/Cyp27b1/Mmp2/Comp/Clec3b/Aspn/Omd/Osr2/Chrd",12
"GO:0042102","positive regulation of T cell proliferation","5/417","110/28943",0.0216755682982788,0.11789721917703,0.0916649702616639,"Cd55/Spta1/Itgal/Igf1/Il27ra",5
"GO:0055006","cardiac cell development","5/417","110/28943",0.0216755682982788,0.11789721917703,0.0916649702616639,"Agtr2/Alpk3/Igf1/Agt/Edn1",5
"GO:0002883","regulation of hypersensitivity","2/417","16/28943",0.0217464805686775,0.11789721917703,0.0916649702616639,"Il20rb/C3",2
"GO:0006000","fructose metabolic process","2/417","16/28943",0.0217464805686775,0.11789721917703,0.0916649702616639,"Aldh1a1/Aldh1a7",2
"GO:0030322","stabilization of membrane potential","2/417","16/28943",0.0217464805686775,0.11789721917703,0.0916649702616639,"Chchd10/Kcnk7",2
"GO:0042048","olfactory behavior","2/417","16/28943",0.0217464805686775,0.11789721917703,0.0916649702616639,"Shank1/Peg13",2
"GO:0042416","dopamine biosynthetic process","2/417","16/28943",0.0217464805686775,0.11789721917703,0.0916649702616639,"Agtr2/Gch1",2
"GO:0045717","negative regulation of fatty acid biosynthetic process","2/417","16/28943",0.0217464805686775,0.11789721917703,0.0916649702616639,"Ceacam1/Apoc1",2
"GO:0071371","cellular response to gonadotropin stimulus","2/417","16/28943",0.0217464805686775,0.11789721917703,0.0916649702616639,"Ppargc1a/Edn1",2
"GO:0090494","dopamine uptake","2/417","16/28943",0.0217464805686775,0.11789721917703,0.0916649702616639,"Mapk15/Prkn",2
"GO:1902306","negative regulation of sodium ion transmembrane transport","2/417","16/28943",0.0217464805686775,0.11789721917703,0.0916649702616639,"Hecw2/Atp1a2",2
"GO:0045598","regulation of fat cell differentiation","6/417","150/28943",0.0218551601337038,0.11831268506398,0.0919879945741786,"Ccdc3/Rarres2/Gnb3/Igf1/Lpl/Adipoq",6
"GO:0150063","visual system development","12/417","427/28943",0.021962253460842,0.118718359849822,0.0923034063153519,"Mertk/Spry1/Slc4a5/Fgfr2/Kera/Cfd/Grk1/Col4a1/Tbx2/Osr2/C3/Aldh1a1",12
"GO:0042098","T cell proliferation","8/417","237/28943",0.0221679588667929,0.119174318855796,0.0926579139874994,"Cd55/Spta1/Ephb6/Ceacam1/Itgal/Igf1/Il27ra/Il20rb",8
"GO:0010633","negative regulation of epithelial cell migration","4/417","74/28943",0.0221757196787464,0.119174318855796,0.0926579139874994,"Angpt4/Cxcl13/Tbxa2r/Vash1",4
"GO:0032732","positive regulation of interleukin-1 production","4/417","74/28943",0.0221757196787464,0.119174318855796,0.0926579139874994,"Ifi207/Ifi205/Tlr8/Lpl",4
"GO:0060675","ureteric bud morphogenesis","4/417","74/28943",0.0221757196787464,0.119174318855796,0.0926579139874994,"Agtr2/Wnt2b/Agt/Hs3st3b1",4
"GO:0003007","heart morphogenesis","9/417","283/28943",0.0222485275052729,0.119251266599341,0.0927177407813201,"Col11a1/Eln/Fgfr2/Npy1r/Ccdc40/Tbx2/Edn1/Flrt2/Adamts1",9
"GO:0032640","tumor necrosis factor production","7/417","193/28943",0.022292254955358,0.119251266599341,0.0927177407813201,"Oas1g/Oas2/Igf1/Lpl/Il27ra/Mmp8/Adipoq",7
"GO:0014897","striated muscle hypertrophy","5/417","111/28943",0.022438942053648,0.119251266599341,0.0927177407813201,"Agtr2/Trim63/Igf1/Agt/Edn1",5
"GO:1903900","regulation of viral life cycle","6/417","151/28943",0.0224934547043618,0.119251266599341,0.0927177407813201,"Rnasel/Ifi207/Oas1g/Oas2/Trim30d/Trim30b",6
"GO:0001774","microglial cell activation","3/417","42/28943",0.0225130370584346,0.119251266599341,0.0927177407813201,"Mmp8/Trpv1/Nampt",3
"GO:0010092","specification of animal organ identity","3/417","42/28943",0.0225130370584346,0.119251266599341,0.0927177407813201,"Spry1/Wnt2b/Fgfr2",3
"GO:0010464","regulation of mesenchymal cell proliferation","3/417","42/28943",0.0225130370584346,0.119251266599341,0.0927177407813201,"Irs1/Fgfr2/Chrd",3
"GO:0014742","positive regulation of muscle hypertrophy","3/417","42/28943",0.0225130370584346,0.119251266599341,0.0927177407813201,"Igf1/Agt/Edn1",3
"GO:0040018","positive regulation of multicellular organism growth","3/417","42/28943",0.0225130370584346,0.119251266599341,0.0927177407813201,"Foxs1/Agt/Ghr",3
"GO:0110110","positive regulation of animal organ morphogenesis","3/417","42/28943",0.0225130370584346,0.119251266599341,0.0927177407813201,"Spry1/Wnt2b/Edn1",3
"GO:0050905","neuromuscular process","7/417","194/28943",0.022851609877249,0.120871265998285,0.0939772886974181,"Foxs1/Gpr88/Shank1/Myo7a/Comp/Gch1/Prkn",7
"GO:0006334","nucleosome assembly","4/417","75/28943",0.0231669192711605,0.121840834685363,0.0947311273840975,"H4c14/H2bc18/H1f2/H1f3",4
"GO:0010611","regulation of cardiac muscle hypertrophy","4/417","75/28943",0.0231669192711605,0.121840834685363,0.0947311273840975,"Trim63/Igf1/Agt/Edn1",4
"GO:0050818","regulation of coagulation","4/417","75/28943",0.0231669192711605,0.121840834685363,0.0947311273840975,"Ceacam1/Tbxa2r/Vtn/Kng2",4
"GO:1903578","regulation of ATP metabolic process","4/417","75/28943",0.0231669192711605,0.121840834685363,0.0947311273840975,"Ppargc1a/Igf1/Gpd1/Prkn",4
"GO:0032606","type I interferon production","5/417","112/28943",0.0232195369910497,0.121943855719709,0.0948112261354985,"Tlr8/Gbp4/Oas1g/Oas2/Irf8",5
"GO:0048880","sensory system development","12/417","431/28943",0.0233945013955966,0.122688209023498,0.0953899600864112,"Mertk/Spry1/Slc4a5/Fgfr2/Kera/Cfd/Grk1/Col4a1/Tbx2/Osr2/C3/Aldh1a1",12
"GO:0007189","adenylate cyclase-activating G protein-coupled receptor signaling pathway","6/417","153/28943",0.0238074438762401,0.124327971203394,0.0966648735449781,"Adm/Tbxa2r/Ramp2/Adcy1/Mc2r/Mc5r",6
"GO:0002021","response to dietary excess","3/417","43/28943",0.0239492506267807,0.124327971203394,0.0966648735449781,"Ppargc1a/Wnk4/Trpv1",3
"GO:0008206","bile acid metabolic process","3/417","43/28943",0.0239492506267807,0.124327971203394,0.0966648735449781,"Ces1a/Ces1d/Ces1f",3
"GO:1901568","fatty acid derivative metabolic process","3/417","43/28943",0.0239492506267807,0.124327971203394,0.0966648735449781,"Hmgcs2/Ggt5/Acsl6",3
"GO:0048732","gland development","13/417","483/28943",0.0239525909240106,0.124327971203394,0.0966648735449781,"Irs1/Ugt1a8/Oas2/Ceacam1/Fgfr2/Igf1/Edar/Mmp2/Fgl1/Ccdc40/Tbx2/Edn1/Lims2",13
"GO:0072521","purine-containing compound metabolic process","13/417","483/28943",0.0239525909240106,0.124327971203394,0.0966648735449781,"Atp1a2/Tdo2/Hmgcs2/Ppargc1a/Gckr/Acsm3/Igf1/Ces1d/Pipox/Acsl6/Adcy1/Gpd1/Prkn",13
"GO:0042129","regulation of T cell proliferation","7/417","196/28943",0.0239992501624129,0.124327971203394,0.0966648735449781,"Cd55/Spta1/Ceacam1/Itgal/Igf1/Il27ra/Il20rb",7
"GO:0071706","tumor necrosis factor superfamily cytokine production","7/417","196/28943",0.0239992501624129,0.124327971203394,0.0966648735449781,"Oas1g/Oas2/Igf1/Lpl/Il27ra/Mmp8/Adipoq",7
"GO:0014896","muscle hypertrophy","5/417","113/28943",0.0240174748726363,0.124327971203394,0.0966648735449781,"Agtr2/Trim63/Igf1/Agt/Edn1",5
"GO:0046847","filopodium assembly","4/417","76/28943",0.0241846473929181,0.124327971203394,0.0966648735449781,"Arap1/Ttyh1/Fgd4/Fgd2",4
"GO:0001845","phagolysosome assembly","2/417","17/28943",0.0244143497081422,0.124327971203394,0.0966648735449781,"Pla2g5/Myo7a",2
"GO:0033194","response to hydroperoxide","2/417","17/28943",0.0244143497081422,0.124327971203394,0.0966648735449781,"Rnf112/Dapk1",2
"GO:0034698","response to gonadotropin","2/417","17/28943",0.0244143497081422,0.124327971203394,0.0966648735449781,"Ppargc1a/Edn1",2
"GO:0042756","drinking behavior","2/417","17/28943",0.0244143497081422,0.124327971203394,0.0966648735449781,"Ren1/Agt",2
"GO:0045725","positive regulation of glycogen biosynthetic process","2/417","17/28943",0.0244143497081422,0.124327971203394,0.0966648735449781,"Irs1/Igf1",2
"GO:0051895","negative regulation of focal adhesion assembly","2/417","17/28943",0.0244143497081422,0.124327971203394,0.0966648735449781,"Fam107a/Apod",2
"GO:0061051","positive regulation of cell growth involved in cardiac muscle cell development","2/417","17/28943",0.0244143497081422,0.124327971203394,0.0966648735449781,"Igf1/Edn1",2
"GO:0071295","cellular response to vitamin","2/417","17/28943",0.0244143497081422,0.124327971203394,0.0966648735449781,"Fes/Cyp27b1",2
"GO:0090493","catecholamine uptake","2/417","17/28943",0.0244143497081422,0.124327971203394,0.0966648735449781,"Mapk15/Prkn",2
"GO:0150118","negative regulation of cell-substrate junction organization","2/417","17/28943",0.0244143497081422,0.124327971203394,0.0966648735449781,"Fam107a/Apod",2
"GO:2001171","positive regulation of ATP biosynthetic process","2/417","17/28943",0.0244143497081422,0.124327971203394,0.0966648735449781,"Ppargc1a/Prkn",2
"GO:0016052","carbohydrate catabolic process","6/417","154/28943",0.0244833216038303,0.124507470194685,0.0968044338315865,"Ppargc1a/Phkg1/Igf1/Gpd1/Aldh1a1/Aldh1a7",6
"GO:0002460","adaptive immune response based on somatic recombination of immune receptors built from immunoglobulin superfamily domains","13/417","486/28943",0.0250226178599075,0.126957974441144,0.098709698437874,"Cd55/Cfi/C1s1/C1s2/Ephb6/Gzmm/Il27ra/Il20rb/Il31ra/Csf2rb/C4b/C3/H2-T23",13
"GO:0051607","defense response to virus","9/417","289/28943",0.0250339667912115,0.126957974441144,0.098709698437874,"Rnasel/Ifi207/Tlr8/Gbp4/Oas1g/Oas2/Trim30d/Ifit3/Ifit3b",9
"GO:0015980","energy derivation by oxidation of organic compounds","10/417","337/28943",0.0251605601686629,0.127074514558644,0.0988003082629358,"Irs1/Cat/Ppargc1a/Oas1g/Phkg1/Igf1/Chchd10/S100b/Gpd1/Ppp1r2",10
"GO:0031099","regeneration","6/417","155/28943",0.025171906975538,0.127074514558644,0.0988003082629358,"Adm/Igf1/Mmp2/Gfap/Rtn4r/Nrep",6
"GO:0002437","inflammatory response to antigenic stimulus","4/417","77/28943",0.0252290409456895,0.127074514558644,0.0988003082629358,"Ephb6/Il20rb/Il31ra/C3",4
"GO:0043113","receptor clustering","4/417","77/28943",0.0252290409456895,0.127074514558644,0.0988003082629358,"Lrp4/Musk/Itgal/Colq",4
"GO:0080164","regulation of nitric oxide metabolic process","4/417","77/28943",0.0252290409456895,0.127074514558644,0.0988003082629358,"Igf1/Agt/Mmp8/Trpv1",4
"GO:0005978","glycogen biosynthetic process","3/417","44/28943",0.0254339456452971,0.127411298944962,0.0990621577872245,"Irs1/Phkg1/Igf1",3
"GO:0009250","glucan biosynthetic process","3/417","44/28943",0.0254339456452971,0.127411298944962,0.0990621577872245,"Irs1/Phkg1/Igf1",3
"GO:1902991","regulation of amyloid precursor protein catabolic process","3/417","44/28943",0.0254339456452971,0.127411298944962,0.0990621577872245,"Spon1/Igf1/Slc2a13",3
"GO:2000772","regulation of cellular senescence","3/417","44/28943",0.0254339456452971,0.127411298944962,0.0990621577872245,"Tbx2/Vash1/Nampt",3
"GO:0140546","defense response to symbiont","9/417","290/28943",0.0255212063545865,0.127675194933785,0.0992673366551953,"Rnasel/Ifi207/Tlr8/Gbp4/Oas1g/Oas2/Trim30d/Ifit3/Ifit3b",9
"GO:0006813","potassium ion transport","8/417","244/28943",0.0257930253300558,0.128860418834325,0.100188847055142,"Atp1a2/Kcnt1/Kcnab1/Fxyd1/Kcnn1/Wnk4/Kcnk7/Pkd2l1",8
"GO:0006721","terpenoid metabolic process","4/417","78/28943",0.0263002263444329,0.130686992817828,0.101609006504595,"Hmgcs2/Adh1/Rarres2/Aldh1a1",4
"GO:0014743","regulation of muscle hypertrophy","4/417","78/28943",0.0263002263444329,0.130686992817828,0.101609006504595,"Trim63/Igf1/Agt/Edn1",4
"GO:0042306","regulation of protein import into nucleus","4/417","78/28943",0.0263002263444329,0.130686992817828,0.101609006504595,"Agtr2/Gbp4/Apod/Hcls1",4
"GO:0072171","mesonephric tubule morphogenesis","4/417","78/28943",0.0263002263444329,0.130686992817828,0.101609006504595,"Agtr2/Wnt2b/Agt/Hs3st3b1",4
"GO:0007589","body fluid secretion","5/417","116/28943",0.0265165020104062,0.131266782877403,0.102059792697348,"Nr1h3/Oas2/Slc4a5/Wnk4/Edn1",5
"GO:0062197","cellular response to chemical stress","10/417","340/28943",0.0265235698880126,0.131266782877403,0.102059792697348,"Cat/Ppargc1a/Mmp2/Gch1/Mmp3/Rnf112/Edn1/Dapk1/Serpinb6c/Prkn",10
"GO:0071216","cellular response to biotic stimulus","10/417","340/28943",0.0265235698880126,0.131266782877403,0.102059792697348,"Cd55/Nr1h3/Txnip/Gbp6/Cxcl13/Trim30d/Tbxa2r/Irf8/Gch1/Plscr2",10
"GO:0030851","granulocyte differentiation","3/417","45/28943",0.0269670582216981,0.132175021589639,0.102765947389789,"Ceacam1/Adipoq/Hcls1",3
"GO:0009886","post-embryonic animal morphogenesis","2/417","18/28943",0.0272082926349203,0.132175021589639,0.102765947389789,"Myo7a/Grk1",2
"GO:0010470","regulation of gastrulation","2/417","18/28943",0.0272082926349203,0.132175021589639,0.102765947389789,"Tenm4/Osr2",2
"GO:0030730","sequestering of triglyceride","2/417","18/28943",0.0272082926349203,0.132175021589639,0.102765947389789,"Pnpla2/Lpl",2
"GO:0042308","negative regulation of protein import into nucleus","2/417","18/28943",0.0272082926349203,0.132175021589639,0.102765947389789,"Gbp4/Apod",2
"GO:0046322","negative regulation of fatty acid oxidation","2/417","18/28943",0.0272082926349203,0.132175021589639,0.102765947389789,"Fmo1/Fmo2",2
"GO:0046348","amino sugar catabolic process","2/417","18/28943",0.0272082926349203,0.132175021589639,0.102765947389789,"Aldh1a1/Aldh1a7",2
"GO:0051000","positive regulation of nitric-oxide synthase activity","2/417","18/28943",0.0272082926349203,0.132175021589639,0.102765947389789,"Agtr2/Gch1",2
"GO:0051580","regulation of neurotransmitter uptake","2/417","18/28943",0.0272082926349203,0.132175021589639,0.102765947389789,"Gfap/Prkn",2
"GO:0060572","morphogenesis of an epithelial bud","2/417","18/28943",0.0272082926349203,0.132175021589639,0.102765947389789,"Wnt2b/Fgfr2",2
"GO:0060712","spongiotrophoblast layer development","2/417","18/28943",0.0272082926349203,0.132175021589639,0.102765947389789,"Nrk/Adm",2
"GO:0061430","bone trabecula morphogenesis","2/417","18/28943",0.0272082926349203,0.132175021589639,0.102765947389789,"Cyp27b1/Mmp2",2
"GO:0070314","G1 to G0 transition","2/417","18/28943",0.0272082926349203,0.132175021589639,0.102765947389789,"Cyp27b1/Rnf112",2
"GO:0070417","cellular response to cold","2/417","18/28943",0.0272082926349203,0.132175021589639,0.102765947389789,"Plin1/Ces1d",2
"GO:0038127","ERBB signaling pathway","5/417","117/28943",0.0273849467380771,0.132858374976322,0.103297253966023,"Ceacam1/Agt/Fam83a/Sh3tc2/Plce1",5
"GO:0034612","response to tumor necrosis factor","7/417","202/28943",0.0276785574687229,0.134106606528248,0.104267752752048,"Ccdc3/Gch1/Wfdc21/Ccl6/Gpd1/Adipoq/Prkn",7
"GO:0019395","fatty acid oxidation","5/417","118/28943",0.0282712811171218,0.136798912037239,0.106361017598663,"Fmo1/Fmo2/Irs1/Ppargc1a/Adipoq",5
"GO:0005977","glycogen metabolic process","4/417","80/28943",0.0285234263704461,0.137062465907016,0.106565930469417,"Irs1/Phkg1/Igf1/Ppp1r2",4
"GO:0006073","cellular glucan metabolic process","4/417","80/28943",0.0285234263704461,0.137062465907016,0.106565930469417,"Irs1/Phkg1/Igf1/Ppp1r2",4
"GO:0051965","positive regulation of synapse assembly","4/417","80/28943",0.0285234263704461,0.137062465907016,0.106565930469417,"Flrt3/Musk/Flrt2/Lrrc24",4
"GO:2000107","negative regulation of leukocyte apoptotic process","4/417","80/28943",0.0285234263704461,0.137062465907016,0.106565930469417,"Mertk/Tsc22d3/Pip/Hcls1",4
"GO:0002269","leukocyte activation involved in inflammatory response","3/417","46/28943",0.0285484930342621,0.137062465907016,0.106565930469417,"Mmp8/Trpv1/Nampt",3
"GO:0032768","regulation of monooxygenase activity","3/417","46/28943",0.0285484930342621,0.137062465907016,0.106565930469417,"Agtr2/Cyp27b1/Gch1",3
"GO:0042326","negative regulation of phosphorylation","11/417","394/28943",0.0286925206707162,0.137575047164005,0.106964461885226,"Pmepa1/Spry1/Gbp4/Ppargc1a/Gckr/Ceacam1/Igf1/Agt/Wnk4/Adipoq/Prkn",11
"GO:0007613","memory","6/417","160/28943",0.0288084142605733,0.137951576459191,0.107257213036499,"Musk/Shank1/Igf1/S100b/Ppp1r1b/Adcy1",6
"GO:0009259","ribonucleotide metabolic process","12/417","445/28943",0.0289514305297113,0.138456841341573,0.107650055978351,"Atp1a2/Tdo2/Hmgcs2/Ppargc1a/Acsm3/Igf1/Ces1d/Pipox/Acsl6/Adcy1/Gpd1/Prkn",12
"GO:0006814","sodium ion transport","8/417","250/28943",0.0292134048584084,0.139528966024895,0.108483631849771,"Hecw2/Atp1a2/Slc6a12/Fxyd1/Wnk4/Edn1/Slc6a7/Pkd2l1",8
"GO:0001933","negative regulation of protein phosphorylation","10/417","346/28943",0.0294067152622292,0.139971904440943,0.108828016026245,"Pmepa1/Spry1/Gbp4/Ppargc1a/Ceacam1/Igf1/Agt/Wnk4/Adipoq/Prkn",10
"GO:0016051","carbohydrate biosynthetic process","7/417","205/28943",0.0296544193869314,0.139971904440943,0.108828016026245,"Irs1/Phkg1/Adcyap1r1/Chst15/Igf1/Gpd1/Adipoq",7
"GO:0030003","cellular cation homeostasis","13/417","498/28943",0.0296578440821345,0.139971904440943,0.108828016026245,"Atp1a2/Slc40a1/Agtr2/Slc4a5/Fxyd1/Stim1/Avpr1a/S100b/Agt/Car7/Stc2/Wnk4/Edn1",13
"GO:0006749","glutathione metabolic process","4/417","81/28943",0.0296756421104529,0.139971904440943,0.108828016026245,"Gsta3/Nat8f3/Ggt5/Gpx3",4
"GO:0044042","glucan metabolic process","4/417","81/28943",0.0296756421104529,0.139971904440943,0.108828016026245,"Irs1/Phkg1/Igf1/Ppp1r2",4
"GO:0048844","artery morphogenesis","4/417","81/28943",0.0296756421104529,0.139971904440943,0.108828016026245,"Comp/Tbx2/Edn1/Chrd",4
"GO:0009615","response to virus","10/417","347/28943",0.0299080081047205,0.139971904440943,0.108828016026245,"Rnasel/Ifi207/Tlr8/Gbp4/Oas1g/Oas2/Trim30d/Tgtp1/Ifit3/Ifit3b",10
"GO:0071900","regulation of protein serine/threonine kinase activity","10/417","347/28943",0.0299080081047205,0.139971904440943,0.108828016026245,"Spry1/Ceacam1/Igf1/Agt/Dipk2a/Edn1/Ghr/Fgd4/Adipoq/Fgd2",10
"GO:0002062","chondrocyte differentiation","5/417","120/28943",0.0300980017390427,0.139971904440943,0.108828016026245,"Col11a1/Col27a1/Comp/Osr2/Col11a2",5
"GO:0014061","regulation of norepinephrine secretion","2/417","19/28943",0.0301241411908488,0.139971904440943,0.108828016026245,"Agtr2/Agt",2
"GO:0016114","terpenoid biosynthetic process","2/417","19/28943",0.0301241411908488,0.139971904440943,0.108828016026245,"Hmgcs2/Aldh1a1",2
"GO:0035457","cellular response to interferon-alpha","2/417","19/28943",0.0301241411908488,0.139971904440943,0.108828016026245,"Oas1g/Ifit3",2
"GO:0042448","progesterone metabolic process","2/417","19/28943",0.0301241411908488,0.139971904440943,0.108828016026245,"Ppargc1a/Akr1c14",2
"GO:0070875","positive regulation of glycogen metabolic process","2/417","19/28943",0.0301241411908488,0.139971904440943,0.108828016026245,"Irs1/Igf1",2
"GO:0071639","positive regulation of monocyte chemotactic protein-1 production","2/417","19/28943",0.0301241411908488,0.139971904440943,0.108828016026245,"Oas1g/Adipoq",2
"GO:1902430","negative regulation of amyloid-beta formation","2/417","19/28943",0.0301241411908488,0.139971904440943,0.108828016026245,"Spon1/Igf1",2
"GO:0009268","response to pH","3/417","47/28943",0.030178124576108,0.139971904440943,0.108828016026245,"Trpv1/Tg/Pkd2l1",3
"GO:0010907","positive regulation of glucose metabolic process","3/417","47/28943",0.030178124576108,0.139971904440943,0.108828016026245,"Slc45a3/Irs1/Igf1",3
"GO:0034205","amyloid-beta formation","3/417","47/28943",0.030178124576108,0.139971904440943,0.108828016026245,"Spon1/Igf1/Slc2a13",3
"GO:0042417","dopamine metabolic process","3/417","47/28943",0.030178124576108,0.139971904440943,0.108828016026245,"Agtr2/Gch1/Prkn",3
"GO:0043114","regulation of vascular permeability","3/417","47/28943",0.030178124576108,0.139971904440943,0.108828016026245,"Ceacam1/Adm/Ramp2",3
"GO:0043277","apoptotic cell clearance","3/417","47/28943",0.030178124576108,0.139971904440943,0.108828016026245,"Nr1h3/Mertk/C3",3
"GO:0120163","negative regulation of cold-induced thermogenesis","3/417","47/28943",0.030178124576108,0.139971904440943,0.108828016026245,"Nr1h3/Adipoq/Aldh1a1",3
"GO:0007224","smoothened signaling pathway","6/417","162/28943",0.0303548518518648,0.140614947348915,0.109327981245507,"Disp2/Ptch2/Fgfr2/Boc/Chrd/Pkd2l1",6
"GO:0006163","purine nucleotide metabolic process","12/417","449/28943",0.0307013129996244,0.142041663652398,0.110437251747759,"Atp1a2/Tdo2/Hmgcs2/Ppargc1a/Acsm3/Igf1/Ces1d/Pipox/Acsl6/Adcy1/Gpd1/Prkn",12
"GO:0071805","potassium ion transmembrane transport","7/417","207/28943",0.0310232427654165,0.143229680486542,0.111360933650796,"Atp1a2/Kcnt1/Kcnab1/Kcnn1/Wnk4/Kcnk7/Pkd2l1",7
"GO:0051259","protein complex oligomerization","8/417","253/28943",0.0310356837457296,0.143229680486542,0.111360933650796,"Tdo2/Oas1g/Slc1a5/Ikzf4/Comp/Rnf112/Trpv1/Pkd2l1",8
"GO:0044282","small molecule catabolic process","10/417","350/28943",0.0314481572926532,0.1449520558358,0.112700078766102,"Irs1/Tdo2/Adh1/Cyp27b1/Ces1d/Ces1f/Pipox/Adipoq/Aldh1a1/Aldh1a7",10
"GO:0001941","postsynaptic membrane organization","3/417","48/28943",0.0318557983656509,0.145739290664167,0.113312153059584,"Lrp4/Musk/Colq",3
"GO:0002347","response to tumor cell","3/417","48/28943",0.0318557983656509,0.145739290664167,0.113312153059584,"Txnip/Ceacam1/Dapk1",3
"GO:0009409","response to cold","3/417","48/28943",0.0318557983656509,0.145739290664167,0.113312153059584,"Plin1/Ces1d/Agt",3
"GO:0032728","positive regulation of interferon-beta production","3/417","48/28943",0.0318557983656509,0.145739290664167,0.113312153059584,"Tlr8/Oas1g/Oas2",3
"GO:0071385","cellular response to glucocorticoid stimulus","3/417","48/28943",0.0318557983656509,0.145739290664167,0.113312153059584,"Agtr2/Trim63/Fam107a",3
"GO:0090317","negative regulation of intracellular protein transport","3/417","48/28943",0.0318557983656509,0.145739290664167,0.113312153059584,"Gbp4/Adipoq/Apod",3
"GO:0055021","regulation of cardiac muscle tissue growth","4/417","83/28943",0.0320617315848419,0.146499892340639,0.113903520104043,"Fgfr2/Igf1/Tbx2/Edn1",4
"GO:1990845","adaptive thermogenesis","6/417","165/28943",0.0327747659885761,0.149572850469497,0.116292741982756,"Nr1h3/Ppargc1a/Ces1d/Trpv1/Adipoq/Aldh1a1",6
"GO:0071222","cellular response to lipopolysaccharide","9/417","304/28943",0.0330636294939394,0.15020696175759,0.116785762876475,"Cd55/Nr1h3/Gbp6/Cxcl13/Trim30d/Tbxa2r/Irf8/Gch1/Plscr2",9
"GO:0010804","negative regulation of tumor necrosis factor-mediated signaling pathway","2/417","20/28943",0.0331578206480055,0.15020696175759,0.116785762876475,"Ccdc3/Adipoq",2
"GO:0048243","norepinephrine secretion","2/417","20/28943",0.0331578206480055,0.15020696175759,0.116785762876475,"Agtr2/Agt",2
"GO:0060973","cell migration involved in heart development","2/417","20/28943",0.0331578206480055,0.15020696175759,0.116785762876475,"Flrt3/Edn1",2
"GO:1904754","positive regulation of vascular associated smooth muscle cell migration","2/417","20/28943",0.0331578206480055,0.15020696175759,0.116785762876475,"Agt/Adamts1",2
"GO:2000773","negative regulation of cellular senescence","2/417","20/28943",0.0331578206480055,0.15020696175759,0.116785762876475,"Tbx2/Nampt",2
"GO:0006110","regulation of glycolytic process","3/417","49/28943",0.0335813321240102,0.151689811989416,0.117938677451998,"Ppargc1a/Igf1/Gpd1",3
"GO:2000404","regulation of T cell migration","3/417","49/28943",0.0335813321240102,0.151689811989416,0.117938677451998,"Cxcl13/Il27ra/Apod",3
"GO:0120254","olefinic compound metabolic process","6/417","166/28943",0.033608414465694,0.151689811989416,0.117938677451998,"Adh1/Ppargc1a/Cyp2f2/Hsd17b1/Akr1c14/Aldh1a1",6
"GO:0031349","positive regulation of defense response","9/417","305/28943",0.0336554766165771,0.151716751731872,0.117959623074874,"Ifi208/Ifi207/Ifi205/Tlr8/Pla2g5/Trim30d/Lpl/Mmp8/C3",9
"GO:0051648","vesicle localization","7/417","211/28943",0.0338867589559392,0.152573065933326,0.118625406511998,"Syn2/Myo7a/Fgfr2/Dipk2a/Mapk15/Sybu/Prkn",7
"GO:0019693","ribose phosphate metabolic process","12/417","456/28943",0.0339449212733122,0.152576139529302,0.118627796229802,"Atp1a2/Tdo2/Hmgcs2/Ppargc1a/Acsm3/Igf1/Ces1d/Pipox/Acsl6/Adcy1/Gpd1/Prkn",12
"GO:0046620","regulation of organ growth","5/417","124/28943",0.0339700939038696,0.152576139529302,0.118627796229802,"Fgfr2/Igf1/Agt/Tbx2/Edn1",5
"GO:0021700","developmental maturation","10/417","355/28943",0.0341379062384307,0.153143559942024,0.11906896503447,"Ren1/Tcp11x2/Shank1/Igf1/Mmp2/Trpv1/Edn1/Sybu/C3/Slc26a8",10
"GO:0048511","rhythmic process","9/417","306/28943",0.0342546066960316,0.153480592138044,0.119331007230554,"Ptgds/Ppargc1a/Prokr1/Igf1/Ces1d/Agt/Adcy1/Nampt/Adamts1",9
"GO:0014855","striated muscle cell proliferation","4/417","85/28943",0.0345571503443962,0.154648483723043,0.120239041772464,"Tenm4/Fgfr2/Dipk2a/Tbx2",4
"GO:0007411","axon guidance","8/417","259/28943",0.0349108149953041,0.156042044748986,0.121322534079514,"Cdh4/Flrt3/Ephb6/Edn1/Flrt2/Boc/Rtn4r/Igfals",8
"GO:1901890","positive regulation of cell junction assembly","5/417","125/28943",0.0349841287724237,0.156180657107362,0.121430305049831,"Flrt3/Musk/Agt/Flrt2/Lrrc24",5
"GO:0070665","positive regulation of leukocyte proliferation","6/417","168/28943",0.0353166139174777,0.157009045766017,0.122074376405294,"Cd55/Spta1/Itgal/Igf1/Il27ra/Csf2rb",6
"GO:0007157","heterophilic cell-cell adhesion via plasma membrane cell adhesion molecules","3/417","50/28943",0.0353545169201363,0.157009045766017,0.122074376405294,"Cdh4/Itgal/Tenm4",3
"GO:0045429","positive regulation of nitric oxide biosynthetic process","3/417","50/28943",0.0353545169201363,0.157009045766017,0.122074376405294,"Agt/Mmp8/Trpv1",3
"GO:0045806","negative regulation of endocytosis","3/417","50/28943",0.0353545169201363,0.157009045766017,0.122074376405294,"Nr1h3/Apoc1/Adipoq",3
"GO:0031669","cellular response to nutrient levels","7/417","213/28943",0.0353823201726235,0.157009045766017,0.122074376405294,"Ifi207/Wnt2b/Aoc1/Fes/Cyp27b1/Lpl/Fam107a",7
"GO:0097485","neuron projection guidance","8/417","260/28943",0.035587078102715,0.157728082059092,0.122633426405641,"Cdh4/Flrt3/Ephb6/Edn1/Flrt2/Boc/Rtn4r/Igfals",8
"GO:0007015","actin filament organization","12/417","460/28943",0.0359045856325623,0.158944520570048,0.123579206134037,"Spta1/Lmod1/Gdpd2/Eln/Shank1/Myo7a/Arap1/Fam107a/Coro6/Hcls1/Prkn/Cdc42ep3",12
"GO:0030041","actin filament polymerization","6/417","169/28943",0.0361912862643512,0.159380908940156,0.123918497656328,"Spta1/Lmod1/Eln/Fam107a/Hcls1/Cdc42ep3",6
"GO:0071383","cellular response to steroid hormone stimulus","6/417","169/28943",0.0361912862643512,0.159380908940156,0.123918497656328,"Atp1a2/Agtr2/Trim63/Igf1/Fam107a/Peg13",6
"GO:0001976","nervous system process involved in regulation of systemic arterial blood pressure","2/417","21/28943",0.0363053478923811,0.159380908940156,0.123918497656328,"Agtr2/Agt",2
"GO:0045821","positive regulation of glycolytic process","2/417","21/28943",0.0363053478923811,0.159380908940156,0.123918497656328,"Igf1/Gpd1",2
"GO:0046321","positive regulation of fatty acid oxidation","2/417","21/28943",0.0363053478923811,0.159380908940156,0.123918497656328,"Irs1/Ppargc1a",2
"GO:0046653","tetrahydrofolate metabolic process","2/417","21/28943",0.0363053478923811,0.159380908940156,0.123918497656328,"Gch1/Pipox",2
"GO:0071676","negative regulation of mononuclear cell migration","2/417","21/28943",0.0363053478923811,0.159380908940156,0.123918497656328,"Il27ra/Apod",2
"GO:0018958","phenol-containing compound metabolic process","5/417","127/28943",0.0370678972357359,0.162234676957439,0.126137299442019,"Agtr2/Sult1a1/Gch1/Tg/Prkn",5
"GO:0007292","female gamete generation","6/417","170/28943",0.0370797509669598,0.162234676957439,0.126137299442019,"Sycp2/Sohlh1/Igf1/Agt/Edn1/Adamts1",6
"GO:0030195","negative regulation of blood coagulation","3/417","51/28943",0.0371751182843969,0.162234676957439,0.126137299442019,"Ceacam1/Vtn/Kng2",3
"GO:0032309","icosanoid secretion","3/417","51/28943",0.0371751182843969,0.162234676957439,0.126137299442019,"Agtr2/Pla2g5/Edn1",3
"GO:0051646","mitochondrion localization","3/417","51/28943",0.0371751182843969,0.162234676957439,0.126137299442019,"Slc4a5/Sybu/Prkn",3
"GO:0052548","regulation of endopeptidase activity","10/417","361/28943",0.0375730444256702,0.163777662360773,0.127336969053381,"Ifi207/Igf1/Agt/Vtn/Dapk1/Serpinb6c/Serpina3c/Serpina3f/Serpina3k/Kng2",10
"GO:0051216","cartilage development","7/417","216/28943",0.0377065609910096,0.164165829220292,0.127638768399309,"Col11a1/Col27a1/Comp/Edn1/Ogn/Osr2/Col11a2",7
"GO:0002697","regulation of immune effector process","12/417","464/28943",0.0379432642659259,0.165001804086924,0.128288738023904,"Cd55/Cfi/Pla2g5/Ceacam1/Fes/Il27ra/Il20rb/Colec11/C4b/C3/Cfb/H2-T23",12
"GO:0006091","generation of precursor metabolites and energy","12/417","465/28943",0.0384654425508211,0.167055904320236,0.129885798905538,"Irs1/Cat/Hmgcs2/Adh1/Ppargc1a/Oas1g/Phkg1/Igf1/Chchd10/S100b/Gpd1/Ppp1r2",12
"GO:0030500","regulation of bone mineralization","4/417","88/28943",0.0385061144573459,0.167055904320236,0.129885798905538,"Cyp27b1/Comp/Omd/Osr2",4
"GO:0007162","negative regulation of cell adhesion","9/417","313/28943",0.0386553934167785,0.16750670480604,0.130236295833401,"Nat8f3/Ceacam1/Mmp2/Fgl1/Fam107a/Il20rb/Kng2/Adipoq/Apod",9
"GO:0071384","cellular response to corticosteroid stimulus","3/417","52/28943",0.0390428772913546,0.168667398420291,0.131138733960236,"Agtr2/Trim63/Fam107a",3
"GO:1904407","positive regulation of nitric oxide metabolic process","3/417","52/28943",0.0390428772913546,0.168667398420291,0.131138733960236,"Agt/Mmp8/Trpv1",3
"GO:0045444","fat cell differentiation","8/417","265/28943",0.0391012089771767,0.168667398420291,0.131138733960236,"Rnasel/Ccdc3/Rarres2/Gnb3/Igf1/Lpl/Wfdc21/Adipoq",8
"GO:0071219","cellular response to molecule of bacterial origin","9/417","314/28943",0.0393140371961966,0.168667398420291,0.131138733960236,"Cd55/Nr1h3/Gbp6/Cxcl13/Trim30d/Tbxa2r/Irf8/Gch1/Plscr2",9
"GO:0001975","response to amphetamine","2/417","22/28943",0.0395628296402957,0.168667398420291,0.131138733960236,"Ppp1r1b/Edn1",2
"GO:0030810","positive regulation of nucleotide biosynthetic process","2/417","22/28943",0.0395628296402957,0.168667398420291,0.131138733960236,"Ppargc1a/Prkn",2
"GO:0045606","positive regulation of epidermal cell differentiation","2/417","22/28943",0.0395628296402957,0.168667398420291,0.131138733960236,"Ptch2/Cyp27b1",2
"GO:0045649","regulation of macrophage differentiation","2/417","22/28943",0.0395628296402957,0.168667398420291,0.131138733960236,"Adipoq/Hcls1",2
"GO:0051602","response to electrical stimulus","2/417","22/28943",0.0395628296402957,0.168667398420291,0.131138733960236,"Trim63/Musk",2
"GO:0060602","branch elongation of an epithelium","2/417","22/28943",0.0395628296402957,0.168667398420291,0.131138733960236,"Spry1/Fgfr2",2
"GO:0061760","antifungal innate immune response","2/417","22/28943",0.0395628296402957,0.168667398420291,0.131138733960236,"Pla2g5/Rarres2",2
"GO:1900373","positive regulation of purine nucleotide biosynthetic process","2/417","22/28943",0.0395628296402957,0.168667398420291,0.131138733960236,"Ppargc1a/Prkn",2
"GO:1902992","negative regulation of amyloid precursor protein catabolic process","2/417","22/28943",0.0395628296402957,0.168667398420291,0.131138733960236,"Spon1/Igf1",2
"GO:1903909","regulation of receptor clustering","2/417","22/28943",0.0395628296402957,0.168667398420291,0.131138733960236,"Lrp4/Musk",2
"GO:0002260","lymphocyte homeostasis","4/417","89/28943",0.0398774415132803,0.169616951690128,0.131877010679985,"Spta1/Slc40a1/Tsc22d3/Il20rb",4
"GO:1900542","regulation of purine nucleotide metabolic process","4/417","89/28943",0.0398774415132803,0.169616951690128,0.131877010679985,"Ppargc1a/Igf1/Gpd1/Prkn",4
"GO:1903532","positive regulation of secretion by cell","10/417","365/28943",0.0399917919226336,0.169907590078669,0.13210298173705,"Irs1/Igf1/Avpr1a/Cyp27b1/Agt/Ang3/Cacna1g/Edn1/Sybu/Prkn",10
"GO:0019079","viral genome replication","5/417","130/28943",0.0403336757890933,0.170966625732873,0.132926380901393,"Rnasel/Ifi207/Oas1g/Oas2/Prkn",5
"GO:0043406","positive regulation of MAP kinase activity","5/417","130/28943",0.0403336757890933,0.170966625732873,0.132926380901393,"Ceacam1/Edn1/Ghr/Fgd4/Fgd2",5
"GO:1901215","negative regulation of neuron death","8/417","267/28943",0.0405695664911495,0.171525169839585,0.133360648386995,"Ppargc1a/Igf1/Grk1/Agt/Il27ra/Ghr/Nrbp2/Prkn",8
"GO:0006914","autophagy","12/417","469/28943",0.0406048208125127,0.171525169839585,0.133360648386995,"Rufy4/Depp1/Trim30d/Trim30b/Irf8/Gfap/Dapk1/Nampt/Mapk15/Nrbp2/Prkn/Iigp1",12
"GO:0061919","process utilizing autophagic mechanism","12/417","469/28943",0.0406048208125127,0.171525169839585,0.133360648386995,"Rufy4/Depp1/Trim30d/Trim30b/Irf8/Gfap/Dapk1/Nampt/Mapk15/Nrbp2/Prkn/Iigp1",12
"GO:0002920","regulation of humoral immune response","3/417","53/28943",0.0409575116124504,0.171640332432652,0.133450187188186,"Cd55/Cfi/C3",3
"GO:0030850","prostate gland development","3/417","53/28943",0.0409575116124504,0.171640332432652,0.133450187188186,"Fgfr2/Igf1/Mmp2",3
"GO:0031103","axon regeneration","3/417","53/28943",0.0409575116124504,0.171640332432652,0.133450187188186,"Mmp2/Rtn4r/Nrep",3
"GO:0032941","secretion by tissue","3/417","53/28943",0.0409575116124504,0.171640332432652,0.133450187188186,"Nr1h3/Slc4a5/Wnk4",3
"GO:0045907","positive regulation of vasoconstriction","3/417","53/28943",0.0409575116124504,0.171640332432652,0.133450187188186,"Avpr1a/Tbxa2r/Npy1r",3
"GO:0050819","negative regulation of coagulation","3/417","53/28943",0.0409575116124504,0.171640332432652,0.133450187188186,"Ceacam1/Vtn/Kng2",3
"GO:0051289","protein homotetramerization","3/417","53/28943",0.0409575116124504,0.171640332432652,0.133450187188186,"Tdo2/Trpv1/Pkd2l1",3
"GO:0050792","regulation of viral process","6/417","175/28943",0.0417308147569936,0.174682730252631,0.13581564845724,"Rnasel/Ifi207/Oas1g/Oas2/Trim30d/Trim30b",6
"GO:0001776","leukocyte homeostasis","5/417","132/28943",0.0426048636693026,0.176289758460939,0.137065111285562,"Spta1/Slc40a1/Mertk/Tsc22d3/Il20rb",5
"GO:0007623","circadian rhythm","7/417","222/28943",0.0426508475181861,0.176289758460939,0.137065111285562,"Ptgds/Ppargc1a/Prokr1/Igf1/Ces1d/Adcy1/Nampt",7
"GO:0001656","metanephros development","4/417","91/28943",0.0427026660922704,0.176289758460939,0.137065111285562,"Agtr2/Spry1/Osr2/Adipoq",4
"GO:0006029","proteoglycan metabolic process","4/417","91/28943",0.0427026660922704,0.176289758460939,0.137065111285562,"Col11a1/Igf1/Spock2/Hs3st3b1",4
"GO:0051937","catecholamine transport","4/417","91/28943",0.0427026660922704,0.176289758460939,0.137065111285562,"Agtr2/Agt/Mapk15/Prkn",4
"GO:0060420","regulation of heart growth","4/417","91/28943",0.0427026660922704,0.176289758460939,0.137065111285562,"Fgfr2/Igf1/Tbx2/Edn1",4
"GO:0035272","exocrine system development","3/417","54/28943",0.0429187165392917,0.176289758460939,0.137065111285562,"Fgfr2/Igf1/Edar",3
"GO:0045687","positive regulation of glial cell differentiation","3/417","54/28943",0.0429187165392917,0.176289758460939,0.137065111285562,"Tenm4/Rnf112/Aspa",3
"GO:0048247","lymphocyte chemotaxis","3/417","54/28943",0.0429187165392917,0.176289758460939,0.137065111285562,"Cxcl13/Saa2/Ccl6",3
"GO:0002864","regulation of acute inflammatory response to antigenic stimulus","2/417","23/28943",0.0429264606869947,0.176289758460939,0.137065111285562,"Il20rb/C3",2
"GO:0010984","regulation of lipoprotein particle clearance","2/417","23/28943",0.0429264606869947,0.176289758460939,0.137065111285562,"Apoc1/Gpihbp1",2
"GO:0030728","ovulation","2/417","23/28943",0.0429264606869947,0.176289758460939,0.137065111285562,"Agt/Adamts1",2
"GO:0045056","transcytosis","2/417","23/28943",0.0429264606869947,0.176289758460939,0.137065111285562,"Tg/Gpihbp1",2
"GO:0071398","cellular response to fatty acid","2/417","23/28943",0.0429264606869947,0.176289758460939,0.137065111285562,"Irs1/Lpl",2
"GO:0090201","negative regulation of release of cytochrome c from mitochondria","2/417","23/28943",0.0429264606869947,0.176289758460939,0.137065111285562,"Igf1/Prkn",2
"GO:0120255","olefinic compound biosynthetic process","2/417","23/28943",0.0429264606869947,0.176289758460939,0.137065111285562,"Ppargc1a/Hsd17b1",2
"GO:2001026","regulation of endothelial cell chemotaxis","2/417","23/28943",0.0429264606869947,0.176289758460939,0.137065111285562,"Cxcl13/Smoc2",2
"GO:0051091","positive regulation of DNA-binding transcription factor activity","8/417","271/28943",0.0436153760343736,0.178919964798786,0.139110094088581,"Cat/Ror1/Ppargc1a/Trim30d/Trim30b/Adcy1/Edn1/Hcls1",8
"GO:1903034","regulation of response to wounding","6/417","177/28943",0.043689548398179,0.179025319296423,0.139192007105362,"Ceacam1/Tbxa2r/Vtn/Rtn4r/Kng2/Smoc2",6
"GO:2000027","regulation of animal organ morphogenesis","5/417","133/28943",0.0437687833855675,0.179151162150239,0.139289849798626,"Agtr2/Spry1/Wnt2b/Agt/Edn1",5
"GO:0035050","embryonic heart tube development","4/417","92/28943",0.0441565523310596,0.180538196241719,0.140368267420644,"Ccdc40/Tbx2/Edn1/Chrd",4
"GO:0035264","multicellular organism growth","7/417","224/28943",0.0443878188882786,0.181282994840182,0.140947347587722,"Foxs1/Igf1/Npy1r/Comp/Agt/Stc2/Ghr",7
"GO:1901653","cellular response to peptide","9/417","322/28943",0.0448588828695856,0.182472392510039,0.141872103089148,"Irs1/Rarres2/Ceacam1/Igf1/Lpl/Agt/Edn1/Ghr/Adipoq",9
"GO:0001974","blood vessel remodeling","3/417","55/28943",0.0449261659782301,0.182472392510039,0.141872103089148,"Eln/Ceacam1/Igf1",3
"GO:0002823","negative regulation of adaptive immune response based on somatic recombination of immune receptors built from immunoglobulin superfamily domains","3/417","55/28943",0.0449261659782301,0.182472392510039,0.141872103089148,"Cd55/Il27ra/Il20rb",3
"GO:0010823","negative regulation of mitochondrion organization","3/417","55/28943",0.0449261659782301,0.182472392510039,0.141872103089148,"Ppargc1a/Igf1/Prkn",3
"GO:0032355","response to estradiol","3/417","55/28943",0.0449261659782301,0.182472392510039,0.141872103089148,"Mmp2/Ghr/Mapk15",3
"GO:0048588","developmental cell growth","8/417","273/28943",0.0451933662362064,0.183355943015466,0.142559062725431,"Cdh4/Flrt3/Agtr2/Igf1/Agt/Edn1/Rtn4r/Prkn",8
"GO:0043588","skin development","9/417","323/28943",0.0455868876836279,0.184749494322672,0.143642547476172,"Lrp4/Txnip/Ptch2/Fgfr2/Cyp27b1/Edar/Comp/Trpv1/Krt90",9
"GO:0030512","negative regulation of transforming growth factor beta receptor signaling pathway","4/417","93/28943",0.0456379321562672,0.18475355868524,0.143645707514013,"Pmepa1/Spry1/Htra3/Aspn",4
"GO:0006898","receptor-mediated endocytosis","8/417","274/28943",0.0459962436730152,0.184769354815457,0.143657988989494,"Ceacam1/Adm/Apoc1/Stab2/Ramp2/Vtn/Adipoq/C3",8
"GO:0051258","protein polymerization","8/417","274/28943",0.0459962436730152,0.184769354815457,0.143657988989494,"Spta1/Lmod1/Eln/Fes/Fam107a/Hcls1/Prkn/Cdc42ep3",8
"GO:0033673","negative regulation of kinase activity","7/417","226/28943",0.0461697300102329,0.184769354815457,0.143657988989494,"Spry1/Gckr/Ceacam1/Agt/Wnk4/Adipoq/Prkn",7
"GO:0003417","growth plate cartilage development","2/417","24/28943",0.0463925221868714,0.184769354815457,0.143657988989494,"Col27a1/Comp",2
"GO:0006691","leukotriene metabolic process","2/417","24/28943",0.0463925221868714,0.184769354815457,0.143657988989494,"Pla2g5/Ggt5",2
"GO:0007635","chemosensory behavior","2/417","24/28943",0.0463925221868714,0.184769354815457,0.143657988989494,"Shank1/Peg13",2
"GO:0010447","response to acidic pH","2/417","24/28943",0.0463925221868714,0.184769354815457,0.143657988989494,"Trpv1/Pkd2l1",2
"GO:0014075","response to amine","2/417","24/28943",0.0463925221868714,0.184769354815457,0.143657988989494,"Ppp1r1b/Edn1",2
"GO:0014850","response to muscle activity","2/417","24/28943",0.0463925221868714,0.184769354815457,0.143657988989494,"Ppargc1a/Agt",2
"GO:0032352","positive regulation of hormone metabolic process","2/417","24/28943",0.0463925221868714,0.184769354815457,0.143657988989494,"Ppargc1a/Igf1",2
"GO:0040019","positive regulation of embryonic development","2/417","24/28943",0.0463925221868714,0.184769354815457,0.143657988989494,"Tenm4/Osr2",2
"GO:0051481","negative regulation of cytosolic calcium ion concentration","2/417","24/28943",0.0463925221868714,0.184769354815457,0.143657988989494,"Atp1a2/Npy1r",2
"GO:0060457","negative regulation of digestive system process","2/417","24/28943",0.0463925221868714,0.184769354815457,0.143657988989494,"Nr1h3/Wnk4",2
"GO:0080182","histone H3-K4 trimethylation","2/417","24/28943",0.0463925221868714,0.184769354815457,0.143657988989494,"H1f2/H1f3",2
"GO:2000345","regulation of hepatocyte proliferation","2/417","24/28943",0.0463925221868714,0.184769354815457,0.143657988989494,"Ceacam1/Lims2",2
"GO:0043507","positive regulation of JUN kinase activity","3/417","56/28943",0.0469795134168991,0.186704374096008,0.145162464549186,"Edn1/Fgd4/Fgd2",3
"GO:0048016","inositol phosphate-mediated signaling","3/417","56/28943",0.0469795134168991,0.186704374096008,0.145162464549186,"Igf1/Edn1/Efhb",3
"GO:0010976","positive regulation of neuron projection development","7/417","227/28943",0.0470776228515589,0.186765991192796,0.145210371780451,"Itpka/Negr1/Ror1/Fes/Agt/Acsl6/Adamts1",7
"GO:0042475","odontogenesis of dentin-containing tooth","4/417","94/28943",0.047146777841735,0.186765991192796,0.145210371780451,"Lrp4/Stim1/Edar/Jag2",4
"GO:1903035","negative regulation of response to wounding","4/417","94/28943",0.047146777841735,0.186765991192796,0.145210371780451,"Ceacam1/Vtn/Rtn4r/Kng2",4
"GO:0009132","nucleoside diphosphate metabolic process","5/417","136/28943",0.0473742331118646,0.18746588279636,0.145754536803808,"Entpd2/Ppargc1a/Igf1/Entpd3/Gpd1",5
"GO:0070372","regulation of ERK1 and ERK2 cascade","9/417","326/28943",0.0478180881911789,0.189019680515881,0.146962612980215,"Dusp15/Spry1/Pla2g5/Ceacam1/Fgfr2/Igf1/Ccl6/Adipoq/C3",9
"GO:0050863","regulation of T cell activation","10/417","378/28943",0.0485861403248396,0.190400245702566,0.14803600103521,"Cd55/Spta1/Ephb6/Ceacam1/Itgal/Igf1/Fgl1/Il27ra/Il20rb/Ctla2a",10
"GO:0001889","liver development","5/417","137/28943",0.048614029953625,0.190400245702566,0.14803600103521,"Ugt1a8/Ceacam1/Fgl1/Ccdc40/Lims2",5
"GO:0001959","regulation of cytokine-mediated signaling pathway","5/417","137/28943",0.048614029953625,0.190400245702566,0.14803600103521,"Ccdc3/Oas1g/Edn1/Adipoq/Prkn",5
"GO:0042303","molting cycle","5/417","137/28943",0.048614029953625,0.190400245702566,0.14803600103521,"Lrp4/Ptch2/Fgfr2/Edar/Trpv1",5
"GO:0042633","hair cycle","5/417","137/28943",0.048614029953625,0.190400245702566,0.14803600103521,"Lrp4/Ptch2/Fgfr2/Edar/Trpv1",5
"GO:0061041","regulation of wound healing","5/417","137/28943",0.048614029953625,0.190400245702566,0.14803600103521,"Ceacam1/Tbxa2r/Vtn/Kng2/Smoc2",5
"GO:0006140","regulation of nucleotide metabolic process","4/417","95/28943",0.0486830530723787,0.190400245702566,0.14803600103521,"Ppargc1a/Igf1/Gpd1/Prkn",4
"GO:0030168","platelet activation","4/417","95/28943",0.0486830530723787,0.190400245702566,0.14803600103521,"Entpd2/Mertk/Ceacam1/Comp",4
"GO:0043535","regulation of blood vessel endothelial cell migration","4/417","95/28943",0.0486830530723787,0.190400245702566,0.14803600103521,"Angpt4/Igf1/Tbxa2r/Vash1",4
"GO:0045069","regulation of viral genome replication","4/417","95/28943",0.0486830530723787,0.190400245702566,0.14803600103521,"Rnasel/Ifi207/Oas1g/Oas2",4
"GO:0002762","negative regulation of myeloid leukocyte differentiation","3/417","57/28943",0.0490783928633683,0.191132276507709,0.148605154255723,"Clec2g/Ceacam1/Adipoq",3
"GO:0031646","positive regulation of nervous system process","3/417","57/28943",0.0490783928633683,0.191132276507709,0.148605154255723,"Tenm4/Igf1/S100b",3
"GO:0010631","epithelial cell migration","9/417","328/28943",0.0493451284542345,0.191132276507709,0.148605154255723,"Irs1/Angpt4/Cxcl13/Ceacam1/Igf1/Tbxa2r/Agt/Vash1/Smoc2",9
"GO:0007586","digestion","5/417","138/28943",0.0498728483281694,0.191132276507709,0.148605154255723,"Nr1h3/Capn9/Wnk4/Trpv1/Npc1l1",5
"GO:0017015","regulation of transforming growth factor beta receptor signaling pathway","5/417","138/28943",0.0498728483281694,0.191132276507709,0.148605154255723,"Pmepa1/Spry1/Htra3/Aspn/Nrep",5
"GO:0007369","gastrulation","6/417","183/28943",0.0499069826519147,0.191132276507709,0.148605154255723,"Nat8f3/Tenm4/Vtn/Osr2/Chrd/Adipoq",6
"GO:0060041","retina development in camera-type eye","6/417","183/28943",0.0499069826519147,0.191132276507709,0.148605154255723,"Mertk/Slc4a5/Cfd/Grk1/Col4a1/C3",6
"GO:0010640","regulation of platelet-derived growth factor receptor signaling pathway","2/417","25/28943",0.0499573799647722,0.191132276507709,0.148605154255723,"Adipoq/Apod",2
"GO:0010866","regulation of triglyceride biosynthetic process","2/417","25/28943",0.0499573799647722,0.191132276507709,0.148605154255723,"Nr1h3/C3",2
"GO:0010884","positive regulation of lipid storage","2/417","25/28943",0.0499573799647722,0.191132276507709,0.148605154255723,"Lpl/C3",2
"GO:0030194","positive regulation of blood coagulation","2/417","25/28943",0.0499573799647722,0.191132276507709,0.148605154255723,"Tbxa2r/Vtn",2
"GO:0032303","regulation of icosanoid secretion","2/417","25/28943",0.0499573799647722,0.191132276507709,0.148605154255723,"Agtr2/Edn1",2
"GO:0036303","lymph vessel morphogenesis","2/417","25/28943",0.0499573799647722,0.191132276507709,0.148605154255723,"Svep1/Vash1",2
"GO:0043171","peptide catabolic process","2/417","25/28943",0.0499573799647722,0.191132276507709,0.148605154255723,"Trhde/Ggt5",2
"GO:0046628","positive regulation of insulin receptor signaling pathway","2/417","25/28943",0.0499573799647722,0.191132276507709,0.148605154255723,"Irs1/Agt",2
"GO:0070734","histone H3-K27 methylation","2/417","25/28943",0.0499573799647722,0.191132276507709,0.148605154255723,"H1f2/H1f3",2
"GO:1900048","positive regulation of hemostasis","2/417","25/28943",0.0499573799647722,0.191132276507709,0.148605154255723,"Tbxa2r/Vtn",2
"GO:1902307","positive regulation of sodium ion transmembrane transport","2/417","25/28943",0.0499573799647722,0.191132276507709,0.148605154255723,"Fxyd1/Wnk4",2
"GO:1902993","positive regulation of amyloid precursor protein catabolic process","2/417","25/28943",0.0499573799647722,0.191132276507709,0.148605154255723,"Spon1/Slc2a13",2
"GO:2000193","positive regulation of fatty acid transport","2/417","25/28943",0.0499573799647722,0.191132276507709,0.148605154255723,"Acsl6/Edn1",2
"GO:2001169","regulation of ATP biosynthetic process","2/417","25/28943",0.0499573799647722,0.191132276507709,0.148605154255723,"Ppargc1a/Prkn",2
"GO:0042060","wound healing","10/417","380/28943",0.0500101996430321,0.191136290975232,0.148608275500216,"Entpd2/Mertk/Ceacam1/Igf1/Tbxa2r/Comp/Vtn/Kng2/C3/Smoc2",10
"GO:0110053","regulation of actin filament organization","8/417","279/28943",0.0501506178139675,0.191474747641332,0.148871425220366,"Spta1/Lmod1/Eln/Shank1/Arap1/Hcls1/Prkn/Cdc42ep3",8
"GO:0090132","epithelium migration","9/417","330/28943",0.0509040506679728,0.19415057341545,0.150951877089563,"Irs1/Angpt4/Cxcl13/Ceacam1/Igf1/Tbxa2r/Agt/Vash1/Smoc2",9
"GO:0070663","regulation of leukocyte proliferation","8/417","280/28943",0.0510096797054056,0.194161369351737,0.150960270919252,"Cd55/Spta1/Ceacam1/Itgal/Igf1/Il27ra/Il20rb/Csf2rb",8
"GO:0061844","antimicrobial humoral immune response mediated by antimicrobial peptide","5/417","139/28943",0.0511507009384813,0.194161369351737,0.150960270919252,"Cxcl13/Adm/Lgals4/Ang3/Kng2",5
"GO:0018023","peptidyl-lysine trimethylation","3/417","58/28943",0.0512224197585567,0.194161369351737,0.150960270919252,"Mettl21e/H1f2/H1f3",3
"GO:0042311","vasodilation","3/417","58/28943",0.0512224197585567,0.194161369351737,0.150960270919252,"Agtr2/Agt/Gch1",3
"GO:0043666","regulation of phosphoprotein phosphatase activity","3/417","58/28943",0.0512224197585567,0.194161369351737,0.150960270919252,"Agtr2/Ppp1r1b/Ppp1r2",3
"GO:0044058","regulation of digestive system process","3/417","58/28943",0.0512224197585567,0.194161369351737,0.150960270919252,"Nr1h3/Wnk4/Trpv1",3
"GO:0001570","vasculogenesis","4/417","97/28943",0.051837704800369,0.196292108844064,0.152616918748293,"Ceacam1/Adm/Fgfr2/Ramp2",4
"GO:0030278","regulation of ossification","5/417","140/28943",0.0524475964294275,0.198171441339652,0.154078097888245,"Lrp4/Cyp27b1/Comp/Omd/Osr2",5
"GO:0061008","hepaticobiliary system development","5/417","140/28943",0.0524475964294275,0.198171441339652,0.154078097888245,"Ugt1a8/Ceacam1/Fgl1/Ccdc40/Lims2",5
"GO:0090130","tissue migration","9/417","332/28943",0.0524950351110996,0.198171441339652,0.154078097888245,"Irs1/Angpt4/Cxcl13/Ceacam1/Igf1/Tbxa2r/Agt/Vash1/Smoc2",9
"GO:0007160","cell-matrix adhesion","7/417","233/28943",0.0527640049822046,0.198983356888968,0.154709361417635,"Itgal/Itga7/Agt/Itgbl1/Fam107a/Vtn/Apod",7
"GO:0070661","leukocyte proliferation","10/417","384/28943",0.0529414466378451,0.199448796925433,0.155071240581529,"Cd55/Spta1/Ephb6/Ceacam1/Itgal/Igf1/Il27ra/Il20rb/Csf2rb/Cfb",10
"GO:0035051","cardiocyte differentiation","6/417","186/28943",0.0532091858359046,0.199492449762447,0.155105180618747,"Agtr2/Tenm4/Alpk3/Igf1/Agt/Edn1",6
"GO:0042987","amyloid precursor protein catabolic process","3/417","59/28943",0.0534111918625335,0.199492449762447,0.155105180618747,"Spon1/Igf1/Slc2a13",3
"GO:0043388","positive regulation of DNA binding","3/417","59/28943",0.0534111918625335,0.199492449762447,0.155105180618747,"Igf1/Mmp8/Prkn",3
"GO:0050832","defense response to fungus","3/417","59/28943",0.0534111918625335,0.199492449762447,0.155105180618747,"Pla2g5/Rarres2/Ang3",3
"GO:0006720","isoprenoid metabolic process","4/417","98/28943",0.0534559669831118,0.199492449762447,0.155105180618747,"Hmgcs2/Adh1/Rarres2/Aldh1a1",4
"GO:0015908","fatty acid transport","4/417","98/28943",0.0534559669831118,0.199492449762447,0.155105180618747,"Agtr2/Pla2g5/Acsl6/Edn1",4
"GO:0031664","regulation of lipopolysaccharide-mediated signaling pathway","2/417","26/28943",0.0536174828578487,0.199492449762447,0.155105180618747,"Cd55/Trim30d",2
"GO:0042474","middle ear morphogenesis","2/417","26/28943",0.0536174828578487,0.199492449762447,0.155105180618747,"Edn1/Osr2",2
"GO:0045684","positive regulation of epidermis development","2/417","26/28943",0.0536174828578487,0.199492449762447,0.155105180618747,"Ptch2/Cyp27b1",2
"GO:0051354","negative regulation of oxidoreductase activity","2/417","26/28943",0.0536174828578487,0.199492449762447,0.155105180618747,"Cyp27b1/Prkn",2
"GO:0071467","cellular response to pH","2/417","26/28943",0.0536174828578487,0.199492449762447,0.155105180618747,"Trpv1/Pkd2l1",2
"GO:0051606","detection of stimulus","8/417","283/28943",0.053643686853003,0.199492449762447,0.155105180618747,"Gpr88/Col11a1/Pip/Stim1/Igf1/Grk1/Trpv1/Pkd2l1",8
"GO:0097305","response to alcohol","7/417","234/28943",0.0537518228076022,0.199492449762447,0.155105180618747,"Adh1/Igf1/Cyp27b1/Ces1a/Ces1d/Ces1f/Aldh1a1",7
"GO:0055123","digestive system development","5/417","141/28943",0.0537635394132272,0.199492449762447,0.155105180618747,"Rarres2/Fgfr2/Igf1/Ccdc40/Tbx2",5
"GO:1903844","regulation of cellular response to transforming growth factor beta stimulus","5/417","141/28943",0.0537635394132272,0.199492449762447,0.155105180618747,"Pmepa1/Spry1/Htra3/Aspn/Nrep",5
"GO:0051146","striated muscle cell differentiation","9/417","334/28943",0.0541182520107701,0.20060701448169,0.155971753575745,"Lmod1/Agtr2/Alpk3/Stim1/Igf1/Myom2/Agt/Adamts15/Edn1",9
"GO:0002833","positive regulation of response to biotic stimulus","6/417","187/28943",0.0543387474422472,0.20122232252435,0.156450154964903,"Ifi208/Ifi207/Ifi205/Tlr8/Pla2g5/Trim30d",6
"GO:0019226","transmission of nerve impulse","4/417","99/28943",0.0551014303680696,0.203842165249412,0.158487080069324,"Gpr88/Avpr1a/Agt/Cacna1g",4
"GO:0007409","axonogenesis","12/417","493/28943",0.0552057096135167,0.203847224546441,0.158491013667715,"Cdh4/Ntng2/Lrp4/Flrt3/Ephb6/Fgfr2/Adcy1/Edn1/Flrt2/Boc/Rtn4r/Igfals",12
"GO:0031667","response to nutrient levels","10/417","387/28943",0.0552132244166958,0.203847224546441,0.158491013667715,"Ifi207/Wnt2b/Ppargc1a/Aoc1/Fes/Cyp27b1/Lpl/Fam107a/Wnk4/Trpv1",10
"GO:0002820","negative regulation of adaptive immune response","3/417","60/28943",0.0556442901153227,0.204824246366671,0.159250647157984,"Cd55/Il27ra/Il20rb",3
"GO:0043470","regulation of carbohydrate catabolic process","3/417","60/28943",0.0556442901153227,0.204824246366671,0.159250647157984,"Ppargc1a/Igf1/Gpd1",3
"GO:1902475","L-alpha-amino acid transmembrane transport","3/417","60/28943",0.0556442901153227,0.204824246366671,0.159250647157984,"Slc1a5/Slc7a2/Agt",3
"GO:0071214","cellular response to abiotic stimulus","9/417","336/28943",0.0557738614306396,0.204892633235743,0.159303817880444,"Atp1a2/Ifi207/Gpr88/Grk1/Mmp2/Mmp3/Trpv1/Serpinb6c/Pkd2l1",9
"GO:0104004","cellular response to environmental stimulus","9/417","336/28943",0.0557738614306396,0.204892633235743,0.159303817880444,"Atp1a2/Ifi207/Gpr88/Grk1/Mmp2/Mmp3/Trpv1/Serpinb6c/Pkd2l1",9
"GO:0031346","positive regulation of cell projection organization","11/417","441/28943",0.0562205428888503,0.206038600325673,0.160194806149316,"Itpka/Cdh4/Negr1/Ror1/Fes/Arap1/Agt/Acsl6/Adamts1/Cdc42ep3/Plce1",11
"GO:0016064","immunoglobulin mediated immune response","8/417","286/28943",0.0563633909049807,0.206038600325673,0.160194806149316,"Cd55/Cfi/C1s1/C1s2/Il27ra/Csf2rb/C4b/C3",8
"GO:0002761","regulation of myeloid leukocyte differentiation","5/417","143/28943",0.0564525663070839,0.206038600325673,0.160194806149316,"Clec2g/Ceacam1/Fes/Adipoq/Hcls1",5
"GO:0034614","cellular response to reactive oxygen species","5/417","143/28943",0.0564525663070839,0.206038600325673,0.160194806149316,"Cat/Mmp2/Gch1/Rnf112/Edn1",5
"GO:0001659","temperature homeostasis","6/417","189/28943",0.0566412172797806,0.206038600325673,0.160194806149316,"Nr1h3/Ppargc1a/Ces1d/Trpv1/Adipoq/Aldh1a1",6
"GO:1902903","regulation of supramolecular fiber organization","10/417","389/28943",0.0567629371171682,0.206038600325673,0.160194806149316,"Spta1/Lmod1/Eln/Shank1/Fes/Arap1/Edn1/Hcls1/Prkn/Cdc42ep3",10
"GO:0002028","regulation of sodium ion transport","4/417","100/28943",0.0567740178141429,0.206038600325673,0.160194806149316,"Hecw2/Atp1a2/Fxyd1/Wnk4",4
"GO:0003148","outflow tract septum morphogenesis","2/417","27/28943",0.0573693610874302,0.206038600325673,0.160194806149316,"Fgfr2/Tbx2",2
"GO:0009713","catechol-containing compound biosynthetic process","2/417","27/28943",0.0573693610874302,0.206038600325673,0.160194806149316,"Agtr2/Gch1",2
"GO:0015740","C4-dicarboxylate transport","2/417","27/28943",0.0573693610874302,0.206038600325673,0.160194806149316,"Slc1a5/Gfap",2
"GO:0032069","regulation of nuclease activity","2/417","27/28943",0.0573693610874302,0.206038600325673,0.160194806149316,"Oas1g/Oas2",2
"GO:0035809","regulation of urine volume","2/417","27/28943",0.0573693610874302,0.206038600325673,0.160194806149316,"Adm/Edn1",2
"GO:0042423","catecholamine biosynthetic process","2/417","27/28943",0.0573693610874302,0.206038600325673,0.160194806149316,"Agtr2/Gch1",2
"GO:0043129","surfactant homeostasis","2/417","27/28943",0.0573693610874302,0.206038600325673,0.160194806149316,"Oas1g/Napsa",2
"GO:0046823","negative regulation of nucleocytoplasmic transport","2/417","27/28943",0.0573693610874302,0.206038600325673,0.160194806149316,"Gbp4/Apod",2
"GO:0051969","regulation of transmission of nerve impulse","2/417","27/28943",0.0573693610874302,0.206038600325673,0.160194806149316,"Avpr1a/Agt",2
"GO:0060252","positive regulation of glial cell proliferation","2/417","27/28943",0.0573693610874302,0.206038600325673,0.160194806149316,"Igf1/Gfap",2
"GO:0062009","secondary palate development","2/417","27/28943",0.0573693610874302,0.206038600325673,0.160194806149316,"Jag2/Col11a2",2
"GO:0071549","cellular response to dexamethasone stimulus","2/417","27/28943",0.0573693610874302,0.206038600325673,0.160194806149316,"Agtr2/Trim63",2
"GO:0072567","chemokine (C-X-C motif) ligand 2 production","2/417","27/28943",0.0573693610874302,0.206038600325673,0.160194806149316,"Oas1g/Lpl",2
"GO:0090382","phagosome maturation","2/417","27/28943",0.0573693610874302,0.206038600325673,0.160194806149316,"Pla2g5/Myo7a",2
"GO:1901857","positive regulation of cellular respiration","2/417","27/28943",0.0573693610874302,0.206038600325673,0.160194806149316,"Ppargc1a/Oas1g",2
"GO:2000341","regulation of chemokine (C-X-C motif) ligand 2 production","2/417","27/28943",0.0573693610874302,0.206038600325673,0.160194806149316,"Oas1g/Lpl",2
"GO:0043407","negative regulation of MAP kinase activity","3/417","61/28943",0.0579212794728132,0.207616858071482,0.161421899971754,"Spry1/Agt/Adipoq",3
"GO:0046470","phosphatidylcholine metabolic process","3/417","61/28943",0.0579212794728132,0.207616858071482,0.161421899971754,"Nr1h3/Pla2g5/Apoc1",3
"GO:0006885","regulation of pH","4/417","101/28943",0.0584736444487697,0.208988088388052,0.16248803017455,"Slc4a5/Avpr1a/Car7/Edn1",4
"GO:0043502","regulation of muscle adaptation","4/417","101/28943",0.0584736444487697,0.208988088388052,0.16248803017455,"Trim63/Igf1/Agt/Edn1",4
"GO:0044264","cellular polysaccharide metabolic process","4/417","101/28943",0.0584736444487697,0.208988088388052,0.16248803017455,"Irs1/Phkg1/Igf1/Ppp1r2",4
"GO:1904064","positive regulation of cation transmembrane transport","6/417","191/28943",0.0590015702599082,0.210670983945436,0.163796479791072,"Adcyap1r1/Fxyd1/Stim1/Agt/Wnk4/Edn1",6
"GO:0019724","B cell mediated immunity","8/417","289/28943",0.0591693273020855,0.211065851593526,0.164103488993427,"Cd55/Cfi/C1s1/C1s2/Il27ra/Csf2rb/C4b/C3",8
"GO:0051235","maintenance of location","9/417","341/28943",0.0600555597631183,0.213447593359125,0.165955290839463,"Nr1h3/Pnpla2/Chchd10/Lpl/Ces1a/Ces1d/Ces1f/Chrd/C3",9
"GO:0060021","roof of mouth development","4/417","102/28943",0.0602002178151247,0.213447593359125,0.165955290839463,"Tbx2/Jag2/Osr2/Col11a2",4
"GO:0051650","establishment of vesicle localization","6/417","192/28943",0.0602034774105901,0.213447593359125,0.165955290839463,"Myo7a/Fgfr2/Dipk2a/Mapk15/Sybu/Prkn",6
"GO:0035176","social behavior","3/417","62/28943",0.0602417097183662,0.213447593359125,0.165955290839463,"Shank1/Avpr1a/Peg13",3
"GO:0050982","detection of mechanical stimulus","3/417","62/28943",0.0602417097183662,0.213447593359125,0.165955290839463,"Col11a1/Igf1/Pkd2l1",3
"GO:0060711","labyrinthine layer development","3/417","62/28943",0.0602417097183662,0.213447593359125,0.165955290839463,"Adm/Fgfr2/Vash1",3
"GO:0090303","positive regulation of wound healing","3/417","62/28943",0.0602417097183662,0.213447593359125,0.165955290839463,"Tbxa2r/Vtn/Smoc2",3
"GO:0030833","regulation of actin filament polymerization","5/417","146/28943",0.0606288493501066,0.21420467701061,0.166543922623006,"Spta1/Lmod1/Eln/Hcls1/Cdc42ep3",5
"GO:0046777","protein autophosphorylation","7/417","241/28943",0.060990069262186,0.21420467701061,0.166543922623006,"Musk/Fes/Fgfr2/Grk1/Dapk1/Mapk15/Adipoq",7
"GO:0015874","norepinephrine transport","2/417","28/28943",0.061209624660399,0.21420467701061,0.166543922623006,"Agtr2/Agt",2
"GO:0032148","activation of protein kinase B activity","2/417","28/28943",0.061209624660399,0.21420467701061,0.166543922623006,"Igf1/Ang3",2
"GO:0042104","positive regulation of activated T cell proliferation","2/417","28/28943",0.061209624660399,0.21420467701061,0.166543922623006,"Igf1/Il27ra",2
"GO:0042430","indole-containing compound metabolic process","2/417","28/28943",0.061209624660399,0.21420467701061,0.166543922623006,"Tdo2/Gch1",2
"GO:0042573","retinoic acid metabolic process","2/417","28/28943",0.061209624660399,0.21420467701061,0.166543922623006,"Adh1/Aldh1a1",2
"GO:0046688","response to copper ion","2/417","28/28943",0.061209624660399,0.21420467701061,0.166543922623006,"Aoc1/Cyp27b1",2
"GO:0050820","positive regulation of coagulation","2/417","28/28943",0.061209624660399,0.21420467701061,0.166543922623006,"Tbxa2r/Vtn",2
"GO:0051767","nitric-oxide synthase biosynthetic process","2/417","28/28943",0.061209624660399,0.21420467701061,0.166543922623006,"Edn1/Nampt",2
"GO:0051769","regulation of nitric-oxide synthase biosynthetic process","2/417","28/28943",0.061209624660399,0.21420467701061,0.166543922623006,"Edn1/Nampt",2
"GO:0060713","labyrinthine layer morphogenesis","2/417","28/28943",0.061209624660399,0.21420467701061,0.166543922623006,"Adm/Fgfr2",2
"GO:2000310","regulation of NMDA receptor activity","2/417","28/28943",0.061209624660399,0.21420467701061,0.166543922623006,"Ppargc1a/Dapk1",2
"GO:0009062","fatty acid catabolic process","4/417","103/28943",0.0619536380201538,0.215989023714016,0.167931250404323,"Irs1/Ces1d/Ces1f/Adipoq",4
"GO:0010660","regulation of muscle cell apoptotic process","4/417","103/28943",0.0619536380201538,0.215989023714016,0.167931250404323,"Igf1/Agt/Dipk2a/Edn1",4
"GO:0046330","positive regulation of JNK cascade","4/417","103/28943",0.0619536380201538,0.215989023714016,0.167931250404323,"Nrk/Edar/Mmp8/Fgd4",4
"GO:0060759","regulation of response to cytokine stimulus","5/417","147/28943",0.0620589518541112,0.215989023714016,0.167931250404323,"Ccdc3/Oas1g/Edn1/Adipoq/Prkn",5
"GO:0090101","negative regulation of transmembrane receptor protein serine/threonine kinase signaling pathway","5/417","147/28943",0.0620589518541112,0.215989023714016,0.167931250404323,"Pmepa1/Spry1/Htra3/Aspn/Chrd",5
"GO:0071560","cellular response to transforming growth factor beta stimulus","7/417","242/28943",0.0620705184616931,0.215989023714016,0.167931250404323,"Pmepa1/Spry1/Htra3/Ppargc1a/Ltbp4/Aspn/Nrep",7
"GO:0050777","negative regulation of immune response","6/417","194/28943",0.062650782516697,0.217802908711531,0.169341544179832,"Cd55/Ifi207/Oas1g/Ceacam1/Il27ra/Il20rb",6
"GO:0046651","lymphocyte proliferation","9/417","344/28943",0.0627230642360955,0.217849062238631,0.169377428501097,"Cd55/Spta1/Ephb6/Ceacam1/Itgal/Igf1/Il27ra/Il20rb/Cfb",9
"GO:0070997","neuron death","11/417","450/28943",0.0630005114644149,0.218607037900958,0.16996675382218,"Agtr2/Musk/Ppargc1a/Igf1/Grk1/Agt/Il27ra/Gpr75/Ghr/Nrbp2/Prkn",11
"GO:0006836","neurotransmitter transport","7/417","243/28943",0.0631626098565756,0.218963714169462,0.170244069265018,"Atp1a2/Slc6a12/Syn2/Gfap/Adcy1/Prkn/Slc6a7",7
"GO:0007173","epidermal growth factor receptor signaling pathway","4/417","104/28943",0.0637337978833097,0.220529692394732,0.171461615772491,"Ceacam1/Agt/Fam83a/Plce1",4
"GO:0007229","integrin-mediated signaling pathway","4/417","104/28943",0.0637337978833097,0.220529692394732,0.171461615772491,"Itgal/Itga7/Itgbl1/Lims2",4
"GO:0043524","negative regulation of neuron apoptotic process","6/417","195/28943",0.0638961856189242,0.220677939480887,0.171576877734042,"Ppargc1a/Grk1/Agt/Il27ra/Nrbp2/Prkn",6
"GO:1901654","response to ketone","6/417","195/28943",0.0638961856189242,0.220677939480887,0.171576877734042,"Nr1h3/Fibin/Agtr2/Adh1/Trim63/Cyp27b1",6
"GO:0032535","regulation of cellular component size","10/417","398/28943",0.0640887209372804,0.221136035234056,0.171933046725001,"Spta1/Lmod1/Cdh4/Eln/Slc6a12/Gnb3/Edn1/Rtn4r/Hcls1/Cdc42ep3",10
"GO:1901214","regulation of neuron death","10/417","399/28943",0.0649385404930637,0.221915387464535,0.172538992306491,"Musk/Ppargc1a/Igf1/Grk1/Agt/Il27ra/Gpr75/Ghr/Nrbp2/Prkn",10
"GO:0043467","regulation of generation of precursor metabolites and energy","5/417","149/28943",0.0649760380961383,0.221915387464535,0.172538992306491,"Irs1/Ppargc1a/Oas1g/Igf1/Gpd1",5
"GO:0050671","positive regulation of lymphocyte proliferation","5/417","149/28943",0.0649760380961383,0.221915387464535,0.172538992306491,"Cd55/Spta1/Itgal/Igf1/Il27ra",5
"GO:0106106","cold-induced thermogenesis","5/417","149/28943",0.0649760380961383,0.221915387464535,0.172538992306491,"Nr1h3/Ppargc1a/Ces1d/Adipoq/Aldh1a1",5
"GO:0033692","cellular polysaccharide biosynthetic process","3/417","64/28943",0.0650110208485792,0.221915387464535,0.172538992306491,"Irs1/Phkg1/Igf1",3
"GO:0001759","organ induction","2/417","29/28943",0.0651349617995605,0.221915387464535,0.172538992306491,"Spry1/Wnt2b",2
"GO:0010893","positive regulation of steroid biosynthetic process","2/417","29/28943",0.0651349617995605,0.221915387464535,0.172538992306491,"Ppargc1a/Igf1",2
"GO:0010954","positive regulation of protein processing","2/417","29/28943",0.0651349617995605,0.221915387464535,0.172538992306491,"Spon1/Clec3b",2
"GO:0034104","negative regulation of tissue remodeling","2/417","29/28943",0.0651349617995605,0.221915387464535,0.172538992306491,"Ceacam1/Agt",2
"GO:0048199","vesicle targeting, to, from or within Golgi","2/417","29/28943",0.0651349617995605,0.221915387464535,0.172538992306491,"Dipk2a/Mapk15",2
"GO:0048875","chemical homeostasis within a tissue","2/417","29/28943",0.0651349617995605,0.221915387464535,0.172538992306491,"Oas1g/Napsa",2
"GO:0060045","positive regulation of cardiac muscle cell proliferation","2/417","29/28943",0.0651349617995605,0.221915387464535,0.172538992306491,"Fgfr2/Tbx2",2
"GO:0060571","morphogenesis of an epithelial fold","2/417","29/28943",0.0651349617995605,0.221915387464535,0.172538992306491,"Wnt2b/Fgfr2",2
"GO:2001257","regulation of cation channel activity","6/417","196/28943",0.0651560888438666,0.221915387464535,0.172538992306491,"Kcnab1/Ppargc1a/Shank1/Stim1/Edn1/Dapk1",6
"GO:0031668","cellular response to extracellular stimulus","7/417","245/28943",0.065381755489279,0.222478747710984,0.172977004335934,"Ifi207/Wnt2b/Aoc1/Fes/Cyp27b1/Lpl/Fam107a",7
"GO:0009135","purine nucleoside diphosphate metabolic process","4/417","105/28943",0.0655405830858588,0.22260886177828,0.173078167893417,"Entpd2/Ppargc1a/Igf1/Gpd1",4
"GO:0009179","purine ribonucleoside diphosphate metabolic process","4/417","105/28943",0.0655405830858588,0.22260886177828,0.173078167893417,"Entpd2/Ppargc1a/Igf1/Gpd1",4
"GO:0055007","cardiac muscle cell differentiation","5/417","150/28943",0.0664629649224292,0.225482625879117,0.175312516614116,"Agtr2/Alpk3/Igf1/Agt/Edn1",5
"GO:0071559","response to transforming growth factor beta","7/417","246/28943",0.066508824372253,0.225482625879117,0.175312516614116,"Pmepa1/Spry1/Htra3/Ppargc1a/Ltbp4/Aspn/Nrep",7
"GO:0034728","nucleosome organization","4/417","106/28943",0.0673738723206366,0.227658481232848,0.177004241980378,"H4c14/H2bc18/H1f2/H1f3",4
"GO:0002707","negative regulation of lymphocyte mediated immunity","3/417","65/28943",0.0674589324129838,0.227658481232848,0.177004241980378,"Cd55/Ceacam1/Il20rb",3
"GO:0010656","negative regulation of muscle cell apoptotic process","3/417","65/28943",0.0674589324129838,0.227658481232848,0.177004241980378,"Igf1/Dipk2a/Edn1",3
"GO:0051703","biological process involved in intraspecies interaction between organisms","3/417","65/28943",0.0674589324129838,0.227658481232848,0.177004241980378,"Shank1/Avpr1a/Peg13",3
"GO:2000401","regulation of lymphocyte migration","3/417","65/28943",0.0674589324129838,0.227658481232848,0.177004241980378,"Cxcl13/Il27ra/Apod",3
"GO:0008154","actin polymerization or depolymerization","6/417","198/28943",0.0677193817752575,0.228328728323516,0.177525358424539,"Spta1/Lmod1/Eln/Fam107a/Hcls1/Cdc42ep3",6
"GO:0045165","cell fate commitment","8/417","298/28943",0.0681087556942073,0.229432049291071,0.17838318937582,"Wnt2b/Ptch2/Tenm4/Fgfr2/Tbx2/Edn1/Jag2/Chrd",8
"GO:0005979","regulation of glycogen biosynthetic process","2/417","30/28943",0.0691421374025061,0.230835394667771,0.17947428900582,"Irs1/Igf1",2
"GO:0010962","regulation of glucan biosynthetic process","2/417","30/28943",0.0691421374025061,0.230835394667771,0.17947428900582,"Irs1/Igf1",2
"GO:0032682","negative regulation of chemokine production","2/417","30/28943",0.0691421374025061,0.230835394667771,0.17947428900582,"Oas1g/Apod",2
"GO:0045762","positive regulation of adenylate cyclase activity","2/417","30/28943",0.0691421374025061,0.230835394667771,0.17947428900582,"Stim1/Adcy1",2
"GO:0048261","negative regulation of receptor-mediated endocytosis","2/417","30/28943",0.0691421374025061,0.230835394667771,0.17947428900582,"Apoc1/Adipoq",2
"GO:0048596","embryonic camera-type eye morphogenesis","2/417","30/28943",0.0691421374025061,0.230835394667771,0.17947428900582,"Tbx2/Aldh1a1",2
"GO:0071312","cellular response to alkaloid","2/417","30/28943",0.0691421374025061,0.230835394667771,0.17947428900582,"Ppp1r1b/Trpv1",2
"GO:0150077","regulation of neuroinflammatory response","2/417","30/28943",0.0691421374025061,0.230835394667771,0.17947428900582,"Igf1/Mmp8",2
"GO:1900078","positive regulation of cellular response to insulin stimulus","2/417","30/28943",0.0691421374025061,0.230835394667771,0.17947428900582,"Irs1/Agt",2
"GO:0071695","anatomical structure maturation","8/417","299/28943",0.0691505813928914,0.230835394667771,0.17947428900582,"Ren1/Tcp11x2/Igf1/Mmp2/Trpv1/Edn1/C3/Slc26a8",8
"GO:0032943","mononuclear cell proliferation","9/417","351/28943",0.0692368486486936,0.230914584653096,0.179535859140387,"Cd55/Spta1/Ephb6/Ceacam1/Itgal/Igf1/Il27ra/Il20rb/Cfb",9
"GO:0010508","positive regulation of autophagy","5/417","152/28943",0.0694934158136097,0.231143865931394,0.179714125105466,"Rufy4/Trim30d/Trim30b/Dapk1/Prkn",5
"GO:0032946","positive regulation of mononuclear cell proliferation","5/417","152/28943",0.0694934158136097,0.231143865931394,0.179714125105466,"Cd55/Spta1/Itgal/Igf1/Il27ra",5
"GO:0046660","female sex differentiation","5/417","152/28943",0.0694934158136097,0.231143865931394,0.179714125105466,"Mertk/Sohlh1/Mmp2/Agt/Adamts1",5
"GO:0009994","oocyte differentiation","3/417","66/28943",0.069948347687092,0.232447614456115,0.180727788282439,"Sohlh1/Igf1/Edn1",3
"GO:0010657","muscle cell apoptotic process","4/417","108/28943",0.0711194436167982,0.23596240840723,0.183460537072052,"Igf1/Agt/Dipk2a/Edn1",4
"GO:0032868","response to insulin","7/417","250/28943",0.0711338463047799,0.23596240840723,0.183460537072052,"Irs1/Rarres2/Ceacam1/Cyp27b1/Lpl/Agt/Adipoq",7
"GO:0002227","innate immune response in mucosa","3/417","67/28943",0.0724787519548148,0.237990972467553,0.185037743604669,"Ear1/Ear10/Ear2",3
"GO:0032387","negative regulation of intracellular transport","3/417","67/28943",0.0724787519548148,0.237990972467553,0.185037743604669,"Gbp4/Adipoq/Apod",3
"GO:0032608","interferon-beta production","3/417","67/28943",0.0724787519548148,0.237990972467553,0.185037743604669,"Tlr8/Oas1g/Oas2",3
"GO:0032648","regulation of interferon-beta production","3/417","67/28943",0.0724787519548148,0.237990972467553,0.185037743604669,"Tlr8/Oas1g/Oas2",3
"GO:0048008","platelet-derived growth factor receptor signaling pathway","3/417","67/28943",0.0724787519548148,0.237990972467553,0.185037743604669,"Txnip/Adipoq/Apod",3
"GO:0007179","transforming growth factor beta receptor signaling pathway","6/417","202/28943",0.0730196946434844,0.237990972467553,0.185037743604669,"Pmepa1/Spry1/Htra3/Ltbp4/Aspn/Nrep",6
"GO:0015844","monoamine transport","4/417","109/28943",0.0730314494734373,0.237990972467553,0.185037743604669,"Agtr2/Agt/Mapk15/Prkn",4
"GO:0016525","negative regulation of angiogenesis","4/417","109/28943",0.0730314494734373,0.237990972467553,0.185037743604669,"Angpt4/Agt/Vash1/Adamts1",4
"GO:0034446","substrate adhesion-dependent cell spreading","4/417","109/28943",0.0730314494734373,0.237990972467553,0.185037743604669,"Ntng2/Mertk/Megf9/Lims2",4
"GO:0043255","regulation of carbohydrate biosynthetic process","4/417","109/28943",0.0730314494734373,0.237990972467553,0.185037743604669,"Irs1/Adcyap1r1/Igf1/Adipoq",4
"GO:0002026","regulation of the force of heart contraction","2/417","31/28943",0.0732279915284778,0.237990972467553,0.185037743604669,"Atp1a2/Adm",2
"GO:0003085","negative regulation of systemic arterial blood pressure","2/417","31/28943",0.0732279915284778,0.237990972467553,0.185037743604669,"Agtr2/Trpv1",2
"GO:0007602","phototransduction","2/417","31/28943",0.0732279915284778,0.237990972467553,0.185037743604669,"Gpr88/Grk1",2
"GO:0015721","bile acid and bile salt transport","2/417","31/28943",0.0732279915284778,0.237990972467553,0.185037743604669,"Ceacam1/Slco2b1",2
"GO:0032647","regulation of interferon-alpha production","2/417","31/28943",0.0732279915284778,0.237990972467553,0.185037743604669,"Tlr8/Gbp4",2
"GO:0032958","inositol phosphate biosynthetic process","2/417","31/28943",0.0732279915284778,0.237990972467553,0.185037743604669,"Itpka/Adcyap1r1",2
"GO:0035094","response to nicotine","2/417","31/28943",0.0732279915284778,0.237990972467553,0.185037743604669,"Atp1a2/Ppp1r1b",2
"GO:0035767","endothelial cell chemotaxis","2/417","31/28943",0.0732279915284778,0.237990972467553,0.185037743604669,"Cxcl13/Smoc2",2
"GO:0051957","positive regulation of amino acid transport","2/417","31/28943",0.0732279915284778,0.237990972467553,0.185037743604669,"Avpr1a/Agt",2
"GO:0070233","negative regulation of T cell apoptotic process","2/417","31/28943",0.0732279915284778,0.237990972467553,0.185037743604669,"Tsc22d3/Pip",2
"GO:0090208","positive regulation of triglyceride metabolic process","2/417","31/28943",0.0732279915284778,0.237990972467553,0.185037743604669,"Nr1h3/Pnpla2",2
"GO:1901889","negative regulation of cell junction assembly","2/417","31/28943",0.0732279915284778,0.237990972467553,0.185037743604669,"Fam107a/Apod",2
"GO:1903319","positive regulation of protein maturation","2/417","31/28943",0.0732279915284778,0.237990972467553,0.185037743604669,"Spon1/Clec3b",2
"GO:0050670","regulation of lymphocyte proliferation","7/417","253/28943",0.0747252265807451,0.242417494313102,0.188479359922401,"Cd55/Spta1/Ceacam1/Itgal/Igf1/Il27ra/Il20rb",7
"GO:0010595","positive regulation of endothelial cell migration","4/417","110/28943",0.074969407253632,0.242417494313102,0.188479359922401,"Angpt4/Igf1/Agt/Smoc2",4
"GO:0032642","regulation of chemokine production","4/417","110/28943",0.074969407253632,0.242417494313102,0.188479359922401,"Oas1g/Lpl/Adipoq/Apod",4
"GO:0006801","superoxide metabolic process","3/417","68/28943",0.0750496197182762,0.242417494313102,0.188479359922401,"Agt/Gch1/Edn1",3
"GO:0007584","response to nutrient","3/417","68/28943",0.0750496197182762,0.242417494313102,0.188479359922401,"Fes/Cyp27b1/Lpl",3
"GO:0019098","reproductive behavior","3/417","68/28943",0.0750496197182762,0.242417494313102,0.188479359922401,"Avpr1a/Ppp1r1b/Peg13",3
"GO:0046496","nicotinamide nucleotide metabolic process","3/417","68/28943",0.0750496197182762,0.242417494313102,0.188479359922401,"Fmo1/Fmo2/Nampt",3
"GO:0032760","positive regulation of tumor necrosis factor production","4/417","111/28943",0.0769331629620427,0.248067456468001,0.192872199859793,"Oas1g/Oas2/Lpl/Mmp8",4
"GO:2000181","negative regulation of blood vessel morphogenesis","4/417","111/28943",0.0769331629620427,0.248067456468001,0.192872199859793,"Angpt4/Agt/Vash1/Adamts1",4
"GO:0003416","endochondral bone growth","2/417","32/28943",0.0773894379127499,0.248453743281628,0.193172537471917,"Col27a1/Comp",2
"GO:0030224","monocyte differentiation","2/417","32/28943",0.0773894379127499,0.248453743281628,0.193172537471917,"Ifi207/Fes",2
"GO:0034389","lipid droplet organization","2/417","32/28943",0.0773894379127499,0.248453743281628,0.193172537471917,"Cidec/Pnpla2",2
"GO:0048714","positive regulation of oligodendrocyte differentiation","2/417","32/28943",0.0773894379127499,0.248453743281628,0.193172537471917,"Tenm4/Aspa",2
"GO:0061050","regulation of cell growth involved in cardiac muscle cell development","2/417","32/28943",0.0773894379127499,0.248453743281628,0.193172537471917,"Igf1/Edn1",2
"GO:0001523","retinoid metabolic process","3/417","69/28943",0.0776604153547865,0.248459491758988,0.193177006907327,"Adh1/Rarres2/Aldh1a1",3
"GO:0006940","regulation of smooth muscle contraction","3/417","69/28943",0.0776604153547865,0.248459491758988,0.193177006907327,"Atp1a2/Tbxa2r/Edn1",3
"GO:0086003","cardiac muscle cell contraction","3/417","69/28943",0.0776604153547865,0.248459491758988,0.193177006907327,"Atp1a2/Fxyd1/Cacna1g",3
"GO:1901224","positive regulation of NIK/NF-kappaB signaling","3/417","69/28943",0.0776604153547865,0.248459491758988,0.193177006907327,"Edar/Mmp8/Edn1",3
"GO:0032271","regulation of protein polymerization","6/417","206/28943",0.0785509115947366,0.251090879314084,0.195222908105579,"Spta1/Lmod1/Eln/Fes/Hcls1/Cdc42ep3",6
"GO:1901343","negative regulation of vasculature development","4/417","112/28943",0.0789225565165239,0.251981162403475,0.195915102319176,"Angpt4/Agt/Vash1/Adamts1",4
"GO:0071496","cellular response to external stimulus","8/417","308/28943",0.0789659276546102,0.251981162403475,0.195915102319176,"Atp1a2/Ifi207/Wnt2b/Aoc1/Fes/Cyp27b1/Lpl/Fam107a",8
"GO:0043491","protein kinase B signaling","6/417","207/28943",0.0799696479777013,0.254963679044623,0.198234006031444,"Irs1/Mertk/Igf1/Lingo1/Mmp3/Hcls1",6
"GO:0001960","negative regulation of cytokine-mediated signaling pathway","3/417","70/28943",0.0803105937538009,0.255169287555106,0.19839386644317,"Ccdc3/Oas1g/Adipoq",3
"GO:0019362","pyridine nucleotide metabolic process","3/417","70/28943",0.0803105937538009,0.255169287555106,0.19839386644317,"Fmo1/Fmo2/Nampt",3
"GO:0032720","negative regulation of tumor necrosis factor production","3/417","70/28943",0.0803105937538009,0.255169287555106,0.19839386644317,"Igf1/Il27ra/Adipoq",3
"GO:0099601","regulation of neurotransmitter receptor activity","3/417","70/28943",0.0803105937538009,0.255169287555106,0.19839386644317,"Ppargc1a/Shank1/Dapk1",3
"GO:0005976","polysaccharide metabolic process","4/417","113/28943",0.0809374218979509,0.25538459625401,0.198561268741713,"Irs1/Phkg1/Igf1/Ppp1r2",4
"GO:0071482","cellular response to light stimulus","4/417","113/28943",0.0809374218979509,0.25538459625401,0.198561268741713,"Gpr88/Grk1/Mmp2/Mmp3",4
"GO:1903557","positive regulation of tumor necrosis factor superfamily cytokine production","4/417","113/28943",0.0809374218979509,0.25538459625401,0.198561268741713,"Oas1g/Oas2/Lpl/Mmp8",4
"GO:0032944","regulation of mononuclear cell proliferation","7/417","258/28943",0.080944138332621,0.25538459625401,0.198561268741713,"Cd55/Spta1/Ceacam1/Itgal/Igf1/Il27ra/Il20rb",7
"GO:0090257","regulation of muscle system process","7/417","258/28943",0.080944138332621,0.25538459625401,0.198561268741713,"Atp1a2/Trim63/Fxyd1/Igf1/Tbxa2r/Agt/Edn1",7
"GO:0050954","sensory perception of mechanical stimulus","8/417","310/28943",0.0812544828831824,0.25538459625401,0.198561268741713,"Col11a1/Ror1/Myo7a/Igf1/Trpv1/Serpinb6c/Jag2/Col11a2",8
"GO:0099173","postsynapse organization","6/417","208/28943",0.0814027076864717,0.25538459625401,0.198561268741713,"Itpka/Ntng2/Lrp4/Musk/Shank1/Colq",6
"GO:0002834","regulation of response to tumor cell","2/417","33/28943",0.0816234625080529,0.25538459625401,0.198561268741713,"Ceacam1/Dapk1",2
"GO:0034505","tooth mineralization","2/417","33/28943",0.0816234625080529,0.25538459625401,0.198561268741713,"Stim1/Aspn",2
"GO:0040036","regulation of fibroblast growth factor receptor signaling pathway","2/417","33/28943",0.0816234625080529,0.25538459625401,0.198561268741713,"Spry1/Smoc2",2
"GO:0048566","embryonic digestive tract development","2/417","33/28943",0.0816234625080529,0.25538459625401,0.198561268741713,"Rarres2/Fgfr2",2
"GO:0050996","positive regulation of lipid catabolic process","2/417","33/28943",0.0816234625080529,0.25538459625401,0.198561268741713,"Irs1/Pnpla2",2
"GO:0050999","regulation of nitric-oxide synthase activity","2/417","33/28943",0.0816234625080529,0.25538459625401,0.198561268741713,"Agtr2/Gch1",2
"GO:0060074","synapse maturation","2/417","33/28943",0.0816234625080529,0.25538459625401,0.198561268741713,"Shank1/Sybu",2
"GO:0060669","embryonic placenta morphogenesis","2/417","33/28943",0.0816234625080529,0.25538459625401,0.198561268741713,"Adm/Fgfr2",2
"GO:0099068","postsynapse assembly","2/417","33/28943",0.0816234625080529,0.25538459625401,0.198561268741713,"Ntng2/Lrp4",2
"GO:0120178","steroid hormone biosynthetic process","2/417","33/28943",0.0816234625080529,0.25538459625401,0.198561268741713,"Ppargc1a/Hsd17b1",2
"GO:1904706","negative regulation of vascular associated smooth muscle cell proliferation","2/417","33/28943",0.0816234625080529,0.25538459625401,0.198561268741713,"Agt/Adipoq",2
"GO:0060348","bone development","7/417","259/28943",0.0822228417586574,0.257042109883965,0.199849983934987,"Ripply1/Col27a1/Fgfr2/Igf1/Comp/Ogn/Osr2",7
"GO:0010634","positive regulation of epithelial cell migration","5/417","160/28943",0.082363136582409,0.257262859781941,0.200021616760379,"Irs1/Angpt4/Igf1/Agt/Smoc2",5
"GO:0007156","homophilic cell adhesion via plasma membrane adhesion molecules","4/417","114/28943",0.0829775872996705,0.257941520748834,0.200549274984909,"Cdh26/Cdh4/Ceacam1/Kirrel3",4
"GO:0009620","response to fungus","3/417","71/28943",0.0829996009343485,0.257941520748834,0.200549274984909,"Pla2g5/Rarres2/Ang3",3
"GO:0016101","diterpenoid metabolic process","3/417","71/28943",0.0829996009343485,0.257941520748834,0.200549274984909,"Adh1/Rarres2/Aldh1a1",3
"GO:0030239","myofibril assembly","3/417","71/28943",0.0829996009343485,0.257941520748834,0.200549274984909,"Lmod1/Myom2/Edn1",3
"GO:0042733","embryonic digit morphogenesis","3/417","71/28943",0.0829996009343485,0.257941520748834,0.200549274984909,"Lrp4/Tbx2/Osr2",3
"GO:1903556","negative regulation of tumor necrosis factor superfamily cytokine production","3/417","71/28943",0.0829996009343485,0.257941520748834,0.200549274984909,"Igf1/Il27ra/Adipoq",3
"GO:0007601","visual perception","5/417","161/28943",0.0840550641391317,0.260782602354348,0.202758213098109,"Nyx/Col11a1/Myo7a/Lum/Grk1",5
"GO:2000377","regulation of reactive oxygen species metabolic process","5/417","161/28943",0.0840550641391317,0.260782602354348,0.202758213098109,"Agt/Gch1/Mmp8/Mmp3/Prkn",5
"GO:0009991","response to extracellular stimulus","10/417","420/28943",0.0844644195219734,0.26183260862731,0.203574591927546,"Ifi207/Wnt2b/Ppargc1a/Aoc1/Fes/Cyp27b1/Lpl/Fam107a/Wnk4/Trpv1",10
"GO:0019058","viral life cycle","7/417","261/28943",0.0848150771252829,0.262699047606161,0.204248247368992,"Rnasel/Ifi207/Oas1g/Oas2/Trim30d/Trim30b/Prkn",7
"GO:0000271","polysaccharide biosynthetic process","3/417","72/28943",0.0857268746434061,0.263272144911279,0.204693829951832,"Irs1/Phkg1/Igf1",3
"GO:0007585","respiratory gaseous exchange by respiratory system","3/417","72/28943",0.0857268746434061,0.263272144911279,0.204693829951832,"Atp1a2/Edn1/Jag2",3
"GO:0032481","positive regulation of type I interferon production","3/417","72/28943",0.0857268746434061,0.263272144911279,0.204693829951832,"Tlr8/Oas1g/Oas2",3
"GO:0043506","regulation of JUN kinase activity","3/417","72/28943",0.0857268746434061,0.263272144911279,0.204693829951832,"Edn1/Fgd4/Fgd2",3
"GO:0055002","striated muscle cell development","3/417","72/28943",0.0857268746434061,0.263272144911279,0.204693829951832,"Lmod1/Myom2/Edn1",3
"GO:0070613","regulation of protein processing","3/417","72/28943",0.0857268746434061,0.263272144911279,0.204693829951832,"Spon1/Clec3b/Ctla2a",3
"GO:0003156","regulation of animal organ formation","2/417","34/28943",0.0859271220525707,0.263272144911279,0.204693829951832,"Spry1/Wnt2b",2
"GO:0014047","glutamate secretion","2/417","34/28943",0.0859271220525707,0.263272144911279,0.204693829951832,"Avpr1a/Trpv1",2
"GO:0032607","interferon-alpha production","2/417","34/28943",0.0859271220525707,0.263272144911279,0.204693829951832,"Tlr8/Gbp4",2
"GO:0060402","calcium ion transport into cytosol","2/417","34/28943",0.0859271220525707,0.263272144911279,0.204693829951832,"Adcyap1r1/Cacna1g",2
"GO:0090322","regulation of superoxide metabolic process","2/417","34/28943",0.0859271220525707,0.263272144911279,0.204693829951832,"Agt/Gch1",2
"GO:0099560","synaptic membrane adhesion","2/417","34/28943",0.0859271220525707,0.263272144911279,0.204693829951832,"Ntng2/Flrt3",2
"GO:1903959","regulation of anion transmembrane transport","2/417","34/28943",0.0859271220525707,0.263272144911279,0.204693829951832,"Fxyd1/Agt",2
"GO:0051348","negative regulation of transferase activity","7/417","262/28943",0.0861285798884873,0.263670577900742,0.205003611203548,"Spry1/Gckr/Ceacam1/Agt/Wnk4/Adipoq/Prkn",7
"GO:0001942","hair follicle development","4/417","116/28943",0.087133102893138,0.266304152219756,0.207051212608563,"Lrp4/Fgfr2/Edar/Trpv1",4
"GO:0060840","artery development","4/417","116/28943",0.087133102893138,0.266304152219756,0.207051212608563,"Comp/Tbx2/Edn1/Chrd",4
"GO:0032869","cellular response to insulin stimulus","6/417","212/28943",0.0872775821298242,0.266525089514732,0.207222991134936,"Irs1/Rarres2/Ceacam1/Lpl/Agt/Adipoq",6
"GO:0009755","hormone-mediated signaling pathway","5/417","163/28943",0.0874936547085823,0.266964110069492,0.207564329178168,"Ren1/Nr1h3/Igf1/Ghr/Peg13",5
"GO:0008542","visual learning","3/417","73/28943",0.088491844935683,0.269564266916289,0.209585948531881,"Atp1a2/Ppp1r1b/Chrd",3
"GO:0048168","regulation of neuronal synaptic plasticity","3/417","73/28943",0.088491844935683,0.269564266916289,0.209585948531881,"S100b/Agt/Chrd",3
"GO:0034767","positive regulation of ion transmembrane transport","6/417","213/28943",0.0887817926213372,0.270224549347054,0.210099317462912,"Adcyap1r1/Fxyd1/Stim1/Agt/Wnk4/Edn1",6
"GO:0009185","ribonucleoside diphosphate metabolic process","4/417","117/28943",0.0892480818720782,0.27119664055285,0.210855117405378,"Entpd2/Ppargc1a/Igf1/Gpd1",4
"GO:0032602","chemokine production","4/417","117/28943",0.0892480818720782,0.27119664055285,0.210855117405378,"Oas1g/Lpl/Adipoq/Apod",4
"GO:0043254","regulation of protein-containing complex assembly","10/417","425/28943",0.0895892145724722,0.272009358718394,0.211487004968085,"Spta1/Lmod1/Pmepa1/Eln/Cxcl13/Fes/Mmp3/Mapk15/Hcls1/Cdc42ep3",10
"GO:1903037","regulation of leukocyte cell-cell adhesion","9/417","371/28943",0.0901022449261932,0.272590782923693,0.211939061707507,"Cd55/Spta1/Ephb6/Ceacam1/Itgal/Igf1/Fgl1/Il27ra/Il20rb",9
"GO:0000132","establishment of mitotic spindle orientation","2/417","35/28943",0.0902975426640512,0.272590782923693,0.211939061707507,"Spry1/Misp",2
"GO:0008299","isoprenoid biosynthetic process","2/417","35/28943",0.0902975426640512,0.272590782923693,0.211939061707507,"Hmgcs2/Aldh1a1",2
"GO:0014002","astrocyte development","2/417","35/28943",0.0902975426640512,0.272590782923693,0.211939061707507,"Agt/Gfap",2
"GO:0042908","xenobiotic transport","2/417","35/28943",0.0902975426640512,0.272590782923693,0.211939061707507,"Slc22a18/Abca8a",2
"GO:0045987","positive regulation of smooth muscle contraction","2/417","35/28943",0.0902975426640512,0.272590782923693,0.211939061707507,"Tbxa2r/Edn1",2
"GO:0090140","regulation of mitochondrial fission","2/417","35/28943",0.0902975426640512,0.272590782923693,0.211939061707507,"Ppargc1a/Prkn",2
"GO:0008064","regulation of actin polymerization or depolymerization","5/417","165/28943",0.0910047074315326,0.27386614317416,0.212930653029576,"Spta1/Lmod1/Eln/Hcls1/Cdc42ep3",5
"GO:0030879","mammary gland development","5/417","165/28943",0.0910047074315326,0.27386614317416,0.212930653029576,"Irs1/Oas2/Fgfr2/Igf1/Tbx2",5
"GO:0050953","sensory perception of light stimulus","5/417","165/28943",0.0910047074315326,0.27386614317416,0.212930653029576,"Nyx/Col11a1/Myo7a/Lum/Grk1",5
"GO:0030032","lamellipodium assembly","3/417","74/28943",0.0912939347352719,0.27386614317416,0.212930653029576,"Ablim2/Fgd4/Plce1",3
"GO:0042982","amyloid precursor protein metabolic process","3/417","74/28943",0.0912939347352719,0.27386614317416,0.212930653029576,"Spon1/Igf1/Slc2a13",3
"GO:0060761","negative regulation of response to cytokine stimulus","3/417","74/28943",0.0912939347352719,0.27386614317416,0.212930653029576,"Ccdc3/Oas1g/Adipoq",3
"GO:0001892","embryonic placenta development","4/417","118/28943",0.0913876187406731,0.27386614317416,0.212930653029576,"Nrk/Adm/Fgfr2/Vash1",4
"GO:0019751","polyol metabolic process","4/417","118/28943",0.0913876187406731,0.27386614317416,0.212930653029576,"Itpka/Adcyap1r1/Cyp27b1/Gch1",4
"GO:0038061","NIK/NF-kappaB signaling","4/417","118/28943",0.0913876187406731,0.27386614317416,0.212930653029576,"Edar/Agt/Mmp8/Edn1",4
"GO:0007626","locomotory behavior","7/417","266/28943",0.0914980891824015,0.273974813675123,0.213015144235633,"Atp1a2/Gpr88/Negr1/Npy1r/Ppp1r1b/Selenop/Prkn",7
"GO:0002699","positive regulation of immune effector process","8/417","320/28943",0.093281457898874,0.278992078592198,0.21691606270198,"Cd55/Pla2g5/Fes/Colec11/C4b/C3/Cfb/H2-T23",8
"GO:0008585","female gonad development","4/417","119/28943",0.0935515149775572,0.278992078592198,0.21691606270198,"Sohlh1/Mmp2/Agt/Adamts1",4
"GO:0022404","molting cycle process","4/417","119/28943",0.0935515149775572,0.278992078592198,0.21691606270198,"Lrp4/Fgfr2/Edar/Trpv1",4
"GO:0022405","hair cycle process","4/417","119/28943",0.0935515149775572,0.278992078592198,0.21691606270198,"Lrp4/Fgfr2/Edar/Trpv1",4
"GO:2000106","regulation of leukocyte apoptotic process","4/417","119/28943",0.0935515149775572,0.278992078592198,0.21691606270198,"Mertk/Tsc22d3/Pip/Hcls1",4
"GO:0034637","cellular carbohydrate biosynthetic process","3/417","75/28943",0.0941325603796099,0.279800194362213,0.217544371906756,"Irs1/Phkg1/Igf1",3
"GO:0048645","animal organ formation","3/417","75/28943",0.0941325603796099,0.279800194362213,0.217544371906756,"Spry1/Wnt2b/Fgfr2",3
"GO:1901184","regulation of ERBB signaling pathway","3/417","75/28943",0.0941325603796099,0.279800194362213,0.217544371906756,"Ceacam1/Agt/Sh3tc2",3
"GO:0090596","sensory organ morphogenesis","8/417","321/28943",0.0945375028620616,0.279800194362213,0.217544371906756,"Col11a1/Myo7a/Fgfr2/Grk1/Tbx2/Edn1/Osr2/Aldh1a1",8
"GO:0006958","complement activation, classical pathway","5/417","167/28943",0.0945875566958761,0.279800194362213,0.217544371906756,"Cd55/Cfi/C1s1/C1s2/C3",5
"GO:0014912","negative regulation of smooth muscle cell migration","2/417","36/28943",0.0947319184595791,0.279800194362213,0.217544371906756,"Ppargc1a/Adipoq",2
"GO:0019320","hexose catabolic process","2/417","36/28943",0.0947319184595791,0.279800194362213,0.217544371906756,"Aldh1a1/Aldh1a7",2
"GO:0033273","response to vitamin","2/417","36/28943",0.0947319184595791,0.279800194362213,0.217544371906756,"Fes/Cyp27b1",2
"GO:0048048","embryonic eye morphogenesis","2/417","36/28943",0.0947319184595791,0.279800194362213,0.217544371906756,"Tbx2/Aldh1a1",2
"GO:0048169","regulation of long-term neuronal synaptic plasticity","2/417","36/28943",0.0947319184595791,0.279800194362213,0.217544371906756,"S100b/Agt",2
"GO:0048240","sperm capacitation","2/417","36/28943",0.0947319184595791,0.279800194362213,0.217544371906756,"Tcp11x2/Slc26a8",2
"GO:0097242","amyloid-beta clearance","2/417","36/28943",0.0947319184595791,0.279800194362213,0.217544371906756,"Lrp4/C3",2
"GO:0042472","inner ear morphogenesis","4/417","120/28943",0.0957395671581956,0.282061734521001,0.219302717123445,"Col11a1/Myo7a/Fgfr2/Tbx2",4
"GO:0071675","regulation of mononuclear cell migration","4/417","120/28943",0.0957395671581956,0.282061734521001,0.219302717123445,"Cxcl13/Rarres2/Il27ra/Apod",4
"GO:0098773","skin epidermis development","4/417","120/28943",0.0957395671581956,0.282061734521001,0.219302717123445,"Lrp4/Fgfr2/Edar/Trpv1",4
"GO:0009416","response to light stimulus","8/417","322/28943",0.0958032001867106,0.282061734521001,0.219302717123445,"Atp1a2/Cat/Gpr88/Grk1/Mmp2/Mmp3/Ppp1r1b/Chrd",8
"GO:0031331","positive regulation of cellular catabolic process","10/417","431/28943",0.0959809164365376,0.282359795604539,0.219534459318463,"Irs1/Rufy4/Dcp1b/Pnpla2/Trim30d/Trim30b/Igf1/Dapk1/Gpd1/Prkn",10
"GO:0030832","regulation of actin filament length","5/417","168/28943",0.0964056837749681,0.283383586383107,0.220330455627169,"Spta1/Lmod1/Eln/Hcls1/Cdc42ep3",5
"GO:0051453","regulation of intracellular pH","3/417","76/28943",0.0970071321461863,0.284698197045882,0.22135256410564,"Slc4a5/Avpr1a/Car7",3
"GO:0061045","negative regulation of wound healing","3/417","76/28943",0.0970071321461863,0.284698197045882,0.22135256410564,"Ceacam1/Vtn/Kng2",3
"GO:0022600","digestive system process","4/417","121/28943",0.0979515670995508,0.28724160900043,0.223330064362255,"Nr1h3/Wnk4/Trpv1/Npc1l1",4
"GO:0045216","cell-cell junction organization","6/417","219/28943",0.0981021603655606,0.287454901642579,0.223495899178683,"Cldn2/Svep1/Ceacam1/Agt/Ramp2/Lims2",6
"GO:0046887","positive regulation of hormone secretion","5/417","169/28943",0.098241488577121,0.287536035070566,0.223558980337981,"Irs1/Cyp27b1/Edn1/Sybu/Prkn",5
"GO:0022409","positive regulation of cell-cell adhesion","8/417","324/28943",0.0983634919539884,0.287536035070566,0.223558980337981,"Cd55/Spta1/Cxcl13/Ephb6/Ceacam1/Itgal/Igf1/Il27ra",8
"GO:0055074","calcium ion homeostasis","8/417","324/28943",0.0983634919539884,0.287536035070566,0.223558980337981,"Adm/Fxyd1/Stim1/Cyp27b1/S100b/Stc2/Wnk4/Edn1",8
"GO:0006884","cell volume homeostasis","2/417","37/28943",0.0992275102005637,0.288236009174257,0.224103209505103,"Slc6a12/Gnb3",2
"GO:0007435","salivary gland morphogenesis","2/417","37/28943",0.0992275102005637,0.288236009174257,0.224103209505103,"Fgfr2/Edar",2
"GO:0009066","aspartate family amino acid metabolic process","2/417","37/28943",0.0992275102005637,0.288236009174257,0.224103209505103,"Pipox/Aspg",2
"GO:0033687","osteoblast proliferation","2/417","37/28943",0.0992275102005637,0.288236009174257,0.224103209505103,"Fgfr2/Osr2",2
"GO:0045671","negative regulation of osteoclast differentiation","2/417","37/28943",0.0992275102005637,0.288236009174257,0.224103209505103,"Clec2g/Ceacam1",2
"GO:0070306","lens fiber cell differentiation","2/417","37/28943",0.0992275102005637,0.288236009174257,0.224103209505103,"Spry1/Fgfr2",2
"GO:0070542","response to fatty acid","2/417","37/28943",0.0992275102005637,0.288236009174257,0.224103209505103,"Irs1/Lpl",2
"GO:0070873","regulation of glycogen metabolic process","2/417","37/28943",0.0992275102005637,0.288236009174257,0.224103209505103,"Irs1/Igf1",2
"GO:0002712","regulation of B cell mediated immunity","3/417","77/28943",0.0999170547624226,0.288752161590965,0.22450451749403,"Cd55/Il27ra/C3",3
"GO:0002889","regulation of immunoglobulin mediated immune response","3/417","77/28943",0.0999170547624226,0.288752161590965,0.22450451749403,"Cd55/Il27ra/C3",3
"GO:0007632","visual behavior","3/417","77/28943",0.0999170547624226,0.288752161590965,0.22450451749403,"Atp1a2/Ppp1r1b/Chrd",3
"GO:0010822","positive regulation of mitochondrion organization","3/417","77/28943",0.0999170547624226,0.288752161590965,0.22450451749403,"Ppargc1a/Chchd10/Prkn",3
"GO:1903317","regulation of protein maturation","3/417","77/28943",0.0999170547624226,0.288752161590965,0.22450451749403,"Spon1/Clec3b/Ctla2a",3
"GO:0006910","phagocytosis, recognition","5/417","170/28943",0.100094874565308,0.288752161590965,0.22450451749403,"Pla2g5/Colec11/C4b/C3/Cfb",5
"GO:0021782","glial cell development","4/417","122/28943",0.100187302003799,0.288752161590965,0.22450451749403,"Tenm4/Agt/Gfap/Sh3tc2",4
"GO:0042542","response to hydrogen peroxide","4/417","122/28943",0.100187302003799,0.288752161590965,0.22450451749403,"Cat/Mmp2/Rnf112/Edn1",4
"GO:0043534","blood vessel endothelial cell migration","4/417","122/28943",0.100187302003799,0.288752161590965,0.22450451749403,"Angpt4/Igf1/Tbxa2r/Vash1",4
"GO:0046545","development of primary female sexual characteristics","4/417","122/28943",0.100187302003799,0.288752161590965,0.22450451749403,"Sohlh1/Mmp2/Agt/Adamts1",4
"GO:1903828","negative regulation of protein localization","6/417","221/28943",0.10132027725697,0.291607683952227,0.226724683280413,"Irs1/Nr1h3/Gbp4/Adipoq/Apod/Prkn",6
"GO:0001906","cell killing","7/417","273/28943",0.10133603968329,0.291607683952227,0.226724683280413,"Cd55/Cxcl13/Ceacam1/Gzmm/Kng2/C3/H2-T23",7
"GO:0051017","actin filament bundle assembly","5/417","171/28943",0.101965742376426,0.293191215618196,0.227955877570514,"Eln/Shank1/Arap1/Fam107a/Prkn",5
"GO:0002704","negative regulation of leukocyte mediated immunity","3/417","78/28943",0.102861727899142,0.295537353621504,0.229779997526898,"Cd55/Ceacam1/Il20rb",3
"GO:0001953","negative regulation of cell-matrix adhesion","2/417","38/28943",0.103781643962507,0.296106514304154,0.230222519389699,"Fam107a/Apod",2
"GO:0030808","regulation of nucleotide biosynthetic process","2/417","38/28943",0.103781643962507,0.296106514304154,0.230222519389699,"Ppargc1a/Prkn",2
"GO:0031281","positive regulation of cyclase activity","2/417","38/28943",0.103781643962507,0.296106514304154,0.230222519389699,"Stim1/Adcy1",2
"GO:0032692","negative regulation of interleukin-1 production","2/417","38/28943",0.103781643962507,0.296106514304154,0.230222519389699,"Ceacam1/Igf1",2
"GO:0046365","monosaccharide catabolic process","2/417","38/28943",0.103781643962507,0.296106514304154,0.230222519389699,"Aldh1a1/Aldh1a7",2
"GO:0072210","metanephric nephron development","2/417","38/28943",0.103781643962507,0.296106514304154,0.230222519389699,"Agtr2/Adipoq",2
"GO:0086004","regulation of cardiac muscle cell contraction","2/417","38/28943",0.103781643962507,0.296106514304154,0.230222519389699,"Atp1a2/Fxyd1",2
"GO:0098868","bone growth","2/417","38/28943",0.103781643962507,0.296106514304154,0.230222519389699,"Col27a1/Comp",2
"GO:1900371","regulation of purine nucleotide biosynthetic process","2/417","38/28943",0.103781643962507,0.296106514304154,0.230222519389699,"Ppargc1a/Prkn",2
"GO:0032963","collagen metabolic process","4/417","124/28943",0.104729103290946,0.298579034247238,0.232144901178143,"Mmp2/Mmp8/Mmp27/Mmp3",4
"GO:0051402","neuron apoptotic process","8/417","329/28943",0.104931993761685,0.298926636549491,0.232415161621275,"Agtr2/Musk/Ppargc1a/Grk1/Agt/Il27ra/Nrbp2/Prkn",8
"GO:0010720","positive regulation of cell development","9/417","384/28943",0.105456657949368,0.30018965393143,0.233397156375381,"Itpka/Cdh4/Tenm4/Igf1/Rnf112/Gfap/Aspa/Adipoq/Lims2",9
"GO:0051057","positive regulation of small GTPase mediated signal transduction","3/417","79/28943",0.105840546648036,0.300587152480423,0.233706211100563,"Adcyap1r1/Igf1/Rtn4r",3
"GO:0072524","pyridine-containing compound metabolic process","3/417","79/28943",0.105840546648036,0.300587152480423,0.233706211100563,"Fmo1/Fmo2/Nampt",3
"GO:1903036","positive regulation of response to wounding","3/417","79/28943",0.105840546648036,0.300587152480423,0.233706211100563,"Tbxa2r/Vtn/Smoc2",3
"GO:0050900","leukocyte migration","9/417","385/28943",0.106695713028203,0.302782915065432,0.235413414319277,"Cxcl13/Rarres2/Itgal/Saa2/Itga7/Il27ra/Ccl6/Edn1/Apod",9
"GO:0022407","regulation of cell-cell adhesion","11/417","497/28943",0.106877161712988,0.303046161556689,0.235618088203538,"Cd55/Spta1/Cxcl13/Ephb6/Ceacam1/Itgal/Igf1/Fgl1/Il27ra/Il20rb/Adipoq",11
"GO:0032649","regulation of interferon-gamma production","4/417","125/28943",0.107034722283294,0.303046161556689,0.235618088203538,"Tlr8/Irf8/Il27ra/Il20rb",4
"GO:0048259","regulation of receptor-mediated endocytosis","4/417","125/28943",0.107034722283294,0.303046161556689,0.235618088203538,"Apoc1/Vtn/Adipoq/C3",4
"GO:0009266","response to temperature stimulus","5/417","174/28943",0.107682201759629,0.303858916240784,0.236250004159383,"Plin1/Igf1/Ces1d/Agt/Trpv1",5
"GO:0061572","actin filament bundle organization","5/417","174/28943",0.107682201759629,0.303858916240784,0.236250004159383,"Eln/Shank1/Arap1/Fam107a/Prkn",5
"GO:0010810","regulation of cell-substrate adhesion","6/417","225/28943",0.107921026431212,0.303858916240784,0.236250004159383,"Spock2/Fam107a/Vtn/Apod/Smoc2/Lims2",6
"GO:0008210","estrogen metabolic process","2/417","39/28943",0.108391709829121,0.303858916240784,0.236250004159383,"Sult1a1/Hsd17b1",2
"GO:0014823","response to activity","2/417","39/28943",0.108391709829121,0.303858916240784,0.236250004159383,"Ppargc1a/Agt",2
"GO:0032885","regulation of polysaccharide biosynthetic process","2/417","39/28943",0.108391709829121,0.303858916240784,0.236250004159383,"Irs1/Igf1",2
"GO:0040001","establishment of mitotic spindle localization","2/417","39/28943",0.108391709829121,0.303858916240784,0.236250004159383,"Spry1/Misp",2
"GO:0048265","response to pain","2/417","39/28943",0.108391709829121,0.303858916240784,0.236250004159383,"Gch1/Trpv1",2
"GO:0050654","chondroitin sulfate proteoglycan metabolic process","2/417","39/28943",0.108391709829121,0.303858916240784,0.236250004159383,"Igf1/Spock2",2
"GO:0051349","positive regulation of lyase activity","2/417","39/28943",0.108391709829121,0.303858916240784,0.236250004159383,"Stim1/Adcy1",2
"GO:0070528","protein kinase C signaling","2/417","39/28943",0.108391709829121,0.303858916240784,0.236250004159383,"Fibin/Wnk4",2
"GO:0071320","cellular response to cAMP","2/417","39/28943",0.108391709829121,0.303858916240784,0.236250004159383,"Gpd1/Adipoq",2
"GO:1904645","response to amyloid-beta","2/417","39/28943",0.108391709829121,0.303858916240784,0.236250004159383,"Igf1/Mmp2",2
"GO:2000242","negative regulation of reproductive process","3/417","80/28943",0.108852901983527,0.304920268682231,0.237075204623495,"Sycp2/Ptgds/Igf1",3
"GO:0010927","cellular component assembly involved in morphogenesis","4/417","126/28943",0.109363181737342,0.306117412414153,0.238005982680446,"Lmod1/Tenm4/Myom2/Edn1",4
"GO:0046395","carboxylic acid catabolic process","6/417","226/28943",0.109605152697239,0.30637716398665,0.238207939268858,"Irs1/Tdo2/Ces1d/Ces1f/Pipox/Adipoq",6
"GO:0042552","myelination","5/417","175/28943",0.109621948436177,0.30637716398665,0.238207939268858,"Tenm4/Igf1/S100b/Tg/Sh3tc2",5
"GO:0048562","embryonic organ morphogenesis","8/417","333/28943",0.110358061809247,0.308201183207065,0.23962611239256,"Col11a1/Myo7a/Fgfr2/Ccdc40/Tbx2/Edn1/Osr2/Aldh1a1",8
"GO:0070374","positive regulation of ERK1 and ERK2 cascade","6/417","227/28943",0.111302732693049,0.310604451324819,0.241494650955917,"Dusp15/Pla2g5/Fgfr2/Igf1/Ccl6/C3",6
"GO:0051101","regulation of DNA binding","4/417","127/28943",0.111714247899996,0.311090425470751,0.24187249536943,"Ifi207/Igf1/Mmp8/Prkn",4
"GO:0002385","mucosal immune response","3/417","81/28943",0.111898181209414,0.311090425470751,0.24187249536943,"Ear1/Ear10/Ear2",3
"GO:0033209","tumor necrosis factor-mediated signaling pathway","3/417","81/28943",0.111898181209414,0.311090425470751,0.24187249536943,"Ccdc3/Adipoq/Prkn",3
"GO:0045471","response to ethanol","3/417","81/28943",0.111898181209414,0.311090425470751,0.24187249536943,"Adh1/Igf1/Aldh1a1",3
"GO:0046626","regulation of insulin receptor signaling pathway","3/417","81/28943",0.111898181209414,0.311090425470751,0.24187249536943,"Irs1/Rarres2/Agt",3
"GO:0016054","organic acid catabolic process","6/417","228/28943",0.113013702501822,0.313128021735542,0.243456724432007,"Irs1/Tdo2/Ces1d/Ces1f/Pipox/Adipoq",6
"GO:0033157","regulation of intracellular protein transport","6/417","228/28943",0.113013702501822,0.313128021735542,0.243456724432007,"Agtr2/Gbp4/Adipoq/Apod/Hcls1/Sh3tc2",6
"GO:0002861","regulation of inflammatory response to antigenic stimulus","2/417","40/28943",0.113055160610368,0.313128021735542,0.243456724432007,"Il20rb/C3",2
"GO:0060351","cartilage development involved in endochondral bone morphogenesis","2/417","40/28943",0.113055160610368,0.313128021735542,0.243456724432007,"Col27a1/Comp",2
"GO:1903573","negative regulation of response to endoplasmic reticulum stress","2/417","40/28943",0.113055160610368,0.313128021735542,0.243456724432007,"Nr1h3/Prkn",2
"GO:0009612","response to mechanical stimulus","5/417","177/28943",0.113552159547373,0.314033388051611,0.244160645839295,"Atp1a2/Col11a1/Igf1/Mmp2/Pkd2l1",5
"GO:0051494","negative regulation of cytoskeleton organization","5/417","177/28943",0.113552159547373,0.314033388051611,0.244160645839295,"Spta1/Lmod1/Shank1/Arap1/Prkn",5
"GO:0030048","actin filament-based movement","4/417","128/28943",0.114087683242724,0.314571864475083,0.244579310721204,"Atp1a2/Myo7a/Fxyd1/Cacna1g",4
"GO:0043500","muscle adaptation","4/417","128/28943",0.114087683242724,0.314571864475083,0.244579310721204,"Trim63/Igf1/Agt/Edn1",4
"GO:0048565","digestive tract development","4/417","128/28943",0.114087683242724,0.314571864475083,0.244579310721204,"Rarres2/Fgfr2/Ccdc40/Tbx2",4
"GO:0072329","monocarboxylic acid catabolic process","4/417","128/28943",0.114087683242724,0.314571864475083,0.244579310721204,"Irs1/Ces1d/Ces1f/Adipoq",4
"GO:0043279","response to alkaloid","3/417","82/28943",0.114975768390694,0.316547753093544,0.246115562150338,"Irs1/Ppp1r1b/Trpv1",3
"GO:0050709","negative regulation of protein secretion","3/417","82/28943",0.114975768390694,0.316547753093544,0.246115562150338,"Irs1/Nr1h3/Prkn",3
"GO:0007272","ensheathment of neurons","5/417","178/28943",0.115542390946641,0.317634033786298,0.246960144304965,"Tenm4/Igf1/S100b/Tg/Sh3tc2",5
"GO:0008366","axon ensheathment","5/417","178/28943",0.115542390946641,0.317634033786298,0.246960144304965,"Tenm4/Igf1/S100b/Tg/Sh3tc2",5
"GO:0009593","detection of chemical stimulus","4/417","129/28943",0.116483246597179,0.31974434679315,0.248600910561932,"Pip/Stim1/Trpv1/Pkd2l1",4
"GO:0071621","granulocyte chemotaxis","4/417","129/28943",0.116483246597179,0.31974434679315,0.248600910561932,"Cxcl13/Rarres2/Ccl6/Edn1",4
"GO:0071478","cellular response to radiation","5/417","179/28943",0.117549213472758,0.321839402721087,0.250229814455267,"Ifi207/Gpr88/Grk1/Mmp2/Mmp3",5
"GO:1902904","negative regulation of supramolecular fiber organization","5/417","179/28943",0.117549213472758,0.321839402721087,0.250229814455267,"Spta1/Lmod1/Shank1/Arap1/Prkn",5
"GO:0007431","salivary gland development","2/417","41/28943",0.117769510584016,0.321839402721087,0.250229814455267,"Fgfr2/Edar",2
"GO:0042572","retinol metabolic process","2/417","41/28943",0.117769510584016,0.321839402721087,0.250229814455267,"Adh1/Aldh1a1",2
"GO:0051294","establishment of spindle orientation","2/417","41/28943",0.117769510584016,0.321839402721087,0.250229814455267,"Spry1/Misp",2
"GO:0051693","actin filament capping","2/417","41/28943",0.117769510584016,0.321839402721087,0.250229814455267,"Spta1/Lmod1",2
"GO:0009880","embryonic pattern specification","3/417","83/28943",0.118085044770914,0.321986695195135,0.250344334206858,"Ripply1/Fgfr2/Chrd",3
"GO:0032722","positive regulation of chemokine production","3/417","83/28943",0.118085044770914,0.321986695195135,0.250344334206858,"Oas1g/Lpl/Adipoq",3
"GO:0070373","negative regulation of ERK1 and ERK2 cascade","3/417","83/28943",0.118085044770914,0.321986695195135,0.250344334206858,"Spry1/Igf1/Adipoq",3
"GO:0002706","regulation of lymphocyte mediated immunity","6/417","231/28943",0.118226286676451,0.322133911741297,0.250458794924593,"Cd55/Ceacam1/Il27ra/Il20rb/C3/H2-T23",6
"GO:0007631","feeding behavior","4/417","130/28943",0.1189006932895,0.323732566095009,0.251701747089323,"Ren1/Negr1/Npy1r/Agt",4
"GO:0016485","protein processing","7/417","285/28943",0.119482133497079,0.324843036686256,0.252565136865889,"Ifi207/Ren1/Klk1b24/Spon1/Comp/Clec3b/Ctla2a",7
"GO:0001890","placenta development","5/417","180/28943",0.119572504565716,0.324843036686256,0.252565136865889,"Nrk/Tcf23/Adm/Fgfr2/Vash1",5
"GO:0050906","detection of stimulus involved in sensory perception","5/417","180/28943",0.119572504565716,0.324843036686256,0.252565136865889,"Col11a1/Pip/Igf1/Trpv1/Pkd2l1",5
"GO:0001894","tissue homeostasis","7/417","286/28943",0.12106575786319,0.328608029982162,0.255492415396407,"Oas1g/Ceacam1/Napsa/Comp/Il20rb/Col11a2/Aldh1a1",7
"GO:0030641","regulation of cellular pH","3/417","84/28943",0.121225389175435,0.328608029982162,0.255492415396407,"Slc4a5/Avpr1a/Car7",3
"GO:1900076","regulation of cellular response to insulin stimulus","3/417","84/28943",0.121225389175435,0.328608029982162,0.255492415396407,"Irs1/Lpl/Agt",3
"GO:0050829","defense response to Gram-negative bacterium","4/417","131/28943",0.12133977527323,0.328676779390142,0.255545867992507,"Rarres2/Adm/Iigp1/Mpeg1",4
"GO:0031076","embryonic camera-type eye development","2/417","42/28943",0.122532334260296,0.330935902040242,0.257302333598603,"Tbx2/Aldh1a1",2
"GO:0051452","intracellular pH reduction","2/417","42/28943",0.122532334260296,0.330935902040242,0.257302333598603,"Avpr1a/Car7",2
"GO:1900181","negative regulation of protein localization to nucleus","2/417","42/28943",0.122532334260296,0.330935902040242,0.257302333598603,"Gbp4/Apod",2
"GO:1903725","regulation of phospholipid metabolic process","2/417","42/28943",0.122532334260296,0.330935902040242,0.257302333598603,"Gnb3/Apoc1",2
"GO:0046822","regulation of nucleocytoplasmic transport","4/417","132/28943",0.123800241260852,0.334115855800487,0.259774744473949,"Agtr2/Gbp4/Apod/Hcls1",4
"GO:0051656","establishment of organelle localization","10/417","455/28943",0.124161702027967,0.33450159552538,0.260074656725127,"Ptgds/Spry1/Fes/Myo7a/Fgfr2/Misp/Dipk2a/Mapk15/Sybu/Prkn",10
"GO:0002251","organ or tissue specific immune response","3/417","85/28943",0.124396178400961,0.33450159552538,0.260074656725127,"Ear1/Ear10/Ear2",3
"GO:0032413","negative regulation of ion transmembrane transporter activity","3/417","85/28943",0.124396178400961,0.33450159552538,0.260074656725127,"Hecw2/Atp1a2/Kcnab1",3
"GO:0045824","negative regulation of innate immune response","3/417","85/28943",0.124396178400961,0.33450159552538,0.260074656725127,"Ifi207/Oas1g/Ceacam1",3
"GO:0051262","protein tetramerization","3/417","85/28943",0.124396178400961,0.33450159552538,0.260074656725127,"Tdo2/Trpv1/Pkd2l1",3
"GO:0002455","humoral immune response mediated by circulating immunoglobulin","5/417","183/28943",0.125739929059155,0.337623140426473,0.262501654770768,"Cd55/Cfi/C1s1/C1s2/C3",5
"GO:0071356","cellular response to tumor necrosis factor","5/417","183/28943",0.125739929059155,0.337623140426473,0.262501654770768,"Ccdc3/Ccl6/Gpd1/Adipoq/Prkn",5
"GO:0030324","lung development","6/417","236/28943",0.127175282325851,0.339400100712144,0.263883239619666,"Spry1/Wnt2b/Fgfr2/Igf1/Ccdc40/Tbx2",6
"GO:0051056","regulation of small GTPase mediated signal transduction","6/417","236/28943",0.127175282325851,0.339400100712144,0.263883239619666,"Spry1/Syde2/Adcyap1r1/Igf1/Rtn4r/Plce1",6
"GO:0007616","long-term memory","2/417","43/28943",0.127341265169247,0.339400100712144,0.263883239619666,"Shank1/Adcy1",2
"GO:0009309","amine biosynthetic process","2/417","43/28943",0.127341265169247,0.339400100712144,0.263883239619666,"Agtr2/Gch1",2
"GO:0042092","type 2 immune response","2/417","43/28943",0.127341265169247,0.339400100712144,0.263883239619666,"Il27ra/Il31ra",2
"GO:0042181","ketone biosynthetic process","2/417","43/28943",0.127341265169247,0.339400100712144,0.263883239619666,"Ppargc1a/Hsd17b1",2
"GO:0042401","cellular biogenic amine biosynthetic process","2/417","43/28943",0.127341265169247,0.339400100712144,0.263883239619666,"Agtr2/Gch1",2
"GO:0050919","negative chemotaxis","2/417","43/28943",0.127341265169247,0.339400100712144,0.263883239619666,"Rtn4r/Igfals",2
"GO:0070884","regulation of calcineurin-NFAT signaling cascade","2/417","43/28943",0.127341265169247,0.339400100712144,0.263883239619666,"Igf1/Efhb",2
"GO:0043523","regulation of neuron apoptotic process","7/417","290/28943",0.12750770019916,0.339400100712144,0.263883239619666,"Musk/Ppargc1a/Grk1/Agt/Il27ra/Nrbp2/Prkn",7
"GO:0010921","regulation of phosphatase activity","3/417","86/28943",0.127596787591673,0.339400100712144,0.263883239619666,"Agtr2/Ppp1r1b/Ppp1r2",3
"GO:0032729","positive regulation of interferon-gamma production","3/417","86/28943",0.127596787591673,0.339400100712144,0.263883239619666,"Tlr8/Irf8/Il27ra",3
"GO:0097009","energy homeostasis","3/417","86/28943",0.127596787591673,0.339400100712144,0.263883239619666,"Fmo1/Fmo2/Ppargc1a",3
"GO:0060249","anatomical structure homeostasis","8/417","346/28943",0.129024004634245,0.342949334132206,0.266642765062019,"Oas1g/Ceacam1/Napsa/Comp/Car7/Il20rb/Col11a2/Aldh1a1",8
"GO:0007219","Notch signaling pathway","5/417","185/28943",0.129931538946364,0.343294646379426,0.266911244989649,"Angpt4/Ripply1/Cfd/Tbx2/Jag2",5
"GO:0009791","post-embryonic development","4/417","135/28943",0.131307384477735,0.343294646379426,0.266911244989649,"Myo7a/Fgfr2/Grk1/Selenop",4
"GO:0042157","lipoprotein metabolic process","4/417","135/28943",0.131307384477735,0.343294646379426,0.266911244989649,"Porcn/Apoc1/Npc1l1/Apod",4
"GO:0008207","C21-steroid hormone metabolic process","2/417","44/28943",0.132193994670388,0.343294646379426,0.266911244989649,"Ppargc1a/Akr1c14",2
"GO:0031128","developmental induction","2/417","44/28943",0.132193994670388,0.343294646379426,0.266911244989649,"Spry1/Wnt2b",2
"GO:0045840","positive regulation of mitotic nuclear division","2/417","44/28943",0.132193994670388,0.343294646379426,0.266911244989649,"Igf1/Edn1",2
"GO:0106056","regulation of calcineurin-mediated signaling","2/417","44/28943",0.132193994670388,0.343294646379426,0.266911244989649,"Igf1/Efhb",2
"GO:0030323","respiratory tube development","6/417","239/28943",0.132698187448206,0.343294646379426,0.266911244989649,"Spry1/Wnt2b/Fgfr2/Igf1/Ccdc40/Tbx2",6
"GO:0042593","glucose homeostasis","7/417","294/28943",0.134119176372927,0.343294646379426,0.266911244989649,"Gpr1/Oas1g/Gckr/Igf1/Sybu/Adipoq/Prkn",7
"GO:0043271","negative regulation of ion transport","5/417","187/28943",0.134185891337521,0.343294646379426,0.266911244989649,"Hecw2/Atp1a2/Agtr2/Kcnab1/Wnk4",5
"GO:0050767","regulation of neurogenesis","10/417","463/28943",0.134466084059028,0.343294646379426,0.266911244989649,"Itpka/Cdh4/Lrp4/Tenm4/Igf1/Lingo1/Rnf112/Gfap/Aspa/Rtn4r",10
"GO:0002692","negative regulation of cellular extravasation","1/417","10/28943",0.135104854059942,0.343294646379426,0.266911244989649,"Il27ra",1
"GO:0002858","regulation of natural killer cell mediated cytotoxicity directed against tumor cell target","1/417","10/28943",0.135104854059942,0.343294646379426,0.266911244989649,"Ceacam1",1
"GO:0003149","membranous septum morphogenesis","1/417","10/28943",0.135104854059942,0.343294646379426,0.266911244989649,"Fgfr2",1
"GO:0003253","cardiac neural crest cell migration involved in outflow tract morphogenesis","1/417","10/28943",0.135104854059942,0.343294646379426,0.266911244989649,"Edn1",1
"GO:0003330","regulation of extracellular matrix constituent secretion","1/417","10/28943",0.135104854059942,0.343294646379426,0.266911244989649,"Agt",1
"GO:0003357","noradrenergic neuron differentiation","1/417","10/28943",0.135104854059942,0.343294646379426,0.266911244989649,"Edn1",1
"GO:0007567","parturition","1/417","10/28943",0.135104854059942,0.343294646379426,0.266911244989649,"Nrk",1
"GO:0009650","UV protection","1/417","10/28943",0.135104854059942,0.343294646379426,0.266911244989649,"Cat",1
"GO:0010042","response to manganese ion","1/417","10/28943",0.135104854059942,0.343294646379426,0.266911244989649,"Fibin",1
"GO:0010745","negative regulation of macrophage derived foam cell differentiation","1/417","10/28943",0.135104854059942,0.343294646379426,0.266911244989649,"Adipoq",1
"GO:0010873","positive regulation of cholesterol esterification","1/417","10/28943",0.135104854059942,0.343294646379426,0.266911244989649,"Agt",1
"GO:0015858","nucleoside transport","1/417","10/28943",0.135104854059942,0.343294646379426,0.266911244989649,"Slc28a1",1
"GO:0030450","regulation of complement activation, classical pathway","1/417","10/28943",0.135104854059942,0.343294646379426,0.266911244989649,"Cd55",1
"GO:0032430","positive regulation of phospholipase A2 activity","1/417","10/28943",0.135104854059942,0.343294646379426,0.266911244989649,"Ang3",1
"GO:0033034","positive regulation of myeloid cell apoptotic process","1/417","10/28943",0.135104854059942,0.343294646379426,0.266911244989649,"Adipoq",1
"GO:0033299","secretion of lysosomal enzymes","1/417","10/28943",0.135104854059942,0.343294646379426,0.266911244989649,"Nr1h3",1
"GO:0034372","very-low-density lipoprotein particle remodeling","1/417","10/28943",0.135104854059942,0.343294646379426,0.266911244989649,"Lpl",1
"GO:0035524","proline transmembrane transport","1/417","10/28943",0.135104854059942,0.343294646379426,0.266911244989649,"Slc6a7",1
"GO:0036480","neuron intrinsic apoptotic signaling pathway in response to oxidative stress","1/417","10/28943",0.135104854059942,0.343294646379426,0.266911244989649,"Prkn",1
"GO:0042045","epithelial fluid transport","1/417","10/28943",0.135104854059942,0.343294646379426,0.266911244989649,"Edn1",1
"GO:0042439","ethanolamine-containing compound metabolic process","1/417","10/28943",0.135104854059942,0.343294646379426,0.266911244989649,"Gdpd1",1
"GO:0044771","meiotic cell cycle phase transition","1/417","10/28943",0.135104854059942,0.343294646379426,0.266911244989649,"Mapk15",1
"GO:0050957","equilibrioception","1/417","10/28943",0.135104854059942,0.343294646379426,0.266911244989649,"Myo7a",1
"GO:0051583","dopamine uptake involved in synaptic transmission","1/417","10/28943",0.135104854059942,0.343294646379426,0.266911244989649,"Prkn",1
"GO:0051823","regulation of synapse structural plasticity","1/417","10/28943",0.135104854059942,0.343294646379426,0.266911244989649,"Ncan",1
"GO:0051934","catecholamine uptake involved in synaptic transmission","1/417","10/28943",0.135104854059942,0.343294646379426,0.266911244989649,"Prkn",1
"GO:0060297","regulation of sarcomere organization","1/417","10/28943",0.135104854059942,0.343294646379426,0.266911244989649,"Edn1",1
"GO:0060385","axonogenesis involved in innervation","1/417","10/28943",0.135104854059942,0.343294646379426,0.266911244989649,"Edn1",1
"GO:0060484","lung-associated mesenchyme development","1/417","10/28943",0.135104854059942,0.343294646379426,0.266911244989649,"Fgfr2",1
"GO:0060638","mesenchymal-epithelial cell signaling","1/417","10/28943",0.135104854059942,0.343294646379426,0.266911244989649,"Wnt2b",1
"GO:0061043","regulation of vascular wound healing","1/417","10/28943",0.135104854059942,0.343294646379426,0.266911244989649,"Smoc2",1
"GO:0061303","cornea development in camera-type eye","1/417","10/28943",0.135104854059942,0.343294646379426,0.266911244989649,"Kera",1
"GO:0061687","detoxification of inorganic compound","1/417","10/28943",0.135104854059942,0.343294646379426,0.266911244989649,"Cat",1
"GO:0070561","vitamin D receptor signaling pathway","1/417","10/28943",0.135104854059942,0.343294646379426,0.266911244989649,"Cyp27b1",1
"GO:0071318","cellular response to ATP","1/417","10/28943",0.135104854059942,0.343294646379426,0.266911244989649,"Trpv1",1
"GO:0071600","otic vesicle morphogenesis","1/417","10/28943",0.135104854059942,0.343294646379426,0.266911244989649,"Fgfr2",1
"GO:0071659","negative regulation of IP-10 production","1/417","10/28943",0.135104854059942,0.343294646379426,0.266911244989649,"Oas1g",1
"GO:0071871","response to epinephrine","1/417","10/28943",0.135104854059942,0.343294646379426,0.266911244989649,"Adipoq",1
"GO:0071872","cellular response to epinephrine stimulus","1/417","10/28943",0.135104854059942,0.343294646379426,0.266911244989649,"Adipoq",1
"GO:0072017","distal tubule development","1/417","10/28943",0.135104854059942,0.343294646379426,0.266911244989649,"Wnk4",1
"GO:0090527","actin filament reorganization","1/417","10/28943",0.135104854059942,0.343294646379426,0.266911244989649,"Gdpd2",1
"GO:0097067","cellular response to thyroid hormone stimulus","1/417","10/28943",0.135104854059942,0.343294646379426,0.266911244989649,"Ppargc1a",1
"GO:0097104","postsynaptic membrane assembly","1/417","10/28943",0.135104854059942,0.343294646379426,0.266911244989649,"Lrp4",1
"GO:0098883","synapse pruning","1/417","10/28943",0.135104854059942,0.343294646379426,0.266911244989649,"C3",1
"GO:0150172","regulation of phosphatidylcholine metabolic process","1/417","10/28943",0.135104854059942,0.343294646379426,0.266911244989649,"Apoc1",1
"GO:1901858","regulation of mitochondrial DNA metabolic process","1/417","10/28943",0.135104854059942,0.343294646379426,0.266911244989649,"Ppargc1a",1
"GO:1902224","ketone body metabolic process","1/417","10/28943",0.135104854059942,0.343294646379426,0.266911244989649,"Hmgcs2",1
"GO:1902732","positive regulation of chondrocyte proliferation","1/417","10/28943",0.135104854059942,0.343294646379426,0.266911244989649,"Comp",1
"GO:1902746","regulation of lens fiber cell differentiation","1/417","10/28943",0.135104854059942,0.343294646379426,0.266911244989649,"Spry1",1
"GO:1903376","regulation of oxidative stress-induced neuron intrinsic apoptotic signaling pathway","1/417","10/28943",0.135104854059942,0.343294646379426,0.266911244989649,"Prkn",1
"GO:1903596","regulation of gap junction assembly","1/417","10/28943",0.135104854059942,0.343294646379426,0.266911244989649,"Agt",1
"GO:2000192","negative regulation of fatty acid transport","1/417","10/28943",0.135104854059942,0.343294646379426,0.266911244989649,"Agtr2",1
"GO:2000342","negative regulation of chemokine (C-X-C motif) ligand 2 production","1/417","10/28943",0.135104854059942,0.343294646379426,0.266911244989649,"Oas1g",1
"GO:0033500","carbohydrate homeostasis","7/417","295/28943",0.13579814371146,0.344818945380132,0.268096385941615,"Gpr1/Oas1g/Gckr/Igf1/Sybu/Adipoq/Prkn",7
"GO:0016331","morphogenesis of embryonic epithelium","5/417","188/28943",0.136336250308999,0.345947378790944,0.268973741792468,"Wnt2b/Adm/Fgfr2/Jag2/Aldh1a1",5
"GO:0001569","branching involved in blood vessel morphogenesis","2/417","45/28943",0.13708827078428,0.346190079162492,0.269162441089159,"Col4a1/Edn1",2
"GO:0006040","amino sugar metabolic process","2/417","45/28943",0.13708827078428,0.346190079162492,0.269162441089159,"Aldh1a1/Aldh1a7",2
"GO:0010765","positive regulation of sodium ion transport","2/417","45/28943",0.13708827078428,0.346190079162492,0.269162441089159,"Fxyd1/Wnk4",2
"GO:0030261","chromosome condensation","2/417","45/28943",0.13708827078428,0.346190079162492,0.269162441089159,"H1f2/H1f3",2
"GO:0042554","superoxide anion generation","2/417","45/28943",0.13708827078428,0.346190079162492,0.269162441089159,"Agt/Edn1",2
"GO:0046006","regulation of activated T cell proliferation","2/417","45/28943",0.13708827078428,0.346190079162492,0.269162441089159,"Igf1/Il27ra",2
"GO:0050850","positive regulation of calcium-mediated signaling","2/417","45/28943",0.13708827078428,0.346190079162492,0.269162441089159,"Itgal/Igf1",2
"GO:0050848","regulation of calcium-mediated signaling","3/417","89/28943",0.137371269145199,0.346667618375992,0.269533727351123,"Itgal/Igf1/Efhb",3
"GO:0009913","epidermal cell differentiation","6/417","242/28943",0.138333572292648,0.348857615371895,0.271236447830062,"Txnip/Ptch2/Myo7a/Cyp27b1/Jag2/Krt90",6
"GO:0030534","adult behavior","5/417","189/28943",0.138501876206532,0.349043636146427,0.271381078796632,"Atp1a2/Adh1/Shank1/Ppp1r1b/Prkn",5
"GO:0010811","positive regulation of cell-substrate adhesion","4/417","138/28943",0.138997653267716,0.349577204267307,0.271795927478174,"Spock2/Vtn/Smoc2/Lims2",4
"GO:0032609","interferon-gamma production","4/417","138/28943",0.138997653267716,0.349577204267307,0.271795927478174,"Tlr8/Irf8/Il27ra/Il20rb",4
"GO:0032874","positive regulation of stress-activated MAPK cascade","4/417","138/28943",0.138997653267716,0.349577204267307,0.271795927478174,"Nrk/Edar/Mmp8/Fgd4",4
"GO:0019319","hexose biosynthetic process","3/417","90/28943",0.140684889031585,0.351276182995232,0.273116881743741,"Chst15/Gpd1/Adipoq",3
"GO:0045995","regulation of embryonic development","3/417","90/28943",0.140684889031585,0.351276182995232,0.273116881743741,"Wnt2b/Tenm4/Osr2",3
"GO:1900407","regulation of cellular response to oxidative stress","3/417","90/28943",0.140684889031585,0.351276182995232,0.273116881743741,"Gch1/Mmp3/Prkn",3
"GO:0007159","leukocyte cell-cell adhesion","9/417","411/28943",0.141739116127069,0.351276182995232,0.273116881743741,"Cd55/Spta1/Ephb6/Ceacam1/Itgal/Igf1/Fgl1/Il27ra/Il20rb",9
"GO:0000578","embryonic axis specification","2/417","46/28943",0.142021897045645,0.351276182995232,0.273116881743741,"Ripply1/Chrd",2
"GO:0030225","macrophage differentiation","2/417","46/28943",0.142021897045645,0.351276182995232,0.273116881743741,"Adipoq/Hcls1",2
"GO:0030279","negative regulation of ossification","2/417","46/28943",0.142021897045645,0.351276182995232,0.273116881743741,"Lrp4/Cyp27b1",2
"GO:0032881","regulation of polysaccharide metabolic process","2/417","46/28943",0.142021897045645,0.351276182995232,0.273116881743741,"Irs1/Igf1",2
"GO:0034142","toll-like receptor 4 signaling pathway","2/417","46/28943",0.142021897045645,0.351276182995232,0.273116881743741,"Nr1h3/Oas1g",2
"GO:1903115","regulation of actin filament-based movement","2/417","46/28943",0.142021897045645,0.351276182995232,0.273116881743741,"Atp1a2/Fxyd1",2
"GO:0042391","regulation of membrane potential","10/417","469/28943",0.142484238905202,0.351276182995232,0.273116881743741,"Gpr88/Shank1/Fxyd1/Chchd10/Agt/Trpv1/Cacna1g/Edn1/Prkn/Kcnk7",10
"GO:0016032","viral process","8/417","355/28943",0.142843602818894,0.351276182995232,0.273116881743741,"Rnasel/Ifi207/Oas1g/Oas2/Ceacam1/Trim30d/Trim30b/Prkn",8
"GO:0032273","positive regulation of protein polymerization","3/417","91/28943",0.144025192086335,0.351276182995232,0.273116881743741,"Lmod1/Fes/Cdc42ep3",3
"GO:0070304","positive regulation of stress-activated protein kinase signaling cascade","4/417","140/28943",0.144222670914614,0.351276182995232,0.273116881743741,"Nrk/Edar/Mmp8/Fgd4",4
"GO:0001667","ameboidal-type cell migration","10/417","471/28943",0.145211248098237,0.351276182995232,0.273116881743741,"Irs1/Angpt4/Cxcl13/Ceacam1/Igf1/Tbxa2r/Agt/Edn1/Vash1/Smoc2",10
"GO:0002573","myeloid leukocyte differentiation","6/417","246/28943",0.146018392328476,0.351276182995232,0.273116881743741,"Ifi207/Clec2g/Ceacam1/Fes/Adipoq/Hcls1",6
"GO:0050870","positive regulation of T cell activation","6/417","246/28943",0.146018392328476,0.351276182995232,0.273116881743741,"Cd55/Spta1/Ephb6/Itgal/Igf1/Il27ra",6
"GO:0000266","mitochondrial fission","2/417","47/28943",0.146992731377624,0.351276182995232,0.273116881743741,"Ppargc1a/Prkn",2
"GO:0003016","respiratory system process","2/417","47/28943",0.146992731377624,0.351276182995232,0.273116881743741,"Atp1a2/Jag2",2
"GO:0006739","NADP metabolic process","2/417","47/28943",0.146992731377624,0.351276182995232,0.273116881743741,"Fmo1/Fmo2",2
"GO:0015804","neutral amino acid transport","2/417","47/28943",0.146992731377624,0.351276182995232,0.273116881743741,"Slc1a5/Slc6a7",2
"GO:0030835","negative regulation of actin filament depolymerization","2/417","47/28943",0.146992731377624,0.351276182995232,0.273116881743741,"Spta1/Lmod1",2
"GO:0035774","positive regulation of insulin secretion involved in cellular response to glucose stimulus","2/417","47/28943",0.146992731377624,0.351276182995232,0.273116881743741,"Sybu/Prkn",2
"GO:0045910","negative regulation of DNA recombination","2/417","47/28943",0.146992731377624,0.351276182995232,0.273116881743741,"H1f2/H1f3",2
"GO:0048246","macrophage chemotaxis","2/417","47/28943",0.146992731377624,0.351276182995232,0.273116881743741,"Rarres2/Saa2",2
"GO:0050974","detection of mechanical stimulus involved in sensory perception","2/417","47/28943",0.146992731377624,0.351276182995232,0.273116881743741,"Col11a1/Igf1",2
"GO:0006096","glycolytic process","3/417","92/28943",0.147391550729771,0.351276182995232,0.273116881743741,"Ppargc1a/Igf1/Gpd1",3
"GO:0015914","phospholipid transport","3/417","92/28943",0.147391550729771,0.351276182995232,0.273116881743741,"Atp8a1/Apoc1/Plscr2",3
"GO:0045638","negative regulation of myeloid cell differentiation","3/417","92/28943",0.147391550729771,0.351276182995232,0.273116881743741,"Clec2g/Ceacam1/Adipoq",3
"GO:0097581","lamellipodium organization","3/417","92/28943",0.147391550729771,0.351276182995232,0.273116881743741,"Ablim2/Fgd4/Plce1",3
"GO:0000290","deadenylation-dependent decapping of nuclear-transcribed mRNA","1/417","11/28943",0.147570249140196,0.351276182995232,0.273116881743741,"Dcp1b",1
"GO:0002357","defense response to tumor cell","1/417","11/28943",0.147570249140196,0.351276182995232,0.273116881743741,"Dapk1",1
"GO:0002420","natural killer cell mediated cytotoxicity directed against tumor cell target","1/417","11/28943",0.147570249140196,0.351276182995232,0.273116881743741,"Ceacam1",1
"GO:0002855","regulation of natural killer cell mediated immune response to tumor cell","1/417","11/28943",0.147570249140196,0.351276182995232,0.273116881743741,"Ceacam1",1
"GO:0003418","growth plate cartilage chondrocyte differentiation","1/417","11/28943",0.147570249140196,0.351276182995232,0.273116881743741,"Col27a1",1
"GO:0005513","detection of calcium ion","1/417","11/28943",0.147570249140196,0.351276182995232,0.273116881743741,"Stim1",1
"GO:0006013","mannose metabolic process","1/417","11/28943",0.147570249140196,0.351276182995232,0.273116881743741,"Man2a2",1
"GO:0006068","ethanol catabolic process","1/417","11/28943",0.147570249140196,0.351276182995232,0.273116881743741,"Adh1",1
"GO:0006171","cAMP biosynthetic process","1/417","11/28943",0.147570249140196,0.351276182995232,0.273116881743741,"Adcy1",1
"GO:0006517","protein deglycosylation","1/417","11/28943",0.147570249140196,0.351276182995232,0.273116881743741,"Man2a2",1
"GO:0008611","ether lipid biosynthetic process","1/417","11/28943",0.147570249140196,0.351276182995232,0.273116881743741,"Pla2g5",1
"GO:0009415","response to water","1/417","11/28943",0.147570249140196,0.351276182995232,0.273116881743741,"Pkd2l1",1
"GO:0009445","putrescine metabolic process","1/417","11/28943",0.147570249140196,0.351276182995232,0.273116881743741,"Aoc1",1
"GO:0010992","ubiquitin recycling","1/417","11/28943",0.147570249140196,0.351276182995232,0.273116881743741,"Prkn",1
"GO:0014832","urinary bladder smooth muscle contraction","1/417","11/28943",0.147570249140196,0.351276182995232,0.273116881743741,"Trpv1",1
"GO:0015824","proline transport","1/417","11/28943",0.147570249140196,0.351276182995232,0.273116881743741,"Slc6a7",1
"GO:0021940","positive regulation of cerebellar granule cell precursor proliferation","1/417","11/28943",0.147570249140196,0.351276182995232,0.273116881743741,"Igf1",1
"GO:0032224","positive regulation of synaptic transmission, cholinergic","1/417","11/28943",0.147570249140196,0.351276182995232,0.273116881743741,"Musk",1
"GO:0032353","negative regulation of hormone biosynthetic process","1/417","11/28943",0.147570249140196,0.351276182995232,0.273116881743741,"Cyp27b1",1
"GO:0032908","regulation of transforming growth factor beta1 production","1/417","11/28943",0.147570249140196,0.351276182995232,0.273116881743741,"Lum",1
"GO:0034115","negative regulation of heterotypic cell-cell adhesion","1/417","11/28943",0.147570249140196,0.351276182995232,0.273116881743741,"Adipoq",1
"GO:0034145","positive regulation of toll-like receptor 4 signaling pathway","1/417","11/28943",0.147570249140196,0.351276182995232,0.273116881743741,"Nr1h3",1
"GO:0034351","negative regulation of glial cell apoptotic process","1/417","11/28943",0.147570249140196,0.351276182995232,0.273116881743741,"Igf1",1
"GO:0035336","long-chain fatty-acyl-CoA metabolic process","1/417","11/28943",0.147570249140196,0.351276182995232,0.273116881743741,"Acsl6",1
"GO:0036302","atrioventricular canal development","1/417","11/28943",0.147570249140196,0.351276182995232,0.273116881743741,"Tbx2",1
"GO:0043568","positive regulation of insulin-like growth factor receptor signaling pathway","1/417","11/28943",0.147570249140196,0.351276182995232,0.273116881743741,"Igf1",1
"GO:0046504","glycerol ether biosynthetic process","1/417","11/28943",0.147570249140196,0.351276182995232,0.273116881743741,"Pla2g5",1
"GO:0046618","xenobiotic export from cell","1/417","11/28943",0.147570249140196,0.351276182995232,0.273116881743741,"Slc22a18",1
"GO:0048149","behavioral response to ethanol","1/417","11/28943",0.147570249140196,0.351276182995232,0.273116881743741,"Adh1",1
"GO:0048563","post-embryonic animal organ morphogenesis","1/417","11/28943",0.147570249140196,0.351276182995232,0.273116881743741,"Myo7a",1
"GO:0051709","regulation of killing of cells of another organism","1/417","11/28943",0.147570249140196,0.351276182995232,0.273116881743741,"C3",1
"GO:0060068","vagina development","1/417","11/28943",0.147570249140196,0.351276182995232,0.273116881743741,"Mertk",1
"GO:0060174","limb bud formation","1/417","11/28943",0.147570249140196,0.351276182995232,0.273116881743741,"Fgfr2",1
"GO:0060287","epithelial cilium movement involved in determination of left/right asymmetry","1/417","11/28943",0.147570249140196,0.351276182995232,0.273116881743741,"Ccdc40",1
"GO:0060900","embryonic camera-type eye formation","1/417","11/28943",0.147570249140196,0.351276182995232,0.273116881743741,"Aldh1a1",1
"GO:0061299","retina vasculature morphogenesis in camera-type eye","1/417","11/28943",0.147570249140196,0.351276182995232,0.273116881743741,"Col4a1",1
"GO:0070587","regulation of cell-cell adhesion involved in gastrulation","1/417","11/28943",0.147570249140196,0.351276182995232,0.273116881743741,"Adipoq",1
"GO:0070782","phosphatidylserine exposure on apoptotic cell surface","1/417","11/28943",0.147570249140196,0.351276182995232,0.273116881743741,"Plscr2",1
"GO:0071420","cellular response to histamine","1/417","11/28943",0.147570249140196,0.351276182995232,0.273116881743741,"Aoc1",1
"GO:0071612","IP-10 production","1/417","11/28943",0.147570249140196,0.351276182995232,0.273116881743741,"Oas1g",1
"GO:0071658","regulation of IP-10 production","1/417","11/28943",0.147570249140196,0.351276182995232,0.273116881743741,"Oas1g",1
"GO:0071864","positive regulation of cell proliferation in bone marrow","1/417","11/28943",0.147570249140196,0.351276182995232,0.273116881743741,"Fgfr2",1
"GO:0072102","glomerulus morphogenesis","1/417","11/28943",0.147570249140196,0.351276182995232,0.273116881743741,"Kirrel3",1
"GO:0086016","AV node cell action potential","1/417","11/28943",0.147570249140196,0.351276182995232,0.273116881743741,"Cacna1g",1
"GO:0086027","AV node cell to bundle of His cell signaling","1/417","11/28943",0.147570249140196,0.351276182995232,0.273116881743741,"Cacna1g",1
"GO:0086100","endothelin receptor signaling pathway","1/417","11/28943",0.147570249140196,0.351276182995232,0.273116881743741,"Edn1",1
"GO:0097384","cellular lipid biosynthetic process","1/417","11/28943",0.147570249140196,0.351276182995232,0.273116881743741,"Pla2g5",1
"GO:0098779","positive regulation of mitophagy in response to mitochondrial depolarization","1/417","11/28943",0.147570249140196,0.351276182995232,0.273116881743741,"Prkn",1
"GO:1901339","regulation of store-operated calcium channel activity","1/417","11/28943",0.147570249140196,0.351276182995232,0.273116881743741,"Stim1",1
"GO:1902260","negative regulation of delayed rectifier potassium channel activity","1/417","11/28943",0.147570249140196,0.351276182995232,0.273116881743741,"Kcnab1",1
"GO:1903599","positive regulation of autophagy of mitochondrion","1/417","11/28943",0.147570249140196,0.351276182995232,0.273116881743741,"Prkn",1
"GO:2000563","positive regulation of CD4-positive, alpha-beta T cell proliferation","1/417","11/28943",0.147570249140196,0.351276182995232,0.273116881743741,"Cd55",1
"GO:2001280","positive regulation of unsaturated fatty acid biosynthetic process","1/417","11/28943",0.147570249140196,0.351276182995232,0.273116881743741,"Avpr1a",1
"GO:0072507","divalent inorganic cation homeostasis","8/417","359/28943",0.149212836350856,0.354957340082063,0.275978977705362,"Adm/Fxyd1/Stim1/Cyp27b1/S100b/Stc2/Wnk4/Edn1",8
"GO:0002703","regulation of leukocyte mediated immunity","7/417","303/28943",0.149596885712033,0.35564179140298,0.276511137924367,"Cd55/Ceacam1/Fes/Il27ra/Il20rb/C3/H2-T23",7
"GO:0006757","ATP generation from ADP","3/417","93/28943",0.150783338015554,0.358001340162975,0.278345684730693,"Ppargc1a/Igf1/Gpd1",3
"GO:0070301","cellular response to hydrogen peroxide","3/417","93/28943",0.150783338015554,0.358001340162975,0.278345684730693,"Cat/Rnf112/Edn1",3
"GO:0002369","T cell cytokine production","2/417","48/28943",0.151998684986841,0.359730221135523,0.279689887961616,"Cd55/Il31ra",2
"GO:0002686","negative regulation of leukocyte migration","2/417","48/28943",0.151998684986841,0.359730221135523,0.279689887961616,"Il27ra/Apod",2
"GO:0045761","regulation of adenylate cyclase activity","2/417","48/28943",0.151998684986841,0.359730221135523,0.279689887961616,"Stim1/Adcy1",2
"GO:1900077","negative regulation of cellular response to insulin stimulus","2/417","48/28943",0.151998684986841,0.359730221135523,0.279689887961616,"Irs1/Lpl",2
"GO:1990573","potassium ion import across plasma membrane","2/417","48/28943",0.151998684986841,0.359730221135523,0.279689887961616,"Atp1a2/Wnk4",2
"GO:0032411","positive regulation of transporter activity","4/417","143/28943",0.152201982049388,0.359980600721552,0.279884557839902,"Stim1/Wnk4/Edn1/Adipoq",4
"GO:0050769","positive regulation of neurogenesis","7/417","305/28943",0.153146312527266,0.36141449218272,0.280999407020094,"Itpka/Cdh4/Tenm4/Igf1/Rnf112/Gfap/Aspa",7
"GO:0019722","calcium-mediated signaling","5/417","196/28943",0.154076450319824,0.36141449218272,0.280999407020094,"Itgal/Igf1/Avpr1a/Edn1/Efhb",5
"GO:0031640","killing of cells of another organism","3/417","94/28943",0.154199927911395,0.36141449218272,0.280999407020094,"Cxcl13/Kng2/C3",3
"GO:0032410","negative regulation of transporter activity","3/417","94/28943",0.154199927911395,0.36141449218272,0.280999407020094,"Hecw2/Atp1a2/Kcnab1",3
"GO:0120193","tight junction organization","3/417","94/28943",0.154199927911395,0.36141449218272,0.280999407020094,"Cldn2/Svep1/Ramp2",3
"GO:0009746","response to hexose","5/417","197/28943",0.156358897222274,0.36141449218272,0.280999407020094,"Gckr/Igf1/Sybu/Adipoq/Prkn",5
"GO:0033173","calcineurin-NFAT signaling cascade","2/417","49/28943",0.157037721278876,0.36141449218272,0.280999407020094,"Igf1/Efhb",2
"GO:0044848","biological phase","2/417","49/28943",0.157037721278876,0.36141449218272,0.280999407020094,"Sycp2/Trpv1",2
"GO:0045214","sarcomere organization","2/417","49/28943",0.157037721278876,0.36141449218272,0.280999407020094,"Myom2/Edn1",2
"GO:0070232","regulation of T cell apoptotic process","2/417","49/28943",0.157037721278876,0.36141449218272,0.280999407020094,"Tsc22d3/Pip",2
"GO:0007259","receptor signaling pathway via JAK-STAT","5/417","198/28943",0.158655257726083,0.36141449218272,0.280999407020094,"Igf1/Agt/Csf2rb/Ghr/Hcls1",5
"GO:0001867","complement activation, lectin pathway","1/417","12/28943",0.159856410003895,0.36141449218272,0.280999407020094,"Colec11",1
"GO:0002176","male germ cell proliferation","1/417","12/28943",0.159856410003895,0.36141449218272,0.280999407020094,"Ptgds",1
"GO:0002423","natural killer cell mediated immune response to tumor cell","1/417","12/28943",0.159856410003895,0.36141449218272,0.280999407020094,"Ceacam1",1
"GO:0002778","antibacterial peptide production","1/417","12/28943",0.159856410003895,0.36141449218272,0.280999407020094,"Lgals4",1
"GO:0002885","positive regulation of hypersensitivity","1/417","12/28943",0.159856410003895,0.36141449218272,0.280999407020094,"C3",1
"GO:0002924","negative regulation of humoral immune response mediated by circulating immunoglobulin","1/417","12/28943",0.159856410003895,0.36141449218272,0.280999407020094,"Cd55",1
"GO:0006020","inositol metabolic process","1/417","12/28943",0.159856410003895,0.36141449218272,0.280999407020094,"Itpka",1
"GO:0006072","glycerol-3-phosphate metabolic process","1/417","12/28943",0.159856410003895,0.36141449218272,0.280999407020094,"Gpd1",1
"GO:0006686","sphingomyelin biosynthetic process","1/417","12/28943",0.159856410003895,0.36141449218272,0.280999407020094,"Abca8a",1
"GO:0007183","SMAD protein complex assembly","1/417","12/28943",0.159856410003895,0.36141449218272,0.280999407020094,"Pmepa1",1
"GO:0007320","insemination","1/417","12/28943",0.159856410003895,0.36141449218272,0.280999407020094,"Avpr1a",1
"GO:0009068","aspartate family amino acid catabolic process","1/417","12/28943",0.159856410003895,0.36141449218272,0.280999407020094,"Pipox",1
"GO:0009143","nucleoside triphosphate catabolic process","1/417","12/28943",0.159856410003895,0.36141449218272,0.280999407020094,"Entpd3",1
"GO:0009191","ribonucleoside diphosphate catabolic process","1/417","12/28943",0.159856410003895,0.36141449218272,0.280999407020094,"Entpd2",1
"GO:0009435","NAD biosynthetic process","1/417","12/28943",0.159856410003895,0.36141449218272,0.280999407020094,"Nampt",1
"GO:0010624","regulation of Schwann cell proliferation","1/417","12/28943",0.159856410003895,0.36141449218272,0.280999407020094,"Gfap",1
"GO:0010898","positive regulation of triglyceride catabolic process","1/417","12/28943",0.159856410003895,0.36141449218272,0.280999407020094,"Pnpla2",1
"GO:0010985","negative regulation of lipoprotein particle clearance","1/417","12/28943",0.159856410003895,0.36141449218272,0.280999407020094,"Apoc1",1
"GO:0015911","long-chain fatty acid import across plasma membrane","1/417","12/28943",0.159856410003895,0.36141449218272,0.280999407020094,"Acsl6",1
"GO:0031272","regulation of pseudopodium assembly","1/417","12/28943",0.159856410003895,0.36141449218272,0.280999407020094,"Cdc42ep3",1
"GO:0031274","positive regulation of pseudopodium assembly","1/417","12/28943",0.159856410003895,0.36141449218272,0.280999407020094,"Cdc42ep3",1
"GO:0031392","regulation of prostaglandin biosynthetic process","1/417","12/28943",0.159856410003895,0.36141449218272,0.280999407020094,"Avpr1a",1
"GO:0032000","positive regulation of fatty acid beta-oxidation","1/417","12/28943",0.159856410003895,0.36141449218272,0.280999407020094,"Irs1",1
"GO:0032351","negative regulation of hormone metabolic process","1/417","12/28943",0.159856410003895,0.36141449218272,0.280999407020094,"Cyp27b1",1
"GO:0033632","regulation of cell-cell adhesion mediated by integrin","1/417","12/28943",0.159856410003895,0.36141449218272,0.280999407020094,"Cxcl13",1
"GO:0034310","primary alcohol catabolic process","1/417","12/28943",0.159856410003895,0.36141449218272,0.280999407020094,"Adh1",1
"GO:0034333","adherens junction assembly","1/417","12/28943",0.159856410003895,0.36141449218272,0.280999407020094,"Ramp2",1
"GO:0035726","common myeloid progenitor cell proliferation","1/417","12/28943",0.159856410003895,0.36141449218272,0.280999407020094,"Ceacam1",1
"GO:0036151","phosphatidylcholine acyl-chain remodeling","1/417","12/28943",0.159856410003895,0.36141449218272,0.280999407020094,"Nr1h3",1
"GO:0038063","collagen-activated tyrosine kinase receptor signaling pathway","1/417","12/28943",0.159856410003895,0.36141449218272,0.280999407020094,"Col4a1",1
"GO:0042135","neurotransmitter catabolic process","1/417","12/28943",0.159856410003895,0.36141449218272,0.280999407020094,"Colq",1
"GO:0042362","fat-soluble vitamin biosynthetic process","1/417","12/28943",0.159856410003895,0.36141449218272,0.280999407020094,"Cyp27b1",1
"GO:0043653","mitochondrial fragmentation involved in apoptotic process","1/417","12/28943",0.159856410003895,0.36141449218272,0.280999407020094,"Prkn",1
"GO:0046929","negative regulation of neurotransmitter secretion","1/417","12/28943",0.159856410003895,0.36141449218272,0.280999407020094,"Prkn",1
"GO:0048251","elastic fiber assembly","1/417","12/28943",0.159856410003895,0.36141449218272,0.280999407020094,"Ltbp4",1
"GO:0048845","venous blood vessel morphogenesis","1/417","12/28943",0.159856410003895,0.36141449218272,0.280999407020094,"Chrd",1
"GO:0060013","righting reflex","1/417","12/28943",0.159856410003895,0.36141449218272,0.280999407020094,"Shank1",1
"GO:0060020","Bergmann glial cell differentiation","1/417","12/28943",0.159856410003895,0.36141449218272,0.280999407020094,"Gfap",1
"GO:0060073","micturition","1/417","12/28943",0.159856410003895,0.36141449218272,0.280999407020094,"Trpv1",1
"GO:0060453","regulation of gastric acid secretion","1/417","12/28943",0.159856410003895,0.36141449218272,0.280999407020094,"Trpv1",1
"GO:0060502","epithelial cell proliferation involved in lung morphogenesis","1/417","12/28943",0.159856410003895,0.36141449218272,0.280999407020094,"Fgfr2",1
"GO:0060856","establishment of blood-brain barrier","1/417","12/28943",0.159856410003895,0.36141449218272,0.280999407020094,"Trpv1",1
"GO:0061626","pharyngeal arch artery morphogenesis","1/417","12/28943",0.159856410003895,0.36141449218272,0.280999407020094,"Edn1",1
"GO:0061669","spontaneous neurotransmitter secretion","1/417","12/28943",0.159856410003895,0.36141449218272,0.280999407020094,"Prkn",1
"GO:0061684","chaperone-mediated autophagy","1/417","12/28943",0.159856410003895,0.36141449218272,0.280999407020094,"Gfap",1
"GO:0070170","regulation of tooth mineralization","1/417","12/28943",0.159856410003895,0.36141449218272,0.280999407020094,"Aspn",1
"GO:0070586","cell-cell adhesion involved in gastrulation","1/417","12/28943",0.159856410003895,0.36141449218272,0.280999407020094,"Adipoq",1
"GO:0071281","cellular response to iron ion","1/417","12/28943",0.159856410003895,0.36141449218272,0.280999407020094,"Slc40a1",1
"GO:0072531","pyrimidine-containing compound transmembrane transport","1/417","12/28943",0.159856410003895,0.36141449218272,0.280999407020094,"Slc28a1",1
"GO:0072697","protein localization to cell cortex","1/417","12/28943",0.159856410003895,0.36141449218272,0.280999407020094,"Misp",1
"GO:0090184","positive regulation of kidney development","1/417","12/28943",0.159856410003895,0.36141449218272,0.280999407020094,"Agtr2",1
"GO:0090385","phagosome-lysosome fusion","1/417","12/28943",0.159856410003895,0.36141449218272,0.280999407020094,"Pla2g5",1
"GO:0090394","negative regulation of excitatory postsynaptic potential","1/417","12/28943",0.159856410003895,0.36141449218272,0.280999407020094,"Prkn",1
"GO:0097090","presynaptic membrane organization","1/417","12/28943",0.159856410003895,0.36141449218272,0.280999407020094,"Lrp4",1
"GO:0099519","dense core granule cytoskeletal transport","1/417","12/28943",0.159856410003895,0.36141449218272,0.280999407020094,"Sybu",1
"GO:1900272","negative regulation of long-term synaptic potentiation","1/417","12/28943",0.159856410003895,0.36141449218272,0.280999407020094,"Fam107a",1
"GO:1901030","positive regulation of mitochondrial outer membrane permeabilization involved in apoptotic signaling pathway","1/417","12/28943",0.159856410003895,0.36141449218272,0.280999407020094,"Chchd10",1
"GO:1901503","ether biosynthetic process","1/417","12/28943",0.159856410003895,0.36141449218272,0.280999407020094,"Pla2g5",1
"GO:1903779","regulation of cardiac conduction","1/417","12/28943",0.159856410003895,0.36141449218272,0.280999407020094,"Agt",1
"GO:2000317","negative regulation of T-helper 17 type immune response","1/417","12/28943",0.159856410003895,0.36141449218272,0.280999407020094,"Il27ra",1
"GO:2001225","regulation of chloride transport","1/417","12/28943",0.159856410003895,0.36141449218272,0.280999407020094,"Car7",1
"GO:0010821","regulation of mitochondrion organization","4/417","146/28943",0.160344737504638,0.361891141995972,0.281370001774253,"Ppargc1a/Igf1/Chchd10/Prkn",4
"GO:0031341","regulation of cell killing","4/417","146/28943",0.160344737504638,0.361891141995972,0.281370001774253,"Cd55/Ceacam1/C3/H2-T23",4
"GO:0019932","second-messenger-mediated signaling","7/417","309/28943",0.160361296940794,0.361891141995972,0.281370001774253,"Adcyap1r1/Itgal/Igf1/Avpr1a/Tbxa2r/Edn1/Efhb",7
"GO:0035304","regulation of protein dephosphorylation","3/417","96/28943",0.161105017584864,0.363125595191281,0.282329787901757,"Agtr2/Ppp1r1b/Ppp1r2",3
"GO:0050907","detection of chemical stimulus involved in sensory perception","3/417","96/28943",0.161105017584864,0.363125595191281,0.282329787901757,"Pip/Trpv1/Pkd2l1",3
"GO:0007187","G protein-coupled receptor signaling pathway, coupled to cyclic nucleotide second messenger","2/417","50/28943",0.162107854793823,0.364717976781716,0.283567862999299,"Agtr2/Vipr1",2
"GO:0048806","genitalia development","2/417","50/28943",0.162107854793823,0.364717976781716,0.283567862999299,"Sycp2/Mertk",2
"GO:1902930","regulation of alcohol biosynthetic process","2/417","50/28943",0.162107854793823,0.364717976781716,0.283567862999299,"Adcyap1r1/Cyp27b1",2
"GO:0006875","cellular metal ion homeostasis","9/417","425/28943",0.162769057804565,0.365982558717694,0.284551074192607,"Atp1a2/Slc40a1/Agtr2/Fxyd1/Stim1/S100b/Agt/Stc2/Edn1",9
"GO:0010469","regulation of signaling receptor activity","4/417","147/28943",0.163093990250108,0.366259601286899,0.284766474513706,"Ppargc1a/Shank1/Edn1/Dapk1",4
"GO:0120161","regulation of cold-induced thermogenesis","4/417","147/28943",0.163093990250108,0.366259601286899,0.284766474513706,"Nr1h3/Ppargc1a/Adipoq/Aldh1a1",4
"GO:0034284","response to monosaccharide","5/417","200/28943",0.163289085514148,0.366259601286899,0.284766474513706,"Gckr/Igf1/Sybu/Adipoq/Prkn",5
"GO:1990138","neuron projection extension","5/417","200/28943",0.163289085514148,0.366259601286899,0.284766474513706,"Cdh4/Flrt3/Edn1/Rtn4r/Prkn",5
"GO:1901361","organic cyclic compound catabolic process","10/417","484/28943",0.163581521491819,0.366692760988339,0.28510325574933,"Rnasel/Gsta3/Entpd2/Tdo2/Tent5c/Oas2/Dcp1b/Cyp2f2/Cyp27b1/Entpd3",10
"GO:0001505","regulation of neurotransmitter levels","6/417","255/28943",0.163995040763657,0.367396656856445,0.285650534084372,"Atp1a2/Syn2/Colq/Gfap/Adcy1/Prkn",6
"GO:0021954","central nervous system neuron development","3/417","97/28943",0.164592272248199,0.368064608806996,0.286169866059382,"Ephb6/Fgfr2/Lingo1",3
"GO:0046364","monosaccharide biosynthetic process","3/417","97/28943",0.164592272248199,0.368064608806996,0.286169866059382,"Chst15/Gpd1/Adipoq",3
"GO:0070252","actin-mediated cell contraction","3/417","97/28943",0.164592272248199,0.368064608806996,0.286169866059382,"Atp1a2/Fxyd1/Cacna1g",3
"GO:0071887","leukocyte apoptotic process","4/417","148/28943",0.165860267100667,0.370451364873359,0.28802556651926,"Mertk/Tsc22d3/Pip/Hcls1",4
"GO:1904019","epithelial cell apoptotic process","4/417","148/28943",0.165860267100667,0.370451364873359,0.28802556651926,"Ppargc1a/Igf1/Ramp2/Jag2",4
"GO:0022602","ovulation cycle process","2/417","51/28943",0.167207150161555,0.370778612012781,0.288280000843603,"Agt/Adamts1",2
"GO:0043029","T cell homeostasis","2/417","51/28943",0.167207150161555,0.370778612012781,0.288280000843603,"Tsc22d3/Il20rb",2
"GO:0002695","negative regulation of leukocyte activation","5/417","202/28943",0.167976652124214,0.370778612012781,0.288280000843603,"Nr1h3/Mertk/Ceacam1/Fgl1/Il20rb",5
"GO:0006469","negative regulation of protein kinase activity","5/417","202/28943",0.167976652124214,0.370778612012781,0.288280000843603,"Spry1/Ceacam1/Agt/Wnk4/Adipoq",5
"GO:0051495","positive regulation of cytoskeleton organization","5/417","202/28943",0.167976652124214,0.370778612012781,0.288280000843603,"Lmod1/Fes/Edn1/Mapk15/Cdc42ep3",5
"GO:0098656","anion transmembrane transport","5/417","202/28943",0.167976652124214,0.370778612012781,0.288280000843603,"Slc1a5/Fxyd1/Slc7a2/Agt/Gfap",5
"GO:0032091","negative regulation of protein binding","3/417","98/28943",0.168101839782886,0.370778612012781,0.288280000843603,"Adipoq/Ppp1r2/Efhb",3
"GO:1901222","regulation of NIK/NF-kappaB signaling","3/417","98/28943",0.168101839782886,0.370778612012781,0.288280000843603,"Edar/Mmp8/Edn1",3
"GO:0034763","negative regulation of transmembrane transport","4/417","149/28943",0.168643280314585,0.370778612012781,0.288280000843603,"Hecw2/Atp1a2/Kcnab1/Upk3b",4
"GO:0060326","cell chemotaxis","7/417","314/28943",0.169592190939996,0.370778612012781,0.288280000843603,"Cxcl13/Rarres2/Saa3/Saa2/Ccl6/Edn1/Smoc2",7
"GO:0031334","positive regulation of protein-containing complex assembly","5/417","203/28943",0.170340181338341,0.370778612012781,0.288280000843603,"Lmod1/Cxcl13/Fes/Mmp3/Cdc42ep3",5
"GO:0046578","regulation of Ras protein signal transduction","5/417","203/28943",0.170340181338341,0.370778612012781,0.288280000843603,"Spry1/Syde2/Igf1/Rtn4r/Plce1",5
"GO:0048771","tissue remodeling","5/417","203/28943",0.170340181338341,0.370778612012781,0.288280000843603,"Eln/Ceacam1/Igf1/Mmp2/Agt",5
"GO:0046328","regulation of JNK cascade","4/417","150/28943",0.171442741010261,0.370778612012781,0.288280000843603,"Nrk/Edar/Mmp8/Fgd4",4
"GO:0002690","positive regulation of leukocyte chemotaxis","3/417","99/28943",0.171633102577099,0.370778612012781,0.288280000843603,"Cxcl13/Rarres2/Edn1",3
"GO:0045576","mast cell activation","3/417","99/28943",0.171633102577099,0.370778612012781,0.288280000843603,"Ptgds/Fes/Plscr2",3
"GO:1902882","regulation of response to oxidative stress","3/417","99/28943",0.171633102577099,0.370778612012781,0.288280000843603,"Gch1/Mmp3/Prkn",3
"GO:0002087","regulation of respiratory gaseous exchange by nervous system process","1/417","13/28943",0.171965907671739,0.370778612012781,0.288280000843603,"Atp1a2",1
"GO:0002674","negative regulation of acute inflammatory response","1/417","13/28943",0.171965907671739,0.370778612012781,0.288280000843603,"Il20rb",1
"GO:0006568","tryptophan metabolic process","1/417","13/28943",0.171965907671739,0.370778612012781,0.288280000843603,"Tdo2",1
"GO:0006586","indolalkylamine metabolic process","1/417","13/28943",0.171965907671739,0.370778612012781,0.288280000843603,"Tdo2",1
"GO:0009437","carnitine metabolic process","1/417","13/28943",0.171965907671739,0.370778612012781,0.288280000843603,"Bbox1",1
"GO:0010739","positive regulation of protein kinase A signaling","1/417","13/28943",0.171965907671739,0.370778612012781,0.288280000843603,"Adipoq",1
"GO:0010872","regulation of cholesterol esterification","1/417","13/28943",0.171965907671739,0.370778612012781,0.288280000843603,"Agt",1
"GO:0014010","Schwann cell proliferation","1/417","13/28943",0.171965907671739,0.370778612012781,0.288280000843603,"Gfap",1
"GO:0021860","pyramidal neuron development","1/417","13/28943",0.171965907671739,0.370778612012781,0.288280000843603,"Fgfr2",1
"GO:0030854","positive regulation of granulocyte differentiation","1/417","13/28943",0.171965907671739,0.370778612012781,0.288280000843603,"Hcls1",1
"GO:0031953","negative regulation of protein autophosphorylation","1/417","13/28943",0.171965907671739,0.370778612012781,0.288280000843603,"Adipoq",1
"GO:0032060","bleb assembly","1/417","13/28943",0.171965907671739,0.370778612012781,0.288280000843603,"Prdx6",1
"GO:0032905","transforming growth factor beta1 production","1/417","13/28943",0.171965907671739,0.370778612012781,0.288280000843603,"Lum",1
"GO:0033625","positive regulation of integrin activation","1/417","13/28943",0.171965907671739,0.370778612012781,0.288280000843603,"Cxcl13",1
"GO:0034374","low-density lipoprotein particle remodeling","1/417","13/28943",0.171965907671739,0.370778612012781,0.288280000843603,"Pla2g5",1
"GO:0035810","positive regulation of urine volume","1/417","13/28943",0.171965907671739,0.370778612012781,0.288280000843603,"Edn1",1
"GO:0044793","negative regulation by host of viral process","1/417","13/28943",0.171965907671739,0.370778612012781,0.288280000843603,"Prkn",1
"GO:0045618","positive regulation of keratinocyte differentiation","1/417","13/28943",0.171965907671739,0.370778612012781,0.288280000843603,"Cyp27b1",1
"GO:0048548","regulation of pinocytosis","1/417","13/28943",0.171965907671739,0.370778612012781,0.288280000843603,"Nr1h3",1
"GO:0051917","regulation of fibrinolysis","1/417","13/28943",0.171965907671739,0.370778612012781,0.288280000843603,"Vtn",1
"GO:0060272","embryonic skeletal joint morphogenesis","1/417","13/28943",0.171965907671739,0.370778612012781,0.288280000843603,"Osr2",1
"GO:0060368","regulation of Fc receptor mediated stimulatory signaling pathway","1/417","13/28943",0.171965907671739,0.370778612012781,0.288280000843603,"Plscr2",1
"GO:0060394","negative regulation of pathway-restricted SMAD protein phosphorylation","1/417","13/28943",0.171965907671739,0.370778612012781,0.288280000843603,"Pmepa1",1
"GO:0060586","multicellular organismal iron ion homeostasis","1/417","13/28943",0.171965907671739,0.370778612012781,0.288280000843603,"Slc40a1",1
"GO:0060601","lateral sprouting from an epithelium","1/417","13/28943",0.171965907671739,0.370778612012781,0.288280000843603,"Fgfr2",1
"GO:0070091","glucagon secretion","1/417","13/28943",0.171965907671739,0.370778612012781,0.288280000843603,"Irs1",1
"GO:0070092","regulation of glucagon secretion","1/417","13/28943",0.171965907671739,0.370778612012781,0.288280000843603,"Irs1",1
"GO:0070471","uterine smooth muscle contraction","1/417","13/28943",0.171965907671739,0.370778612012781,0.288280000843603,"Agt",1
"GO:0071863","regulation of cell proliferation in bone marrow","1/417","13/28943",0.171965907671739,0.370778612012781,0.288280000843603,"Fgfr2",1
"GO:0086015","SA node cell action potential","1/417","13/28943",0.171965907671739,0.370778612012781,0.288280000843603,"Cacna1g",1
"GO:0086018","SA node cell to atrial cardiac muscle cell signaling","1/417","13/28943",0.171965907671739,0.370778612012781,0.288280000843603,"Cacna1g",1
"GO:0086067","AV node cell to bundle of His cell communication","1/417","13/28943",0.171965907671739,0.370778612012781,0.288280000843603,"Cacna1g",1
"GO:0086070","SA node cell to atrial cardiac muscle cell communication","1/417","13/28943",0.171965907671739,0.370778612012781,0.288280000843603,"Cacna1g",1
"GO:0097066","response to thyroid hormone","1/417","13/28943",0.171965907671739,0.370778612012781,0.288280000843603,"Ppargc1a",1
"GO:0098935","dendritic transport","1/417","13/28943",0.171965907671739,0.370778612012781,0.288280000843603,"Kif17",1
"GO:0150011","regulation of neuron projection arborization","1/417","13/28943",0.171965907671739,0.370778612012781,0.288280000843603,"Ntng2",1
"GO:1900121","negative regulation of receptor binding","1/417","13/28943",0.171965907671739,0.370778612012781,0.288280000843603,"Adipoq",1
"GO:1901142","insulin metabolic process","1/417","13/28943",0.171965907671739,0.370778612012781,0.288280000843603,"Ceacam1",1
"GO:1902931","negative regulation of alcohol biosynthetic process","1/417","13/28943",0.171965907671739,0.370778612012781,0.288280000843603,"Cyp27b1",1
"GO:1904753","negative regulation of vascular associated smooth muscle cell migration","1/417","13/28943",0.171965907671739,0.370778612012781,0.288280000843603,"Adipoq",1
"GO:0045332","phospholipid translocation","2/417","52/28943",0.172333721076363,0.370778612012781,0.288280000843603,"Atp8a1/Plscr2",2
"GO:0046596","regulation of viral entry into host cell","2/417","52/28943",0.172333721076363,0.370778612012781,0.288280000843603,"Trim30d/Trim30b",2
"GO:0050912","detection of chemical stimulus involved in sensory perception of taste","2/417","52/28943",0.172333721076363,0.370778612012781,0.288280000843603,"Pip/Pkd2l1",2
"GO:0060043","regulation of cardiac muscle cell proliferation","2/417","52/28943",0.172333721076363,0.370778612012781,0.288280000843603,"Fgfr2/Tbx2",2
"GO:0060251","regulation of glial cell proliferation","2/417","52/28943",0.172333721076363,0.370778612012781,0.288280000843603,"Igf1/Gfap",2
"GO:1903426","regulation of reactive oxygen species biosynthetic process","2/417","52/28943",0.172333721076363,0.370778612012781,0.288280000843603,"Mmp8/Prkn",2
"GO:0009314","response to radiation","9/417","432/28943",0.173814458843374,0.373746640681269,0.290587640171586,"Atp1a2/Ifi207/Cat/Gpr88/Grk1/Mmp2/Mmp3/Ppp1r1b/Chrd",9
"GO:0003206","cardiac chamber morphogenesis","4/417","151/28943",0.174258359267223,0.37383025125775,0.290652647311366,"Col11a1/Fgfr2/Tbx2/Adamts1",4
"GO:0018022","peptidyl-lysine methylation","4/417","151/28943",0.174258359267223,0.37383025125775,0.290652647311366,"Mettl21e/H1f2/H1f3/Airn",4
"GO:0050921","positive regulation of chemotaxis","4/417","151/28943",0.174258359267223,0.37383025125775,0.290652647311366,"Cxcl13/Rarres2/Edn1/Smoc2",4
"GO:1900180","regulation of protein localization to nucleus","4/417","151/28943",0.174258359267223,0.37383025125775,0.290652647311366,"Agtr2/Gbp4/Apod/Hcls1",4
"GO:0048736","appendage development","5/417","205/28943",0.175105908706729,0.374848157322593,0.291444068261023,"Lrp4/Fgfr2/Comp/Tbx2/Osr2",5
"GO:0060173","limb development","5/417","205/28943",0.175105908706729,0.374848157322593,0.291444068261023,"Lrp4/Fgfr2/Comp/Tbx2/Osr2",5
"GO:0097696","receptor signaling pathway via STAT","5/417","205/28943",0.175105908706729,0.374848157322593,0.291444068261023,"Igf1/Agt/Csf2rb/Ghr/Hcls1",5
"GO:0006970","response to osmotic stress","3/417","100/28943",0.175185445404819,0.374848157322593,0.291444068261023,"Tsc22d3/Agt/Serpinb6c",3
"GO:0007548","sex differentiation","7/417","317/28943",0.175240498249944,0.374848157322593,0.291444068261023,"Ren1/Sycp2/Mertk/Sohlh1/Mmp2/Agt/Adamts1",7
"GO:0007389","pattern specification process","10/417","493/28943",0.176931844102962,0.377728358927785,0.293683422134935,"Lrp4/Ripply1/Spry1/Wnt2b/Fgfr2/Ccdc40/Tbx2/Edn1/Chrd/C3",10
"GO:0046189","phenol-containing compound biosynthetic process","2/417","53/28943",0.177485729290634,0.377728358927785,0.293683422134935,"Agtr2/Gch1",2
"GO:0046676","negative regulation of insulin secretion","2/417","53/28943",0.177485729290634,0.377728358927785,0.293683422134935,"Irs1/Prkn",2
"GO:0051954","positive regulation of amine transport","2/417","53/28943",0.177485729290634,0.377728358927785,0.293683422134935,"Avpr1a/Agt",2
"GO:0051955","regulation of amino acid transport","2/417","53/28943",0.177485729290634,0.377728358927785,0.293683422134935,"Avpr1a/Agt",2
"GO:0090199","regulation of release of cytochrome c from mitochondria","2/417","53/28943",0.177485729290634,0.377728358927785,0.293683422134935,"Igf1/Prkn",2
"GO:0097720","calcineurin-mediated signaling","2/417","53/28943",0.177485729290634,0.377728358927785,0.293683422134935,"Igf1/Efhb",2
"GO:0099054","presynapse assembly","2/417","53/28943",0.177485729290634,0.377728358927785,0.293683422134935,"Ntng2/Lrp4",2
"GO:0061351","neural precursor cell proliferation","5/417","206/28943",0.17750777430653,0.377728358927785,0.293683422134935,"Trnp1/Fgfr2/Igf1/Acsl6/Lims2",5
"GO:0031638","zymogen activation","3/417","101/28943",0.178758255638168,0.379732727166924,0.295241816440726,"Ifi207/Klk1b24/Clec3b",3
"GO:0036473","cell death in response to oxidative stress","3/417","101/28943",0.178758255638168,0.379732727166924,0.295241816440726,"Mmp3/Rnf112/Prkn",3
"GO:0046031","ADP metabolic process","3/417","101/28943",0.178758255638168,0.379732727166924,0.295241816440726,"Ppargc1a/Igf1/Gpd1",3
"GO:0051090","regulation of DNA-binding transcription factor activity","9/417","436/28943",0.180277810997259,0.380798380463107,0.296070360815103,"Foxs1/Cat/Ror1/Ppargc1a/Trim30d/Trim30b/Adcy1/Edn1/Hcls1",9
"GO:0048167","regulation of synaptic plasticity","8/417","378/28943",0.181270261973906,0.380798380463107,0.296070360815103,"Itpka/Musk/S100b/Agt/Fam107a/Gfap/Adcy1/Chrd",8
"GO:0002673","regulation of acute inflammatory response","2/417","54/28943",0.182661383627224,0.380798380463107,0.296070360815103,"Il20rb/C3",2
"GO:0007617","mating behavior","2/417","54/28943",0.182661383627224,0.380798380463107,0.296070360815103,"Avpr1a/Ppp1r1b",2
"GO:0034204","lipid translocation","2/417","54/28943",0.182661383627224,0.380798380463107,0.296070360815103,"Atp8a1/Plscr2",2
"GO:0051293","establishment of spindle localization","2/417","54/28943",0.182661383627224,0.380798380463107,0.296070360815103,"Spry1/Misp",2
"GO:0002824","positive regulation of adaptive immune response based on somatic recombination of immune receptors built from immunoglobulin superfamily domains","4/417","154/28943",0.182799246691359,0.380798380463107,0.296070360815103,"Cd55/Il27ra/C3/H2-T23",4
"GO:0001660","fever generation","1/417","14/28943",0.18390127637208,0.380798380463107,0.296070360815103,"Trpv1",1
"GO:0002138","retinoic acid biosynthetic process","1/417","14/28943",0.18390127637208,0.380798380463107,0.296070360815103,"Aldh1a1",1
"GO:0002775","antimicrobial peptide production","1/417","14/28943",0.18390127637208,0.380798380463107,0.296070360815103,"Lgals4",1
"GO:0002829","negative regulation of type 2 immune response","1/417","14/28943",0.18390127637208,0.380798380463107,0.296070360815103,"Il27ra",1
"GO:0002866","positive regulation of acute inflammatory response to antigenic stimulus","1/417","14/28943",0.18390127637208,0.380798380463107,0.296070360815103,"C3",1
"GO:0003207","cardiac chamber formation","1/417","14/28943",0.18390127637208,0.380798380463107,0.296070360815103,"Tbx2",1
"GO:0006067","ethanol metabolic process","1/417","14/28943",0.18390127637208,0.380798380463107,0.296070360815103,"Adh1",1
"GO:0006750","glutathione biosynthetic process","1/417","14/28943",0.18390127637208,0.380798380463107,0.296070360815103,"Ggt5",1
"GO:0006924","activation-induced cell death of T cells","1/417","14/28943",0.18390127637208,0.380798380463107,0.296070360815103,"Tsc22d3",1
"GO:0010635","regulation of mitochondrial fusion","1/417","14/28943",0.18390127637208,0.380798380463107,0.296070360815103,"Prkn",1
"GO:0016102","diterpenoid biosynthetic process","1/417","14/28943",0.18390127637208,0.380798380463107,0.296070360815103,"Aldh1a1",1
"GO:0018342","protein prenylation","1/417","14/28943",0.18390127637208,0.380798380463107,0.296070360815103,"Musk",1
"GO:0021936","regulation of cerebellar granule cell precursor proliferation","1/417","14/28943",0.18390127637208,0.380798380463107,0.296070360815103,"Igf1",1
"GO:0032253","dense core granule localization","1/417","14/28943",0.18390127637208,0.380798380463107,0.296070360815103,"Sybu",1
"GO:0032525","somite rostral/caudal axis specification","1/417","14/28943",0.18390127637208,0.380798380463107,0.296070360815103,"Ripply1",1
"GO:0032769","negative regulation of monooxygenase activity","1/417","14/28943",0.18390127637208,0.380798380463107,0.296070360815103,"Cyp27b1",1
"GO:0036093","germ cell proliferation","1/417","14/28943",0.18390127637208,0.380798380463107,0.296070360815103,"Ptgds",1
"GO:0042363","fat-soluble vitamin catabolic process","1/417","14/28943",0.18390127637208,0.380798380463107,0.296070360815103,"Cyp27b1",1
"GO:0042559","pteridine-containing compound biosynthetic process","1/417","14/28943",0.18390127637208,0.380798380463107,0.296070360815103,"Gch1",1
"GO:0045793","positive regulation of cell size","1/417","14/28943",0.18390127637208,0.380798380463107,0.296070360815103,"Edn1",1
"GO:0046058","cAMP metabolic process","1/417","14/28943",0.18390127637208,0.380798380463107,0.296070360815103,"Adcy1",1
"GO:0051967","negative regulation of synaptic transmission, glutamatergic","1/417","14/28943",0.18390127637208,0.380798380463107,0.296070360815103,"Prkn",1
"GO:0052646","alditol phosphate metabolic process","1/417","14/28943",0.18390127637208,0.380798380463107,0.296070360815103,"Gpd1",1
"GO:0061140","lung secretory cell differentiation","1/417","14/28943",0.18390127637208,0.380798380463107,0.296070360815103,"Igf1",1
"GO:0061309","cardiac neural crest cell development involved in outflow tract morphogenesis","1/417","14/28943",0.18390127637208,0.380798380463107,0.296070360815103,"Edn1",1
"GO:0070278","extracellular matrix constituent secretion","1/417","14/28943",0.18390127637208,0.380798380463107,0.296070360815103,"Agt",1
"GO:0071838","cell proliferation in bone marrow","1/417","14/28943",0.18390127637208,0.380798380463107,0.296070360815103,"Fgfr2",1
"GO:0090331","negative regulation of platelet aggregation","1/417","14/28943",0.18390127637208,0.380798380463107,0.296070360815103,"Ceacam1",1
"GO:0097354","prenylation","1/417","14/28943",0.18390127637208,0.380798380463107,0.296070360815103,"Musk",1
"GO:1901201","regulation of extracellular matrix assembly","1/417","14/28943",0.18390127637208,0.380798380463107,0.296070360815103,"Agt",1
"GO:1901524","regulation of mitophagy","1/417","14/28943",0.18390127637208,0.380798380463107,0.296070360815103,"Prkn",1
"GO:1901950","dense core granule transport","1/417","14/28943",0.18390127637208,0.380798380463107,0.296070360815103,"Sybu",1
"GO:1903817","negative regulation of voltage-gated potassium channel activity","1/417","14/28943",0.18390127637208,0.380798380463107,0.296070360815103,"Kcnab1",1
"GO:1905288","vascular associated smooth muscle cell apoptotic process","1/417","14/28943",0.18390127637208,0.380798380463107,0.296070360815103,"Igf1",1
"GO:1905459","regulation of vascular associated smooth muscle cell apoptotic process","1/417","14/28943",0.18390127637208,0.380798380463107,0.296070360815103,"Igf1",1
"GO:2000343","positive regulation of chemokine (C-X-C motif) ligand 2 production","1/417","14/28943",0.18390127637208,0.380798380463107,0.296070360815103,"Lpl",1
"GO:2001140","positive regulation of phospholipid transport","1/417","14/28943",0.18390127637208,0.380798380463107,0.296070360815103,"Atp8a1",1
"GO:2001279","regulation of unsaturated fatty acid biosynthetic process","1/417","14/28943",0.18390127637208,0.380798380463107,0.296070360815103,"Avpr1a",1
"GO:0001101","response to acid chemical","5/417","209/28943",0.184787361360334,0.382249544507398,0.297198639411437,"Mmp2/Col4a1/Mmp3/Prkn/Pkd2l1",5
"GO:0010639","negative regulation of organelle organization","8/417","380/28943",0.18480916493654,0.382249544507398,0.297198639411437,"Spta1/Lmod1/Ppargc1a/Shank1/Fgfr2/Arap1/Igf1/Prkn",8
"GO:0001837","epithelial to mesenchymal transition","4/417","155/28943",0.185676578650908,0.383613837929017,0.298259376185331,"Spry1/Fgfr2/Edn1/Chrd",4
"GO:0051092","positive regulation of NF-kappaB transcription factor activity","4/417","155/28943",0.185676578650908,0.383613837929017,0.298259376185331,"Cat/Ror1/Trim30d/Trim30b",4
"GO:0030593","neutrophil chemotaxis","3/417","103/28943",0.185962842013912,0.3839903874247,0.298552143042469,"Cxcl13/Ccl6/Edn1",3
"GO:0001961","positive regulation of cytokine-mediated signaling pathway","2/417","55/28943",0.187858939010205,0.38596282850622,0.300085714015072,"Edn1/Prkn",2
"GO:0009583","detection of light stimulus","2/417","55/28943",0.187858939010205,0.38596282850622,0.300085714015072,"Gpr88/Grk1",2
"GO:0019228","neuronal action potential","2/417","55/28943",0.187858939010205,0.38596282850622,0.300085714015072,"Gpr88/Cacna1g",2
"GO:0030838","positive regulation of actin filament polymerization","2/417","55/28943",0.187858939010205,0.38596282850622,0.300085714015072,"Lmod1/Cdc42ep3",2
"GO:0042531","positive regulation of tyrosine phosphorylation of STAT protein","2/417","55/28943",0.187858939010205,0.38596282850622,0.300085714015072,"Igf1/Hcls1",2
"GO:0045933","positive regulation of muscle contraction","2/417","55/28943",0.187858939010205,0.38596282850622,0.300085714015072,"Tbxa2r/Edn1",2
"GO:0055010","ventricular cardiac muscle tissue morphogenesis","2/417","55/28943",0.187858939010205,0.38596282850622,0.300085714015072,"Col11a1/Fgfr2",2
"GO:0070527","platelet aggregation","2/417","55/28943",0.187858939010205,0.38596282850622,0.300085714015072,"Ceacam1/Comp",2
"GO:2000378","negative regulation of reactive oxygen species metabolic process","2/417","55/28943",0.187858939010205,0.38596282850622,0.300085714015072,"Mmp3/Prkn",2
"GO:0051053","negative regulation of DNA metabolic process","4/417","156/28943",0.188568606402007,0.386990158330301,0.300884461928132,"H1f2/H1f3/Mapk15/Adipoq",4
"GO:1901136","carbohydrate derivative catabolic process","4/417","156/28943",0.188568606402007,0.386990158330301,0.300884461928132,"Stab2/Gpd1/Aldh1a1/Aldh1a7",4
"GO:0060541","respiratory system development","6/417","267/28943",0.189336304943344,0.388349798806015,0.301941581041228,"Spry1/Wnt2b/Fgfr2/Igf1/Ccdc40/Tbx2",6
"GO:0008361","regulation of cell size","5/417","211/28943",0.18970037737339,0.388449136584889,0.302018816065174,"Cdh4/Slc6a12/Gnb3/Edn1/Rtn4r",5
"GO:0010721","negative regulation of cell development","5/417","211/28943",0.18970037737339,0.388449136584889,0.302018816065174,"Lrp4/Igf1/Lingo1/Trpv1/Rtn4r",5
"GO:0030307","positive regulation of cell growth","5/417","211/28943",0.18970037737339,0.388449136584889,0.302018816065174,"Cdh4/Igf1/Avpr1a/Edn1/Prkn",5
"GO:0070588","calcium ion transmembrane transport","7/417","325/28943",0.190687730237664,0.390254490042935,0.30342247657726,"Atp1a2/Adcyap1r1/Stim1/Trpv1/Cacna1g/Edn1/Pkd2l1",7
"GO:0051147","regulation of muscle cell differentiation","4/417","157/28943",0.191475035816499,0.391118154809077,0.304093975071094,"Tcf23/Fgfr2/Igf1/Edn1",4
"GO:0030834","regulation of actin filament depolymerization","2/417","56/28943",0.193076695513661,0.391118154809077,0.304093975071094,"Spta1/Lmod1",2
"GO:0045604","regulation of epidermal cell differentiation","2/417","56/28943",0.193076695513661,0.391118154809077,0.304093975071094,"Ptch2/Cyp27b1",2
"GO:0060337","type I interferon signaling pathway","2/417","56/28943",0.193076695513661,0.391118154809077,0.304093975071094,"Oas1g/Oas2",2
"GO:0060428","lung epithelium development","2/417","56/28943",0.193076695513661,0.391118154809077,0.304093975071094,"Fgfr2/Igf1",2
"GO:0071357","cellular response to type I interferon","2/417","56/28943",0.193076695513661,0.391118154809077,0.304093975071094,"Oas1g/Oas2",2
"GO:1900271","regulation of long-term synaptic potentiation","2/417","56/28943",0.193076695513661,0.391118154809077,0.304093975071094,"Fam107a/Adcy1",2
"GO:1901861","regulation of muscle tissue development","2/417","56/28943",0.193076695513661,0.391118154809077,0.304093975071094,"Ppargc1a/Boc",2
"GO:0034249","negative regulation of cellular amide metabolic process","5/417","213/28943",0.19465975613948,0.391118154809077,0.304093975071094,"Dcp1b/Spon1/Igf1/Ang3/Dapk1",5
"GO:0006577","amino-acid betaine metabolic process","1/417","15/28943",0.195665014066188,0.391118154809077,0.304093975071094,"Bbox1",1
"GO:0010820","positive regulation of T cell chemotaxis","1/417","15/28943",0.195665014066188,0.391118154809077,0.304093975071094,"Cxcl13",1
"GO:0010917","negative regulation of mitochondrial membrane potential","1/417","15/28943",0.195665014066188,0.391118154809077,0.304093975071094,"Trpv1",1
"GO:0014049","positive regulation of glutamate secretion","1/417","15/28943",0.195665014066188,0.391118154809077,0.304093975071094,"Avpr1a",1
"GO:0030007","cellular potassium ion homeostasis","1/417","15/28943",0.195665014066188,0.391118154809077,0.304093975071094,"Atp1a2",1
"GO:0031000","response to caffeine","1/417","15/28943",0.195665014066188,0.391118154809077,0.304093975071094,"Irs1",1
"GO:0031269","pseudopodium assembly","1/417","15/28943",0.195665014066188,0.391118154809077,0.304093975071094,"Cdc42ep3",1
"GO:0032308","positive regulation of prostaglandin secretion","1/417","15/28943",0.195665014066188,0.391118154809077,0.304093975071094,"Edn1",1
"GO:0032372","negative regulation of sterol transport","1/417","15/28943",0.195665014066188,0.391118154809077,0.304093975071094,"Apoc1",1
"GO:0032375","negative regulation of cholesterol transport","1/417","15/28943",0.195665014066188,0.391118154809077,0.304093975071094,"Apoc1",1
"GO:0032429","regulation of phospholipase A2 activity","1/417","15/28943",0.195665014066188,0.391118154809077,0.304093975071094,"Ang3",1
"GO:0033700","phospholipid efflux","1/417","15/28943",0.195665014066188,0.391118154809077,0.304093975071094,"Apoc1",1
"GO:0034350","regulation of glial cell apoptotic process","1/417","15/28943",0.195665014066188,0.391118154809077,0.304093975071094,"Igf1",1
"GO:0035630","bone mineralization involved in bone maturation","1/417","15/28943",0.195665014066188,0.391118154809077,0.304093975071094,"Igf1",1
"GO:0042693","muscle cell fate commitment","1/417","15/28943",0.195665014066188,0.391118154809077,0.304093975071094,"Tbx2",1
"GO:0043031","negative regulation of macrophage activation","1/417","15/28943",0.195665014066188,0.391118154809077,0.304093975071094,"Nr1h3",1
"GO:0045916","negative regulation of complement activation","1/417","15/28943",0.195665014066188,0.391118154809077,0.304093975071094,"Cd55",1
"GO:0048102","autophagic cell death","1/417","15/28943",0.195665014066188,0.391118154809077,0.304093975071094,"Dapk1",1
"GO:0048681","negative regulation of axon regeneration","1/417","15/28943",0.195665014066188,0.391118154809077,0.304093975071094,"Rtn4r",1
"GO:0048755","branching morphogenesis of a nerve","1/417","15/28943",0.195665014066188,0.391118154809077,0.304093975071094,"Fgfr2",1
"GO:0060347","heart trabecula formation","1/417","15/28943",0.195665014066188,0.391118154809077,0.304093975071094,"Adamts1",1
"GO:0060732","positive regulation of inositol phosphate biosynthetic process","1/417","15/28943",0.195665014066188,0.391118154809077,0.304093975071094,"Adcyap1r1",1
"GO:0060742","epithelial cell differentiation involved in prostate gland development","1/417","15/28943",0.195665014066188,0.391118154809077,0.304093975071094,"Fgfr2",1
"GO:0061029","eyelid development in camera-type eye","1/417","15/28943",0.195665014066188,0.391118154809077,0.304093975071094,"Osr2",1
"GO:0070207","protein homotrimerization","1/417","15/28943",0.195665014066188,0.391118154809077,0.304093975071094,"Slc1a5",1
"GO:0070307","lens fiber cell development","1/417","15/28943",0.195665014066188,0.391118154809077,0.304093975071094,"Fgfr2",1
"GO:0071599","otic vesicle development","1/417","15/28943",0.195665014066188,0.391118154809077,0.304093975071094,"Fgfr2",1
"GO:0110156","methylguanosine-cap decapping","1/417","15/28943",0.195665014066188,0.391118154809077,0.304093975071094,"Dcp1b",1
"GO:0150079","negative regulation of neuroinflammatory response","1/417","15/28943",0.195665014066188,0.391118154809077,0.304093975071094,"Igf1",1
"GO:1902101","positive regulation of metaphase/anaphase transition of cell cycle","1/417","15/28943",0.195665014066188,0.391118154809077,0.304093975071094,"Mapk15",1
"GO:1904925","positive regulation of autophagy of mitochondrion in response to mitochondrial depolarization","1/417","15/28943",0.195665014066188,0.391118154809077,0.304093975071094,"Prkn",1
"GO:2001015","negative regulation of skeletal muscle cell differentiation","1/417","15/28943",0.195665014066188,0.391118154809077,0.304093975071094,"S100b",1
"GO:2001046","positive regulation of integrin-mediated signaling pathway","1/417","15/28943",0.195665014066188,0.391118154809077,0.304093975071094,"Lims2",1
"GO:2001138","regulation of phospholipid transport","1/417","15/28943",0.195665014066188,0.391118154809077,0.304093975071094,"Atp8a1",1
"GO:0030203","glycosaminoglycan metabolic process","3/417","106/28943",0.196908082727952,0.393389957484632,0.305860299384328,"Stab2/Spock2/Hs3st3b1",3
"GO:0009743","response to carbohydrate","5/417","214/28943",0.197156398006347,0.393673024034307,0.30608038334423,"Gckr/Igf1/Sybu/Adipoq/Prkn",5
"GO:0030514","negative regulation of BMP signaling pathway","2/417","57/28943",0.198312997428217,0.394701663884085,0.306880149800964,"Htra3/Chrd",2
"GO:0034113","heterotypic cell-cell adhesion","2/417","57/28943",0.198312997428217,0.394701663884085,0.306880149800964,"Itga7/Adipoq",2
"GO:0043536","positive regulation of blood vessel endothelial cell migration","2/417","57/28943",0.198312997428217,0.394701663884085,0.306880149800964,"Angpt4/Igf1",2
"GO:0043647","inositol phosphate metabolic process","2/417","57/28943",0.198312997428217,0.394701663884085,0.306880149800964,"Itpka/Adcyap1r1",2
"GO:0052372","modulation by symbiont of entry into host","2/417","57/28943",0.198312997428217,0.394701663884085,0.306880149800964,"Trim30d/Trim30b",2
"GO:2001222","regulation of neuron migration","2/417","57/28943",0.198312997428217,0.394701663884085,0.306880149800964,"Ntng2/Flrt2",2
"GO:0031032","actomyosin structure organization","5/417","215/28943",0.19966410885721,0.397176664817251,0.308804460556721,"Lmod1/Eln/Arap1/Myom2/Edn1",5
"GO:1903039","positive regulation of leukocyte cell-cell adhesion","6/417","272/28943",0.200318630712961,0.398162355109968,0.309570833775698,"Cd55/Spta1/Ephb6/Itgal/Igf1/Il27ra",6
"GO:0009953","dorsal/ventral pattern formation","3/417","107/28943",0.200591002303505,0.398162355109968,0.309570833775698,"Lrp4/Edn1/Chrd",3
"GO:0021761","limbic system development","3/417","107/28943",0.200591002303505,0.398162355109968,0.309570833775698,"Atp1a2/Fgfr2/Kirrel3",3
"GO:0071901","negative regulation of protein serine/threonine kinase activity","3/417","107/28943",0.200591002303505,0.398162355109968,0.309570833775698,"Spry1/Agt/Adipoq",3
"GO:0003002","regionalization","8/417","389/28943",0.201094206403658,0.398946700721282,0.310180661705804,"Lrp4/Ripply1/Spry1/Wnt2b/Fgfr2/Edn1/Chrd/C3",8
"GO:0090092","regulation of transmembrane receptor protein serine/threonine kinase signaling pathway","6/417","273/28943",0.202542958601268,0.400839382038006,0.311652219540868,"Pmepa1/Spry1/Htra3/Aspn/Chrd/Nrep",6
"GO:0002821","positive regulation of adaptive immune response","4/417","161/28943",0.203238876083127,0.400839382038006,0.311652219540868,"Cd55/Il27ra/C3/H2-T23",4
"GO:0031279","regulation of cyclase activity","2/417","58/28943",0.203566232344991,0.400839382038006,0.311652219540868,"Stim1/Adcy1",2
"GO:0032757","positive regulation of interleukin-8 production","2/417","58/28943",0.203566232344991,0.400839382038006,0.311652219540868,"Tlr8/Adipoq",2
"GO:0051155","positive regulation of striated muscle cell differentiation","2/417","58/28943",0.203566232344991,0.400839382038006,0.311652219540868,"Igf1/Edn1",2
"GO:0070229","negative regulation of lymphocyte apoptotic process","2/417","58/28943",0.203566232344991,0.400839382038006,0.311652219540868,"Tsc22d3/Pip",2
"GO:0032755","positive regulation of interleukin-6 production","3/417","108/28943",0.204290189694554,0.400839382038006,0.311652219540868,"Tlr8/Lpl/Mmp8",3
"GO:1904063","negative regulation of cation transmembrane transport","3/417","108/28943",0.204290189694554,0.400839382038006,0.311652219540868,"Hecw2/Atp1a2/Kcnab1",3
"GO:0009141","nucleoside triphosphate metabolic process","6/417","275/28943",0.207018547523623,0.400839382038006,0.311652219540868,"Atp1a2/Ppargc1a/Igf1/Entpd3/Gpd1/Prkn",6
"GO:0001921","positive regulation of receptor recycling","1/417","16/28943",0.207259582966022,0.400839382038006,0.311652219540868,"Arap1",1
"GO:0002024","diet induced thermogenesis","1/417","16/28943",0.207259582966022,0.400839382038006,0.311652219540868,"Trpv1",1
"GO:0009074","aromatic amino acid family catabolic process","1/417","16/28943",0.207259582966022,0.400839382038006,0.311652219540868,"Tdo2",1
"GO:0009111","vitamin catabolic process","1/417","16/28943",0.207259582966022,0.400839382038006,0.311652219540868,"Cyp27b1",1
"GO:0010819","regulation of T cell chemotaxis","1/417","16/28943",0.207259582966022,0.400839382038006,0.311652219540868,"Cxcl13",1
"GO:0016264","gap junction assembly","1/417","16/28943",0.207259582966022,0.400839382038006,0.311652219540868,"Agt",1
"GO:0019184","nonribosomal peptide biosynthetic process","1/417","16/28943",0.207259582966022,0.400839382038006,0.311652219540868,"Ggt5",1
"GO:0019359","nicotinamide nucleotide biosynthetic process","1/417","16/28943",0.207259582966022,0.400839382038006,0.311652219540868,"Nampt",1
"GO:0021859","pyramidal neuron differentiation","1/417","16/28943",0.207259582966022,0.400839382038006,0.311652219540868,"Fgfr2",1
"GO:0030644","cellular chloride ion homeostasis","1/417","16/28943",0.207259582966022,0.400839382038006,0.311652219540868,"Wnk4",1
"GO:0032222","regulation of synaptic transmission, cholinergic","1/417","16/28943",0.207259582966022,0.400839382038006,0.311652219540868,"Musk",1
"GO:0034433","steroid esterification","1/417","16/28943",0.207259582966022,0.400839382038006,0.311652219540868,"Agt",1
"GO:0034434","sterol esterification","1/417","16/28943",0.207259582966022,0.400839382038006,0.311652219540868,"Agt",1
"GO:0034435","cholesterol esterification","1/417","16/28943",0.207259582966022,0.400839382038006,0.311652219540868,"Agt",1
"GO:0034776","response to histamine","1/417","16/28943",0.207259582966022,0.400839382038006,0.311652219540868,"Aoc1",1
"GO:0035112","genitalia morphogenesis","1/417","16/28943",0.207259582966022,0.400839382038006,0.311652219540868,"Sycp2",1
"GO:0038065","collagen-activated signaling pathway","1/417","16/28943",0.207259582966022,0.400839382038006,0.311652219540868,"Col4a1",1
"GO:0042428","serotonin metabolic process","1/417","16/28943",0.207259582966022,0.400839382038006,0.311652219540868,"Gch1",1
"GO:0043084","penile erection","1/417","16/28943",0.207259582966022,0.400839382038006,0.311652219540868,"Avpr1a",1
"GO:0044065","regulation of respiratory system process","1/417","16/28943",0.207259582966022,0.400839382038006,0.311652219540868,"Atp1a2",1
"GO:0045651","positive regulation of macrophage differentiation","1/417","16/28943",0.207259582966022,0.400839382038006,0.311652219540868,"Hcls1",1
"GO:0055057","neuroblast division","1/417","16/28943",0.207259582966022,0.400839382038006,0.311652219540868,"Fgfr2",1
"GO:0060628","regulation of ER to Golgi vesicle-mediated transport","1/417","16/28943",0.207259582966022,0.400839382038006,0.311652219540868,"Mapk15",1
"GO:0060788","ectodermal placode formation","1/417","16/28943",0.207259582966022,0.400839382038006,0.311652219540868,"Tbx2",1
"GO:0060911","cardiac cell fate commitment","1/417","16/28943",0.207259582966022,0.400839382038006,0.311652219540868,"Tenm4",1
"GO:0060979","vasculogenesis involved in coronary vascular morphogenesis","1/417","16/28943",0.207259582966022,0.400839382038006,0.311652219540868,"Fgfr2",1
"GO:0061042","vascular wound healing","1/417","16/28943",0.207259582966022,0.400839382038006,0.311652219540868,"Smoc2",1
"GO:0071501","cellular response to sterol depletion","1/417","16/28943",0.207259582966022,0.400839382038006,0.311652219540868,"Npc1l1",1
"GO:0071697","ectodermal placode morphogenesis","1/417","16/28943",0.207259582966022,0.400839382038006,0.311652219540868,"Tbx2",1
"GO:0072498","embryonic skeletal joint development","1/417","16/28943",0.207259582966022,0.400839382038006,0.311652219540868,"Osr2",1
"GO:0086103","G protein-coupled receptor signaling pathway involved in heart process","1/417","16/28943",0.207259582966022,0.400839382038006,0.311652219540868,"Edn1",1
"GO:0090051","negative regulation of cell migration involved in sprouting angiogenesis","1/417","16/28943",0.207259582966022,0.400839382038006,0.311652219540868,"Tbxa2r",1
"GO:1902001","fatty acid transmembrane transport","1/417","16/28943",0.207259582966022,0.400839382038006,0.311652219540868,"Acsl6",1
"GO:1902287","semaphorin-plexin signaling pathway involved in axon guidance","1/417","16/28943",0.207259582966022,0.400839382038006,0.311652219540868,"Edn1",1
"GO:1903978","regulation of microglial cell activation","1/417","16/28943",0.207259582966022,0.400839382038006,0.311652219540868,"Mmp8",1
"GO:1904923","regulation of autophagy of mitochondrion in response to mitochondrial depolarization","1/417","16/28943",0.207259582966022,0.400839382038006,0.311652219540868,"Prkn",1
"GO:2000035","regulation of stem cell division","1/417","16/28943",0.207259582966022,0.400839382038006,0.311652219540868,"Fgfr2",1
"GO:2000288","positive regulation of myoblast proliferation","1/417","16/28943",0.207259582966022,0.400839382038006,0.311652219540868,"Igf1",1
"GO:2000479","regulation of cAMP-dependent protein kinase activity","1/417","16/28943",0.207259582966022,0.400839382038006,0.311652219540868,"Adipoq",1
"GO:0006165","nucleoside diphosphate phosphorylation","3/417","109/28943",0.208005059700811,0.401154106819757,0.311896917744619,"Ppargc1a/Igf1/Gpd1",3
"GO:0033555","multicellular organismal response to stress","3/417","109/28943",0.208005059700811,0.401154106819757,0.311896917744619,"Atp1a2/Gch1/Trpv1",3
"GO:0048704","embryonic skeletal system morphogenesis","3/417","109/28943",0.208005059700811,0.401154106819757,0.311896917744619,"Col11a1/Fgfr2/Osr2",3
"GO:0006903","vesicle targeting","2/417","59/28943",0.208834830256656,0.401154106819757,0.311896917744619,"Dipk2a/Mapk15",2
"GO:0015695","organic cation transport","2/417","59/28943",0.208834830256656,0.401154106819757,0.311896917744619,"Agtr2/Agt",2
"GO:0030166","proteoglycan biosynthetic process","2/417","59/28943",0.208834830256656,0.401154106819757,0.311896917744619,"Igf1/Hs3st3b1",2
"GO:0051653","spindle localization","2/417","59/28943",0.208834830256656,0.401154106819757,0.311896917744619,"Spry1/Misp",2
"GO:0071622","regulation of granulocyte chemotaxis","2/417","59/28943",0.208834830256656,0.401154106819757,0.311896917744619,"Rarres2/Edn1",2
"GO:0097035","regulation of membrane lipid distribution","2/417","59/28943",0.208834830256656,0.401154106819757,0.311896917744619,"Atp8a1/Plscr2",2
"GO:0097479","synaptic vesicle localization","2/417","59/28943",0.208834830256656,0.401154106819757,0.311896917744619,"Syn2/Fgfr2",2
"GO:0098815","modulation of excitatory postsynaptic potential","2/417","59/28943",0.208834830256656,0.401154106819757,0.311896917744619,"Shank1/Prkn",2
"GO:1902808","positive regulation of cell cycle G1/S phase transition","2/417","59/28943",0.208834830256656,0.401154106819757,0.311896917744619,"Tbx2/Adamts1",2
"GO:2001238","positive regulation of extrinsic apoptotic signaling pathway","2/417","59/28943",0.208834830256656,0.401154106819757,0.311896917744619,"Agtr2/Agt",2
"GO:0035637","multicellular organismal signaling","4/417","163/28943",0.209199539099694,0.401436953407521,0.312116830684356,"Gpr88/Avpr1a/Agt/Cacna1g",4
"GO:0097530","granulocyte migration","4/417","163/28943",0.209199539099694,0.401436953407521,0.312116830684356,"Cxcl13/Rarres2/Ccl6/Edn1",4
"GO:0050806","positive regulation of synaptic transmission","7/417","335/28943",0.210734964042211,0.404173240126673,0.314244290877983,"Musk/S100b/Car7/Fam107a/Gfap/Adcy1/Chrd",7
"GO:0006650","glycerophospholipid metabolic process","6/417","277/28943",0.211529262762233,0.405486001099774,0.315264961224578,"Prdx6/Itpka/Nr1h3/Pla2g5/Apoc1/Gdpd1",6
"GO:0015872","dopamine transport","2/417","60/28943",0.214117262675322,0.405846321745249,0.315545110166874,"Mapk15/Prkn",2
"GO:0030042","actin filament depolymerization","2/417","60/28943",0.214117262675322,0.405846321745249,0.315545110166874,"Spta1/Lmod1",2
"GO:0035924","cellular response to vascular endothelial growth factor stimulus","2/417","60/28943",0.214117262675322,0.405846321745249,0.315545110166874,"Ramp2/Smoc2",2
"GO:0060443","mammary gland morphogenesis","2/417","60/28943",0.214117262675322,0.405846321745249,0.315545110166874,"Fgfr2/Tbx2",2
"GO:0099172","presynapse organization","2/417","60/28943",0.214117262675322,0.405846321745249,0.315545110166874,"Ntng2/Lrp4",2
"GO:0048469","cell maturation","5/417","221/28943",0.21493296340566,0.405846321745249,0.315545110166874,"Ren1/Tcp11x2/Edn1/C3/Slc26a8",5
"GO:0050714","positive regulation of protein secretion","4/417","165/28943",0.215209549969161,0.405846321745249,0.315545110166874,"Igf1/Ang3/Sybu/Prkn",4
"GO:0002709","regulation of T cell mediated immunity","3/417","111/28943",0.215479527606493,0.405846321745249,0.315545110166874,"Cd55/Il20rb/H2-T23",3
"GO:0007605","sensory perception of sound","6/417","280/28943",0.2183591193469,0.405846321745249,0.315545110166874,"Col11a1/Ror1/Myo7a/Serpinb6c/Jag2/Col11a2",6
"GO:0001821","histamine secretion","1/417","17/28943",0.21868741004464,0.405846321745249,0.315545110166874,"Edn1",1
"GO:0002431","Fc receptor mediated stimulatory signaling pathway","1/417","17/28943",0.21868741004464,0.405846321745249,0.315545110166874,"Plscr2",1
"GO:0002713","negative regulation of B cell mediated immunity","1/417","17/28943",0.21868741004464,0.405846321745249,0.315545110166874,"Cd55",1
"GO:0002890","negative regulation of immunoglobulin mediated immune response","1/417","17/28943",0.21868741004464,0.405846321745249,0.315545110166874,"Cd55",1
"GO:0003356","regulation of cilium beat frequency","1/417","17/28943",0.21868741004464,0.405846321745249,0.315545110166874,"Ccdc40",1
"GO:0003413","chondrocyte differentiation involved in endochondral bone morphogenesis","1/417","17/28943",0.21868741004464,0.405846321745249,0.315545110166874,"Col27a1",1
"GO:0006991","response to sterol depletion","1/417","17/28943",0.21868741004464,0.405846321745249,0.315545110166874,"Npc1l1",1
"GO:0007250","activation of NF-kappaB-inducing kinase activity","1/417","17/28943",0.21868741004464,0.405846321745249,0.315545110166874,"Agt",1
"GO:0008272","sulfate transport","1/417","17/28943",0.21868741004464,0.405846321745249,0.315545110166874,"Slc26a8",1
"GO:0010524","positive regulation of calcium ion transport into cytosol","1/417","17/28943",0.21868741004464,0.405846321745249,0.315545110166874,"Adcyap1r1",1
"GO:0010566","regulation of ketone biosynthetic process","1/417","17/28943",0.21868741004464,0.405846321745249,0.315545110166874,"Ppargc1a",1
"GO:0010896","regulation of triglyceride catabolic process","1/417","17/28943",0.21868741004464,0.405846321745249,0.315545110166874,"Pnpla2",1
"GO:0010919","regulation of inositol phosphate biosynthetic process","1/417","17/28943",0.21868741004464,0.405846321745249,0.315545110166874,"Adcyap1r1",1
"GO:0010958","regulation of amino acid import across plasma membrane","1/417","17/28943",0.21868741004464,0.405846321745249,0.315545110166874,"Agt",1
"GO:0016322","neuron remodeling","1/417","17/28943",0.21868741004464,0.405846321745249,0.315545110166874,"C3",1
"GO:0019896","axonal transport of mitochondrion","1/417","17/28943",0.21868741004464,0.405846321745249,0.315545110166874,"Sybu",1
"GO:0030299","intestinal cholesterol absorption","1/417","17/28943",0.21868741004464,0.405846321745249,0.315545110166874,"Npc1l1",1
"GO:0030320","cellular monovalent inorganic anion homeostasis","1/417","17/28943",0.21868741004464,0.405846321745249,0.315545110166874,"Wnk4",1
"GO:0030540","female genitalia development","1/417","17/28943",0.21868741004464,0.405846321745249,0.315545110166874,"Mertk",1
"GO:0031268","pseudopodium organization","1/417","17/28943",0.21868741004464,0.405846321745249,0.315545110166874,"Cdc42ep3",1
"GO:0032048","cardiolipin metabolic process","1/417","17/28943",0.21868741004464,0.405846321745249,0.315545110166874,"Pla2g5",1
"GO:0032306","regulation of prostaglandin secretion","1/417","17/28943",0.21868741004464,0.405846321745249,0.315545110166874,"Edn1",1
"GO:0035337","fatty-acyl-CoA metabolic process","1/417","17/28943",0.21868741004464,0.405846321745249,0.315545110166874,"Acsl6",1
"GO:0035745","T-helper 2 cell cytokine production","1/417","17/28943",0.21868741004464,0.405846321745249,0.315545110166874,"Il31ra",1
"GO:0038166","angiotensin-activated signaling pathway","1/417","17/28943",0.21868741004464,0.405846321745249,0.315545110166874,"Agt",1
"GO:0040015","negative regulation of multicellular organism growth","1/417","17/28943",0.21868741004464,0.405846321745249,0.315545110166874,"Stc2",1
"GO:0042359","vitamin D metabolic process","1/417","17/28943",0.21868741004464,0.405846321745249,0.315545110166874,"Cyp27b1",1
"GO:0042711","maternal behavior","1/417","17/28943",0.21868741004464,0.405846321745249,0.315545110166874,"Avpr1a",1
"GO:0045655","regulation of monocyte differentiation","1/417","17/28943",0.21868741004464,0.405846321745249,0.315545110166874,"Fes",1
"GO:0045820","negative regulation of glycolytic process","1/417","17/28943",0.21868741004464,0.405846321745249,0.315545110166874,"Ppargc1a",1
"GO:0046415","urate metabolic process","1/417","17/28943",0.21868741004464,0.405846321745249,0.315545110166874,"Gckr",1
"GO:0048103","somatic stem cell division","1/417","17/28943",0.21868741004464,0.405846321745249,0.315545110166874,"Fgfr2",1
"GO:0048143","astrocyte activation","1/417","17/28943",0.21868741004464,0.405846321745249,0.315545110166874,"Agt",1
"GO:0048302","regulation of isotype switching to IgG isotypes","1/417","17/28943",0.21868741004464,0.405846321745249,0.315545110166874,"Il27ra",1
"GO:0051589","negative regulation of neurotransmitter transport","1/417","17/28943",0.21868741004464,0.405846321745249,0.315545110166874,"Prkn",1
"GO:0051904","pigment granule transport","1/417","17/28943",0.21868741004464,0.405846321745249,0.315545110166874,"Myo7a",1
"GO:0060100","positive regulation of phagocytosis, engulfment","1/417","17/28943",0.21868741004464,0.405846321745249,0.315545110166874,"C3",1
"GO:0060766","negative regulation of androgen receptor signaling pathway","1/417","17/28943",0.21868741004464,0.405846321745249,0.315545110166874,"Igf1",1
"GO:0061308","cardiac neural crest cell development involved in heart development","1/417","17/28943",0.21868741004464,0.405846321745249,0.315545110166874,"Edn1",1
"GO:0070571","negative regulation of neuron projection regeneration","1/417","17/28943",0.21868741004464,0.405846321745249,0.315545110166874,"Rtn4r",1
"GO:0071696","ectodermal placode development","1/417","17/28943",0.21868741004464,0.405846321745249,0.315545110166874,"Tbx2",1
"GO:0086012","membrane depolarization during cardiac muscle cell action potential","1/417","17/28943",0.21868741004464,0.405846321745249,0.315545110166874,"Cacna1g",1
"GO:0090136","epithelial cell-cell adhesion","1/417","17/28943",0.21868741004464,0.405846321745249,0.315545110166874,"Svep1",1
"GO:0097094","craniofacial suture morphogenesis","1/417","17/28943",0.21868741004464,0.405846321745249,0.315545110166874,"Fgfr2",1
"GO:0099171","presynaptic modulation of chemical synaptic transmission","1/417","17/28943",0.21868741004464,0.405846321745249,0.315545110166874,"Chrd",1
"GO:0110154","RNA decapping","1/417","17/28943",0.21868741004464,0.405846321745249,0.315545110166874,"Dcp1b",1
"GO:1902176","negative regulation of oxidative stress-induced intrinsic apoptotic signaling pathway","1/417","17/28943",0.21868741004464,0.405846321745249,0.315545110166874,"Prkn",1
"GO:1902285","semaphorin-plexin signaling pathway involved in neuron projection guidance","1/417","17/28943",0.21868741004464,0.405846321745249,0.315545110166874,"Edn1",1
"GO:1903541","regulation of exosomal secretion","1/417","17/28943",0.21868741004464,0.405846321745249,0.315545110166874,"Prkn",1
"GO:1903789","regulation of amino acid transmembrane transport","1/417","17/28943",0.21868741004464,0.405846321745249,0.315545110166874,"Agt",1
"GO:1904355","positive regulation of telomere capping","1/417","17/28943",0.21868741004464,0.405846321745249,0.315545110166874,"Mapk15",1
"GO:1905155","positive regulation of membrane invagination","1/417","17/28943",0.21868741004464,0.405846321745249,0.315545110166874,"C3",1
"GO:2001028","positive regulation of endothelial cell chemotaxis","1/417","17/28943",0.21868741004464,0.405846321745249,0.315545110166874,"Smoc2",1
"GO:0032386","regulation of intracellular transport","7/417","339/28943",0.21896664980422,0.405846321745249,0.315545110166874,"Agtr2/Gbp4/Mapk15/Adipoq/Apod/Hcls1/Sh3tc2",7
"GO:1905477","positive regulation of protein localization to membrane","3/417","112/28943",0.219237976352089,0.405846321745249,0.315545110166874,"Lrp4/Musk/Prkn",3
"GO:0010812","negative regulation of cell-substrate adhesion","2/417","61/28943",0.219412041766933,0.405846321745249,0.315545110166874,"Fam107a/Apod",2
"GO:0031663","lipopolysaccharide-mediated signaling pathway","2/417","61/28943",0.219412041766933,0.405846321745249,0.315545110166874,"Cd55/Trim30d",2
"GO:0033003","regulation of mast cell activation","2/417","61/28943",0.219412041766933,0.405846321745249,0.315545110166874,"Fes/Plscr2",2
"GO:0042491","inner ear auditory receptor cell differentiation","2/417","61/28943",0.219412041766933,0.405846321745249,0.315545110166874,"Myo7a/Jag2",2
"GO:0051339","regulation of lyase activity","2/417","61/28943",0.219412041766933,0.405846321745249,0.315545110166874,"Stim1/Adcy1",2
"GO:0060760","positive regulation of response to cytokine stimulus","2/417","61/28943",0.219412041766933,0.405846321745249,0.315545110166874,"Edn1/Prkn",2
"GO:0002822","regulation of adaptive immune response based on somatic recombination of immune receptors built from immunoglobulin superfamily domains","5/417","223/28943",0.220103120848265,0.406717078164061,0.316222122413581,"Cd55/Il27ra/Il20rb/C3/H2-T23",5
"GO:0008654","phospholipid biosynthetic process","5/417","223/28943",0.220103120848265,0.406717078164061,0.316222122413581,"Itpka/Hmgcs2/Pla2g5/Acsl6/Abca8a",5
"GO:0006937","regulation of muscle contraction","4/417","167/28943",0.221266551436677,0.408458053952105,0.317575729351483,"Atp1a2/Fxyd1/Tbxa2r/Edn1",4
"GO:0032675","regulation of interleukin-6 production","4/417","167/28943",0.221266551436677,0.408458053952105,0.317575729351483,"Tlr8/Lpl/Il27ra/Mmp8",4
"GO:0046034","ATP metabolic process","5/417","224/28943",0.222702497668601,0.410649484911559,0.31927956473565,"Atp1a2/Ppargc1a/Igf1/Gpd1/Prkn",5
"GO:0031532","actin cytoskeleton reorganization","3/417","113/28943",0.223009809655383,0.410649484911559,0.31927956473565,"Gdpd2/Nrk/Fes",3
"GO:0043473","pigmentation","3/417","113/28943",0.223009809655383,0.410649484911559,0.31927956473565,"Myo7a/Edar/Tbx2",3
"GO:0046939","nucleotide phosphorylation","3/417","113/28943",0.223009809655383,0.410649484911559,0.31927956473565,"Ppargc1a/Igf1/Gpd1",3
"GO:1902106","negative regulation of leukocyte differentiation","3/417","113/28943",0.223009809655383,0.410649484911559,0.31927956473565,"Clec2g/Ceacam1/Adipoq",3
"GO:0030856","regulation of epithelial cell differentiation","4/417","168/28943",0.224311938452816,0.411473555302972,0.319920278642643,"Spry1/Ptch2/Ceacam1/Cyp27b1",4
"GO:0001947","heart looping","2/417","62/28943",0.224717719501885,0.411473555302972,0.319920278642643,"Ccdc40/Tbx2",2
"GO:0030858","positive regulation of epithelial cell differentiation","2/417","62/28943",0.224717719501885,0.411473555302972,0.319920278642643,"Ptch2/Cyp27b1",2
"GO:0032653","regulation of interleukin-10 production","2/417","62/28943",0.224717719501885,0.411473555302972,0.319920278642643,"Il20rb/Mmp8",2
"GO:0032655","regulation of interleukin-12 production","2/417","62/28943",0.224717719501885,0.411473555302972,0.319920278642643,"Tlr8/Irf8",2
"GO:0034340","response to type I interferon","2/417","62/28943",0.224717719501885,0.411473555302972,0.319920278642643,"Oas1g/Oas2",2
"GO:0048260","positive regulation of receptor-mediated endocytosis","2/417","62/28943",0.224717719501885,0.411473555302972,0.319920278642643,"Vtn/C3",2
"GO:0048599","oocyte development","2/417","62/28943",0.224717719501885,0.411473555302972,0.319920278642643,"Igf1/Edn1",2
"GO:0050873","brown fat cell differentiation","2/417","62/28943",0.224717719501885,0.411473555302972,0.319920278642643,"Rarres2/Adipoq",2
"GO:0051785","positive regulation of nuclear division","2/417","62/28943",0.224717719501885,0.411473555302972,0.319920278642643,"Igf1/Edn1",2
"GO:0050866","negative regulation of cell activation","5/417","225/28943",0.225311167469451,0.411473555302972,0.319920278642643,"Nr1h3/Mertk/Ceacam1/Fgl1/Il20rb",5
"GO:2000241","regulation of reproductive process","5/417","225/28943",0.225311167469451,0.411473555302972,0.319920278642643,"Sycp2/Ptgds/Tcp11x2/Igf1/Mapk15",5
"GO:0001708","cell fate specification","3/417","114/28943",0.226794464313646,0.411473555302972,0.319920278642643,"Ptch2/Tenm4/Tbx2",3
"GO:0048477","oogenesis","3/417","114/28943",0.226794464313646,0.411473555302972,0.319920278642643,"Sohlh1/Igf1/Edn1",3
"GO:0043270","positive regulation of ion transport","7/417","343/28943",0.227311732305177,0.411473555302972,0.319920278642643,"Adcyap1r1/Fxyd1/Stim1/Avpr1a/Agt/Wnk4/Edn1",7
"GO:0045637","regulation of myeloid cell differentiation","5/417","226/28943",0.227928950609094,0.411473555302972,0.319920278642643,"Clec2g/Ceacam1/Fes/Adipoq/Hcls1",5
"GO:0009306","protein secretion","8/417","404/28943",0.229449184266318,0.411473555302972,0.319920278642643,"Irs1/Nr1h3/Porcn/Igf1/Comp/Ang3/Sybu/Prkn",8
"GO:0001878","response to yeast","1/417","18/28943",0.229950887539329,0.411473555302972,0.319920278642643,"Ang3",1
"GO:0002862","negative regulation of inflammatory response to antigenic stimulus","1/417","18/28943",0.229950887539329,0.411473555302972,0.319920278642643,"Il20rb",1
"GO:0006491","N-glycan processing","1/417","18/28943",0.229950887539329,0.411473555302972,0.319920278642643,"Man2a2",1
"GO:0010755","regulation of plasminogen activation","1/417","18/28943",0.229950887539329,0.411473555302972,0.319920278642643,"Clec3b",1
"GO:0010918","positive regulation of mitochondrial membrane potential","1/417","18/28943",0.229950887539329,0.411473555302972,0.319920278642643,"Prkn",1
"GO:0015701","bicarbonate transport","1/417","18/28943",0.229950887539329,0.411473555302972,0.319920278642643,"Slc4a5",1
"GO:0016137","glycoside metabolic process","1/417","18/28943",0.229950887539329,0.411473555302972,0.319920278642643,"Akr1c14",1
"GO:0019430","removal of superoxide radicals","1/417","18/28943",0.229950887539329,0.411473555302972,0.319920278642643,"Gch1",1
"GO:0030656","regulation of vitamin metabolic process","1/417","18/28943",0.229950887539329,0.411473555302972,0.319920278642643,"Cyp27b1",1
"GO:0032793","positive regulation of CREB transcription factor activity","1/417","18/28943",0.229950887539329,0.411473555302972,0.319920278642643,"Adcy1",1
"GO:0033574","response to testosterone","1/417","18/28943",0.229950887539329,0.411473555302972,0.319920278642643,"Adh1",1
"GO:0033631","cell-cell adhesion mediated by integrin","1/417","18/28943",0.229950887539329,0.411473555302972,0.319920278642643,"Cxcl13",1
"GO:0035235","ionotropic glutamate receptor signaling pathway","1/417","18/28943",0.229950887539329,0.411473555302972,0.319920278642643,"Grin3b",1
"GO:0036159","inner dynein arm assembly","1/417","18/28943",0.229950887539329,0.411473555302972,0.319920278642643,"Ccdc40",1
"GO:0042407","cristae formation","1/417","18/28943",0.229950887539329,0.411473555302972,0.319920278642643,"Chchd10",1
"GO:0043217","myelin maintenance","1/417","18/28943",0.229950887539329,0.411473555302972,0.319920278642643,"Sh3tc2",1
"GO:0043252","sodium-independent organic anion transport","1/417","18/28943",0.229950887539329,0.411473555302972,0.319920278642643,"Slco2b1",1
"GO:0043278","response to morphine","1/417","18/28943",0.229950887539329,0.411473555302972,0.319920278642643,"Ppp1r1b",1
"GO:0044406","adhesion of symbiont to host","1/417","18/28943",0.229950887539329,0.411473555302972,0.319920278642643,"Gbp6",1
"GO:0045956","positive regulation of calcium ion-dependent exocytosis","1/417","18/28943",0.229950887539329,0.411473555302972,0.319920278642643,"Cacna1g",1
"GO:0046184","aldehyde biosynthetic process","1/417","18/28943",0.229950887539329,0.411473555302972,0.319920278642643,"Adh1",1
"GO:0048291","isotype switching to IgG isotypes","1/417","18/28943",0.229950887539329,0.411473555302972,0.319920278642643,"Il27ra",1
"GO:0048715","negative regulation of oligodendrocyte differentiation","1/417","18/28943",0.229950887539329,0.411473555302972,0.319920278642643,"Lingo1",1
"GO:0051905","establishment of pigment granule localization","1/417","18/28943",0.229950887539329,0.411473555302972,0.319920278642643,"Myo7a",1
"GO:0060192","negative regulation of lipase activity","1/417","18/28943",0.229950887539329,0.411473555302972,0.319920278642643,"Apoc1",1
"GO:0060746","parental behavior","1/417","18/28943",0.229950887539329,0.411473555302972,0.319920278642643,"Avpr1a",1
"GO:0061307","cardiac neural crest cell differentiation involved in heart development","1/417","18/28943",0.229950887539329,0.411473555302972,0.319920278642643,"Edn1",1
"GO:0061318","renal filtration cell differentiation","1/417","18/28943",0.229950887539329,0.411473555302972,0.319920278642643,"Adipoq",1
"GO:0070206","protein trimerization","1/417","18/28943",0.229950887539329,0.411473555302972,0.319920278642643,"Slc1a5",1
"GO:0071280","cellular response to copper ion","1/417","18/28943",0.229950887539329,0.411473555302972,0.319920278642643,"Aoc1",1
"GO:0072112","podocyte differentiation","1/417","18/28943",0.229950887539329,0.411473555302972,0.319920278642643,"Adipoq",1
"GO:0072148","epithelial cell fate commitment","1/417","18/28943",0.229950887539329,0.411473555302972,0.319920278642643,"Chrd",1
"GO:0072311","glomerular epithelial cell differentiation","1/417","18/28943",0.229950887539329,0.411473555302972,0.319920278642643,"Adipoq",1
"GO:0097091","synaptic vesicle clustering","1/417","18/28943",0.229950887539329,0.411473555302972,0.319920278642643,"Syn2",1
"GO:0098814","spontaneous synaptic transmission","1/417","18/28943",0.229950887539329,0.411473555302972,0.319920278642643,"Prkn",1
"GO:0140131","positive regulation of lymphocyte chemotaxis","1/417","18/28943",0.229950887539329,0.411473555302972,0.319920278642643,"Cxcl13",1
"GO:1901160","primary amino compound metabolic process","1/417","18/28943",0.229950887539329,0.411473555302972,0.319920278642643,"Gch1",1
"GO:1990806","ligand-gated ion channel signaling pathway","1/417","18/28943",0.229950887539329,0.411473555302972,0.319920278642643,"Grin3b",1
"GO:0042698","ovulation cycle","2/417","63/28943",0.230032886821597,0.411473555302972,0.319920278642643,"Agt/Adamts1",2
"GO:0043457","regulation of cellular respiration","2/417","63/28943",0.230032886821597,0.411473555302972,0.319920278642643,"Ppargc1a/Oas1g",2
"GO:0045682","regulation of epidermis development","2/417","63/28943",0.230032886821597,0.411473555302972,0.319920278642643,"Ptch2/Cyp27b1",2
"GO:1903409","reactive oxygen species biosynthetic process","2/417","63/28943",0.230032886821597,0.411473555302972,0.319920278642643,"Mmp8/Prkn",2
"GO:0007088","regulation of mitotic nuclear division","3/417","115/28943",0.230591381877141,0.411873914799421,0.320231557751617,"Fgfr2/Igf1/Edn1",3
"GO:0032231","regulation of actin filament bundle assembly","3/417","115/28943",0.230591381877141,0.411873914799421,0.320231557751617,"Shank1/Arap1/Prkn",3
"GO:0120034","positive regulation of plasma membrane bounded cell projection assembly","3/417","115/28943",0.230591381877141,0.411873914799421,0.320231557751617,"Arap1/Cdc42ep3/Plce1",3
"GO:0035592","establishment of protein localization to extracellular region","8/417","405/28943",0.231389157896172,0.413099018835913,0.32118407491747,"Irs1/Nr1h3/Porcn/Igf1/Comp/Ang3/Sybu/Prkn",8
"GO:0030595","leukocyte chemotaxis","5/417","228/28943",0.233191137289969,0.416114876208102,0.323528901014853,"Cxcl13/Rarres2/Saa2/Ccl6/Edn1",5
"GO:0051250","negative regulation of lymphocyte activation","4/417","171/28943",0.23351212711908,0.416486363924466,0.323817732343622,"Mertk/Ceacam1/Fgl1/Il20rb",4
"GO:1904035","regulation of epithelial cell apoptotic process","3/417","116/28943",0.234400008752822,0.417868098655442,0.324892029718136,"Ppargc1a/Igf1/Ramp2",3
"GO:0007178","transmembrane receptor protein serine/threonine kinase signaling pathway","8/417","407/28943",0.235286520782257,0.418159282990433,0.325118425248022,"Pmepa1/Spry1/Htra3/Ltbp4/Comp/Aspn/Chrd/Nrep",8
"GO:0032613","interleukin-10 production","2/417","64/28943",0.235356172820726,0.418159282990433,0.325118425248022,"Il20rb/Mmp8",2
"GO:0032615","interleukin-12 production","2/417","64/28943",0.235356172820726,0.418159282990433,0.325118425248022,"Tlr8/Irf8",2
"GO:0051893","regulation of focal adhesion assembly","2/417","64/28943",0.235356172820726,0.418159282990433,0.325118425248022,"Fam107a/Apod",2
"GO:0060999","positive regulation of dendritic spine development","2/417","64/28943",0.235356172820726,0.418159282990433,0.325118425248022,"Itpka/Shank1",2
"GO:0090109","regulation of cell-substrate junction assembly","2/417","64/28943",0.235356172820726,0.418159282990433,0.325118425248022,"Fam107a/Apod",2
"GO:0090278","negative regulation of peptide hormone secretion","2/417","64/28943",0.235356172820726,0.418159282990433,0.325118425248022,"Irs1/Prkn",2
"GO:0006913","nucleocytoplasmic transport","7/417","347/28943",0.23576459822096,0.418482161842204,0.325369463233076,"Agtr2/Txnip/Gbp4/Gckr/Agt/Apod/Hcls1",7
"GO:0051169","nuclear transport","7/417","347/28943",0.23576459822096,0.418482161842204,0.325369463233076,"Agtr2/Txnip/Gbp4/Gckr/Agt/Apod/Hcls1",7
"GO:0016241","regulation of macroautophagy","3/417","117/28943",0.238219796302316,0.418807229538098,0.325622203042252,"Rufy4/Nrbp2/Prkn",3
"GO:0034766","negative regulation of ion transmembrane transport","3/417","117/28943",0.238219796302316,0.418807229538098,0.325622203042252,"Hecw2/Atp1a2/Kcnab1",3
"GO:0051952","regulation of amine transport","3/417","117/28943",0.238219796302316,0.418807229538098,0.325622203042252,"Agtr2/Avpr1a/Agt",3
"GO:1903707","negative regulation of hemopoiesis","3/417","117/28943",0.238219796302316,0.418807229538098,0.325622203042252,"Clec2g/Ceacam1/Adipoq",3
"GO:0001678","cellular glucose homeostasis","4/417","173/28943",0.239696023576361,0.418807229538098,0.325622203042252,"Gckr/Igf1/Sybu/Prkn",4
"GO:0071230","cellular response to amino acid stimulus","4/417","173/28943",0.239696023576361,0.418807229538098,0.325622203042252,"Mmp2/Col4a1/Mmp3/Prkn",4
"GO:0001836","release of cytochrome c from mitochondria","2/417","65/28943",0.240686243944781,0.418807229538098,0.325622203042252,"Igf1/Prkn",2
"GO:0003229","ventricular cardiac muscle tissue development","2/417","65/28943",0.240686243944781,0.418807229538098,0.325622203042252,"Col11a1/Fgfr2",2
"GO:0070534","protein K63-linked ubiquitination","2/417","65/28943",0.240686243944781,0.418807229538098,0.325622203042252,"Trim30d/Prkn",2
"GO:0002827","positive regulation of T-helper 1 type immune response","1/417","19/28943",0.241052373447578,0.418807229538098,0.325622203042252,"Il27ra",1
"GO:0002921","negative regulation of humoral immune response","1/417","19/28943",0.241052373447578,0.418807229538098,0.325622203042252,"Cd55",1
"GO:0006590","thyroid hormone generation","1/417","19/28943",0.241052373447578,0.418807229538098,0.325622203042252,"Tg",1
"GO:0010544","negative regulation of platelet activation","1/417","19/28943",0.241052373447578,0.418807229538098,0.325622203042252,"Ceacam1",1
"GO:0010867","positive regulation of triglyceride biosynthetic process","1/417","19/28943",0.241052373447578,0.418807229538098,0.325622203042252,"Nr1h3",1
"GO:0014072","response to isoquinoline alkaloid","1/417","19/28943",0.241052373447578,0.418807229538098,0.325622203042252,"Ppp1r1b",1
"GO:0019363","pyridine nucleotide biosynthetic process","1/417","19/28943",0.241052373447578,0.418807229538098,0.325622203042252,"Nampt",1
"GO:0021924","cell proliferation in external granule layer","1/417","19/28943",0.241052373447578,0.418807229538098,0.325622203042252,"Igf1",1
"GO:0021930","cerebellar granule cell precursor proliferation","1/417","19/28943",0.241052373447578,0.418807229538098,0.325622203042252,"Igf1",1
"GO:0030214","hyaluronan catabolic process","1/417","19/28943",0.241052373447578,0.418807229538098,0.325622203042252,"Stab2",1
"GO:0032570","response to progesterone","1/417","19/28943",0.241052373447578,0.418807229538098,0.325622203042252,"Nr1h3",1
"GO:0032695","negative regulation of interleukin-12 production","1/417","19/28943",0.241052373447578,0.418807229538098,0.325622203042252,"Tlr8",1
"GO:0032700","negative regulation of interleukin-17 production","1/417","19/28943",0.241052373447578,0.418807229538098,0.325622203042252,"Il27ra",1
"GO:0033604","negative regulation of catecholamine secretion","1/417","19/28943",0.241052373447578,0.418807229538098,0.325622203042252,"Agtr2",1
"GO:0033623","regulation of integrin activation","1/417","19/28943",0.241052373447578,0.418807229538098,0.325622203042252,"Cxcl13",1
"GO:0034111","negative regulation of homotypic cell-cell adhesion","1/417","19/28943",0.241052373447578,0.418807229538098,0.325622203042252,"Ceacam1",1
"GO:0035641","locomotory exploration behavior","1/417","19/28943",0.241052373447578,0.418807229538098,0.325622203042252,"Atp1a2",1
"GO:0040037","negative regulation of fibroblast growth factor receptor signaling pathway","1/417","19/28943",0.241052373447578,0.418807229538098,0.325622203042252,"Spry1",1
"GO:0042415","norepinephrine metabolic process","1/417","19/28943",0.241052373447578,0.418807229538098,0.325622203042252,"Prkn",1
"GO:0042492","gamma-delta T cell differentiation","1/417","19/28943",0.241052373447578,0.418807229538098,0.325622203042252,"Jag2",1
"GO:0044539","long-chain fatty acid import into cell","1/417","19/28943",0.241052373447578,0.418807229538098,0.325622203042252,"Acsl6",1
"GO:0044827","modulation by host of viral genome replication","1/417","19/28943",0.241052373447578,0.418807229538098,0.325622203042252,"Prkn",1
"GO:0045721","negative regulation of gluconeogenesis","1/417","19/28943",0.241052373447578,0.418807229538098,0.325622203042252,"Adipoq",1
"GO:0045779","negative regulation of bone resorption","1/417","19/28943",0.241052373447578,0.418807229538098,0.325622203042252,"Ceacam1",1
"GO:0045837","negative regulation of membrane potential","1/417","19/28943",0.241052373447578,0.418807229538098,0.325622203042252,"Trpv1",1
"GO:0046485","ether lipid metabolic process","1/417","19/28943",0.241052373447578,0.418807229538098,0.325622203042252,"Pla2g5",1
"GO:0050746","regulation of lipoprotein metabolic process","1/417","19/28943",0.241052373447578,0.418807229538098,0.325622203042252,"Apod",1
"GO:0060081","membrane hyperpolarization","1/417","19/28943",0.241052373447578,0.418807229538098,0.325622203042252,"Agt",1
"GO:0060396","growth hormone receptor signaling pathway","1/417","19/28943",0.241052373447578,0.418807229538098,0.325622203042252,"Ghr",1
"GO:0071378","cellular response to growth hormone stimulus","1/417","19/28943",0.241052373447578,0.418807229538098,0.325622203042252,"Ghr",1
"GO:0071636","positive regulation of transforming growth factor beta production","1/417","19/28943",0.241052373447578,0.418807229538098,0.325622203042252,"Lum",1
"GO:1902004","positive regulation of amyloid-beta formation","1/417","19/28943",0.241052373447578,0.418807229538098,0.325622203042252,"Slc2a13",1
"GO:1902236","negative regulation of endoplasmic reticulum stress-induced intrinsic apoptotic signaling pathway","1/417","19/28943",0.241052373447578,0.418807229538098,0.325622203042252,"Prkn",1
"GO:1902259","regulation of delayed rectifier potassium channel activity","1/417","19/28943",0.241052373447578,0.418807229538098,0.325622203042252,"Kcnab1",1
"GO:1902916","positive regulation of protein polyubiquitination","1/417","19/28943",0.241052373447578,0.418807229538098,0.325622203042252,"Prkn",1
"GO:2000651","positive regulation of sodium ion transmembrane transporter activity","1/417","19/28943",0.241052373447578,0.418807229538098,0.325622203042252,"Wnk4",1
"GO:0002832","negative regulation of response to biotic stimulus","3/417","118/28943",0.242050200934359,0.420343058254775,0.32681630833688,"Ifi207/Oas1g/Ceacam1",3
"GO:0071692","protein localization to extracellular region","8/417","411/28943",0.243148994404863,0.422052697387284,0.328145551056373,"Irs1/Nr1h3/Porcn/Igf1/Comp/Ang3/Sybu/Prkn",8
"GO:0008637","apoptotic mitochondrial changes","3/417","119/28943",0.245890684191862,0.425040944045327,0.330468909851059,"Igf1/Chchd10/Prkn",3
"GO:1901989","positive regulation of cell cycle phase transition","3/417","119/28943",0.245890684191862,0.425040944045327,0.330468909851059,"Tbx2/Mapk15/Adamts1",3
"GO:0035107","appendage morphogenesis","4/417","175/28943",0.245917559399101,0.425040944045327,0.330468909851059,"Lrp4/Fgfr2/Tbx2/Osr2",4
"GO:0035108","limb morphogenesis","4/417","175/28943",0.245917559399101,0.425040944045327,0.330468909851059,"Lrp4/Fgfr2/Tbx2/Osr2",4
"GO:0002792","negative regulation of peptide secretion","2/417","66/28943",0.246021803202834,0.425040944045327,0.330468909851059,"Irs1/Prkn",2
"GO:0015909","long-chain fatty acid transport","2/417","66/28943",0.246021803202834,0.425040944045327,0.330468909851059,"Pla2g5/Acsl6",2
"GO:0048286","lung alveolus development","2/417","66/28943",0.246021803202834,0.425040944045327,0.330468909851059,"Fgfr2/Igf1",2
"GO:0060612","adipose tissue development","2/417","66/28943",0.246021803202834,0.425040944045327,0.330468909851059,"Ppargc1a/Fgl1",2
"GO:0070231","T cell apoptotic process","2/417","66/28943",0.246021803202834,0.425040944045327,0.330468909851059,"Tsc22d3/Pip",2
"GO:2000648","positive regulation of stem cell proliferation","2/417","66/28943",0.246021803202834,0.425040944045327,0.330468909851059,"Fgfr2/Osr2",2
"GO:0032635","interleukin-6 production","4/417","176/28943",0.249041720327954,0.427077056993681,0.332051985636588,"Tlr8/Lpl/Il27ra/Mmp8",4
"GO:0002685","regulation of leukocyte migration","5/417","234/28943",0.249177684189803,0.427077056993681,0.332051985636588,"Cxcl13/Rarres2/Il27ra/Edn1/Apod",5
"GO:0051225","spindle assembly","3/417","120/28943",0.249740712833751,0.427077056993681,0.332051985636588,"Misp/Mapk15/Kifc2",3
"GO:0035821","modulation of process of another organism","2/417","67/28943",0.251361589395081,0.427077056993681,0.332051985636588,"C3/Mpeg1",2
"GO:0043903","regulation of biological process involved in symbiotic interaction","2/417","67/28943",0.251361589395081,0.427077056993681,0.332051985636588,"Trim30d/Trim30b",2
"GO:0060350","endochondral bone morphogenesis","2/417","67/28943",0.251361589395081,0.427077056993681,0.332051985636588,"Col27a1/Comp",2
"GO:1905517","macrophage migration","2/417","67/28943",0.251361589395081,0.427077056993681,0.332051985636588,"Rarres2/Saa2",2
"GO:0001696","gastric acid secretion","1/417","20/28943",0.251994192015977,0.427077056993681,0.332051985636588,"Trpv1",1
"GO:0002031","G protein-coupled receptor internalization","1/417","20/28943",0.251994192015977,0.427077056993681,0.332051985636588,"Adm",1
"GO:0002755","MyD88-dependent toll-like receptor signaling pathway","1/417","20/28943",0.251994192015977,0.427077056993681,0.332051985636588,"Tlr8",1
"GO:0002863","positive regulation of inflammatory response to antigenic stimulus","1/417","20/28943",0.251994192015977,0.427077056993681,0.332051985636588,"C3",1
"GO:0006349","regulation of gene expression by genomic imprinting","1/417","20/28943",0.251994192015977,0.427077056993681,0.332051985636588,"Airn",1
"GO:0007190","activation of adenylate cyclase activity","1/417","20/28943",0.251994192015977,0.427077056993681,0.332051985636588,"Adcy1",1
"GO:0007379","segment specification","1/417","20/28943",0.251994192015977,0.427077056993681,0.332051985636588,"Chrd",1
"GO:0009110","vitamin biosynthetic process","1/417","20/28943",0.251994192015977,0.427077056993681,0.332051985636588,"Cyp27b1",1
"GO:0021534","cell proliferation in hindbrain","1/417","20/28943",0.251994192015977,0.427077056993681,0.332051985636588,"Igf1",1
"GO:0030050","vesicle transport along actin filament","1/417","20/28943",0.251994192015977,0.427077056993681,0.332051985636588,"Myo7a",1
"GO:0032230","positive regulation of synaptic transmission, GABAergic","1/417","20/28943",0.251994192015977,0.427077056993681,0.332051985636588,"Car7",1
"GO:0032252","secretory granule localization","1/417","20/28943",0.251994192015977,0.427077056993681,0.332051985636588,"Sybu",1
"GO:0032305","positive regulation of icosanoid secretion","1/417","20/28943",0.251994192015977,0.427077056993681,0.332051985636588,"Edn1",1
"GO:0034349","glial cell apoptotic process","1/417","20/28943",0.251994192015977,0.427077056993681,0.332051985636588,"Igf1",1
"GO:0034695","response to prostaglandin E","1/417","20/28943",0.251994192015977,0.427077056993681,0.332051985636588,"Cyp27b1",1
"GO:0044241","lipid digestion","1/417","20/28943",0.251994192015977,0.427077056993681,0.332051985636588,"Npc1l1",1
"GO:0048148","behavioral response to cocaine","1/417","20/28943",0.251994192015977,0.427077056993681,0.332051985636588,"Ppp1r1b",1
"GO:0048207","vesicle targeting, rough ER to cis-Golgi","1/417","20/28943",0.251994192015977,0.427077056993681,0.332051985636588,"Mapk15",1
"GO:0048208","COPII vesicle coating","1/417","20/28943",0.251994192015977,0.427077056993681,0.332051985636588,"Mapk15",1
"GO:0048311","mitochondrion distribution","1/417","20/28943",0.251994192015977,0.427077056993681,0.332051985636588,"Slc4a5",1
"GO:0048557","embryonic digestive tract morphogenesis","1/417","20/28943",0.251994192015977,0.427077056993681,0.332051985636588,"Fgfr2",1
"GO:0050884","neuromuscular process controlling posture","1/417","20/28943",0.251994192015977,0.427077056993681,0.332051985636588,"Gch1",1
"GO:0050965","detection of temperature stimulus involved in sensory perception of pain","1/417","20/28943",0.251994192015977,0.427077056993681,0.332051985636588,"Trpv1",1
"GO:0051608","histamine transport","1/417","20/28943",0.251994192015977,0.427077056993681,0.332051985636588,"Edn1",1
"GO:0052695","cellular glucuronidation","1/417","20/28943",0.251994192015977,0.427077056993681,0.332051985636588,"Ugt1a8",1
"GO:0060841","venous blood vessel development","1/417","20/28943",0.251994192015977,0.427077056993681,0.332051985636588,"Chrd",1
"GO:0071450","cellular response to oxygen radical","1/417","20/28943",0.251994192015977,0.427077056993681,0.332051985636588,"Gch1",1
"GO:0071451","cellular response to superoxide","1/417","20/28943",0.251994192015977,0.427077056993681,0.332051985636588,"Gch1",1
"GO:0072010","glomerular epithelium development","1/417","20/28943",0.251994192015977,0.427077056993681,0.332051985636588,"Adipoq",1
"GO:0072243","metanephric nephron epithelium development","1/417","20/28943",0.251994192015977,0.427077056993681,0.332051985636588,"Adipoq",1
"GO:0090030","regulation of steroid hormone biosynthetic process","1/417","20/28943",0.251994192015977,0.427077056993681,0.332051985636588,"Igf1",1
"GO:1905564","positive regulation of vascular endothelial cell proliferation","1/417","20/28943",0.251994192015977,0.427077056993681,0.332051985636588,"Igf1",1
"GO:2000251","positive regulation of actin cytoskeleton reorganization","1/417","20/28943",0.251994192015977,0.427077056993681,0.332051985636588,"Fes",1
"GO:2000671","regulation of motor neuron apoptotic process","1/417","20/28943",0.251994192015977,0.427077056993681,0.332051985636588,"Musk",1
"GO:0007254","JNK cascade","4/417","177/28943",0.252174426935597,0.427077056993681,0.332051985636588,"Nrk/Edar/Mmp8/Fgd4",4
"GO:0051100","negative regulation of binding","4/417","177/28943",0.252174426935597,0.427077056993681,0.332051985636588,"Ifi207/Adipoq/Ppp1r2/Efhb",4
"GO:0006090","pyruvate metabolic process","3/417","121/28943",0.253599758911739,0.429294043971637,0.333775690799639,"Ppargc1a/Igf1/Gpd1",3
"GO:0030100","regulation of endocytosis","5/417","236/28943",0.254568386127295,0.430736242704846,0.334896998875553,"Nr1h3/Apoc1/Vtn/Adipoq/C3",5
"GO:0065004","protein-DNA complex assembly","4/417","178/28943",0.255315393280171,0.431802305080344,0.33572586130869,"H4c14/H2bc18/H1f2/H1f3",4
"GO:0010038","response to metal ion","6/417","296/28943",0.255948740218722,0.432566206071475,0.336319793567004,"Slc40a1/Fibin/Aoc1/Stim1/Cyp27b1/Cacna1g",6
"GO:0030837","negative regulation of actin filament polymerization","2/417","68/28943",0.256704376354984,0.432566206071475,0.336319793567004,"Spta1/Lmod1",2
"GO:0035315","hair cell differentiation","2/417","68/28943",0.256704376354984,0.432566206071475,0.336319793567004,"Myo7a/Jag2",2
"GO:0046427","positive regulation of receptor signaling pathway via JAK-STAT","2/417","68/28943",0.256704376354984,0.432566206071475,0.336319793567004,"Agt/Ghr",2
"GO:0050433","regulation of catecholamine secretion","2/417","68/28943",0.256704376354984,0.432566206071475,0.336319793567004,"Agtr2/Agt",2
"GO:0050771","negative regulation of axonogenesis","2/417","68/28943",0.256704376354984,0.432566206071475,0.336319793567004,"Lrp4/Rtn4r",2
"GO:0061371","determination of heart left/right asymmetry","2/417","68/28943",0.256704376354984,0.432566206071475,0.336319793567004,"Ccdc40/Tbx2",2
"GO:1901616","organic hydroxy compound catabolic process","2/417","68/28943",0.256704376354984,0.432566206071475,0.336319793567004,"Adh1/Cyp27b1",2
"GO:0006022","aminoglycan metabolic process","3/417","122/28943",0.257467299842191,0.433061171306319,0.336704628543175,"Stab2/Spock2/Hs3st3b1",3
"GO:0015837","amine transport","3/417","122/28943",0.257467299842191,0.433061171306319,0.336704628543175,"Agtr2/Avpr1a/Agt",3
"GO:0098659","inorganic cation import across plasma membrane","3/417","122/28943",0.257467299842191,0.433061171306319,0.336704628543175,"Atp1a2/Wnk4/Trpv1",3
"GO:0099587","inorganic ion import across plasma membrane","3/417","122/28943",0.257467299842191,0.433061171306319,0.336704628543175,"Atp1a2/Wnk4/Trpv1",3
"GO:0045787","positive regulation of cell cycle","7/417","358/28943",0.259518917037673,0.433890303017979,0.337349277621608,"Fgfr2/Igf1/Tbx2/Edn1/Mapk15/Adamts1/Smoc2",7
"GO:0097191","extrinsic apoptotic signaling pathway","5/417","238/28943",0.259987611679331,0.433890303017979,0.337349277621608,"Agtr2/Clca3a2/Igf1/Agt/Dapk1",5
"GO:1902905","positive regulation of supramolecular fiber organization","4/417","180/28943",0.261620967032166,0.433890303017979,0.337349277621608,"Lmod1/Fes/Edn1/Cdc42ep3",4
"GO:0003143","embryonic heart tube morphogenesis","2/417","69/28943",0.262048972205736,0.433890303017979,0.337349277621608,"Ccdc40/Tbx2",2
"GO:0021695","cerebellar cortex development","2/417","69/28943",0.262048972205736,0.433890303017979,0.337349277621608,"Agtr2/Trnp1",2
"GO:0090307","mitotic spindle assembly","2/417","69/28943",0.262048972205736,0.433890303017979,0.337349277621608,"Misp/Kifc2",2
"GO:0150116","regulation of cell-substrate junction organization","2/417","69/28943",0.262048972205736,0.433890303017979,0.337349277621608,"Fam107a/Apod",2
"GO:0002819","regulation of adaptive immune response","5/417","239/28943",0.262707471171449,0.433890303017979,0.337349277621608,"Cd55/Il27ra/Il20rb/C3/H2-T23",5
"GO:0001502","cartilage condensation","1/417","21/28943",0.262778634222156,0.433890303017979,0.337349277621608,"Col11a1",1
"GO:0001946","lymphangiogenesis","1/417","21/28943",0.262778634222156,0.433890303017979,0.337349277621608,"Vash1",1
"GO:0002922","positive regulation of humoral immune response","1/417","21/28943",0.262778634222156,0.433890303017979,0.337349277621608,"C3",1
"GO:0002923","regulation of humoral immune response mediated by circulating immunoglobulin","1/417","21/28943",0.262778634222156,0.433890303017979,0.337349277621608,"Cd55",1
"GO:0006390","mitochondrial transcription","1/417","21/28943",0.262778634222156,0.433890303017979,0.337349277621608,"Chchd10",1
"GO:0006662","glycerol ether metabolic process","1/417","21/28943",0.262778634222156,0.433890303017979,0.337349277621608,"Pla2g5",1
"GO:0006700","C21-steroid hormone biosynthetic process","1/417","21/28943",0.262778634222156,0.433890303017979,0.337349277621608,"Ppargc1a",1
"GO:0007252","I-kappaB phosphorylation","1/417","21/28943",0.262778634222156,0.433890303017979,0.337349277621608,"Saa3",1
"GO:0010310","regulation of hydrogen peroxide metabolic process","1/417","21/28943",0.262778634222156,0.433890303017979,0.337349277621608,"Mmp3",1
"GO:0016486","peptide hormone processing","1/417","21/28943",0.262778634222156,0.433890303017979,0.337349277621608,"Ren1",1
"GO:0021513","spinal cord dorsal/ventral patterning","1/417","21/28943",0.262778634222156,0.433890303017979,0.337349277621608,"Chrd",1
"GO:0032310","prostaglandin secretion","1/417","21/28943",0.262778634222156,0.433890303017979,0.337349277621608,"Edn1",1
"GO:0034755","iron ion transmembrane transport","1/417","21/28943",0.262778634222156,0.433890303017979,0.337349277621608,"Slc40a1",1
"GO:0035234","ectopic germ cell programmed cell death","1/417","21/28943",0.262778634222156,0.433890303017979,0.337349277621608,"Sycp2",1
"GO:0044790","suppression of viral release by host","1/417","21/28943",0.262778634222156,0.433890303017979,0.337349277621608,"Trim30d",1
"GO:0046325","negative regulation of glucose import","1/417","21/28943",0.262778634222156,0.433890303017979,0.337349277621608,"Upk3b",1
"GO:0046697","decidualization","1/417","21/28943",0.262778634222156,0.433890303017979,0.337349277621608,"Tcf23",1
"GO:0046851","negative regulation of bone remodeling","1/417","21/28943",0.262778634222156,0.433890303017979,0.337349277621608,"Ceacam1",1
"GO:0048569","post-embryonic animal organ development","1/417","21/28943",0.262778634222156,0.433890303017979,0.337349277621608,"Myo7a",1
"GO:0050650","chondroitin sulfate proteoglycan biosynthetic process","1/417","21/28943",0.262778634222156,0.433890303017979,0.337349277621608,"Igf1",1
"GO:0051875","pigment granule localization","1/417","21/28943",0.262778634222156,0.433890303017979,0.337349277621608,"Myo7a",1
"GO:0060099","regulation of phagocytosis, engulfment","1/417","21/28943",0.262778634222156,0.433890303017979,0.337349277621608,"C3",1
"GO:0060416","response to growth hormone","1/417","21/28943",0.262778634222156,0.433890303017979,0.337349277621608,"Ghr",1
"GO:0061469","regulation of type B pancreatic cell proliferation","1/417","21/28943",0.262778634222156,0.433890303017979,0.337349277621608,"Igf1",1
"GO:0070166","enamel mineralization","1/417","21/28943",0.262778634222156,0.433890303017979,0.337349277621608,"Stim1",1
"GO:0070886","positive regulation of calcineurin-NFAT signaling cascade","1/417","21/28943",0.262778634222156,0.433890303017979,0.337349277621608,"Igf1",1
"GO:0099558","maintenance of synapse structure","1/417","21/28943",0.262778634222156,0.433890303017979,0.337349277621608,"Chchd10",1
"GO:0106058","positive regulation of calcineurin-mediated signaling","1/417","21/28943",0.262778634222156,0.433890303017979,0.337349277621608,"Igf1",1
"GO:0150146","cell junction disassembly","1/417","21/28943",0.262778634222156,0.433890303017979,0.337349277621608,"C3",1
"GO:1902644","tertiary alcohol metabolic process","1/417","21/28943",0.262778634222156,0.433890303017979,0.337349277621608,"Akr1c14",1
"GO:1903209","positive regulation of oxidative stress-induced cell death","1/417","21/28943",0.262778634222156,0.433890303017979,0.337349277621608,"Mmp3",1
"GO:1990182","exosomal secretion","1/417","21/28943",0.262778634222156,0.433890303017979,0.337349277621608,"Prkn",1
"GO:2000291","regulation of myoblast proliferation","1/417","21/28943",0.262778634222156,0.433890303017979,0.337349277621608,"Igf1",1
"GO:0002790","peptide secretion","6/417","299/28943",0.263189263382695,0.434374054720121,0.337725394087293,"Irs1/Agt/Trpv1/Edn1/Sybu/Prkn",6
"GO:0002224","toll-like receptor signaling pathway","3/417","124/28943",0.265225803147161,0.437344200633907,0.340034679571382,"Nr1h3/Tlr8/Oas1g",3
"GO:0048145","regulation of fibroblast proliferation","3/417","124/28943",0.265225803147161,0.437344200633907,0.340034679571382,"Agtr2/Igf1/Agt",3
"GO:0060070","canonical Wnt signaling pathway","6/417","300/28943",0.265614620136186,0.437789811403035,0.340381141499708,"Lrp4/Dkk2/Wnt2b/Fgfr2/Edn1/Prkn",6
"GO:0015800","acidic amino acid transport","2/417","70/28943",0.267394218630793,0.439545616734144,0.341746278392544,"Avpr1a/Trpv1",2
"GO:0035904","aorta development","2/417","70/28943",0.267394218630793,0.439545616734144,0.341746278392544,"Tbx2/Chrd",2
"GO:0042058","regulation of epidermal growth factor receptor signaling pathway","2/417","70/28943",0.267394218630793,0.439545616734144,0.341746278392544,"Ceacam1/Agt",2
"GO:0042509","regulation of tyrosine phosphorylation of STAT protein","2/417","70/28943",0.267394218630793,0.439545616734144,0.341746278392544,"Igf1/Hcls1",2
"GO:0061337","cardiac conduction","2/417","70/28943",0.267394218630793,0.439545616734144,0.341746278392544,"Agt/Cacna1g",2
"GO:1904036","negative regulation of epithelial cell apoptotic process","2/417","70/28943",0.267394218630793,0.439545616734144,0.341746278392544,"Igf1/Ramp2",2
"GO:0008406","gonad development","5/417","241/28943",0.268166786178412,0.440619392332308,0.342581137848607,"Ren1/Sohlh1/Mmp2/Agt/Adamts1",5
"GO:0001578","microtubule bundle formation","3/417","125/28943",0.269115747758567,0.441181023539553,0.343017805551794,"Meig1/Fes/Ccdc40",3
"GO:0002040","sprouting angiogenesis","3/417","125/28943",0.269115747758567,0.441181023539553,0.343017805551794,"Ceacam1/Tbxa2r/Ramp2",3
"GO:0015748","organophosphate ester transport","3/417","125/28943",0.269115747758567,0.441181023539553,0.343017805551794,"Atp8a1/Apoc1/Plscr2",3
"GO:0031398","positive regulation of protein ubiquitination","3/417","125/28943",0.269115747758567,0.441181023539553,0.343017805551794,"Fam107a/Mapk15/Prkn",3
"GO:0090277","positive regulation of peptide hormone secretion","3/417","125/28943",0.269115747758567,0.441181023539553,0.343017805551794,"Irs1/Sybu/Prkn",3
"GO:0001913","T cell mediated cytotoxicity","2/417","71/28943",0.272738990158226,0.441181023539553,0.343017805551794,"Gzmm/H2-T23",2
"GO:0014009","glial cell proliferation","2/417","71/28943",0.272738990158226,0.441181023539553,0.343017805551794,"Igf1/Gfap",2
"GO:0043303","mast cell degranulation","2/417","71/28943",0.272738990158226,0.441181023539553,0.343017805551794,"Ptgds/Fes",2
"GO:0044458","motile cilium assembly","2/417","71/28943",0.272738990158226,0.441181023539553,0.343017805551794,"Meig1/Ccdc40",2
"GO:0055117","regulation of cardiac muscle contraction","2/417","71/28943",0.272738990158226,0.441181023539553,0.343017805551794,"Atp1a2/Fxyd1",2
"GO:0097194","execution phase of apoptosis","2/417","71/28943",0.272738990158226,0.441181023539553,0.343017805551794,"Cidec/Plscr2",2
"GO:0002688","regulation of leukocyte chemotaxis","3/417","126/28943",0.273012151807865,0.441181023539553,0.343017805551794,"Cxcl13/Rarres2/Edn1",3
"GO:0006684","sphingomyelin metabolic process","1/417","22/28943",0.273407958249864,0.441181023539553,0.343017805551794,"Abca8a",1
"GO:0006907","pinocytosis","1/417","22/28943",0.273407958249864,0.441181023539553,0.343017805551794,"Nr1h3",1
"GO:0010039","response to iron ion","1/417","22/28943",0.273407958249864,0.441181023539553,0.343017805551794,"Slc40a1",1
"GO:0010522","regulation of calcium ion transport into cytosol","1/417","22/28943",0.273407958249864,0.441181023539553,0.343017805551794,"Adcyap1r1",1
"GO:0017121","plasma membrane phospholipid scrambling","1/417","22/28943",0.273407958249864,0.441181023539553,0.343017805551794,"Plscr2",1
"GO:0032516","positive regulation of phosphoprotein phosphatase activity","1/417","22/28943",0.273407958249864,0.441181023539553,0.343017805551794,"Agtr2",1
"GO:0032693","negative regulation of interleukin-10 production","1/417","22/28943",0.273407958249864,0.441181023539553,0.343017805551794,"Mmp8",1
"GO:0034143","regulation of toll-like receptor 4 signaling pathway","1/417","22/28943",0.273407958249864,0.441181023539553,0.343017805551794,"Nr1h3",1
"GO:0034312","diol biosynthetic process","1/417","22/28943",0.273407958249864,0.441181023539553,0.343017805551794,"Gch1",1
"GO:0034377","plasma lipoprotein particle assembly","1/417","22/28943",0.273407958249864,0.441181023539553,0.343017805551794,"Ces1d",1
"GO:0034694","response to prostaglandin","1/417","22/28943",0.273407958249864,0.441181023539553,0.343017805551794,"Cyp27b1",1
"GO:0042730","fibrinolysis","1/417","22/28943",0.273407958249864,0.441181023539553,0.343017805551794,"Vtn",1
"GO:0044851","hair cycle phase","1/417","22/28943",0.273407958249864,0.441181023539553,0.343017805551794,"Trpv1",1
"GO:0046629","gamma-delta T cell activation","1/417","22/28943",0.273407958249864,0.441181023539553,0.343017805551794,"Jag2",1
"GO:0050872","white fat cell differentiation","1/417","22/28943",0.273407958249864,0.441181023539553,0.343017805551794,"Wfdc21",1
"GO:0050910","detection of mechanical stimulus involved in sensory perception of sound","1/417","22/28943",0.273407958249864,0.441181023539553,0.343017805551794,"Col11a1",1
"GO:0051770","positive regulation of nitric-oxide synthase biosynthetic process","1/417","22/28943",0.273407958249864,0.441181023539553,0.343017805551794,"Nampt",1
"GO:0060055","angiogenesis involved in wound healing","1/417","22/28943",0.273407958249864,0.441181023539553,0.343017805551794,"Smoc2",1
"GO:0071625","vocalization behavior","1/417","22/28943",0.273407958249864,0.441181023539553,0.343017805551794,"Shank1",1
"GO:0097202","activation of cysteine-type endopeptidase activity","1/417","22/28943",0.273407958249864,0.441181023539553,0.343017805551794,"Ifi207",1
"GO:0097398","cellular response to interleukin-17","1/417","22/28943",0.273407958249864,0.441181023539553,0.343017805551794,"Dcp1b",1
"GO:0097734","extracellular exosome biogenesis","1/417","22/28943",0.273407958249864,0.441181023539553,0.343017805551794,"Prkn",1
"GO:0098856","intestinal lipid absorption","1/417","22/28943",0.273407958249864,0.441181023539553,0.343017805551794,"Npc1l1",1
"GO:0099515","actin filament-based transport","1/417","22/28943",0.273407958249864,0.441181023539553,0.343017805551794,"Myo7a",1
"GO:0150104","transport across blood-brain barrier","1/417","22/28943",0.273407958249864,0.441181023539553,0.343017805551794,"Slc1a5",1
"GO:1900746","regulation of vascular endothelial growth factor signaling pathway","1/417","22/28943",0.273407958249864,0.441181023539553,0.343017805551794,"Smoc2",1
"GO:1902254","negative regulation of intrinsic apoptotic signaling pathway by p53 class mediator","1/417","22/28943",0.273407958249864,0.441181023539553,0.343017805551794,"Prkn",1
"GO:1903427","negative regulation of reactive oxygen species biosynthetic process","1/417","22/28943",0.273407958249864,0.441181023539553,0.343017805551794,"Prkn",1
"GO:1905153","regulation of membrane invagination","1/417","22/28943",0.273407958249864,0.441181023539553,0.343017805551794,"C3",1
"GO:0097529","myeloid leukocyte migration","5/417","243/28943",0.273651035805273,0.441380351329431,0.343172782709517,"Cxcl13/Rarres2/Saa2/Ccl6/Edn1",5
"GO:0051403","stress-activated MAPK cascade","5/417","244/28943",0.276402064758933,0.44562289217903,0.34647135398649,"Nrk/Edar/Agt/Mmp8/Fgd4",5
"GO:0050708","regulation of protein secretion","6/417","305/28943",0.277824649051794,0.447160042791522,0.347666487053795,"Irs1/Nr1h3/Igf1/Ang3/Sybu/Prkn",6
"GO:0032922","circadian regulation of gene expression","2/417","72/28943",0.278082193458649,0.447160042791522,0.347666487053795,"Ppargc1a/Nampt",2
"GO:0046579","positive regulation of Ras protein signal transduction","2/417","72/28943",0.278082193458649,0.447160042791522,0.347666487053795,"Igf1/Rtn4r",2
"GO:0050909","sensory perception of taste","2/417","72/28943",0.278082193458649,0.447160042791522,0.347666487053795,"Pip/Pkd2l1",2
"GO:0051568","histone H3-K4 methylation","2/417","72/28943",0.278082193458649,0.447160042791522,0.347666487053795,"H1f2/H1f3",2
"GO:0055008","cardiac muscle tissue morphogenesis","2/417","72/28943",0.278082193458649,0.447160042791522,0.347666487053795,"Col11a1/Fgfr2",2
"GO:0045137","development of primary sexual characteristics","5/417","245/28943",0.27915879247113,0.448328798798804,0.348575193683166,"Ren1/Sohlh1/Mmp2/Agt/Adamts1",5
"GO:0045333","cellular respiration","5/417","245/28943",0.27915879247113,0.448328798798804,0.348575193683166,"Cat/Ppargc1a/Oas1g/Chchd10/Gpd1",5
"GO:0051604","protein maturation","7/417","367/28943",0.279443707760771,0.448328798798804,0.348575193683166,"Ifi207/Ren1/Klk1b24/Spon1/Comp/Clec3b/Ctla2a",7
"GO:0048813","dendrite morphogenesis","4/417","186/28943",0.280706553155161,0.448328798798804,0.348575193683166,"Hecw2/Itpka/Lrp4/Shank1",4
"GO:0001541","ovarian follicle development","2/417","73/28943",0.283422766656479,0.448328798798804,0.348575193683166,"Sohlh1/Mmp2",2
"GO:0002448","mast cell mediated immunity","2/417","73/28943",0.283422766656479,0.448328798798804,0.348575193683166,"Ptgds/Fes",2
"GO:0002763","positive regulation of myeloid leukocyte differentiation","2/417","73/28943",0.283422766656479,0.448328798798804,0.348575193683166,"Fes/Hcls1",2
"GO:0017156","calcium-ion regulated exocytosis","2/417","73/28943",0.283422766656479,0.448328798798804,0.348575193683166,"Syn2/Cacna1g",2
"GO:0060997","dendritic spine morphogenesis","2/417","73/28943",0.283422766656479,0.448328798798804,0.348575193683166,"Itpka/Shank1",2
"GO:0061512","protein localization to cilium","2/417","73/28943",0.283422766656479,0.448328798798804,0.348575193683166,"Ccdc40/Mapk15",2
"GO:1904894","positive regulation of receptor signaling pathway via STAT","2/417","73/28943",0.283422766656479,0.448328798798804,0.348575193683166,"Agt/Ghr",2
"GO:0000303","response to superoxide","1/417","23/28943",0.283884389957267,0.448328798798804,0.348575193683166,"Gch1",1
"GO:0005980","glycogen catabolic process","1/417","23/28943",0.283884389957267,0.448328798798804,0.348575193683166,"Phkg1",1
"GO:0006595","polyamine metabolic process","1/417","23/28943",0.283884389957267,0.448328798798804,0.348575193683166,"Aoc1",1
"GO:0007625","grooming behavior","1/417","23/28943",0.283884389957267,0.448328798798804,0.348575193683166,"Avpr1a",1
"GO:0010232","vascular transport","1/417","23/28943",0.283884389957267,0.448328798798804,0.348575193683166,"Slc1a5",1
"GO:0010666","positive regulation of cardiac muscle cell apoptotic process","1/417","23/28943",0.283884389957267,0.448328798798804,0.348575193683166,"Agt",1
"GO:0010738","regulation of protein kinase A signaling","1/417","23/28943",0.283884389957267,0.448328798798804,0.348575193683166,"Adipoq",1
"GO:0010818","T cell chemotaxis","1/417","23/28943",0.283884389957267,0.448328798798804,0.348575193683166,"Cxcl13",1
"GO:0016202","regulation of striated muscle tissue development","1/417","23/28943",0.283884389957267,0.448328798798804,0.348575193683166,"Boc",1
"GO:0020027","hemoglobin metabolic process","1/417","23/28943",0.283884389957267,0.448328798798804,0.348575193683166,"Cat",1
"GO:0021511","spinal cord patterning","1/417","23/28943",0.283884389957267,0.448328798798804,0.348575193683166,"Chrd",1
"GO:0030539","male genitalia development","1/417","23/28943",0.283884389957267,0.448328798798804,0.348575193683166,"Sycp2",1
"GO:0031649","heat generation","1/417","23/28943",0.283884389957267,0.448328798798804,0.348575193683166,"Trpv1",1
"GO:0031998","regulation of fatty acid beta-oxidation","1/417","23/28943",0.283884389957267,0.448328798798804,0.348575193683166,"Irs1",1
"GO:0033630","positive regulation of cell adhesion mediated by integrin","1/417","23/28943",0.283884389957267,0.448328798798804,0.348575193683166,"Cxcl13",1
"GO:0042053","regulation of dopamine metabolic process","1/417","23/28943",0.283884389957267,0.448328798798804,0.348575193683166,"Prkn",1
"GO:0042219","cellular modified amino acid catabolic process","1/417","23/28943",0.283884389957267,0.448328798798804,0.348575193683166,"Ggt5",1
"GO:0042481","regulation of odontogenesis","1/417","23/28943",0.283884389957267,0.448328798798804,0.348575193683166,"Edn1",1
"GO:0060088","auditory receptor cell stereocilium organization","1/417","23/28943",0.283884389957267,0.448328798798804,0.348575193683166,"Myo7a",1
"GO:0060456","positive regulation of digestive system process","1/417","23/28943",0.283884389957267,0.448328798798804,0.348575193683166,"Trpv1",1
"GO:0072202","cell differentiation involved in metanephros development","1/417","23/28943",0.283884389957267,0.448328798798804,0.348575193683166,"Adipoq",1
"GO:0072525","pyridine-containing compound biosynthetic process","1/417","23/28943",0.283884389957267,0.448328798798804,0.348575193683166,"Nampt",1
"GO:0098780","response to mitochondrial depolarisation","1/417","23/28943",0.283884389957267,0.448328798798804,0.348575193683166,"Prkn",1
"GO:0140354","lipid import into cell","1/417","23/28943",0.283884389957267,0.448328798798804,0.348575193683166,"Acsl6",1
"GO:1900120","regulation of receptor binding","1/417","23/28943",0.283884389957267,0.448328798798804,0.348575193683166,"Adipoq",1
"GO:1901623","regulation of lymphocyte chemotaxis","1/417","23/28943",0.283884389957267,0.448328798798804,0.348575193683166,"Cxcl13",1
"GO:1903579","negative regulation of ATP metabolic process","1/417","23/28943",0.283884389957267,0.448328798798804,0.348575193683166,"Ppargc1a",1
"GO:1904385","cellular response to angiotensin","1/417","23/28943",0.283884389957267,0.448328798798804,0.348575193683166,"Agt",1
"GO:2001044","regulation of integrin-mediated signaling pathway","1/417","23/28943",0.283884389957267,0.448328798798804,0.348575193683166,"Lims2",1
"GO:0043409","negative regulation of MAPK cascade","4/417","187/28943",0.28390919057194,0.448328798798804,0.348575193683166,"Spry1/Igf1/Agt/Adipoq",4
"GO:0071229","cellular response to acid chemical","4/417","187/28943",0.28390919057194,0.448328798798804,0.348575193683166,"Mmp2/Col4a1/Mmp3/Prkn",4
"GO:0002793","positive regulation of peptide secretion","3/417","129/28943",0.284735200685377,0.448865226699579,0.348992265840723,"Irs1/Sybu/Prkn",3
"GO:0008286","insulin receptor signaling pathway","3/417","129/28943",0.284735200685377,0.448865226699579,0.348992265840723,"Irs1/Rarres2/Agt",3
"GO:0042752","regulation of circadian rhythm","3/417","129/28943",0.284735200685377,0.448865226699579,0.348992265840723,"Ptgds/Ppargc1a/Adcy1",3
"GO:2000278","regulation of DNA biosynthetic process","3/417","129/28943",0.284735200685377,0.448865226699579,0.348992265840723,"Mapk15/Adipoq/Smoc2",3
"GO:0043200","response to amino acid","4/417","188/28943",0.287117297968961,0.452427257405635,0.351761741160166,"Mmp2/Col4a1/Mmp3/Prkn",4
"GO:0140014","mitotic nuclear division","6/417","309/28943",0.287685071330549,0.453128533853408,0.352306982898513,"Hecw2/Fgfr2/Igf1/Misp/Edn1/Kifc2",6
"GO:0002279","mast cell activation involved in immune response","2/417","74/28943",0.288759678654291,0.454046309025401,0.353020552178899,"Ptgds/Fes",2
"GO:0045109","intermediate filament organization","2/417","74/28943",0.288759678654291,0.454046309025401,0.353020552178899,"Gfap/Krt90",2
"GO:0050432","catecholamine secretion","2/417","74/28943",0.288759678654291,0.454046309025401,0.353020552178899,"Agtr2/Agt",2
"GO:0099518","vesicle cytoskeletal trafficking","2/417","74/28943",0.288759678654291,0.454046309025401,0.353020552178899,"Myo7a/Sybu",2
"GO:0044703","multi-organism reproductive process","4/417","190/28943",0.293548840490843,0.456204861556518,0.354698824617843,"Nrk/Tcf23/Avpr1a/Mmp2",4
"GO:0050680","negative regulation of epithelial cell proliferation","4/417","190/28943",0.293548840490843,0.456204861556518,0.354698824617843,"Ceacam1/Fgfr2/Vash1/Lims2",4
"GO:0046700","heterocycle catabolic process","8/417","436/28943",0.294072962044604,0.456204861556518,0.354698824617843,"Rnasel/Gsta3/Entpd2/Tdo2/Tent5c/Oas2/Dcp1b/Entpd3",8
"GO:0002886","regulation of myeloid leukocyte mediated immunity","2/417","75/28943",0.294091928470036,0.456204861556518,0.354698824617843,"Fes/C3",2
"GO:0007260","tyrosine phosphorylation of STAT protein","2/417","75/28943",0.294091928470036,0.456204861556518,0.354698824617843,"Igf1/Hcls1",2
"GO:0010507","negative regulation of autophagy","2/417","75/28943",0.294091928470036,0.456204861556518,0.354698824617843,"Nampt/Nrbp2",2
"GO:0030104","water homeostasis","2/417","75/28943",0.294091928470036,0.456204861556518,0.354698824617843,"Slc6a12/Igf1",2
"GO:0043954","cellular component maintenance","2/417","75/28943",0.294091928470036,0.456204861556518,0.354698824617843,"Itpka/Chchd10",2
"GO:1901292","nucleoside phosphate catabolic process","2/417","75/28943",0.294091928470036,0.456204861556518,0.354698824617843,"Entpd2/Entpd3",2
"GO:1905897","regulation of response to endoplasmic reticulum stress","2/417","75/28943",0.294091928470036,0.456204861556518,0.354698824617843,"Nr1h3/Prkn",2
"GO:0000305","response to oxygen radical","1/417","24/28943",0.294210123338589,0.456204861556518,0.354698824617843,"Gch1",1
"GO:0002710","negative regulation of T cell mediated immunity","1/417","24/28943",0.294210123338589,0.456204861556518,0.354698824617843,"Il20rb",1
"GO:0009190","cyclic nucleotide biosynthetic process","1/417","24/28943",0.294210123338589,0.456204861556518,0.354698824617843,"Adcy1",1
"GO:0009251","glucan catabolic process","1/417","24/28943",0.294210123338589,0.456204861556518,0.354698824617843,"Phkg1",1
"GO:0010663","positive regulation of striated muscle cell apoptotic process","1/417","24/28943",0.294210123338589,0.456204861556518,0.354698824617843,"Agt",1
"GO:0022403","cell cycle phase","1/417","24/28943",0.294210123338589,0.456204861556518,0.354698824617843,"Sycp2",1
"GO:0032515","negative regulation of phosphoprotein phosphatase activity","1/417","24/28943",0.294210123338589,0.456204861556518,0.354698824617843,"Ppp1r1b",1
"GO:0032930","positive regulation of superoxide anion generation","1/417","24/28943",0.294210123338589,0.456204861556518,0.354698824617843,"Agt",1
"GO:0034383","low-density lipoprotein particle clearance","1/417","24/28943",0.294210123338589,0.456204861556518,0.354698824617843,"Adipoq",1
"GO:0034643","establishment of mitochondrion localization, microtubule-mediated","1/417","24/28943",0.294210123338589,0.456204861556518,0.354698824617843,"Sybu",1
"GO:0042537","benzene-containing compound metabolic process","1/417","24/28943",0.294210123338589,0.456204861556518,0.354698824617843,"Tdo2",1
"GO:0044247","cellular polysaccharide catabolic process","1/417","24/28943",0.294210123338589,0.456204861556518,0.354698824617843,"Phkg1",1
"GO:0047497","mitochondrion transport along microtubule","1/417","24/28943",0.294210123338589,0.456204861556518,0.354698824617843,"Sybu",1
"GO:0050961","detection of temperature stimulus involved in sensory perception","1/417","24/28943",0.294210123338589,0.456204861556518,0.354698824617843,"Trpv1",1
"GO:0052652","cyclic purine nucleotide metabolic process","1/417","24/28943",0.294210123338589,0.456204861556518,0.354698824617843,"Adcy1",1
"GO:0060339","negative regulation of type I interferon-mediated signaling pathway","1/417","24/28943",0.294210123338589,0.456204861556518,0.354698824617843,"Oas1g",1
"GO:0140112","extracellular vesicle biogenesis","1/417","24/28943",0.294210123338589,0.456204861556518,0.354698824617843,"Prkn",1
"GO:1900016","negative regulation of cytokine production involved in inflammatory response","1/417","24/28943",0.294210123338589,0.456204861556518,0.354698824617843,"Apod",1
"GO:1901017","negative regulation of potassium ion transmembrane transporter activity","1/417","24/28943",0.294210123338589,0.456204861556518,0.354698824617843,"Kcnab1",1
"GO:1902547","regulation of cellular response to vascular endothelial growth factor stimulus","1/417","24/28943",0.294210123338589,0.456204861556518,0.354698824617843,"Smoc2",1
"GO:1903204","negative regulation of oxidative stress-induced neuron death","1/417","24/28943",0.294210123338589,0.456204861556518,0.354698824617843,"Prkn",1
"GO:1903428","positive regulation of reactive oxygen species biosynthetic process","1/417","24/28943",0.294210123338589,0.456204861556518,0.354698824617843,"Mmp8",1
"GO:1990403","embryonic brain development","1/417","24/28943",0.294210123338589,0.456204861556518,0.354698824617843,"Rnf112",1
"GO:0009205","purine ribonucleoside triphosphate metabolic process","5/417","251/28943",0.295808924004034,0.458491413695589,0.356476616624243,"Atp1a2/Ppargc1a/Igf1/Gpd1/Prkn",5
"GO:0060048","cardiac muscle contraction","3/417","132/28943",0.296498914282223,0.459368019945433,0.357158177108741,"Atp1a2/Fxyd1/Cacna1g",3
"GO:0006900","vesicle budding from membrane","2/417","76/28943",0.299418544586896,0.463308158681819,0.360221631044455,"Mapk15/Prkn",2
"GO:0007422","peripheral nervous system development","2/417","76/28943",0.299418544586896,0.463308158681819,0.360221631044455,"Agt/Sh3tc2",2
"GO:0032677","regulation of interleukin-8 production","2/417","76/28943",0.299418544586896,0.463308158681819,0.360221631044455,"Tlr8/Adipoq",2
"GO:0002444","myeloid leukocyte mediated immunity","3/417","133/28943",0.300427000684416,0.463383382740118,0.360280117674717,"Ptgds/Fes/C3",3
"GO:1990266","neutrophil migration","3/417","133/28943",0.300427000684416,0.463383382740118,0.360280117674717,"Cxcl13/Ccl6/Edn1",3
"GO:0031098","stress-activated protein kinase signaling cascade","5/417","254/28943",0.304196651936323,0.463383382740118,0.360280117674717,"Nrk/Edar/Agt/Mmp8/Fgd4",5
"GO:0060291","long-term synaptic potentiation","5/417","254/28943",0.304196651936323,0.463383382740118,0.360280117674717,"Musk/Fam107a/Gfap/Adcy1/Chrd",5
"GO:0050868","negative regulation of T cell activation","3/417","134/28943",0.30435774944807,0.463383382740118,0.360280117674717,"Ceacam1/Fgl1/Il20rb",3
"GO:0006063","uronic acid metabolic process","1/417","25/28943",0.304387320979164,0.463383382740118,0.360280117674717,"Ugt1a8",1
"GO:0007620","copulation","1/417","25/28943",0.304387320979164,0.463383382740118,0.360280117674717,"Avpr1a",1
"GO:0008209","androgen metabolic process","1/417","25/28943",0.304387320979164,0.463383382740118,0.360280117674717,"Adm",1
"GO:0010560","positive regulation of glycoprotein biosynthetic process","1/417","25/28943",0.304387320979164,0.463383382740118,0.360280117674717,"Igf1",1
"GO:0010759","positive regulation of macrophage chemotaxis","1/417","25/28943",0.304387320979164,0.463383382740118,0.360280117674717,"Rarres2",1
"GO:0010894","negative regulation of steroid biosynthetic process","1/417","25/28943",0.304387320979164,0.463383382740118,0.360280117674717,"Cyp27b1",1
"GO:0014048","regulation of glutamate secretion","1/417","25/28943",0.304387320979164,0.463383382740118,0.360280117674717,"Avpr1a",1
"GO:0015732","prostaglandin transport","1/417","25/28943",0.304387320979164,0.463383382740118,0.360280117674717,"Edn1",1
"GO:0018904","ether metabolic process","1/417","25/28943",0.304387320979164,0.463383382740118,0.360280117674717,"Pla2g5",1
"GO:0019585","glucuronate metabolic process","1/417","25/28943",0.304387320979164,0.463383382740118,0.360280117674717,"Ugt1a8",1
"GO:0031645","negative regulation of nervous system process","1/417","25/28943",0.304387320979164,0.463383382740118,0.360280117674717,"Avpr1a",1
"GO:0032288","myelin assembly","1/417","25/28943",0.304387320979164,0.463383382740118,0.360280117674717,"Tenm4",1
"GO:0034114","regulation of heterotypic cell-cell adhesion","1/417","25/28943",0.304387320979164,0.463383382740118,0.360280117674717,"Adipoq",1
"GO:0034138","toll-like receptor 3 signaling pathway","1/417","25/28943",0.304387320979164,0.463383382740118,0.360280117674717,"Oas1g",1
"GO:0035988","chondrocyte proliferation","1/417","25/28943",0.304387320979164,0.463383382740118,0.360280117674717,"Comp",1
"GO:0042069","regulation of catecholamine metabolic process","1/417","25/28943",0.304387320979164,0.463383382740118,0.360280117674717,"Prkn",1
"GO:0043567","regulation of insulin-like growth factor receptor signaling pathway","1/417","25/28943",0.304387320979164,0.463383382740118,0.360280117674717,"Igf1",1
"GO:0045953","negative regulation of natural killer cell mediated cytotoxicity","1/417","25/28943",0.304387320979164,0.463383382740118,0.360280117674717,"Ceacam1",1
"GO:0048857","neural nucleus development","1/417","25/28943",0.304387320979164,0.463383382740118,0.360280117674717,"Kirrel3",1
"GO:0050765","negative regulation of phagocytosis","1/417","25/28943",0.304387320979164,0.463383382740118,0.360280117674717,"Adipoq",1
"GO:0051457","maintenance of protein location in nucleus","1/417","25/28943",0.304387320979164,0.463383382740118,0.360280117674717,"Chchd10",1
"GO:0051590","positive regulation of neurotransmitter transport","1/417","25/28943",0.304387320979164,0.463383382740118,0.360280117674717,"Prkn",1
"GO:0070841","inclusion body assembly","1/417","25/28943",0.304387320979164,0.463383382740118,0.360280117674717,"Prkn",1
"GO:0071392","cellular response to estradiol stimulus","1/417","25/28943",0.304387320979164,0.463383382740118,0.360280117674717,"Mmp2",1
"GO:0072207","metanephric epithelium development","1/417","25/28943",0.304387320979164,0.463383382740118,0.360280117674717,"Adipoq",1
"GO:0097062","dendritic spine maintenance","1/417","25/28943",0.304387320979164,0.463383382740118,0.360280117674717,"Itpka",1
"GO:0097396","response to interleukin-17","1/417","25/28943",0.304387320979164,0.463383382740118,0.360280117674717,"Dcp1b",1
"GO:0098743","cell aggregation","1/417","25/28943",0.304387320979164,0.463383382740118,0.360280117674717,"Col11a1",1
"GO:1900543","negative regulation of purine nucleotide metabolic process","1/417","25/28943",0.304387320979164,0.463383382740118,0.360280117674717,"Ppargc1a",1
"GO:1901028","regulation of mitochondrial outer membrane permeabilization involved in apoptotic signaling pathway","1/417","25/28943",0.304387320979164,0.463383382740118,0.360280117674717,"Chchd10",1
"GO:2000311","regulation of AMPA receptor activity","1/417","25/28943",0.304387320979164,0.463383382740118,0.360280117674717,"Shank1",1
"GO:2000679","positive regulation of transcription regulatory region DNA binding","1/417","25/28943",0.304387320979164,0.463383382740118,0.360280117674717,"Igf1",1
"GO:0007492","endoderm development","2/417","77/28943",0.304738584315549,0.463383382740118,0.360280117674717,"Angpt4/Vtn",2
"GO:0016239","positive regulation of macroautophagy","2/417","77/28943",0.304738584315549,0.463383382740118,0.360280117674717,"Rufy4/Prkn",2
"GO:0032637","interleukin-8 production","2/417","77/28943",0.304738584315549,0.463383382740118,0.360280117674717,"Tlr8/Adipoq",2
"GO:0048146","positive regulation of fibroblast proliferation","2/417","77/28943",0.304738584315549,0.463383382740118,0.360280117674717,"Igf1/Agt",2
"GO:0060976","coronary vasculature development","2/417","77/28943",0.304738584315549,0.463383382740118,0.360280117674717,"Prokr1/Fgfr2",2
"GO:0009749","response to glucose","4/417","194/28943",0.306465754395154,0.465817853119353,0.362172915965238,"Igf1/Sybu/Adipoq/Prkn",4
"GO:0000018","regulation of DNA recombination","3/417","135/28943",0.308290712288305,0.468013696450831,0.363880181964252,"Il27ra/H1f2/H1f3",3
"GO:0032414","positive regulation of ion transmembrane transporter activity","3/417","135/28943",0.308290712288305,0.468013696450831,0.363880181964252,"Stim1/Wnk4/Edn1",3
"GO:0090090","negative regulation of canonical Wnt signaling pathway","3/417","135/28943",0.308290712288305,0.468013696450831,0.363880181964252,"Lrp4/Dkk2/Prkn",3
"GO:1902806","regulation of cell cycle G1/S phase transition","4/417","195/28943",0.309704658701826,0.469527802977242,0.365057398277624,"Susd2/Fam107a/Tbx2/Adamts1",4
"GO:0006635","fatty acid beta-oxidation","2/417","78/28943",0.310051133168612,0.469527802977242,0.365057398277624,"Irs1/Adipoq",2
"GO:0038034","signal transduction in absence of ligand","2/417","78/28943",0.310051133168612,0.469527802977242,0.365057398277624,"Clca3a2/Igf1",2
"GO:0042130","negative regulation of T cell proliferation","2/417","78/28943",0.310051133168612,0.469527802977242,0.365057398277624,"Ceacam1/Il20rb",2
"GO:0097192","extrinsic apoptotic signaling pathway in absence of ligand","2/417","78/28943",0.310051133168612,0.469527802977242,0.365057398277624,"Clca3a2/Igf1",2
"GO:2000379","positive regulation of reactive oxygen species metabolic process","2/417","78/28943",0.310051133168612,0.469527802977242,0.365057398277624,"Agt/Mmp8",2
"GO:0035303","regulation of dephosphorylation","3/417","136/28943",0.312225446851793,0.470925630324069,0.366144207644904,"Agtr2/Ppp1r1b/Ppp1r2",3
"GO:0009144","purine nucleoside triphosphate metabolic process","5/417","257/28943",0.312619899780444,0.470925630324069,0.366144207644904,"Atp1a2/Ppargc1a/Igf1/Gpd1/Prkn",5
"GO:0009199","ribonucleoside triphosphate metabolic process","5/417","257/28943",0.312619899780444,0.470925630324069,0.366144207644904,"Atp1a2/Ppargc1a/Igf1/Gpd1/Prkn",5
"GO:0002716","negative regulation of natural killer cell mediated immunity","1/417","26/28943",0.314418114504017,0.470925630324069,0.366144207644904,"Ceacam1",1
"GO:0002726","positive regulation of T cell cytokine production","1/417","26/28943",0.314418114504017,0.470925630324069,0.366144207644904,"Cd55",1
"GO:0006817","phosphate ion transport","1/417","26/28943",0.314418114504017,0.470925630324069,0.366144207644904,"Stc2",1
"GO:0007205","protein kinase C-activating G protein-coupled receptor signaling pathway","1/417","26/28943",0.314418114504017,0.470925630324069,0.366144207644904,"Edn1",1
"GO:0010575","positive regulation of vascular endothelial growth factor production","1/417","26/28943",0.314418114504017,0.470925630324069,0.366144207644904,"C3",1
"GO:0010829","negative regulation of glucose transmembrane transport","1/417","26/28943",0.314418114504017,0.470925630324069,0.366144207644904,"Upk3b",1
"GO:0010996","response to auditory stimulus","1/417","26/28943",0.314418114504017,0.470925630324069,0.366144207644904,"Atp1a2",1
"GO:0030002","cellular anion homeostasis","1/417","26/28943",0.314418114504017,0.470925630324069,0.366144207644904,"Wnk4",1
"GO:0032703","negative regulation of interleukin-2 production","1/417","26/28943",0.314418114504017,0.470925630324069,0.366144207644904,"Il20rb",1
"GO:0032727","positive regulation of interferon-alpha production","1/417","26/28943",0.314418114504017,0.470925630324069,0.366144207644904,"Tlr8",1
"GO:0032753","positive regulation of interleukin-4 production","1/417","26/28943",0.314418114504017,0.470925630324069,0.366144207644904,"Il20rb",1
"GO:0035743","CD4-positive, alpha-beta T cell cytokine production","1/417","26/28943",0.314418114504017,0.470925630324069,0.366144207644904,"Il31ra",1
"GO:0043576","regulation of respiratory gaseous exchange","1/417","26/28943",0.314418114504017,0.470925630324069,0.366144207644904,"Atp1a2",1
"GO:0045939","negative regulation of steroid metabolic process","1/417","26/28943",0.314418114504017,0.470925630324069,0.366144207644904,"Cyp27b1",1
"GO:0048266","behavioral response to pain","1/417","26/28943",0.314418114504017,0.470925630324069,0.366144207644904,"Trpv1",1
"GO:0055064","chloride ion homeostasis","1/417","26/28943",0.314418114504017,0.470925630324069,0.366144207644904,"Wnk4",1
"GO:0060765","regulation of androgen receptor signaling pathway","1/417","26/28943",0.314418114504017,0.470925630324069,0.366144207644904,"Igf1",1
"GO:0065005","protein-lipid complex assembly","1/417","26/28943",0.314418114504017,0.470925630324069,0.366144207644904,"Ces1d",1
"GO:0097164","ammonium ion metabolic process","1/417","26/28943",0.314418114504017,0.470925630324069,0.366144207644904,"Gch1",1
"GO:1903020","positive regulation of glycoprotein metabolic process","1/417","26/28943",0.314418114504017,0.470925630324069,0.366144207644904,"Igf1",1
"GO:1903146","regulation of autophagy of mitochondrion","1/417","26/28943",0.314418114504017,0.470925630324069,0.366144207644904,"Prkn",1
"GO:1904353","regulation of telomere capping","1/417","26/28943",0.314418114504017,0.470925630324069,0.366144207644904,"Mapk15",1
"GO:1990776","response to angiotensin","1/417","26/28943",0.314418114504017,0.470925630324069,0.366144207644904,"Agt",1
"GO:2000561","regulation of CD4-positive, alpha-beta T cell proliferation","1/417","26/28943",0.314418114504017,0.470925630324069,0.366144207644904,"Cd55",1
"GO:0015833","peptide transport","6/417","320/28943",0.315156293452183,0.471373191611408,0.366492186099193,"Irs1/Agt/Trpv1/Edn1/Sybu/Prkn",6
"GO:0045669","positive regulation of osteoblast differentiation","2/417","79/28943",0.315355304247068,0.471373191611408,0.366492186099193,"Gdpd2/Igf1",2
"GO:0071347","cellular response to interleukin-1","2/417","79/28943",0.315355304247068,0.471373191611408,0.366492186099193,"Saa3/Ccl6",2
"GO:1901606","alpha-amino acid catabolic process","2/417","79/28943",0.315355304247068,0.471373191611408,0.366492186099193,"Tdo2/Pipox",2
"GO:1903201","regulation of oxidative stress-induced cell death","2/417","79/28943",0.315355304247068,0.471373191611408,0.366492186099193,"Mmp3/Prkn",2
"GO:0034968","histone lysine methylation","3/417","137/28943",0.316161516730826,0.47219592223714,0.367131858339705,"H1f2/H1f3/Airn",3
"GO:0090398","cellular senescence","3/417","137/28943",0.316161516730826,0.47219592223714,0.367131858339705,"Tbx2/Vash1/Nampt",3
"GO:0051302","regulation of cell division","4/417","198/28943",0.319440446145913,0.476900172733809,0.37078940840654,"Cat/Txnip/Fgfr2/Susd2",4
"GO:0003158","endothelium development","3/417","138/28943",0.320098491474451,0.477496416373201,0.371252987241181,"Slc40a1/Ceacam1/Agt",3
"GO:0048675","axon extension","3/417","138/28943",0.320098491474451,0.477496416373201,0.371252987241181,"Cdh4/Edn1/Rtn4r",3
"GO:0051149","positive regulation of muscle cell differentiation","2/417","80/28943",0.320650237638441,0.477595772530509,0.371330236554342,"Igf1/Edn1",2
"GO:0051865","protein autoubiquitination","2/417","80/28943",0.320650237638441,0.477595772530509,0.371330236554342,"Rnf112/Prkn",2
"GO:2000573","positive regulation of DNA biosynthetic process","2/417","80/28943",0.320650237638441,0.477595772530509,0.371330236554342,"Mapk15/Smoc2",2
"GO:0006520","cellular amino acid metabolic process","5/417","260/28943",0.321074041388295,0.477595772530509,0.371330236554342,"Tdo2/Ggt5/Pipox/Aspg/Aldh1a1",5
"GO:0003205","cardiac chamber development","4/417","199/28943",0.32269121686336,0.477595772530509,0.371330236554342,"Col11a1/Fgfr2/Tbx2/Adamts1",4
"GO:0043547","positive regulation of GTPase activity","5/417","261/28943",0.32389816262736,0.477595772530509,0.371330236554342,"Rgs16/Cxcl13/Arap1/Ccl6/Rtn4r",5
"GO:0045926","negative regulation of growth","5/417","261/28943",0.32389816262736,0.477595772530509,0.371330236554342,"Osgin2/Cyp27b1/Agt/Stc2/Rtn4r",5
"GO:0051588","regulation of neurotransmitter transport","3/417","139/28943",0.324035946596769,0.477595772530509,0.371330236554342,"Gfap/Adcy1/Prkn",3
"GO:0002093","auditory receptor cell morphogenesis","1/417","27/28943",0.32430460502004,0.477595772530509,0.371330236554342,"Myo7a",1
"GO:0003338","metanephros morphogenesis","1/417","27/28943",0.32430460502004,0.477595772530509,0.371330236554342,"Agtr2",1
"GO:0006706","steroid catabolic process","1/417","27/28943",0.32430460502004,0.477595772530509,0.371330236554342,"Cyp27b1",1
"GO:0010839","negative regulation of keratinocyte proliferation","1/417","27/28943",0.32430460502004,0.477595772530509,0.371330236554342,"Fgfr2",1
"GO:0021871","forebrain regionalization","1/417","27/28943",0.32430460502004,0.477595772530509,0.371330236554342,"Wnt2b",1
"GO:0022038","corpus callosum development","1/417","27/28943",0.32430460502004,0.477595772530509,0.371330236554342,"Rtn4r",1
"GO:0032042","mitochondrial DNA metabolic process","1/417","27/28943",0.32430460502004,0.477595772530509,0.371330236554342,"Ppargc1a",1
"GO:0032878","regulation of establishment or maintenance of cell polarity","1/417","27/28943",0.32430460502004,0.477595772530509,0.371330236554342,"Igf1",1
"GO:0035384","thioester biosynthetic process","1/417","27/28943",0.32430460502004,0.477595772530509,0.371330236554342,"Acsl6",1
"GO:0035739","CD4-positive, alpha-beta T cell proliferation","1/417","27/28943",0.32430460502004,0.477595772530509,0.371330236554342,"Cd55",1
"GO:0036003","positive regulation of transcription from RNA polymerase II promoter in response to stress","1/417","27/28943",0.32430460502004,0.477595772530509,0.371330236554342,"Ces1d",1
"GO:0045187","regulation of circadian sleep/wake cycle, sleep","1/417","27/28943",0.32430460502004,0.477595772530509,0.371330236554342,"Ptgds",1
"GO:0045838","positive regulation of membrane potential","1/417","27/28943",0.32430460502004,0.477595772530509,0.371330236554342,"Prkn",1
"GO:0045980","negative regulation of nucleotide metabolic process","1/417","27/28943",0.32430460502004,0.477595772530509,0.371330236554342,"Ppargc1a",1
"GO:0051307","meiotic chromosome separation","1/417","27/28943",0.32430460502004,0.477595772530509,0.371330236554342,"Mapk15",1
"GO:0051654","establishment of mitochondrion localization","1/417","27/28943",0.32430460502004,0.477595772530509,0.371330236554342,"Sybu",1
"GO:0055083","monovalent inorganic anion homeostasis","1/417","27/28943",0.32430460502004,0.477595772530509,0.371330236554342,"Wnk4",1
"GO:0060004","reflex","1/417","27/28943",0.32430460502004,0.477595772530509,0.371330236554342,"Shank1",1
"GO:0060716","labyrinthine layer blood vessel development","1/417","27/28943",0.32430460502004,0.477595772530509,0.371330236554342,"Vash1",1
"GO:0070168","negative regulation of biomineral tissue development","1/417","27/28943",0.32430460502004,0.477595772530509,0.371330236554342,"Aspn",1
"GO:0071616","acyl-CoA biosynthetic process","1/417","27/28943",0.32430460502004,0.477595772530509,0.371330236554342,"Acsl6",1
"GO:0097049","motor neuron apoptotic process","1/417","27/28943",0.32430460502004,0.477595772530509,0.371330236554342,"Musk",1
"GO:0140448","signaling receptor ligand precursor processing","1/417","27/28943",0.32430460502004,0.477595772530509,0.371330236554342,"Ren1",1
"GO:1902175","regulation of oxidative stress-induced intrinsic apoptotic signaling pathway","1/417","27/28943",0.32430460502004,0.477595772530509,0.371330236554342,"Prkn",1
"GO:0016055","Wnt signaling pathway","8/417","451/28943",0.325786673746761,0.478864478826495,0.372316654433441,"Lrp4/Porcn/Dkk2/Wnt2b/Ror1/Fgfr2/Edn1/Prkn",8
"GO:0007405","neuroblast proliferation","2/417","81/28943",0.325935099826518,0.478864478826495,0.372316654433441,"Fgfr2/Acsl6",2
"GO:0045123","cellular extravasation","2/417","81/28943",0.325935099826518,0.478864478826495,0.372316654433441,"Itgal/Il27ra",2
"GO:0048663","neuron fate commitment","2/417","81/28943",0.325935099826518,0.478864478826495,0.372316654433441,"Jag2/Chrd",2
"GO:0009152","purine ribonucleotide biosynthetic process","4/417","200/28943",0.325944321584773,0.478864478826495,0.372316654433441,"Ppargc1a/Acsl6/Adcy1/Prkn",4
"GO:0030308","negative regulation of cell growth","4/417","200/28943",0.325944321584773,0.478864478826495,0.372316654433441,"Osgin2/Cyp27b1/Agt/Rtn4r",4
"GO:0002698","negative regulation of immune effector process","3/417","140/28943",0.32797346358251,0.481462436400249,0.374336563854558,"Cd55/Ceacam1/Il20rb",3
"GO:0031623","receptor internalization","3/417","140/28943",0.32797346358251,0.481462436400249,0.374336563854558,"Ceacam1/Adm/Ramp2",3
"GO:0198738","cell-cell signaling by wnt","8/417","453/28943",0.330063528671347,0.484338055586094,0.376572354902001,"Lrp4/Porcn/Dkk2/Wnt2b/Ror1/Fgfr2/Edn1/Prkn",8
"GO:0002711","positive regulation of T cell mediated immunity","2/417","82/28943",0.331209083112414,0.484600551761703,0.376776445416595,"Cd55/H2-T23",2
"GO:0003208","cardiac ventricle morphogenesis","2/417","82/28943",0.331209083112414,0.484600551761703,0.376776445416595,"Col11a1/Fgfr2",2
"GO:0006766","vitamin metabolic process","2/417","82/28943",0.331209083112414,0.484600551761703,0.376776445416595,"Cyp27b1/Vnn3",2
"GO:0070830","bicellular tight junction assembly","2/417","82/28943",0.331209083112414,0.484600551761703,0.376776445416595,"Cldn2/Ramp2",2
"GO:1901880","negative regulation of protein depolymerization","2/417","82/28943",0.331209083112414,0.484600551761703,0.376776445416595,"Spta1/Lmod1",2
"GO:1902807","negative regulation of cell cycle G1/S phase transition","2/417","82/28943",0.331209083112414,0.484600551761703,0.376776445416595,"Susd2/Fam107a",2
"GO:0009165","nucleotide biosynthetic process","5/417","264/28943",0.332386401658383,0.484600551761703,0.376776445416595,"Ppargc1a/Acsl6/Adcy1/Nampt/Prkn",5
"GO:0000272","polysaccharide catabolic process","1/417","28/28943",0.334048863551878,0.484600551761703,0.376776445416595,"Phkg1",1
"GO:0003272","endocardial cushion formation","1/417","28/28943",0.334048863551878,0.484600551761703,0.376776445416595,"Tbx2",1
"GO:0016048","detection of temperature stimulus","1/417","28/28943",0.334048863551878,0.484600551761703,0.376776445416595,"Trpv1",1
"GO:0021884","forebrain neuron development","1/417","28/28943",0.334048863551878,0.484600551761703,0.376776445416595,"Fgfr2",1
"GO:0031639","plasminogen activation","1/417","28/28943",0.334048863551878,0.484600551761703,0.376776445416595,"Clec3b",1
"GO:0032480","negative regulation of type I interferon production","1/417","28/28943",0.334048863551878,0.484600551761703,0.376776445416595,"Gbp4",1
"GO:0032928","regulation of superoxide anion generation","1/417","28/28943",0.334048863551878,0.484600551761703,0.376776445416595,"Agt",1
"GO:0033622","integrin activation","1/417","28/28943",0.334048863551878,0.484600551761703,0.376776445416595,"Cxcl13",1
"GO:0043931","ossification involved in bone maturation","1/417","28/28943",0.334048863551878,0.484600551761703,0.376776445416595,"Igf1",1
"GO:0045061","thymic T cell selection","1/417","28/28943",0.334048863551878,0.484600551761703,0.376776445416595,"Jag2",1
"GO:0048634","regulation of muscle organ development","1/417","28/28943",0.334048863551878,0.484600551761703,0.376776445416595,"Boc",1
"GO:0048820","hair follicle maturation","1/417","28/28943",0.334048863551878,0.484600551761703,0.376776445416595,"Trpv1",1
"GO:0050995","negative regulation of lipid catabolic process","1/417","28/28943",0.334048863551878,0.484600551761703,0.376776445416595,"Apoc1",1
"GO:0060039","pericardium development","1/417","28/28943",0.334048863551878,0.484600551761703,0.376776445416595,"Flrt3",1
"GO:0060445","branching involved in salivary gland morphogenesis","1/417","28/28943",0.334048863551878,0.484600551761703,0.376776445416595,"Fgfr2",1
"GO:0061298","retina vasculature development in camera-type eye","1/417","28/28943",0.334048863551878,0.484600551761703,0.376776445416595,"Col4a1",1
"GO:0090103","cochlea morphogenesis","1/417","28/28943",0.334048863551878,0.484600551761703,0.376776445416595,"Tbx2",1
"GO:0097186","amelogenesis","1/417","28/28943",0.334048863551878,0.484600551761703,0.376776445416595,"Stim1",1
"GO:0098698","postsynaptic specialization assembly","1/417","28/28943",0.334048863551878,0.484600551761703,0.376776445416595,"Ntng2",1
"GO:0110150","negative regulation of biomineralization","1/417","28/28943",0.334048863551878,0.484600551761703,0.376776445416595,"Aspn",1
"GO:1903487","regulation of lactation","1/417","28/28943",0.334048863551878,0.484600551761703,0.376776445416595,"Oas2",1
"GO:1905820","positive regulation of chromosome separation","1/417","28/28943",0.334048863551878,0.484600551761703,0.376776445416595,"Mapk15",1
"GO:1904888","cranial skeletal system development","2/417","83/28943",0.336471405046772,0.487923184380472,0.379359788962065,"Fgfr2/Chrd",2
"GO:0032872","regulation of stress-activated MAPK cascade","4/417","204/28943",0.338975128986917,0.490249854325023,0.381168772522193,"Nrk/Edar/Mmp8/Fgd4",4
"GO:0044706","multi-multicellular organism process","4/417","204/28943",0.338975128986917,0.490249854325023,0.381168772522193,"Nrk/Tcf23/Avpr1a/Mmp2",4
"GO:0014902","myotube differentiation","3/417","143/28943",0.339782290170631,0.490249854325023,0.381168772522193,"Stim1/Igf1/Adamts15",3
"GO:0030326","embryonic limb morphogenesis","3/417","143/28943",0.339782290170631,0.490249854325023,0.381168772522193,"Lrp4/Tbx2/Osr2",3
"GO:0035113","embryonic appendage morphogenesis","3/417","143/28943",0.339782290170631,0.490249854325023,0.381168772522193,"Lrp4/Tbx2/Osr2",3
"GO:0019439","aromatic compound catabolic process","8/417","458/28943",0.3407961039515,0.490249854325023,0.381168772522193,"Rnasel/Entpd2/Tdo2/Tent5c/Oas2/Dcp1b/Cyp2f2/Entpd3",8
"GO:0008088","axo-dendritic transport","2/417","84/28943",0.341721307872902,0.490249854325023,0.381168772522193,"Kif17/Sybu",2
"GO:0032272","negative regulation of protein polymerization","2/417","84/28943",0.341721307872902,0.490249854325023,0.381168772522193,"Spta1/Lmod1",2
"GO:0034109","homotypic cell-cell adhesion","2/417","84/28943",0.341721307872902,0.490249854325023,0.381168772522193,"Ceacam1/Comp",2
"GO:0060998","regulation of dendritic spine development","2/417","84/28943",0.341721307872902,0.490249854325023,0.381168772522193,"Itpka/Shank1",2
"GO:0072332","intrinsic apoptotic signaling pathway by p53 class mediator","2/417","84/28943",0.341721307872902,0.490249854325023,0.381168772522193,"Ifi207/Prkn",2
"GO:1903510","mucopolysaccharide metabolic process","2/417","84/28943",0.341721307872902,0.490249854325023,0.381168772522193,"Stab2/Spock2",2
"GO:0007281","germ cell development","7/417","395/28943",0.343480010278537,0.490249854325023,0.381168772522193,"Ica1l/Meig1/Sohlh1/Tcp11x2/Igf1/Edn1/Slc26a8",7
"GO:0001780","neutrophil homeostasis","1/417","29/28943",0.343652931471604,0.490249854325023,0.381168772522193,"Mertk",1
"GO:0001919","regulation of receptor recycling","1/417","29/28943",0.343652931471604,0.490249854325023,0.381168772522193,"Arap1",1
"GO:0002837","regulation of immune response to tumor cell","1/417","29/28943",0.343652931471604,0.490249854325023,0.381168772522193,"Ceacam1",1
"GO:0002888","positive regulation of myeloid leukocyte mediated immunity","1/417","29/28943",0.343652931471604,0.490249854325023,0.381168772522193,"C3",1
"GO:0007271","synaptic transmission, cholinergic","1/417","29/28943",0.343652931471604,0.490249854325023,0.381168772522193,"Musk",1
"GO:0007350","blastoderm segmentation","1/417","29/28943",0.343652931471604,0.490249854325023,0.381168772522193,"Chrd",1
"GO:0008156","negative regulation of DNA replication","1/417","29/28943",0.343652931471604,0.490249854325023,0.381168772522193,"Mapk15",1
"GO:0010592","positive regulation of lamellipodium assembly","1/417","29/28943",0.343652931471604,0.490249854325023,0.381168772522193,"Plce1",1
"GO:0015012","heparan sulfate proteoglycan biosynthetic process","1/417","29/28943",0.343652931471604,0.490249854325023,0.381168772522193,"Hs3st3b1",1
"GO:0022010","central nervous system myelination","1/417","29/28943",0.343652931471604,0.490249854325023,0.381168772522193,"Tenm4",1
"GO:0032291","axon ensheathment in central nervous system","1/417","29/28943",0.343652931471604,0.490249854325023,0.381168772522193,"Tenm4",1
"GO:0032891","negative regulation of organic acid transport","1/417","29/28943",0.343652931471604,0.490249854325023,0.381168772522193,"Agtr2",1
"GO:0033198","response to ATP","1/417","29/28943",0.343652931471604,0.490249854325023,0.381168772522193,"Trpv1",1
"GO:0042044","fluid transport","1/417","29/28943",0.343652931471604,0.490249854325023,0.381168772522193,"Edn1",1
"GO:0042133","neurotransmitter metabolic process","1/417","29/28943",0.343652931471604,0.490249854325023,0.381168772522193,"Colq",1
"GO:0046471","phosphatidylglycerol metabolic process","1/417","29/28943",0.343652931471604,0.490249854325023,0.381168772522193,"Pla2g5",1
"GO:0050802","circadian sleep/wake cycle, sleep","1/417","29/28943",0.343652931471604,0.490249854325023,0.381168772522193,"Ptgds",1
"GO:0051446","positive regulation of meiotic cell cycle","1/417","29/28943",0.343652931471604,0.490249854325023,0.381168772522193,"Mapk15",1
"GO:0051450","myoblast proliferation","1/417","29/28943",0.343652931471604,0.490249854325023,0.381168772522193,"Igf1",1
"GO:0061003","positive regulation of dendritic spine morphogenesis","1/417","29/28943",0.343652931471604,0.490249854325023,0.381168772522193,"Itpka",1
"GO:0061311","cell surface receptor signaling pathway involved in heart development","1/417","29/28943",0.343652931471604,0.490249854325023,0.381168772522193,"Chrd",1
"GO:0090023","positive regulation of neutrophil chemotaxis","1/417","29/28943",0.343652931471604,0.490249854325023,0.381168772522193,"Edn1",1
"GO:0090169","regulation of spindle assembly","1/417","29/28943",0.343652931471604,0.490249854325023,0.381168772522193,"Mapk15",1
"GO:1901380","negative regulation of potassium ion transmembrane transport","1/417","29/28943",0.343652931471604,0.490249854325023,0.381168772522193,"Kcnab1",1
"GO:1901863","positive regulation of muscle tissue development","1/417","29/28943",0.343652931471604,0.490249854325023,0.381168772522193,"Ppargc1a",1
"GO:1902235","regulation of endoplasmic reticulum stress-induced intrinsic apoptotic signaling pathway","1/417","29/28943",0.343652931471604,0.490249854325023,0.381168772522193,"Prkn",1
"GO:1902932","positive regulation of alcohol biosynthetic process","1/417","29/28943",0.343652931471604,0.490249854325023,0.381168772522193,"Adcyap1r1",1
"GO:1903055","positive regulation of extracellular matrix organization","1/417","29/28943",0.343652931471604,0.490249854325023,0.381168772522193,"Agt",1
"GO:1903861","positive regulation of dendrite extension","1/417","29/28943",0.343652931471604,0.490249854325023,0.381168772522193,"Prkn",1
"GO:0120032","regulation of plasma membrane bounded cell projection assembly","4/417","206/28943",0.345498157179467,0.49269184870861,0.383067420718589,"Arap1/Mapk15/Cdc42ep3/Plce1",4
"GO:0090068","positive regulation of cell cycle process","5/417","269/28943",0.346576475944358,0.493629730275375,0.383796622700846,"Igf1/Tbx2/Edn1/Mapk15/Adamts1",5
"GO:1901293","nucleoside phosphate biosynthetic process","5/417","269/28943",0.346576475944358,0.493629730275375,0.383796622700846,"Ppargc1a/Acsl6/Adcy1/Nampt/Prkn",5
"GO:0034103","regulation of tissue remodeling","2/417","85/28943",0.34695805798066,0.493629730275375,0.383796622700846,"Ceacam1/Agt",2
"GO:0045670","regulation of osteoclast differentiation","2/417","85/28943",0.34695805798066,0.493629730275375,0.383796622700846,"Clec2g/Ceacam1",2
"GO:0060411","cardiac septum morphogenesis","2/417","85/28943",0.34695805798066,0.493629730275375,0.383796622700846,"Fgfr2/Tbx2",2
"GO:0070228","regulation of lymphocyte apoptotic process","2/417","85/28943",0.34695805798066,0.493629730275375,0.383796622700846,"Tsc22d3/Pip",2
"GO:0048144","fibroblast proliferation","3/417","145/28943",0.347647746529734,0.494420446913628,0.38441140409804,"Agtr2/Igf1/Agt",3
"GO:0070302","regulation of stress-activated protein kinase signaling cascade","4/417","207/28943",0.348760739895039,0.495812341814588,0.385493600994577,"Nrk/Edar/Mmp8/Fgd4",4
"GO:0002067","glandular epithelial cell differentiation","2/417","86/28943",0.352180945370874,0.496464084861002,0.386000330562797,"Fgfr2/Il31ra",2
"GO:0006094","gluconeogenesis","2/417","86/28943",0.352180945370874,0.496464084861002,0.386000330562797,"Gpd1/Adipoq",2
"GO:0048041","focal adhesion assembly","2/417","86/28943",0.352180945370874,0.496464084861002,0.386000330562797,"Fam107a/Apod",2
"GO:0060415","muscle tissue morphogenesis","2/417","86/28943",0.352180945370874,0.496464084861002,0.386000330562797,"Col11a1/Fgfr2",2
"GO:0001963","synaptic transmission, dopaminergic","1/417","30/28943",0.353118820922262,0.496464084861002,0.386000330562797,"Prkn",1
"GO:0002029","desensitization of G protein-coupled receptor signaling pathway","1/417","30/28943",0.353118820922262,0.496464084861002,0.386000330562797,"Adm",1
"GO:0008053","mitochondrial fusion","1/417","30/28943",0.353118820922262,0.496464084861002,0.386000330562797,"Prkn",1
"GO:0010955","negative regulation of protein processing","1/417","30/28943",0.353118820922262,0.496464084861002,0.386000330562797,"Ctla2a",1
"GO:0022401","negative adaptation of signaling pathway","1/417","30/28943",0.353118820922262,0.496464084861002,0.386000330562797,"Adm",1
"GO:0030878","thyroid gland development","1/417","30/28943",0.353118820922262,0.496464084861002,0.386000330562797,"Edn1",1
"GO:0032691","negative regulation of interleukin-1 beta production","1/417","30/28943",0.353118820922262,0.496464084861002,0.386000330562797,"Igf1",1
"GO:0034123","positive regulation of toll-like receptor signaling pathway","1/417","30/28943",0.353118820922262,0.496464084861002,0.386000330562797,"Nr1h3",1
"GO:0034311","diol metabolic process","1/417","30/28943",0.353118820922262,0.496464084861002,0.386000330562797,"Gch1",1
"GO:0042749","regulation of circadian sleep/wake cycle","1/417","30/28943",0.353118820922262,0.496464084861002,0.386000330562797,"Ptgds",1
"GO:0043032","positive regulation of macrophage activation","1/417","30/28943",0.353118820922262,0.496464084861002,0.386000330562797,"Mmp8",1
"GO:0043950","positive regulation of cAMP-mediated signaling","1/417","30/28943",0.353118820922262,0.496464084861002,0.386000330562797,"Adcyap1r1",1
"GO:0044273","sulfur compound catabolic process","1/417","30/28943",0.353118820922262,0.496464084861002,0.386000330562797,"Ggt5",1
"GO:0044788","modulation by host of viral process","1/417","30/28943",0.353118820922262,0.496464084861002,0.386000330562797,"Prkn",1
"GO:0045932","negative regulation of muscle contraction","1/417","30/28943",0.353118820922262,0.496464084861002,0.386000330562797,"Atp1a2",1
"GO:0046641","positive regulation of alpha-beta T cell proliferation","1/417","30/28943",0.353118820922262,0.496464084861002,0.386000330562797,"Cd55",1
"GO:0051570","regulation of histone H3-K9 methylation","1/417","30/28943",0.353118820922262,0.496464084861002,0.386000330562797,"Airn",1
"GO:0070977","bone maturation","1/417","30/28943",0.353118820922262,0.496464084861002,0.386000330562797,"Igf1",1
"GO:0071353","cellular response to interleukin-4","1/417","30/28943",0.353118820922262,0.496464084861002,0.386000330562797,"Rufy4",1
"GO:0086019","cell-cell signaling involved in cardiac conduction","1/417","30/28943",0.353118820922262,0.496464084861002,0.386000330562797,"Cacna1g",1
"GO:0090330","regulation of platelet aggregation","1/417","30/28943",0.353118820922262,0.496464084861002,0.386000330562797,"Ceacam1",1
"GO:0140058","neuron projection arborization","1/417","30/28943",0.353118820922262,0.496464084861002,0.386000330562797,"Ntng2",1
"GO:1900273","positive regulation of long-term synaptic potentiation","1/417","30/28943",0.353118820922262,0.496464084861002,0.386000330562797,"Adcy1",1
"GO:1903318","negative regulation of protein maturation","1/417","30/28943",0.353118820922262,0.496464084861002,0.386000330562797,"Ctla2a",1
"GO:1905562","regulation of vascular endothelial cell proliferation","1/417","30/28943",0.353118820922262,0.496464084861002,0.386000330562797,"Igf1",1
"GO:0022408","negative regulation of cell-cell adhesion","4/417","209/28943",0.355286870151361,0.498677981882337,0.387721633287658,"Ceacam1/Fgl1/Il20rb/Adipoq",4
"GO:0060491","regulation of cell projection assembly","4/417","209/28943",0.355286870151361,0.498677981882337,0.387721633287658,"Arap1/Mapk15/Cdc42ep3/Plce1",4
"GO:0048706","embryonic skeletal system development","3/417","147/28943",0.355503913411243,0.498677981882337,0.387721633287658,"Col11a1/Fgfr2/Osr2",3
"GO:0051783","regulation of nuclear division","3/417","147/28943",0.355503913411243,0.498677981882337,0.387721633287658,"Fgfr2/Igf1/Edn1",3
"GO:0072089","stem cell proliferation","3/417","147/28943",0.355503913411243,0.498677981882337,0.387721633287658,"Wnt2b/Fgfr2/Osr2",3
"GO:1903322","positive regulation of protein modification by small protein conjugation or removal","3/417","147/28943",0.355503913411243,0.498677981882337,0.387721633287658,"Fam107a/Mapk15/Prkn",3
"GO:0006942","regulation of striated muscle contraction","2/417","87/28943",0.357389283130134,0.500182423546799,0.38889133518051,"Atp1a2/Fxyd1",2
"GO:0007040","lysosome organization","2/417","87/28943",0.357389283130134,0.500182423546799,0.38889133518051,"Pla2g5/Myo7a",2
"GO:0048708","astrocyte differentiation","2/417","87/28943",0.357389283130134,0.500182423546799,0.38889133518051,"Agt/Gfap",2
"GO:0060113","inner ear receptor cell differentiation","2/417","87/28943",0.357389283130134,0.500182423546799,0.38889133518051,"Myo7a/Jag2",2
"GO:0061178","regulation of insulin secretion involved in cellular response to glucose stimulus","2/417","87/28943",0.357389283130134,0.500182423546799,0.38889133518051,"Sybu/Prkn",2
"GO:0080171","lytic vacuole organization","2/417","87/28943",0.357389283130134,0.500182423546799,0.38889133518051,"Pla2g5/Myo7a",2
"GO:0050729","positive regulation of inflammatory response","3/417","148/28943",0.359427575059048,0.501180923374373,0.389667667800056,"Lpl/Mmp8/C3",3
"GO:1903038","negative regulation of leukocyte cell-cell adhesion","3/417","148/28943",0.359427575059048,0.501180923374373,0.389667667800056,"Ceacam1/Fgl1/Il20rb",3
"GO:0001832","blastocyst growth","1/417","31/28943",0.362448515235388,0.501180923374373,0.389667667800056,"Igf1",1
"GO:0001911","negative regulation of leukocyte mediated cytotoxicity","1/417","31/28943",0.362448515235388,0.501180923374373,0.389667667800056,"Ceacam1",1
"GO:0006027","glycosaminoglycan catabolic process","1/417","31/28943",0.362448515235388,0.501180923374373,0.389667667800056,"Stab2",1
"GO:0006779","porphyrin-containing compound biosynthetic process","1/417","31/28943",0.362448515235388,0.501180923374373,0.389667667800056,"Spta1",1
"GO:0007288","sperm axoneme assembly","1/417","31/28943",0.362448515235388,0.501180923374373,0.389667667800056,"Meig1",1
"GO:0009072","aromatic amino acid family metabolic process","1/417","31/28943",0.362448515235388,0.501180923374373,0.389667667800056,"Tdo2",1
"GO:0010623","programmed cell death involved in cell development","1/417","31/28943",0.362448515235388,0.501180923374373,0.389667667800056,"Sycp2",1
"GO:0030947","regulation of vascular endothelial growth factor receptor signaling pathway","1/417","31/28943",0.362448515235388,0.501180923374373,0.389667667800056,"Tmem204",1
"GO:0031116","positive regulation of microtubule polymerization","1/417","31/28943",0.362448515235388,0.501180923374373,0.389667667800056,"Fes",1
"GO:0033014","tetrapyrrole biosynthetic process","1/417","31/28943",0.362448515235388,0.501180923374373,0.389667667800056,"Spta1",1
"GO:0033688","regulation of osteoblast proliferation","1/417","31/28943",0.362448515235388,0.501180923374373,0.389667667800056,"Fgfr2",1
"GO:0043276","anoikis","1/417","31/28943",0.362448515235388,0.501180923374373,0.389667667800056,"Clca3a2",1
"GO:0043552","positive regulation of phosphatidylinositol 3-kinase activity","1/417","31/28943",0.362448515235388,0.501180923374373,0.389667667800056,"Irs1",1
"GO:0045454","cell redox homeostasis","1/417","31/28943",0.362448515235388,0.501180923374373,0.389667667800056,"Prdx6",1
"GO:0046597","negative regulation of viral entry into host cell","1/417","31/28943",0.362448515235388,0.501180923374373,0.389667667800056,"Trim30d",1
"GO:0048535","lymph node development","1/417","31/28943",0.362448515235388,0.501180923374373,0.389667667800056,"Cxcl13",1
"GO:0060037","pharyngeal system development","1/417","31/28943",0.362448515235388,0.501180923374373,0.389667667800056,"Edn1",1
"GO:0060384","innervation","1/417","31/28943",0.362448515235388,0.501180923374373,0.389667667800056,"Edn1",1
"GO:0060561","apoptotic process involved in morphogenesis","1/417","31/28943",0.362448515235388,0.501180923374373,0.389667667800056,"Jag2",1
"GO:0070979","protein K11-linked ubiquitination","1/417","31/28943",0.362448515235388,0.501180923374373,0.389667667800056,"Prkn",1
"GO:0071354","cellular response to interleukin-6","1/417","31/28943",0.362448515235388,0.501180923374373,0.389667667800056,"Entpd2",1
"GO:0071624","positive regulation of granulocyte chemotaxis","1/417","31/28943",0.362448515235388,0.501180923374373,0.389667667800056,"Edn1",1
"GO:0086010","membrane depolarization during action potential","1/417","31/28943",0.362448515235388,0.501180923374373,0.389667667800056,"Cacna1g",1
"GO:0101023","vascular endothelial cell proliferation","1/417","31/28943",0.362448515235388,0.501180923374373,0.389667667800056,"Igf1",1
"GO:1903859","regulation of dendrite extension","1/417","31/28943",0.362448515235388,0.501180923374373,0.389667667800056,"Prkn",1
"GO:1905523","positive regulation of macrophage migration","1/417","31/28943",0.362448515235388,0.501180923374373,0.389667667800056,"Rarres2",1
"GO:2000178","negative regulation of neural precursor cell proliferation","1/417","31/28943",0.362448515235388,0.501180923374373,0.389667667800056,"Lims2",1
"GO:2000316","regulation of T-helper 17 type immune response","1/417","31/28943",0.362448515235388,0.501180923374373,0.389667667800056,"Il27ra",1
"GO:0006513","protein monoubiquitination","2/417","88/28943",0.36258240691575,0.501180923374373,0.389667667800056,"Trim63/Prkn",2
"GO:0051881","regulation of mitochondrial membrane potential","2/417","88/28943",0.36258240691575,0.501180923374373,0.389667667800056,"Trpv1/Prkn",2
"GO:0120192","tight junction assembly","2/417","88/28943",0.36258240691575,0.501180923374373,0.389667667800056,"Cldn2/Ramp2",2
"GO:0009260","ribonucleotide biosynthetic process","4/417","212/28943",0.365075025774621,0.504248782326937,0.392052925074288,"Ppargc1a/Acsl6/Adcy1/Prkn",4
"GO:0071824","protein-DNA complex subunit organization","4/417","212/28943",0.365075025774621,0.504248782326937,0.392052925074288,"H4c14/H2bc18/H1f2/H1f3",4
"GO:0019233","sensory perception of pain","3/417","150/28943",0.367264230074814,0.507082848704642,0.394256408854867,"Npy1r/Trpv1/Edn1",3
"GO:0009411","response to UV","3/417","151/28943",0.371176511239833,0.507812559146103,0.394823757994931,"Cat/Mmp2/Mmp3",3
"GO:0031333","negative regulation of protein-containing complex assembly","3/417","151/28943",0.371176511239833,0.507812559146103,0.394823757994931,"Spta1/Lmod1/Pmepa1",3
"GO:0097306","cellular response to alcohol","3/417","151/28943",0.371176511239833,0.507812559146103,0.394823757994931,"Ces1a/Ces1d/Ces1f",3
"GO:0001893","maternal placenta development","1/417","32/28943",0.37164396934257,0.507812559146103,0.394823757994931,"Tcf23",1
"GO:0002313","mature B cell differentiation involved in immune response","1/417","32/28943",0.37164396934257,0.507812559146103,0.394823757994931,"Irf8",1
"GO:0002418","immune response to tumor cell","1/417","32/28943",0.37164396934257,0.507812559146103,0.394823757994931,"Ceacam1",1
"GO:0002825","regulation of T-helper 1 type immune response","1/417","32/28943",0.37164396934257,0.507812559146103,0.394823757994931,"Il27ra",1
"GO:0010574","regulation of vascular endothelial growth factor production","1/417","32/28943",0.37164396934257,0.507812559146103,0.394823757994931,"C3",1
"GO:0016242","negative regulation of macroautophagy","1/417","32/28943",0.37164396934257,0.507812559146103,0.394823757994931,"Nrbp2",1
"GO:0022011","myelination in peripheral nervous system","1/417","32/28943",0.37164396934257,0.507812559146103,0.394823757994931,"Sh3tc2",1
"GO:0022410","circadian sleep/wake cycle process","1/417","32/28943",0.37164396934257,0.507812559146103,0.394823757994931,"Ptgds",1
"GO:0023058","adaptation of signaling pathway","1/417","32/28943",0.37164396934257,0.507812559146103,0.394823757994931,"Adm",1
"GO:0030204","chondroitin sulfate metabolic process","1/417","32/28943",0.37164396934257,0.507812559146103,0.394823757994931,"Spock2",1
"GO:0031295","T cell costimulation","1/417","32/28943",0.37164396934257,0.507812559146103,0.394823757994931,"Ephb6",1
"GO:0032292","peripheral nervous system axon ensheathment","1/417","32/28943",0.37164396934257,0.507812559146103,0.394823757994931,"Sh3tc2",1
"GO:0034260","negative regulation of GTPase activity","1/417","32/28943",0.37164396934257,0.507812559146103,0.394823757994931,"Spry1",1
"GO:0035987","endodermal cell differentiation","1/417","32/28943",0.37164396934257,0.507812559146103,0.394823757994931,"Vtn",1
"GO:0045742","positive regulation of epidermal growth factor receptor signaling pathway","1/417","32/28943",0.37164396934257,0.507812559146103,0.394823757994931,"Agt",1
"GO:0045745","positive regulation of G protein-coupled receptor signaling pathway","1/417","32/28943",0.37164396934257,0.507812559146103,0.394823757994931,"C3",1
"GO:0050951","sensory perception of temperature stimulus","1/417","32/28943",0.37164396934257,0.507812559146103,0.394823757994931,"Trpv1",1
"GO:0051150","regulation of smooth muscle cell differentiation","1/417","32/28943",0.37164396934257,0.507812559146103,0.394823757994931,"Fgfr2",1
"GO:0060977","coronary vasculature morphogenesis","1/417","32/28943",0.37164396934257,0.507812559146103,0.394823757994931,"Fgfr2",1
"GO:0062125","regulation of mitochondrial gene expression","1/417","32/28943",0.37164396934257,0.507812559146103,0.394823757994931,"Chchd10",1
"GO:0070633","transepithelial transport","1/417","32/28943",0.37164396934257,0.507812559146103,0.394823757994931,"Edn1",1
"GO:0070670","response to interleukin-4","1/417","32/28943",0.37164396934257,0.507812559146103,0.394823757994931,"Rufy4",1
"GO:0098810","neurotransmitter reuptake","1/417","32/28943",0.37164396934257,0.507812559146103,0.394823757994931,"Prkn",1
"GO:1902914","regulation of protein polyubiquitination","1/417","32/28943",0.37164396934257,0.507812559146103,0.394823757994931,"Prkn",1
"GO:2000352","negative regulation of endothelial cell apoptotic process","1/417","32/28943",0.37164396934257,0.507812559146103,0.394823757994931,"Ramp2",1
"GO:0002088","lens development in camera-type eye","2/417","90/28943",0.372920465028413,0.509179865711871,0.395886837485395,"Spry1/Fgfr2",2
"GO:0050805","negative regulation of synaptic transmission","2/417","90/28943",0.372920465028413,0.509179865711871,0.395886837485395,"Adipoq/Prkn",2
"GO:0030317","flagellated sperm motility","3/417","152/28943",0.375084296481734,0.511944999116659,0.398036725948318,"Meig1/Ccdc40/Slc26a8",3
"GO:0007265","Ras protein signal transduction","6/417","344/28943",0.376235887331964,0.513327012575614,0.399111240033558,"Spry1/Syde2/Igf1/Rtn4r/Cdc42ep3/Plce1",6
"GO:0032526","response to retinoic acid","2/417","91/28943",0.378064179027111,0.513919799191518,0.399572131035887,"Adh1/Tbx2",2
"GO:0034644","cellular response to UV","2/417","91/28943",0.378064179027111,0.513919799191518,0.399572131035887,"Mmp2/Mmp3",2
"GO:0060079","excitatory postsynaptic potential","2/417","91/28943",0.378064179027111,0.513919799191518,0.399572131035887,"Shank1/Prkn",2
"GO:1902099","regulation of metaphase/anaphase transition of cell cycle","2/417","91/28943",0.378064179027111,0.513919799191518,0.399572131035887,"Hecw2/Mapk15",2
"GO:0006479","protein methylation","4/417","216/28943",0.378114527028595,0.513919799191518,0.399572131035887,"Mettl21e/H1f2/H1f3/Airn",4
"GO:0008213","protein alkylation","4/417","216/28943",0.378114527028595,0.513919799191518,0.399572131035887,"Mettl21e/H1f2/H1f3/Airn",4
"GO:0071333","cellular response to glucose stimulus","3/417","153/28943",0.378987244327712,0.513919799191518,0.399572131035887,"Igf1/Sybu/Prkn",3
"GO:1902850","microtubule cytoskeleton organization involved in mitosis","3/417","153/28943",0.378987244327712,0.513919799191518,0.399572131035887,"Spry1/Misp/Kifc2",3
"GO:0002486","antigen processing and presentation of endogenous peptide antigen via MHC class I via ER pathway, TAP-independent","1/417","33/28943",0.380707110181149,0.513919799191518,0.399572131035887,"H2-T23",1
"GO:0002675","positive regulation of acute inflammatory response","1/417","33/28943",0.380707110181149,0.513919799191518,0.399572131035887,"C3",1
"GO:0002828","regulation of type 2 immune response","1/417","33/28943",0.380707110181149,0.513919799191518,0.399572131035887,"Il27ra",1
"GO:0006901","vesicle coating","1/417","33/28943",0.380707110181149,0.513919799191518,0.399572131035887,"Mapk15",1
"GO:0009187","cyclic nucleotide metabolic process","1/417","33/28943",0.380707110181149,0.513919799191518,0.399572131035887,"Adcy1",1
"GO:0009584","detection of visible light","1/417","33/28943",0.380707110181149,0.513919799191518,0.399572131035887,"Grk1",1
"GO:0018345","protein palmitoylation","1/417","33/28943",0.380707110181149,0.513919799191518,0.399572131035887,"Porcn",1
"GO:0021952","central nervous system projection neuron axonogenesis","1/417","33/28943",0.380707110181149,0.513919799191518,0.399572131035887,"Ephb6",1
"GO:0032212","positive regulation of telomere maintenance via telomerase","1/417","33/28943",0.380707110181149,0.513919799191518,0.399572131035887,"Mapk15",1
"GO:0032673","regulation of interleukin-4 production","1/417","33/28943",0.380707110181149,0.513919799191518,0.399572131035887,"Il20rb",1
"GO:0045616","regulation of keratinocyte differentiation","1/417","33/28943",0.380707110181149,0.513919799191518,0.399572131035887,"Cyp27b1",1
"GO:0051642","centrosome localization","1/417","33/28943",0.380707110181149,0.513919799191518,0.399572131035887,"Misp",1
"GO:0062149","detection of stimulus involved in sensory perception of pain","1/417","33/28943",0.380707110181149,0.513919799191518,0.399572131035887,"Trpv1",1
"GO:0070741","response to interleukin-6","1/417","33/28943",0.380707110181149,0.513919799191518,0.399572131035887,"Entpd2",1
"GO:1901797","negative regulation of signal transduction by p53 class mediator","1/417","33/28943",0.380707110181149,0.513919799191518,0.399572131035887,"Prkn",1
"GO:1902253","regulation of intrinsic apoptotic signaling pathway by p53 class mediator","1/417","33/28943",0.380707110181149,0.513919799191518,0.399572131035887,"Prkn",1
"GO:1903429","regulation of cell maturation","1/417","33/28943",0.380707110181149,0.513919799191518,0.399572131035887,"Tcp11x2",1
"GO:1903792","negative regulation of anion transport","1/417","33/28943",0.380707110181149,0.513919799191518,0.399572131035887,"Agtr2",1
"GO:1904646","cellular response to amyloid-beta","1/417","33/28943",0.380707110181149,0.513919799191518,0.399572131035887,"Igf1",1
"GO:2000272","negative regulation of signaling receptor activity","1/417","33/28943",0.380707110181149,0.513919799191518,0.399572131035887,"Ppargc1a",1
"GO:2001014","regulation of skeletal muscle cell differentiation","1/417","33/28943",0.380707110181149,0.513919799191518,0.399572131035887,"S100b",1
"GO:0006164","purine nucleotide biosynthetic process","4/417","217/28943",0.38137091184479,0.514627707065411,0.400122528701424,"Ppargc1a/Acsl6/Adcy1/Prkn",4
"GO:0032024","positive regulation of insulin secretion","2/417","92/28943",0.383190237433719,0.516139495295618,0.401297942541812,"Sybu/Prkn",2
"GO:0035082","axoneme assembly","2/417","92/28943",0.383190237433719,0.516139495295618,0.401297942541812,"Meig1/Ccdc40",2
"GO:0043242","negative regulation of protein-containing complex disassembly","2/417","92/28943",0.383190237433719,0.516139495295618,0.401297942541812,"Spta1/Lmod1",2
"GO:0043297","apical junction assembly","2/417","92/28943",0.383190237433719,0.516139495295618,0.401297942541812,"Cldn2/Ramp2",2
"GO:2001259","positive regulation of cation channel activity","2/417","92/28943",0.383190237433719,0.516139495295618,0.401297942541812,"Stim1/Edn1",2
"GO:0000280","nuclear division","8/417","478/28943",0.384142505917549,0.517233454357253,0.402148494620582,"Hecw2/Sycp2/Fgfr2/Igf1/Misp/Edn1/Mapk15/Kifc2",8
"GO:0031396","regulation of protein ubiquitination","4/417","218/28943",0.384625472833255,0.517694949216324,0.402507306412988,"Gbp4/Fam107a/Mapk15/Prkn",4
"GO:0071331","cellular response to hexose stimulus","3/417","155/28943",0.386777290966458,0.519707470574982,0.40407203976107,"Igf1/Sybu/Prkn",3
"GO:0001666","response to hypoxia","4/417","219/28943",0.387878000206912,0.519707470574982,0.40407203976107,"Cat/Mmp2/Ang3/Edn1",4
"GO:0007029","endoplasmic reticulum organization","2/417","93/28943",0.388298081376975,0.519707470574982,0.40407203976107,"Rnf112/Mapk15",2
"GO:0031016","pancreas development","2/417","93/28943",0.388298081376975,0.519707470574982,0.40407203976107,"Igf1/Ccdc40",2
"GO:0045104","intermediate filament cytoskeleton organization","2/417","93/28943",0.388298081376975,0.519707470574982,0.40407203976107,"Gfap/Krt90",2
"GO:0048814","regulation of dendrite morphogenesis","2/417","93/28943",0.388298081376975,0.519707470574982,0.40407203976107,"Hecw2/Itpka",2
"GO:1901379","regulation of potassium ion transmembrane transport","2/417","93/28943",0.388298081376975,0.519707470574982,0.40407203976107,"Kcnab1/Wnk4",2
"GO:1902105","regulation of leukocyte differentiation","6/417","349/28943",0.389044205737658,0.519707470574982,0.40407203976107,"Clec2g/Ceacam1/Fes/Ctla2a/Adipoq/Hcls1",6
"GO:0000038","very long-chain fatty acid metabolic process","1/417","34/28943",0.389639837094136,0.519707470574982,0.40407203976107,"Acsl6",1
"GO:0002476","antigen processing and presentation of endogenous peptide antigen via MHC class Ib","1/417","34/28943",0.389639837094136,0.519707470574982,0.40407203976107,"H2-T23",1
"GO:0002484","antigen processing and presentation of endogenous peptide antigen via MHC class I via ER pathway","1/417","34/28943",0.389639837094136,0.519707470574982,0.40407203976107,"H2-T23",1
"GO:0007007","inner mitochondrial membrane organization","1/417","34/28943",0.389639837094136,0.519707470574982,0.40407203976107,"Chchd10",1
"GO:0010614","negative regulation of cardiac muscle hypertrophy","1/417","34/28943",0.389639837094136,0.519707470574982,0.40407203976107,"Trim63",1
"GO:0010758","regulation of macrophage chemotaxis","1/417","34/28943",0.389639837094136,0.519707470574982,0.40407203976107,"Rarres2",1
"GO:0031294","lymphocyte costimulation","1/417","34/28943",0.389639837094136,0.519707470574982,0.40407203976107,"Ephb6",1
"GO:0035308","negative regulation of protein dephosphorylation","1/417","34/28943",0.389639837094136,0.519707470574982,0.40407203976107,"Ppp1r1b",1
"GO:0048799","animal organ maturation","1/417","34/28943",0.389639837094136,0.519707470574982,0.40407203976107,"Igf1",1
"GO:0050482","arachidonic acid secretion","1/417","34/28943",0.389639837094136,0.519707470574982,0.40407203976107,"Pla2g5",1
"GO:0051497","negative regulation of stress fiber assembly","1/417","34/28943",0.389639837094136,0.519707470574982,0.40407203976107,"Arap1",1
"GO:0051973","positive regulation of telomerase activity","1/417","34/28943",0.389639837094136,0.519707470574982,0.40407203976107,"Mapk15",1
"GO:0060117","auditory receptor cell development","1/417","34/28943",0.389639837094136,0.519707470574982,0.40407203976107,"Myo7a",1
"GO:0061842","microtubule organizing center localization","1/417","34/28943",0.389639837094136,0.519707470574982,0.40407203976107,"Misp",1
"GO:1901186","positive regulation of ERBB signaling pathway","1/417","34/28943",0.389639837094136,0.519707470574982,0.40407203976107,"Agt",1
"GO:1903901","negative regulation of viral life cycle","1/417","34/28943",0.389639837094136,0.519707470574982,0.40407203976107,"Trim30d",1
"GO:1903963","arachidonate transport","1/417","34/28943",0.389639837094136,0.519707470574982,0.40407203976107,"Pla2g5",1
"GO:0030216","keratinocyte differentiation","3/417","156/28943",0.390663735761839,0.520696935896285,0.404841348061005,"Txnip/Cyp27b1/Krt90",3
"GO:0071326","cellular response to monosaccharide stimulus","3/417","156/28943",0.390663735761839,0.520696935896285,0.404841348061005,"Igf1/Sybu/Prkn",3
"GO:0042490","mechanoreceptor differentiation","2/417","94/28943",0.393387171669705,0.523570813916565,0.407075785353959,"Myo7a/Jag2",2
"GO:0045103","intermediate filament-based process","2/417","94/28943",0.393387171669705,0.523570813916565,0.407075785353959,"Gfap/Krt90",2
"GO:0048644","muscle organ morphogenesis","2/417","94/28943",0.393387171669705,0.523570813916565,0.407075785353959,"Col11a1/Fgfr2",2
"GO:0051899","membrane depolarization","2/417","94/28943",0.393387171669705,0.523570813916565,0.407075785353959,"Cacna1g/Edn1",2
"GO:0043087","regulation of GTPase activity","6/417","351/28943",0.394167440542862,0.524420248823153,0.407736220146187,"Rgs16/Spry1/Cxcl13/Arap1/Ccl6/Rtn4r",6
"GO:0046390","ribose phosphate biosynthetic process","4/417","221/28943",0.394376126552098,0.524508883008049,0.407805133136497,"Ppargc1a/Acsl6/Adcy1/Prkn",4
"GO:0048593","camera-type eye morphogenesis","3/417","157/28943",0.394544035111423,0.52454324005451,0.407831845705836,"Grk1/Tbx2/Aldh1a1",3
"GO:0007043","cell-cell junction assembly","3/417","158/28943",0.398417876325451,0.525581708119065,0.40863925358975,"Cldn2/Agt/Ramp2",3
"GO:0097722","sperm motility","3/417","158/28943",0.398417876325451,0.525581708119065,0.40863925358975,"Meig1/Ccdc40/Slc26a8",3
"GO:0001556","oocyte maturation","1/417","35/28943",0.398444022224433,0.525581708119065,0.40863925358975,"Edn1",1
"GO:0002428","antigen processing and presentation of peptide antigen via MHC class Ib","1/417","35/28943",0.398444022224433,0.525581708119065,0.40863925358975,"H2-T23",1
"GO:0006767","water-soluble vitamin metabolic process","1/417","35/28943",0.398444022224433,0.525581708119065,0.40863925358975,"Vnn3",1
"GO:0014044","Schwann cell development","1/417","35/28943",0.398444022224433,0.525581708119065,0.40863925358975,"Sh3tc2",1
"GO:0021846","cell proliferation in forebrain","1/417","35/28943",0.398444022224433,0.525581708119065,0.40863925358975,"Fgfr2",1
"GO:0031112","positive regulation of microtubule polymerization or depolymerization","1/417","35/28943",0.398444022224433,0.525581708119065,0.40863925358975,"Fes",1
"GO:0032104","regulation of response to extracellular stimulus","1/417","35/28943",0.398444022224433,0.525581708119065,0.40863925358975,"Cyp27b1",1
"GO:0032107","regulation of response to nutrient levels","1/417","35/28943",0.398444022224433,0.525581708119065,0.40863925358975,"Cyp27b1",1
"GO:0035025","positive regulation of Rho protein signal transduction","1/417","35/28943",0.398444022224433,0.525581708119065,0.40863925358975,"Rtn4r",1
"GO:0035116","embryonic hindlimb morphogenesis","1/417","35/28943",0.398444022224433,0.525581708119065,0.40863925358975,"Osr2",1
"GO:0042403","thyroid hormone metabolic process","1/417","35/28943",0.398444022224433,0.525581708119065,0.40863925358975,"Tg",1
"GO:0048679","regulation of axon regeneration","1/417","35/28943",0.398444022224433,0.525581708119065,0.40863925358975,"Rtn4r",1
"GO:0090114","COPII-coated vesicle budding","1/417","35/28943",0.398444022224433,0.525581708119065,0.40863925358975,"Mapk15",1
"GO:0090218","positive regulation of lipid kinase activity","1/417","35/28943",0.398444022224433,0.525581708119065,0.40863925358975,"Irs1",1
"GO:0097345","mitochondrial outer membrane permeabilization","1/417","35/28943",0.398444022224433,0.525581708119065,0.40863925358975,"Chchd10",1
"GO:1903203","regulation of oxidative stress-induced neuron death","1/417","35/28943",0.398444022224433,0.525581708119065,0.40863925358975,"Prkn",1
"GO:2000406","positive regulation of T cell migration","1/417","35/28943",0.398444022224433,0.525581708119065,0.40863925358975,"Cxcl13",1
"GO:0044272","sulfur compound biosynthetic process","2/417","95/28943",0.398456988360039,0.525581708119065,0.40863925358975,"Ggt5/Acsl6",2
"GO:0044784","metaphase/anaphase transition of cell cycle","2/417","95/28943",0.398456988360039,0.525581708119065,0.40863925358975,"Hecw2/Mapk15",2
"GO:0050672","negative regulation of lymphocyte proliferation","2/417","95/28943",0.398456988360039,0.525581708119065,0.40863925358975,"Ceacam1/Il20rb",2
"GO:0042886","amide transport","6/417","353/28943",0.399289328549067,0.52649150035827,0.40934661614786,"Irs1/Agt/Trpv1/Edn1/Sybu/Prkn",6
"GO:0002312","B cell activation involved in immune response","2/417","96/28943",0.403507030291426,0.530537021309097,0.412492004650141,"Irf8/Il27ra",2
"GO:0007044","cell-substrate junction assembly","2/417","96/28943",0.403507030291426,0.530537021309097,0.412492004650141,"Fam107a/Apod",2
"GO:0009063","cellular amino acid catabolic process","2/417","96/28943",0.403507030291426,0.530537021309097,0.412492004650141,"Tdo2/Pipox",2
"GO:0022904","respiratory electron transport chain","2/417","96/28943",0.403507030291426,0.530537021309097,0.412492004650141,"Ppargc1a/Gpd1",2
"GO:0032945","negative regulation of mononuclear cell proliferation","2/417","96/28943",0.403507030291426,0.530537021309097,0.412492004650141,"Ceacam1/Il20rb",2
"GO:0070555","response to interleukin-1","2/417","96/28943",0.403507030291426,0.530537021309097,0.412492004650141,"Saa3/Ccl6",2
"GO:1901879","regulation of protein depolymerization","2/417","96/28943",0.403507030291426,0.530537021309097,0.412492004650141,"Spta1/Lmod1",2
"GO:2000117","negative regulation of cysteine-type endopeptidase activity","2/417","96/28943",0.403507030291426,0.530537021309097,0.412492004650141,"Ifi207/Igf1",2
"GO:0009100","glycoprotein metabolic process","6/417","355/28943",0.404409021280364,0.531533679803169,0.413266905634727,"Porcn/Col11a1/Man2a2/Igf1/Spock2/Hs3st3b1",6
"GO:0002687","positive regulation of leukocyte migration","3/417","160/28943",0.406144961901784,0.53206818345326,0.413682481689297,"Cxcl13/Rarres2/Edn1",3
"GO:0002708","positive regulation of lymphocyte mediated immunity","3/417","160/28943",0.406144961901784,0.53206818345326,0.413682481689297,"Cd55/C3/H2-T23",3
"GO:0010977","negative regulation of neuron projection development","3/417","160/28943",0.406144961901784,0.53206818345326,0.413682481689297,"Lrp4/Gfap/Rtn4r",3
"GO:0001779","natural killer cell differentiation","1/417","36/28943",0.407121510903429,0.53206818345326,0.413682481689297,"Mertk",1
"GO:0001964","startle response","1/417","36/28943",0.407121510903429,0.53206818345326,0.413682481689297,"Prkn",1
"GO:0010573","vascular endothelial growth factor production","1/417","36/28943",0.407121510903429,0.53206818345326,0.413682481689297,"C3",1
"GO:0010719","negative regulation of epithelial to mesenchymal transition","1/417","36/28943",0.407121510903429,0.53206818345326,0.413682481689297,"Spry1",1
"GO:0010922","positive regulation of phosphatase activity","1/417","36/28943",0.407121510903429,0.53206818345326,0.413682481689297,"Agtr2",1
"GO:0014741","negative regulation of muscle hypertrophy","1/417","36/28943",0.407121510903429,0.53206818345326,0.413682481689297,"Trim63",1
"GO:0019373","epoxygenase P450 pathway","1/417","36/28943",0.407121510903429,0.53206818345326,0.413682481689297,"Cyp2f2",1
"GO:0031069","hair follicle morphogenesis","1/417","36/28943",0.407121510903429,0.53206818345326,0.413682481689297,"Fgfr2",1
"GO:0031342","negative regulation of cell killing","1/417","36/28943",0.407121510903429,0.53206818345326,0.413682481689297,"Ceacam1",1
"GO:0035115","embryonic forelimb morphogenesis","1/417","36/28943",0.407121510903429,0.53206818345326,0.413682481689297,"Osr2",1
"GO:0048026","positive regulation of mRNA splicing, via spliceosome","1/417","36/28943",0.407121510903429,0.53206818345326,0.413682481689297,"Prdx6",1
"GO:0051491","positive regulation of filopodium assembly","1/417","36/28943",0.407121510903429,0.53206818345326,0.413682481689297,"Arap1",1
"GO:1902745","positive regulation of lamellipodium organization","1/417","36/28943",0.407121510903429,0.53206818345326,0.413682481689297,"Plce1",1
"GO:0072522","purine-containing compound biosynthetic process","4/417","225/28943",0.407339003315123,0.532164048209283,0.413757016441443,"Ppargc1a/Acsl6/Adcy1/Prkn",4
"GO:0035773","insulin secretion involved in cellular response to glucose stimulus","2/417","97/28943",0.408536814671283,0.533540120186196,0.414826911030324,"Sybu/Prkn",2
"GO:0030072","peptide hormone secretion","5/417","291/28943",0.409182763126613,0.534005924872201,0.41518907370887,"Irs1/Agt/Edn1/Sybu/Prkn",5
"GO:0045055","regulated exocytosis","5/417","291/28943",0.409182763126613,0.534005924872201,0.41518907370887,"Ptgds/Syn2/Fes/Adcy1/Cacna1g",5
"GO:0007009","plasma membrane organization","3/417","161/28943",0.409997609100872,0.53450253276851,0.41557518585269,"Spta1/Plscr2/Sh3tc2",3
"GO:0045667","regulation of osteoblast differentiation","3/417","161/28943",0.409997609100872,0.53450253276851,0.41557518585269,"Gdpd2/Igf1/Chrd",3
"GO:0070507","regulation of microtubule cytoskeleton organization","3/417","161/28943",0.409997609100872,0.53450253276851,0.41557518585269,"Fes/Fam107a/Mapk15",3
"GO:0006874","cellular calcium ion homeostasis","5/417","292/28943",0.412019007942491,0.536948174134725,0.417476669574441,"Fxyd1/Stim1/S100b/Stc2/Edn1",5
"GO:0120162","positive regulation of cold-induced thermogenesis","2/417","98/28943",0.413545876648125,0.537725598650933,0.418081116360009,"Ppargc1a/Adipoq",2
"GO:0000002","mitochondrial genome maintenance","1/417","37/28943",0.415674122034064,0.537725598650933,0.418081116360009,"Ppargc1a",1
"GO:0002724","regulation of T cell cytokine production","1/417","37/28943",0.415674122034064,0.537725598650933,0.418081116360009,"Cd55",1
"GO:0003203","endocardial cushion morphogenesis","1/417","37/28943",0.415674122034064,0.537725598650933,0.418081116360009,"Tbx2",1
"GO:0009954","proximal/distal pattern formation","1/417","37/28943",0.415674122034064,0.537725598650933,0.418081116360009,"Lrp4",1
"GO:0010923","negative regulation of phosphatase activity","1/417","37/28943",0.415674122034064,0.537725598650933,0.418081116360009,"Ppp1r1b",1
"GO:0033866","nucleoside bisphosphate biosynthetic process","1/417","37/28943",0.415674122034064,0.537725598650933,0.418081116360009,"Acsl6",1
"GO:0034030","ribonucleoside bisphosphate biosynthetic process","1/417","37/28943",0.415674122034064,0.537725598650933,0.418081116360009,"Acsl6",1
"GO:0034033","purine nucleoside bisphosphate biosynthetic process","1/417","37/28943",0.415674122034064,0.537725598650933,0.418081116360009,"Acsl6",1
"GO:0035909","aorta morphogenesis","1/417","37/28943",0.415674122034064,0.537725598650933,0.418081116360009,"Tbx2",1
"GO:0036475","neuron death in response to oxidative stress","1/417","37/28943",0.415674122034064,0.537725598650933,0.418081116360009,"Prkn",1
"GO:0044342","type B pancreatic cell proliferation","1/417","37/28943",0.415674122034064,0.537725598650933,0.418081116360009,"Igf1",1
"GO:0045686","negative regulation of glial cell differentiation","1/417","37/28943",0.415674122034064,0.537725598650933,0.418081116360009,"Lingo1",1
"GO:0045920","negative regulation of exocytosis","1/417","37/28943",0.415674122034064,0.537725598650933,0.418081116360009,"Prkn",1
"GO:0046677","response to antibiotic","1/417","37/28943",0.415674122034064,0.537725598650933,0.418081116360009,"Aoc1",1
"GO:0051953","negative regulation of amine transport","1/417","37/28943",0.415674122034064,0.537725598650933,0.418081116360009,"Agtr2",1
"GO:0055075","potassium ion homeostasis","1/417","37/28943",0.415674122034064,0.537725598650933,0.418081116360009,"Atp1a2",1
"GO:0061384","heart trabecula morphogenesis","1/417","37/28943",0.415674122034064,0.537725598650933,0.418081116360009,"Adamts1",1
"GO:0070286","axonemal dynein complex assembly","1/417","37/28943",0.415674122034064,0.537725598650933,0.418081116360009,"Ccdc40",1
"GO:0090022","regulation of neutrophil chemotaxis","1/417","37/28943",0.415674122034064,0.537725598650933,0.418081116360009,"Edn1",1
"GO:1904358","positive regulation of telomere maintenance via telomere lengthening","1/417","37/28943",0.415674122034064,0.537725598650933,0.418081116360009,"Mapk15",1
"GO:0051701","biological process involved in interaction with host","3/417","163/28943",0.417679661232705,0.540130756312136,0.419951124041511,"Gbp6/Trim30d/Trim30b",3
"GO:0002532","production of molecular mediator involved in inflammatory response","2/417","99/28943",0.418533768897012,0.540856378987668,0.420515294947645,"Slc7a2/Apod",2
"GO:1901019","regulation of calcium ion transmembrane transporter activity","2/417","99/28943",0.418533768897012,0.540856378987668,0.420515294947645,"Atp1a2/Stim1",2
"GO:0072594","establishment of protein localization to organelle","7/417","428/28943",0.420787343660016,0.54357833197788,0.422631610681325,"Agtr2/Txnip/Gbp4/Gckr/Agt/Apod/Hcls1",7
"GO:0043488","regulation of mRNA stability","3/417","164/28943",0.421508502308779,0.543938969075153,0.422912005664578,"Rnasel/Tent5c/Dcp1b",3
"GO:0071322","cellular response to carbohydrate stimulus","3/417","164/28943",0.421508502308779,0.543938969075153,0.422912005664578,"Igf1/Sybu/Prkn",3
"GO:2001236","regulation of extrinsic apoptotic signaling pathway","3/417","164/28943",0.421508502308779,0.543938969075153,0.422912005664578,"Agtr2/Igf1/Agt",3
"GO:0051781","positive regulation of cell division","2/417","100/28943",0.423500061213179,0.54500197359744,0.423738490619895,"Cat/Fgfr2",2
"GO:0000423","mitophagy","1/417","38/28943",0.42410364846843,0.54500197359744,0.423738490619895,"Prkn",1
"GO:0009303","rRNA transcription","1/417","38/28943",0.42410364846843,0.54500197359744,0.423738490619895,"Ang3",1
"GO:0022617","extracellular matrix disassembly","1/417","38/28943",0.42410364846843,0.54500197359744,0.423738490619895,"Adamts15",1
"GO:0036474","cell death in response to hydrogen peroxide","1/417","38/28943",0.42410364846843,0.54500197359744,0.423738490619895,"Rnf112",1
"GO:0042745","circadian sleep/wake cycle","1/417","38/28943",0.42410364846843,0.54500197359744,0.423738490619895,"Ptgds",1
"GO:0051482","positive regulation of cytosolic calcium ion concentration involved in phospholipase C-activating G protein-coupled signaling pathway","1/417","38/28943",0.42410364846843,0.54500197359744,0.423738490619895,"Edn1",1
"GO:0060479","lung cell differentiation","1/417","38/28943",0.42410364846843,0.54500197359744,0.423738490619895,"Igf1",1
"GO:0060487","lung epithelial cell differentiation","1/417","38/28943",0.42410364846843,0.54500197359744,0.423738490619895,"Igf1",1
"GO:0071634","regulation of transforming growth factor beta production","1/417","38/28943",0.42410364846843,0.54500197359744,0.423738490619895,"Lum",1
"GO:1902110","positive regulation of mitochondrial membrane permeability involved in apoptotic process","1/417","38/28943",0.42410364846843,0.54500197359744,0.423738490619895,"Chchd10",1
"GO:1905606","regulation of presynapse assembly","1/417","38/28943",0.42410364846843,0.54500197359744,0.423738490619895,"Ntng2",1
"GO:0060294","cilium movement involved in cell motility","3/417","165/28943",0.425328853278031,0.54638626524095,0.424814775991353,"Meig1/Ccdc40/Slc26a8",3
"GO:0050920","regulation of chemotaxis","4/417","231/28943",0.426676527320948,0.547926865693544,0.426012591305894,"Cxcl13/Rarres2/Edn1/Smoc2",4
"GO:0007200","phospholipase C-activating G protein-coupled receptor signaling pathway","2/417","101/28943",0.428444340113684,0.549432616776562,0.427183311270367,"Edn1/Plce1",2
"GO:0009798","axis specification","2/417","101/28943",0.428444340113684,0.549432616776562,0.427183311270367,"Ripply1/Chrd",2
"GO:0043299","leukocyte degranulation","2/417","101/28943",0.428444340113684,0.549432616776562,0.427183311270367,"Ptgds/Fes",2
"GO:0045185","maintenance of protein location","2/417","101/28943",0.428444340113684,0.549432616776562,0.427183311270367,"Chchd10/Chrd",2
"GO:0050679","positive regulation of epithelial cell proliferation","4/417","232/28943",0.429884590135198,0.551075104400044,0.428460343758602,"Fgfr2/Igf1/Ang3/Osr2",4
"GO:0002475","antigen processing and presentation via MHC class Ib","1/417","39/28943",0.432411857379991,0.551075104400044,0.428460343758602,"H2-T23",1
"GO:0006734","NADH metabolic process","1/417","39/28943",0.432411857379991,0.551075104400044,0.428460343758602,"Gpd1",1
"GO:0006775","fat-soluble vitamin metabolic process","1/417","39/28943",0.432411857379991,0.551075104400044,0.428460343758602,"Cyp27b1",1
"GO:0009651","response to salt stress","1/417","39/28943",0.432411857379991,0.551075104400044,0.428460343758602,"Agt",1
"GO:0010661","positive regulation of muscle cell apoptotic process","1/417","39/28943",0.432411857379991,0.551075104400044,0.428460343758602,"Agt",1
"GO:0016233","telomere capping","1/417","39/28943",0.432411857379991,0.551075104400044,0.428460343758602,"Mapk15",1
"GO:0030201","heparan sulfate proteoglycan metabolic process","1/417","39/28943",0.432411857379991,0.551075104400044,0.428460343758602,"Hs3st3b1",1
"GO:0030431","sleep","1/417","39/28943",0.432411857379991,0.551075104400044,0.428460343758602,"Ptgds",1
"GO:0033032","regulation of myeloid cell apoptotic process","1/417","39/28943",0.432411857379991,0.551075104400044,0.428460343758602,"Adipoq",1
"GO:0033238","regulation of cellular amine metabolic process","1/417","39/28943",0.432411857379991,0.551075104400044,0.428460343758602,"Prkn",1
"GO:0043304","regulation of mast cell degranulation","1/417","39/28943",0.432411857379991,0.551075104400044,0.428460343758602,"Fes",1
"GO:0045589","regulation of regulatory T cell differentiation","1/417","39/28943",0.432411857379991,0.551075104400044,0.428460343758602,"Ctla2a",1
"GO:0060674","placenta blood vessel development","1/417","39/28943",0.432411857379991,0.551075104400044,0.428460343758602,"Vash1",1
"GO:0070570","regulation of neuron projection regeneration","1/417","39/28943",0.432411857379991,0.551075104400044,0.428460343758602,"Rtn4r",1
"GO:0086091","regulation of heart rate by cardiac conduction","1/417","39/28943",0.432411857379991,0.551075104400044,0.428460343758602,"Cacna1g",1
"GO:0090049","regulation of cell migration involved in sprouting angiogenesis","1/417","39/28943",0.432411857379991,0.551075104400044,0.428460343758602,"Tbxa2r",1
"GO:1901661","quinone metabolic process","1/417","39/28943",0.432411857379991,0.551075104400044,0.428460343758602,"Akr1c14",1
"GO:0009408","response to heat","2/417","102/28943",0.433366208446938,0.551339780008992,0.428666128780442,"Igf1/Trpv1",2
"GO:0033045","regulation of sister chromatid segregation","2/417","102/28943",0.433366208446938,0.551339780008992,0.428666128780442,"Hecw2/Mapk15",2
"GO:0097061","dendritic spine organization","2/417","102/28943",0.433366208446938,0.551339780008992,0.428666128780442,"Itpka/Shank1",2
"GO:0099565","chemical synaptic transmission, postsynaptic","2/417","102/28943",0.433366208446938,0.551339780008992,0.428666128780442,"Shank1/Prkn",2
"GO:0150115","cell-substrate junction organization","2/417","102/28943",0.433366208446938,0.551339780008992,0.428666128780442,"Fam107a/Apod",2
"GO:0007264","small GTPase mediated signal transduction","7/417","434/28943",0.434829851459902,0.55301130264897,0.429965735965028,"Spry1/Syde2/Adcyap1r1/Igf1/Rtn4r/Cdc42ep3/Plce1",7
"GO:0030178","negative regulation of Wnt signaling pathway","3/417","168/28943",0.43673630941889,0.555053512693473,0.431553552236729,"Lrp4/Dkk2/Prkn",3
"GO:0050768","negative regulation of neurogenesis","3/417","168/28943",0.43673630941889,0.555053512693473,0.431553552236729,"Lrp4/Lingo1/Rtn4r",3
"GO:0001938","positive regulation of endothelial cell proliferation","2/417","103/28943",0.438265285009969,0.555376241518534,0.431804473576165,"Igf1/Ang3",2
"GO:0010770","positive regulation of cell morphogenesis involved in differentiation","2/417","103/28943",0.438265285009969,0.555376241518534,0.431804473576165,"Itpka/Lims2",2
"GO:0032418","lysosome localization","2/417","103/28943",0.438265285009969,0.555376241518534,0.431804473576165,"Ptgds/Fes",2
"GO:0070664","negative regulation of leukocyte proliferation","2/417","103/28943",0.438265285009969,0.555376241518534,0.431804473576165,"Ceacam1/Il20rb",2
"GO:1990849","vacuolar localization","2/417","103/28943",0.438265285009969,0.555376241518534,0.431804473576165,"Ptgds/Fes",2
"GO:0008037","cell recognition","5/417","302/28943",0.440251936871528,0.555376241518534,0.431804473576165,"Pla2g5/Colec11/C4b/C3/Cfb",5
"GO:0001909","leukocyte mediated cytotoxicity","3/417","169/28943",0.440520070580981,0.555376241518534,0.431804473576165,"Ceacam1/Gzmm/H2-T23",3
"GO:0001881","receptor recycling","1/417","40/28943",0.440600490630494,0.555376241518534,0.431804473576165,"Arap1",1
"GO:0006026","aminoglycan catabolic process","1/417","40/28943",0.440600490630494,0.555376241518534,0.431804473576165,"Stab2",1
"GO:0006730","one-carbon metabolic process","1/417","40/28943",0.440600490630494,0.555376241518534,0.431804473576165,"Car7",1
"GO:0010591","regulation of lamellipodium assembly","1/417","40/28943",0.440600490630494,0.555376241518534,0.431804473576165,"Plce1",1
"GO:0030212","hyaluronan metabolic process","1/417","40/28943",0.440600490630494,0.555376241518534,0.431804473576165,"Stab2",1
"GO:0030521","androgen receptor signaling pathway","1/417","40/28943",0.440600490630494,0.555376241518534,0.431804473576165,"Igf1",1
"GO:0032633","interleukin-4 production","1/417","40/28943",0.440600490630494,0.555376241518534,0.431804473576165,"Il20rb",1
"GO:0033144","negative regulation of intracellular steroid hormone receptor signaling pathway","1/417","40/28943",0.440600490630494,0.555376241518534,0.431804473576165,"Igf1",1
"GO:0043267","negative regulation of potassium ion transport","1/417","40/28943",0.440600490630494,0.555376241518534,0.431804473576165,"Kcnab1",1
"GO:0071425","hematopoietic stem cell proliferation","1/417","40/28943",0.440600490630494,0.555376241518534,0.431804473576165,"Wnt2b",1
"GO:0071604","transforming growth factor beta production","1/417","40/28943",0.440600490630494,0.555376241518534,0.431804473576165,"Lum",1
"GO:0098703","calcium ion import across plasma membrane","1/417","40/28943",0.440600490630494,0.555376241518534,0.431804473576165,"Trpv1",1
"GO:0120316","sperm flagellum assembly","1/417","40/28943",0.440600490630494,0.555376241518534,0.431804473576165,"Meig1",1
"GO:1901020","negative regulation of calcium ion transmembrane transporter activity","1/417","40/28943",0.440600490630494,0.555376241518534,0.431804473576165,"Atp1a2",1
"GO:1902686","mitochondrial outer membrane permeabilization involved in programmed cell death","1/417","40/28943",0.440600490630494,0.555376241518534,0.431804473576165,"Chchd10",1
"GO:1903670","regulation of sprouting angiogenesis","1/417","40/28943",0.440600490630494,0.555376241518534,0.431804473576165,"Ceacam1",1
"GO:2000403","positive regulation of lymphocyte migration","1/417","40/28943",0.440600490630494,0.555376241518534,0.431804473576165,"Cxcl13",1
"GO:0031330","negative regulation of cellular catabolic process","4/417","236/28943",0.442667861792208,0.557791722094482,0.43368250731358,"Tent5c/Apoc1/Nampt/Nrbp2",4
"GO:0030510","regulation of BMP signaling pathway","2/417","104/28943",0.443141204173278,0.55781702209606,0.433702178039561,"Htra3/Chrd",2
"GO:0046718","viral entry into host cell","2/417","104/28943",0.443141204173278,0.55781702209606,0.433702178039561,"Trim30d/Trim30b",2
"GO:0051153","regulation of striated muscle cell differentiation","2/417","104/28943",0.443141204173278,0.55781702209606,0.433702178039561,"Igf1/Edn1",2
"GO:0007517","muscle organ development","6/417","371/28943",0.445189314412547,0.560204140699088,0.435558160371333,"Col11a1/Eln/Tcf23/Fgfr2/S100b/Boc",6
"GO:0060485","mesenchyme development","5/417","304/28943",0.445863582924682,0.560861447413262,0.436069215685683,"Spry1/Fgfr2/Tbx2/Edn1/Chrd",5
"GO:0009267","cellular response to starvation","3/417","171/28943",0.44805801652079,0.560953034495792,0.436140424550957,"Ifi207/Wnt2b/Aoc1",3
"GO:0002335","mature B cell differentiation","1/417","41/28943",0.448671265131656,0.560953034495792,0.436140424550957,"Irf8",1
"GO:0002483","antigen processing and presentation of endogenous peptide antigen","1/417","41/28943",0.448671265131656,0.560953034495792,0.436140424550957,"H2-T23",1
"GO:0019885","antigen processing and presentation of endogenous peptide antigen via MHC class I","1/417","41/28943",0.448671265131656,0.560953034495792,0.436140424550957,"H2-T23",1
"GO:0032689","negative regulation of interferon-gamma production","1/417","41/28943",0.448671265131656,0.560953034495792,0.436140424550957,"Il20rb",1
"GO:0032733","positive regulation of interleukin-10 production","1/417","41/28943",0.448671265131656,0.560953034495792,0.436140424550957,"Il20rb",1
"GO:0034110","regulation of homotypic cell-cell adhesion","1/417","41/28943",0.448671265131656,0.560953034495792,0.436140424550957,"Ceacam1",1
"GO:0035850","epithelial cell differentiation involved in kidney development","1/417","41/28943",0.448671265131656,0.560953034495792,0.436140424550957,"Adipoq",1
"GO:0043551","regulation of phosphatidylinositol 3-kinase activity","1/417","41/28943",0.448671265131656,0.560953034495792,0.436140424550957,"Irs1",1
"GO:0051180","vitamin transport","1/417","41/28943",0.448671265131656,0.560953034495792,0.436140424550957,"Tcn2",1
"GO:0051567","histone H3-K9 methylation","1/417","41/28943",0.448671265131656,0.560953034495792,0.436140424550957,"Airn",1
"GO:0060325","face morphogenesis","1/417","41/28943",0.448671265131656,0.560953034495792,0.436140424550957,"Mmp2",1
"GO:0060603","mammary gland duct morphogenesis","1/417","41/28943",0.448671265131656,0.560953034495792,0.436140424550957,"Fgfr2",1
"GO:1901031","regulation of response to reactive oxygen species","1/417","41/28943",0.448671265131656,0.560953034495792,0.436140424550957,"Gch1",1
"GO:1904037","positive regulation of epithelial cell apoptotic process","1/417","41/28943",0.448671265131656,0.560953034495792,0.436140424550957,"Ppargc1a",1
"GO:2000249","regulation of actin cytoskeleton reorganization","1/417","41/28943",0.448671265131656,0.560953034495792,0.436140424550957,"Fes",1
"GO:2000279","negative regulation of DNA biosynthetic process","1/417","41/28943",0.448671265131656,0.560953034495792,0.436140424550957,"Adipoq",1
"GO:2000463","positive regulation of excitatory postsynaptic potential","1/417","41/28943",0.448671265131656,0.560953034495792,0.436140424550957,"Shank1",1
"GO:0051961","negative regulation of nervous system development","3/417","172/28943",0.451811722868053,0.564688179021277,0.439044495692257,"Lrp4/Lingo1/Rtn4r",3
"GO:0001704","formation of primary germ layer","2/417","106/28943",0.45282218345134,0.565376902706238,0.439579977670044,"Vtn/Chrd",2
"GO:0006754","ATP biosynthetic process","2/417","106/28943",0.45282218345134,0.565376902706238,0.439579977670044,"Ppargc1a/Prkn",2
"GO:0072091","regulation of stem cell proliferation","2/417","106/28943",0.45282218345134,0.565376902706238,0.439579977670044,"Fgfr2/Osr2",2
"GO:0050678","regulation of epithelial cell proliferation","7/417","442/28943",0.453476600819161,0.566002572760088,0.440066435512562,"Ceacam1/Fgfr2/Igf1/Ang3/Vash1/Osr2/Lims2",7
"GO:0048872","homeostasis of number of cells","6/417","375/28943",0.455306397532534,0.566295842747947,0.440294452635471,"Spta1/Slc40a1/Mertk/Tsc22d3/Il20rb/Hcls1",6
"GO:0001539","cilium or flagellum-dependent cell motility","3/417","173/28943",0.455554941090848,0.566295842747947,0.440294452635471,"Meig1/Ccdc40/Slc26a8",3
"GO:0006941","striated muscle contraction","3/417","173/28943",0.455554941090848,0.566295842747947,0.440294452635471,"Atp1a2/Fxyd1/Cacna1g",3
"GO:0060285","cilium-dependent cell motility","3/417","173/28943",0.455554941090848,0.566295842747947,0.440294452635471,"Meig1/Ccdc40/Slc26a8",3
"GO:0044270","cellular nitrogen compound catabolic process","7/417","443/28943",0.45579961136962,0.566295842747947,0.440294452635471,"Rnasel/Entpd2/Tdo2/Tent5c/Oas2/Dcp1b/Entpd3",7
"GO:0001706","endoderm formation","1/417","42/28943",0.456625873201689,0.566295842747947,0.440294452635471,"Vtn",1
"GO:0003352","regulation of cilium movement","1/417","42/28943",0.456625873201689,0.566295842747947,0.440294452635471,"Ccdc40",1
"GO:0007143","female meiotic nuclear division","1/417","42/28943",0.456625873201689,0.566295842747947,0.440294452635471,"Sycp2",1
"GO:0014037","Schwann cell differentiation","1/417","42/28943",0.456625873201689,0.566295842747947,0.440294452635471,"Sh3tc2",1
"GO:0018149","peptide cross-linking","1/417","42/28943",0.456625873201689,0.566295842747947,0.440294452635471,"Spock2",1
"GO:0033006","regulation of mast cell activation involved in immune response","1/417","42/28943",0.456625873201689,0.566295842747947,0.440294452635471,"Fes",1
"GO:0038084","vascular endothelial growth factor signaling pathway","1/417","42/28943",0.456625873201689,0.566295842747947,0.440294452635471,"Smoc2",1
"GO:0048730","epidermis morphogenesis","1/417","42/28943",0.456625873201689,0.566295842747947,0.440294452635471,"Fgfr2",1
"GO:0060338","regulation of type I interferon-mediated signaling pathway","1/417","42/28943",0.456625873201689,0.566295842747947,0.440294452635471,"Oas1g",1
"GO:0072595","maintenance of protein localization in organelle","1/417","42/28943",0.456625873201689,0.566295842747947,0.440294452635471,"Chchd10",1
"GO:0086002","cardiac muscle cell action potential involved in contraction","1/417","42/28943",0.456625873201689,0.566295842747947,0.440294452635471,"Cacna1g",1
"GO:0097484","dendrite extension","1/417","42/28943",0.456625873201689,0.566295842747947,0.440294452635471,"Prkn",1
"GO:0099174","regulation of presynapse organization","1/417","42/28943",0.456625873201689,0.566295842747947,0.440294452635471,"Ntng2",1
"GO:1901381","positive regulation of potassium ion transmembrane transport","1/417","42/28943",0.456625873201689,0.566295842747947,0.440294452635471,"Wnk4",1
"GO:0022900","electron transport chain","2/417","107/28943",0.457626586901775,0.566965556658172,0.44081515453237,"Ppargc1a/Gpd1",2
"GO:1904427","positive regulation of calcium ion transmembrane transport","2/417","107/28943",0.457626586901775,0.566965556658172,0.44081515453237,"Adcyap1r1/Stim1",2
"GO:1905818","regulation of chromosome separation","2/417","107/28943",0.457626586901775,0.566965556658172,0.44081515453237,"Hecw2/Mapk15",2
"GO:0001936","regulation of endothelial cell proliferation","3/417","174/28943",0.459287444774046,0.568832353608111,0.442266587298089,"Igf1/Ang3/Vash1",3
"GO:0030099","myeloid cell differentiation","7/417","445/28943",0.460439613148925,0.570068092470098,0.443227373030152,"Ifi207/Clec2g/Ceacam1/Fes/Irf8/Adipoq/Hcls1",7
"GO:0044409","entry into host","2/417","108/28943",0.462406518924552,0.571412332198811,0.444272518077823,"Trim30d/Trim30b",2
"GO:0090263","positive regulation of canonical Wnt signaling pathway","2/417","108/28943",0.462406518924552,0.571412332198811,0.444272518077823,"Dkk2/Fgfr2",2
"GO:0051896","regulation of protein kinase B signaling","3/417","175/28943",0.463009012542214,0.571412332198811,0.444272518077823,"Igf1/Mmp3/Hcls1",3
"GO:0003351","epithelial cilium movement involved in extracellular fluid movement","1/417","43/28943",0.464465982916748,0.571412332198811,0.444272518077823,"Ccdc40",1
"GO:0006778","porphyrin-containing compound metabolic process","1/417","43/28943",0.464465982916748,0.571412332198811,0.444272518077823,"Spta1",1
"GO:0032228","regulation of synaptic transmission, GABAergic","1/417","43/28943",0.464465982916748,0.571412332198811,0.444272518077823,"Car7",1
"GO:0032735","positive regulation of interleukin-12 production","1/417","43/28943",0.464465982916748,0.571412332198811,0.444272518077823,"Irf8",1
"GO:0035794","positive regulation of mitochondrial membrane permeability","1/417","43/28943",0.464465982916748,0.571412332198811,0.444272518077823,"Chchd10",1
"GO:0045066","regulatory T cell differentiation","1/417","43/28943",0.464465982916748,0.571412332198811,0.444272518077823,"Ctla2a",1
"GO:0045191","regulation of isotype switching","1/417","43/28943",0.464465982916748,0.571412332198811,0.444272518077823,"Il27ra",1
"GO:0045601","regulation of endothelial cell differentiation","1/417","43/28943",0.464465982916748,0.571412332198811,0.444272518077823,"Ceacam1",1
"GO:0046627","negative regulation of insulin receptor signaling pathway","1/417","43/28943",0.464465982916748,0.571412332198811,0.444272518077823,"Irs1",1
"GO:0048873","homeostasis of number of cells within a tissue","1/417","43/28943",0.464465982916748,0.571412332198811,0.444272518077823,"Il20rb",1
"GO:0070050","neuron cellular homeostasis","1/417","43/28943",0.464465982916748,0.571412332198811,0.444272518077823,"Car7",1
"GO:0086065","cell communication involved in cardiac conduction","1/417","43/28943",0.464465982916748,0.571412332198811,0.444272518077823,"Cacna1g",1
"GO:0090224","regulation of spindle organization","1/417","43/28943",0.464465982916748,0.571412332198811,0.444272518077823,"Mapk15",1
"GO:1900026","positive regulation of substrate adhesion-dependent cell spreading","1/417","43/28943",0.464465982916748,0.571412332198811,0.444272518077823,"Lims2",1
"GO:1902624","positive regulation of neutrophil migration","1/417","43/28943",0.464465982916748,0.571412332198811,0.444272518077823,"Edn1",1
"GO:2000516","positive regulation of CD4-positive, alpha-beta T cell activation","1/417","43/28943",0.464465982916748,0.571412332198811,0.444272518077823,"Cd55",1
"GO:0140694","non-membrane-bounded organelle assembly","6/417","379/28943",0.465380356374514,0.572346527559862,0.444998854038816,"Lmod1/Misp/Myom2/Edn1/Mapk15/Kifc2",6
"GO:0016571","histone methylation","3/417","176/28943",0.466719428014137,0.573581957479087,0.445959399568191,"H1f2/H1f3/Airn",3
"GO:0030509","BMP signaling pathway","3/417","176/28943",0.466719428014137,0.573581957479087,0.445959399568191,"Htra3/Comp/Chrd",3
"GO:0000041","transition metal ion transport","2/417","109/28943",0.467161686386678,0.573581957479087,0.445959399568191,"Slc40a1/Tcn2",2
"GO:0030516","regulation of axon extension","2/417","109/28943",0.467161686386678,0.573581957479087,0.445959399568191,"Cdh4/Rtn4r",2
"GO:0070227","lymphocyte apoptotic process","2/417","109/28943",0.467161686386678,0.573581957479087,0.445959399568191,"Tsc22d3/Pip",2
"GO:0002064","epithelial cell development","4/417","245/28943",0.471098310183541,0.577264051782972,0.448822224215135,"Slc4a5/Fgfr2/Agt/Adipoq",4
"GO:0048762","mesenchymal cell differentiation","4/417","245/28943",0.471098310183541,0.577264051782972,0.448822224215135,"Spry1/Fgfr2/Edn1/Chrd",4
"GO:0019883","antigen processing and presentation of endogenous antigen","1/417","44/28943",0.47219323845736,0.577264051782972,0.448822224215135,"H2-T23",1
"GO:0042220","response to cocaine","1/417","44/28943",0.47219323845736,0.577264051782972,0.448822224215135,"Ppp1r1b",1
"GO:0044275","cellular carbohydrate catabolic process","1/417","44/28943",0.47219323845736,0.577264051782972,0.448822224215135,"Phkg1",1
"GO:0045747","positive regulation of Notch signaling pathway","1/417","44/28943",0.47219323845736,0.577264051782972,0.448822224215135,"Jag2",1
"GO:0046839","phospholipid dephosphorylation","1/417","44/28943",0.47219323845736,0.577264051782972,0.448822224215135,"Plppr3",1
"GO:0048147","negative regulation of fibroblast proliferation","1/417","44/28943",0.47219323845736,0.577264051782972,0.448822224215135,"Agtr2",1
"GO:0050892","intestinal absorption","1/417","44/28943",0.47219323845736,0.577264051782972,0.448822224215135,"Npc1l1",1
"GO:0051673","membrane disruption in another organism","1/417","44/28943",0.47219323845736,0.577264051782972,0.448822224215135,"Mpeg1",1
"GO:0097028","dendritic cell differentiation","1/417","44/28943",0.47219323845736,0.577264051782972,0.448822224215135,"Irf8",1
"GO:0099084","postsynaptic specialization organization","1/417","44/28943",0.47219323845736,0.577264051782972,0.448822224215135,"Ntng2",1
"GO:1902108","regulation of mitochondrial membrane permeability involved in apoptotic process","1/417","44/28943",0.47219323845736,0.577264051782972,0.448822224215135,"Chchd10",1
"GO:0030902","hindbrain development","3/417","178/28943",0.474105961239329,0.579172829949287,0.450306297334694,"Agtr2/Trnp1/Igf1",3
"GO:0043487","regulation of RNA stability","3/417","178/28943",0.474105961239329,0.579172829949287,0.450306297334694,"Rnasel/Tent5c/Dcp1b",3
"GO:0036293","response to decreased oxygen levels","4/417","246/28943",0.47422520718762,0.579172829949287,0.450306297334694,"Cat/Mmp2/Ang3/Edn1",4
"GO:0008344","adult locomotory behavior","2/417","111/28943",0.476596622143864,0.581107902561144,0.451810814359423,"Atp1a2/Prkn",2
"GO:0021549","cerebellum development","2/417","111/28943",0.476596622143864,0.581107902561144,0.451810814359423,"Agtr2/Trnp1",2
"GO:0030518","intracellular steroid hormone receptor signaling pathway","2/417","111/28943",0.476596622143864,0.581107902561144,0.451810814359423,"Igf1/Peg13",2
"GO:0106027","neuron projection organization","2/417","111/28943",0.476596622143864,0.581107902561144,0.451810814359423,"Itpka/Shank1",2
"GO:0110020","regulation of actomyosin structure organization","2/417","111/28943",0.476596622143864,0.581107902561144,0.451810814359423,"Arap1/Edn1",2
"GO:0000184","nuclear-transcribed mRNA catabolic process, nonsense-mediated decay","1/417","45/28943",0.479809260449931,0.583099338242641,0.453359153614553,"Dcp1b",1
"GO:0008631","intrinsic apoptotic signaling pathway in response to oxidative stress","1/417","45/28943",0.479809260449931,0.583099338242641,0.453359153614553,"Prkn",1
"GO:0017145","stem cell division","1/417","45/28943",0.479809260449931,0.583099338242641,0.453359153614553,"Fgfr2",1
"GO:0031952","regulation of protein autophosphorylation","1/417","45/28943",0.479809260449931,0.583099338242641,0.453359153614553,"Adipoq",1
"GO:0032660","regulation of interleukin-17 production","1/417","45/28943",0.479809260449931,0.583099338242641,0.453359153614553,"Il27ra",1
"GO:0034331","cell junction maintenance","1/417","45/28943",0.479809260449931,0.583099338242641,0.453359153614553,"Chchd10",1
"GO:0051898","negative regulation of protein kinase B signaling","1/417","45/28943",0.479809260449931,0.583099338242641,0.453359153614553,"Mmp3",1
"GO:0061098","positive regulation of protein tyrosine kinase activity","1/417","45/28943",0.479809260449931,0.583099338242641,0.453359153614553,"Agt",1
"GO:0062208","positive regulation of pattern recognition receptor signaling pathway","1/417","45/28943",0.479809260449931,0.583099338242641,0.453359153614553,"Nr1h3",1
"GO:1902742","apoptotic process involved in development","1/417","45/28943",0.479809260449931,0.583099338242641,0.453359153614553,"Jag2",1
"GO:0060828","regulation of canonical Wnt signaling pathway","4/417","249/28943",0.483563613127165,0.58746852901135,0.456756195077251,"Lrp4/Dkk2/Fgfr2/Prkn",4
"GO:0050770","regulation of axonogenesis","3/417","181/28943",0.485096991356106,0.589137530291691,0.458053841907237,"Cdh4/Lrp4/Rtn4r",3
"GO:0045639","positive regulation of myeloid cell differentiation","2/417","113/28943",0.48592931278239,0.589311944366853,0.458189448676629,"Fes/Hcls1",2
"GO:0002691","regulation of cellular extravasation","1/417","46/28943",0.487315646303359,0.589311944366853,0.458189448676629,"Il27ra",1
"GO:0006858","extracellular transport","1/417","46/28943",0.487315646303359,0.589311944366853,0.458189448676629,"Ccdc40",1
"GO:0021696","cerebellar cortex morphogenesis","1/417","46/28943",0.487315646303359,0.589311944366853,0.458189448676629,"Trnp1",1
"GO:0021955","central nervous system neuron axonogenesis","1/417","46/28943",0.487315646303359,0.589311944366853,0.458189448676629,"Ephb6",1
"GO:0030501","positive regulation of bone mineralization","1/417","46/28943",0.487315646303359,0.589311944366853,0.458189448676629,"Osr2",1
"GO:0030517","negative regulation of axon extension","1/417","46/28943",0.487315646303359,0.589311944366853,0.458189448676629,"Rtn4r",1
"GO:0033028","myeloid cell apoptotic process","1/417","46/28943",0.487315646303359,0.589311944366853,0.458189448676629,"Adipoq",1
"GO:0035136","forelimb morphogenesis","1/417","46/28943",0.487315646303359,0.589311944366853,0.458189448676629,"Osr2",1
"GO:0048489","synaptic vesicle transport","1/417","46/28943",0.487315646303359,0.589311944366853,0.458189448676629,"Fgfr2",1
"GO:0048536","spleen development","1/417","46/28943",0.487315646303359,0.589311944366853,0.458189448676629,"Slc40a1",1
"GO:0060122","inner ear receptor cell stereocilium organization","1/417","46/28943",0.487315646303359,0.589311944366853,0.458189448676629,"Myo7a",1
"GO:2000273","positive regulation of signaling receptor activity","1/417","46/28943",0.487315646303359,0.589311944366853,0.458189448676629,"Edn1",1
"GO:0002221","pattern recognition receptor signaling pathway","3/417","182/28943",0.488736222877049,0.590836324447304,0.459374652668015,"Nr1h3/Tlr8/Oas1g",3
"GO:0072503","cellular divalent inorganic cation homeostasis","5/417","320/28943",0.49017709756181,0.592384237053422,0.460578153174625,"Fxyd1/Stim1/S100b/Stc2/Edn1",5
"GO:0043266","regulation of potassium ion transport","2/417","114/28943",0.490556720790761,0.592649022630722,0.46078402369675,"Kcnab1/Wnk4",2
"GO:0061013","regulation of mRNA catabolic process","3/417","183/28943",0.492362923358451,0.594636543356036,0.462329319077353,"Rnasel/Tent5c/Dcp1b",3
"GO:0006470","protein dephosphorylation","4/417","252/28943",0.492835687747234,0.59470947444035,0.46238602292263,"Dusp15/Agtr2/Ppp1r1b/Ppp1r2",4
"GO:1903320","regulation of protein modification by small protein conjugation or removal","4/417","252/28943",0.492835687747234,0.59470947444035,0.46238602292263,"Gbp4/Fam107a/Mapk15/Prkn",4
"GO:0051222","positive regulation of protein transport","5/417","321/28943",0.492906552488481,0.59470947444035,0.46238602292263,"Igf1/Ang3/Sybu/Hcls1/Prkn",5
"GO:0007215","glutamate receptor signaling pathway","1/417","47/28943",0.494713970540875,0.594752191220095,0.462419235176255,"Grin3b",1
"GO:0010559","regulation of glycoprotein biosynthetic process","1/417","47/28943",0.494713970540875,0.594752191220095,0.462419235176255,"Igf1",1
"GO:0017158","regulation of calcium ion-dependent exocytosis","1/417","47/28943",0.494713970540875,0.594752191220095,0.462419235176255,"Cacna1g",1
"GO:0042789","mRNA transcription by RNA polymerase II","1/417","47/28943",0.494713970540875,0.594752191220095,0.462419235176255,"Nr1h3",1
"GO:0043403","skeletal muscle tissue regeneration","1/417","47/28943",0.494713970540875,0.594752191220095,0.462419235176255,"Igf1",1
"GO:0046164","alcohol catabolic process","1/417","47/28943",0.494713970540875,0.594752191220095,0.462419235176255,"Adh1",1
"GO:0050685","positive regulation of mRNA processing","1/417","47/28943",0.494713970540875,0.594752191220095,0.462419235176255,"Prdx6",1
"GO:0060135","maternal process involved in female pregnancy","1/417","47/28943",0.494713970540875,0.594752191220095,0.462419235176255,"Tcf23",1
"GO:0060323","head morphogenesis","1/417","47/28943",0.494713970540875,0.594752191220095,0.462419235176255,"Mmp2",1
"GO:0072538","T-helper 17 type immune response","1/417","47/28943",0.494713970540875,0.594752191220095,0.462419235176255,"Il27ra",1
"GO:1900087","positive regulation of G1/S transition of mitotic cell cycle","1/417","47/28943",0.494713970540875,0.594752191220095,0.462419235176255,"Adamts1",1
"GO:0007286","spermatid development","4/417","253/28943",0.495911015005312,0.595997222460811,0.463387245723508,"Ica1l/Meig1/Tcp11x2/Slc26a8",4
"GO:0017157","regulation of exocytosis","4/417","254/28943",0.498978444814415,0.598641360511937,0.465443060419699,"Fes/Adcy1/Cacna1g/Prkn",4
"GO:0002705","positive regulation of leukocyte mediated immunity","3/417","185/28943",0.499578023306836,0.598641360511937,0.465443060419699,"Cd55/C3/H2-T23",3
"GO:0007051","spindle organization","3/417","185/28943",0.499578023306836,0.598641360511937,0.465443060419699,"Misp/Mapk15/Kifc2",3
"GO:0035148","tube formation","3/417","185/28943",0.499578023306836,0.598641360511937,0.465443060419699,"Adm/Fgfr2/Edar",3
"GO:0071897","DNA biosynthetic process","3/417","185/28943",0.499578023306836,0.598641360511937,0.465443060419699,"Mapk15/Adipoq/Smoc2",3
"GO:0097553","calcium ion transmembrane import into cytosol","3/417","185/28943",0.499578023306836,0.598641360511937,0.465443060419699,"Adcyap1r1/Trpv1/Cacna1g",3
"GO:1901605","alpha-amino acid metabolic process","3/417","185/28943",0.499578023306836,0.598641360511937,0.465443060419699,"Tdo2/Pipox/Aspg",3
"GO:0006986","response to unfolded protein","2/417","116/28943",0.499732576678708,0.598641360511937,0.465443060419699,"Comp/Stc2",2
"GO:0030038","contractile actin filament bundle assembly","2/417","116/28943",0.499732576678708,0.598641360511937,0.465443060419699,"Eln/Arap1",2
"GO:0043149","stress fiber assembly","2/417","116/28943",0.499732576678708,0.598641360511937,0.465443060419699,"Eln/Arap1",2
"GO:0009895","negative regulation of catabolic process","5/417","324/28943",0.501062465373529,0.59926406311554,0.465927211072612,"Tent5c/Ppargc1a/Apoc1/Nampt/Nrbp2",5
"GO:0001580","detection of chemical stimulus involved in sensory perception of bitter taste","1/417","48/28943",0.502005785127131,0.59926406311554,0.465927211072612,"Pip",1
"GO:0014003","oligodendrocyte development","1/417","48/28943",0.502005785127131,0.59926406311554,0.465927211072612,"Tenm4",1
"GO:0032620","interleukin-17 production","1/417","48/28943",0.502005785127131,0.59926406311554,0.465927211072612,"Il27ra",1
"GO:0035137","hindlimb morphogenesis","1/417","48/28943",0.502005785127131,0.59926406311554,0.465927211072612,"Osr2",1
"GO:0043124","negative regulation of I-kappaB kinase/NF-kappaB signaling","1/417","48/28943",0.502005785127131,0.59926406311554,0.465927211072612,"Adipoq",1
"GO:0043949","regulation of cAMP-mediated signaling","1/417","48/28943",0.502005785127131,0.59926406311554,0.465927211072612,"Adcyap1r1",1
"GO:0048010","vascular endothelial growth factor receptor signaling pathway","1/417","48/28943",0.502005785127131,0.59926406311554,0.465927211072612,"Tmem204",1
"GO:0051972","regulation of telomerase activity","1/417","48/28943",0.502005785127131,0.59926406311554,0.465927211072612,"Mapk15",1
"GO:0072348","sulfur compound transport","1/417","48/28943",0.502005785127131,0.59926406311554,0.465927211072612,"Slc26a8",1
"GO:0000209","protein polyubiquitination","4/417","255/28943",0.502037851358712,0.59926406311554,0.465927211072612,"Hecw2/Trim30d/Trim30b/Prkn",4
"GO:0007269","neurotransmitter secretion","3/417","186/28943",0.503166080194568,0.600222671430806,0.466672528081145,"Syn2/Adcy1/Prkn",3
"GO:0099643","signal release from synapse","3/417","186/28943",0.503166080194568,0.600222671430806,0.466672528081145,"Syn2/Adcy1/Prkn",3
"GO:0009206","purine ribonucleoside triphosphate biosynthetic process","2/417","117/28943",0.50428062503308,0.600969679671443,0.467253326242808,"Ppargc1a/Prkn",2
"GO:0035249","synaptic transmission, glutamatergic","2/417","117/28943",0.50428062503308,0.600969679671443,0.467253326242808,"Peg13/Prkn",2
"GO:0060078","regulation of postsynaptic membrane potential","2/417","117/28943",0.50428062503308,0.600969679671443,0.467253326242808,"Shank1/Prkn",2
"GO:0048592","eye morphogenesis","3/417","187/28943",0.506740920786241,0.603122978576016,0.468927513992358,"Grk1/Tbx2/Aldh1a1",3
"GO:0071772","response to BMP","3/417","187/28943",0.506740920786241,0.603122978576016,0.468927513992358,"Htra3/Comp/Chrd",3
"GO:0071773","cellular response to BMP stimulus","3/417","187/28943",0.506740920786241,0.603122978576016,0.468927513992358,"Htra3/Comp/Chrd",3
"GO:1903305","regulation of regulated secretory pathway","3/417","187/28943",0.506740920786241,0.603122978576016,0.468927513992358,"Fes/Adcy1/Cacna1g",3
"GO:0044843","cell cycle G1/S phase transition","4/417","257/28943",0.50813210253649,0.60312452751589,0.468928718291564,"Susd2/Fam107a/Tbx2/Adamts1",4
"GO:0009145","purine nucleoside triphosphate biosynthetic process","2/417","118/28943",0.508801839241679,0.60312452751589,0.468928718291564,"Ppargc1a/Prkn",2
"GO:0035282","segmentation","2/417","118/28943",0.508801839241679,0.60312452751589,0.468928718291564,"Ripply1/Chrd",2
"GO:0043401","steroid hormone mediated signaling pathway","2/417","118/28943",0.508801839241679,0.60312452751589,0.468928718291564,"Igf1/Peg13",2
"GO:0051897","positive regulation of protein kinase B signaling","2/417","118/28943",0.508801839241679,0.60312452751589,0.468928718291564,"Igf1/Hcls1",2
"GO:0000959","mitochondrial RNA metabolic process","1/417","49/28943",0.509192619790636,0.60312452751589,0.468928718291564,"Chchd10",1
"GO:0010543","regulation of platelet activation","1/417","49/28943",0.509192619790636,0.60312452751589,0.468928718291564,"Ceacam1",1
"GO:0010837","regulation of keratinocyte proliferation","1/417","49/28943",0.509192619790636,0.60312452751589,0.468928718291564,"Fgfr2",1
"GO:0030901","midbrain development","1/417","49/28943",0.509192619790636,0.60312452751589,0.468928718291564,"Fgfr2",1
"GO:0032210","regulation of telomere maintenance via telomerase","1/417","49/28943",0.509192619790636,0.60312452751589,0.468928718291564,"Mapk15",1
"GO:0033628","regulation of cell adhesion mediated by integrin","1/417","49/28943",0.509192619790636,0.60312452751589,0.468928718291564,"Cxcl13",1
"GO:0035307","positive regulation of protein dephosphorylation","1/417","49/28943",0.509192619790636,0.60312452751589,0.468928718291564,"Agtr2",1
"GO:0047496","vesicle transport along microtubule","1/417","49/28943",0.509192619790636,0.60312452751589,0.468928718291564,"Sybu",1
"GO:0071526","semaphorin-plexin signaling pathway","1/417","49/28943",0.509192619790636,0.60312452751589,0.468928718291564,"Edn1",1
"GO:1905521","regulation of macrophage migration","1/417","49/28943",0.509192619790636,0.60312452751589,0.468928718291564,"Rarres2",1
"GO:0002366","leukocyte activation involved in immune response","5/417","328/28943",0.511857740322354,0.606086843255334,0.471231915822916,"Ptgds/Itgal/Fes/Irf8/Il27ra",5
"GO:0045445","myoblast differentiation","2/417","119/28943",0.513296047020308,0.607595064315158,0.47240455619189,"Igf1/Boc",2
"GO:0003197","endocardial cushion development","1/417","50/28943",0.516275982341592,0.608974736998453,0.47347725032639,"Tbx2",1
"GO:0003254","regulation of membrane depolarization","1/417","50/28943",0.516275982341592,0.608974736998453,0.47347725032639,"Cacna1g",1
"GO:0034332","adherens junction organization","1/417","50/28943",0.516275982341592,0.608974736998453,0.47347725032639,"Ramp2",1
"GO:0035305","negative regulation of dephosphorylation","1/417","50/28943",0.516275982341592,0.608974736998453,0.47347725032639,"Ppp1r1b",1
"GO:0042088","T-helper 1 type immune response","1/417","50/28943",0.516275982341592,0.608974736998453,0.47347725032639,"Il27ra",1
"GO:0043618","regulation of transcription from RNA polymerase II promoter in response to stress","1/417","50/28943",0.516275982341592,0.608974736998453,0.47347725032639,"Ces1d",1
"GO:0045663","positive regulation of myoblast differentiation","1/417","50/28943",0.516275982341592,0.608974736998453,0.47347725032639,"Boc",1
"GO:0090102","cochlea development","1/417","50/28943",0.516275982341592,0.608974736998453,0.47347725032639,"Tbx2",1
"GO:1901021","positive regulation of calcium ion transmembrane transporter activity","1/417","50/28943",0.516275982341592,0.608974736998453,0.47347725032639,"Stim1",1
"GO:1902743","regulation of lamellipodium organization","1/417","50/28943",0.516275982341592,0.608974736998453,0.47347725032639,"Plce1",1
"GO:1903018","regulation of glycoprotein metabolic process","1/417","50/28943",0.516275982341592,0.608974736998453,0.47347725032639,"Igf1",1
"GO:0002275","myeloid cell activation involved in immune response","2/417","120/28943",0.517763086582792,0.610144052238643,0.47438639175879,"Ptgds/Fes",2
"GO:0006888","endoplasmic reticulum to Golgi vesicle-mediated transport","2/417","120/28943",0.517763086582792,0.610144052238643,0.47438639175879,"Mapk15/Nrbp2",2
"GO:0045446","endothelial cell differentiation","2/417","120/28943",0.517763086582792,0.610144052238643,0.47438639175879,"Ceacam1/Agt",2
"GO:0001935","endothelial cell proliferation","3/417","191/28943",0.520904982613721,0.613063817599572,0.476656506413307,"Igf1/Ang3/Vash1",3
"GO:0017148","negative regulation of translation","3/417","191/28943",0.520904982613721,0.613063817599572,0.476656506413307,"Dcp1b/Ang3/Dapk1",3
"GO:0042594","response to starvation","3/417","191/28943",0.520904982613721,0.613063817599572,0.476656506413307,"Ifi207/Wnt2b/Aoc1",3
"GO:0050796","regulation of insulin secretion","3/417","191/28943",0.520904982613721,0.613063817599572,0.476656506413307,"Irs1/Sybu/Prkn",3
"GO:0010769","regulation of cell morphogenesis involved in differentiation","2/417","121/28943",0.522202806375583,0.614395398705752,0.47769180939459,"Itpka/Lims2",2
"GO:0002263","cell activation involved in immune response","5/417","332/28943",0.522557054907141,0.614461249800678,0.477743008555183,"Ptgds/Itgal/Fes/Irf8/Il27ra",5
"GO:0001916","positive regulation of T cell mediated cytotoxicity","1/417","51/28943",0.523257358985193,0.614461249800678,0.477743008555183,"H2-T23",1
"GO:0008089","anterograde axonal transport","1/417","51/28943",0.523257358985193,0.614461249800678,0.477743008555183,"Sybu",1
"GO:0021879","forebrain neuron differentiation","1/417","51/28943",0.523257358985193,0.614461249800678,0.477743008555183,"Fgfr2",1
"GO:0030520","intracellular estrogen receptor signaling pathway","1/417","51/28943",0.523257358985193,0.614461249800678,0.477743008555183,"Peg13",1
"GO:0046640","regulation of alpha-beta T cell proliferation","1/417","51/28943",0.523257358985193,0.614461249800678,0.477743008555183,"Cd55",1
"GO:0048515","spermatid differentiation","4/417","263/28943",0.52620989958345,0.617731939352019,0.480285966417561,"Ica1l/Meig1/Tcp11x2/Slc26a8",4
"GO:0009201","ribonucleoside triphosphate biosynthetic process","2/417","122/28943",0.526615064817806,0.617814686783393,0.480350302462882,"Ppargc1a/Prkn",2
"GO:0046928","regulation of neurotransmitter secretion","2/417","122/28943",0.526615064817806,0.617814686783393,0.480350302462882,"Adcy1/Prkn",2
"GO:0050821","protein stabilization","3/417","193/28943",0.527903757324715,0.619129819581591,0.481372816901123,"Igf1/Gpihbp1/Prkn",3
"GO:0034655","nucleobase-containing compound catabolic process","6/417","405/28943",0.52944135507518,0.619977918408512,0.482032212892745,"Rnasel/Entpd2/Tent5c/Oas2/Dcp1b/Entpd3",6
"GO:0021988","olfactory lobe development","1/417","52/28943",0.530138214630464,0.619977918408512,0.482032212892745,"Atp1a2",1
"GO:0042073","intraciliary transport","1/417","52/28943",0.530138214630464,0.619977918408512,0.482032212892745,"Kif17",1
"GO:0042307","positive regulation of protein import into nucleus","1/417","52/28943",0.530138214630464,0.619977918408512,0.482032212892745,"Hcls1",1
"GO:0043268","positive regulation of potassium ion transport","1/417","52/28943",0.530138214630464,0.619977918408512,0.482032212892745,"Wnk4",1
"GO:0045773","positive regulation of axon extension","1/417","52/28943",0.530138214630464,0.619977918408512,0.482032212892745,"Cdh4",1
"GO:0050913","sensory perception of bitter taste","1/417","52/28943",0.530138214630464,0.619977918408512,0.482032212892745,"Pip",1
"GO:0061005","cell differentiation involved in kidney development","1/417","52/28943",0.530138214630464,0.619977918408512,0.482032212892745,"Adipoq",1
"GO:2001258","negative regulation of cation channel activity","1/417","52/28943",0.530138214630464,0.619977918408512,0.482032212892745,"Kcnab1",1
"GO:0001676","long-chain fatty acid metabolic process","2/417","123/28943",0.530999730046642,0.620395887130444,0.482357183156959,"Cyp2f2/Acsl6",2
"GO:0007052","mitotic spindle organization","2/417","123/28943",0.530999730046642,0.620395887130444,0.482357183156959,"Misp/Kifc2",2
"GO:0030316","osteoclast differentiation","2/417","123/28943",0.530999730046642,0.620395887130444,0.482357183156959,"Clec2g/Ceacam1",2
"GO:0051321","meiotic cell cycle","5/417","336/28943",0.533154868436583,0.622716790340988,0.484161683087151,"Meig1/Sycp2/Edn1/Mapk15/Slc26a8",5
"GO:0030900","forebrain development","6/417","407/28943",0.534244463894971,0.62379208118287,0.484997720643692,"Atp1a2/Wnt2b/Fgfr2/Kirrel3/Rtn4r/Chrd",6
"GO:0061387","regulation of extent of cell growth","2/417","124/28943",0.535356679667945,0.62395612680982,0.485125265954947,"Cdh4/Rtn4r",2
"GO:1904951","positive regulation of establishment of protein localization","5/417","337/28943",0.535787843865155,0.62395612680982,0.485125265954947,"Igf1/Ang3/Sybu/Hcls1/Prkn",5
"GO:0002042","cell migration involved in sprouting angiogenesis","1/417","53/28943",0.536919993194691,0.62395612680982,0.485125265954947,"Tbxa2r",1
"GO:0006024","glycosaminoglycan biosynthetic process","1/417","53/28943",0.536919993194691,0.62395612680982,0.485125265954947,"Hs3st3b1",1
"GO:0007520","myoblast fusion","1/417","53/28943",0.536919993194691,0.62395612680982,0.485125265954947,"Adamts15",1
"GO:0009299","mRNA transcription","1/417","53/28943",0.536919993194691,0.62395612680982,0.485125265954947,"Nr1h3",1
"GO:0033013","tetrapyrrole metabolic process","1/417","53/28943",0.536919993194691,0.62395612680982,0.485125265954947,"Spta1",1
"GO:0033120","positive regulation of RNA splicing","1/417","53/28943",0.536919993194691,0.62395612680982,0.485125265954947,"Prdx6",1
"GO:0034605","cellular response to heat","1/417","53/28943",0.536919993194691,0.62395612680982,0.485125265954947,"Trpv1",1
"GO:0043392","negative regulation of DNA binding","1/417","53/28943",0.536919993194691,0.62395612680982,0.485125265954947,"Ifi207",1
"GO:0043550","regulation of lipid kinase activity","1/417","53/28943",0.536919993194691,0.62395612680982,0.485125265954947,"Irs1",1
"GO:0045124","regulation of bone resorption","1/417","53/28943",0.536919993194691,0.62395612680982,0.485125265954947,"Ceacam1",1
"GO:0060412","ventricular septum morphogenesis","1/417","53/28943",0.536919993194691,0.62395612680982,0.485125265954947,"Fgfr2",1
"GO:1903202","negative regulation of oxidative stress-induced cell death","1/417","53/28943",0.536919993194691,0.62395612680982,0.485125265954947,"Prkn",1
"GO:2000677","regulation of transcription regulatory region DNA binding","1/417","53/28943",0.536919993194691,0.62395612680982,0.485125265954947,"Igf1",1
"GO:0001910","regulation of leukocyte mediated cytotoxicity","2/417","125/28943",0.539685800512,0.626381633288369,0.487011094821629,"Ceacam1/H2-T23",2
"GO:0022037","metencephalon development","2/417","125/28943",0.539685800512,0.626381633288369,0.487011094821629,"Agtr2/Trnp1",2
"GO:0035710","CD4-positive, alpha-beta T cell activation","2/417","125/28943",0.539685800512,0.626381633288369,0.487011094821629,"Cd55/Cdh26",2
"GO:2000177","regulation of neural precursor cell proliferation","2/417","125/28943",0.539685800512,0.626381633288369,0.487011094821629,"Igf1/Lims2",2
"GO:0032886","regulation of microtubule-based process","4/417","268/28943",0.541026785234206,0.627740694872624,0.488067763847193,"Fes/Fam107a/Ccdc40/Mapk15",4
"GO:0007033","vacuole organization","3/417","197/28943",0.541729323241049,0.628358360479407,0.488547998240104,"Rufy4/Pla2g5/Myo7a",3
"GO:0002714","positive regulation of B cell mediated immunity","1/417","54/28943",0.543604117903511,0.628803995351235,0.488894478908257,"C3",1
"GO:0002891","positive regulation of immunoglobulin mediated immune response","1/417","54/28943",0.543604117903511,0.628803995351235,0.488894478908257,"C3",1
"GO:0014904","myotube cell development","1/417","54/28943",0.543604117903511,0.628803995351235,0.488894478908257,"Igf1",1
"GO:0032715","negative regulation of interleukin-6 production","1/417","54/28943",0.543604117903511,0.628803995351235,0.488894478908257,"Il27ra",1
"GO:0046854","phosphatidylinositol phosphate biosynthetic process","1/417","54/28943",0.543604117903511,0.628803995351235,0.488894478908257,"Itpka",1
"GO:0061647","histone H3-K9 modification","1/417","54/28943",0.543604117903511,0.628803995351235,0.488894478908257,"Airn",1
"GO:0071709","membrane assembly","1/417","54/28943",0.543604117903511,0.628803995351235,0.488894478908257,"Lrp4",1
"GO:2000351","regulation of endothelial cell apoptotic process","1/417","54/28943",0.543604117903511,0.628803995351235,0.488894478908257,"Ramp2",1
"GO:0048640","negative regulation of developmental growth","2/417","126/28943",0.543986988394324,0.628803995351235,0.488894478908257,"Stc2/Rtn4r",2
"GO:0051261","protein depolymerization","2/417","126/28943",0.543986988394324,0.628803995351235,0.488894478908257,"Spta1/Lmod1",2
"GO:0051983","regulation of chromosome segregation","2/417","126/28943",0.543986988394324,0.628803995351235,0.488894478908257,"Hecw2/Mapk15",2
"GO:0044000","movement in host","2/417","127/28943",0.548260147881421,0.633346829154633,0.492426527657149,"Trim30d/Trim30b",2
"GO:0045807","positive regulation of endocytosis","2/417","127/28943",0.548260147881421,0.633346829154633,0.492426527657149,"Vtn/C3",2
"GO:0006111","regulation of gluconeogenesis","1/417","55/28943",0.550191991586721,0.63339845118122,0.492466663731307,"Adipoq",1
"GO:0031113","regulation of microtubule polymerization","1/417","55/28943",0.550191991586721,0.63339845118122,0.492466663731307,"Fes",1
"GO:0042149","cellular response to glucose starvation","1/417","55/28943",0.550191991586721,0.63339845118122,0.492466663731307,"Ifi207",1
"GO:0043620","regulation of DNA-templated transcription in response to stress","1/417","55/28943",0.550191991586721,0.63339845118122,0.492466663731307,"Ces1d",1
"GO:0046580","negative regulation of Ras protein signal transduction","1/417","55/28943",0.550191991586721,0.63339845118122,0.492466663731307,"Spry1",1
"GO:0048546","digestive tract morphogenesis","1/417","55/28943",0.550191991586721,0.63339845118122,0.492466663731307,"Fgfr2",1
"GO:0048701","embryonic cranial skeleton morphogenesis","1/417","55/28943",0.550191991586721,0.63339845118122,0.492466663731307,"Fgfr2",1
"GO:0051480","regulation of cytosolic calcium ion concentration","1/417","55/28943",0.550191991586721,0.63339845118122,0.492466663731307,"Fxyd1",1
"GO:0055081","anion homeostasis","1/417","55/28943",0.550191991586721,0.63339845118122,0.492466663731307,"Wnk4",1
"GO:0072132","mesenchyme morphogenesis","1/417","55/28943",0.550191991586721,0.63339845118122,0.492466663731307,"Tbx2",1
"GO:1902622","regulation of neutrophil migration","1/417","55/28943",0.550191991586721,0.63339845118122,0.492466663731307,"Edn1",1
"GO:0001764","neuron migration","3/417","200/28943",0.551944117454255,0.635217481808325,0.493880958228689,"Ntng2/Kirrel3/Flrt2",3
"GO:0001952","regulation of cell-matrix adhesion","2/417","128/28943",0.552505192061383,0.635467030869354,0.494074982374616,"Fam107a/Apod",2
"GO:0003279","cardiac septum development","2/417","128/28943",0.552505192061383,0.635467030869354,0.494074982374616,"Fgfr2/Tbx2",2
"GO:0044403","biological process involved in symbiotic interaction","4/417","272/28943",0.552708921540522,0.635503375374527,0.49410324019112,"Gbp6/Trim30d/Trim30b/Prkn",4
"GO:1903169","regulation of calcium ion transmembrane transport","3/417","201/28943",0.555319035730634,0.638107027674292,0.496127577256028,"Atp1a2/Adcyap1r1/Stim1",3
"GO:1905475","regulation of protein localization to membrane","3/417","201/28943",0.555319035730634,0.638107027674292,0.496127577256028,"Lrp4/Musk/Prkn",3
"GO:0001662","behavioral fear response","1/417","56/28943",0.556684996969868,0.638130326061086,0.496145691728511,"Atp1a2",1
"GO:0002474","antigen processing and presentation of peptide antigen via MHC class I","1/417","56/28943",0.556684996969868,0.638130326061086,0.496145691728511,"H2-T23",1
"GO:0046633","alpha-beta T cell proliferation","1/417","56/28943",0.556684996969868,0.638130326061086,0.496145691728511,"Cd55",1
"GO:0051205","protein insertion into membrane","1/417","56/28943",0.556684996969868,0.638130326061086,0.496145691728511,"Grin3b",1
"GO:0061001","regulation of dendritic spine morphogenesis","1/417","56/28943",0.556684996969868,0.638130326061086,0.496145691728511,"Itpka",1
"GO:0070169","positive regulation of biomineral tissue development","1/417","56/28943",0.556684996969868,0.638130326061086,0.496145691728511,"Osr2",1
"GO:0033138","positive regulation of peptidyl-serine phosphorylation","2/417","129/28943",0.556722042319273,0.638130326061086,0.496145691728511,"Agt/Hcls1",2
"GO:0060996","dendritic spine development","2/417","129/28943",0.556722042319273,0.638130326061086,0.496145691728511,"Itpka/Shank1",2
"GO:0002209","behavioral defense response","1/417","57/28943",0.563084496961683,0.643027517099453,0.499953252873983,"Atp1a2",1
"GO:0021587","cerebellum morphogenesis","1/417","57/28943",0.563084496961683,0.643027517099453,0.499953252873983,"Trnp1",1
"GO:0030857","negative regulation of epithelial cell differentiation","1/417","57/28943",0.563084496961683,0.643027517099453,0.499953252873983,"Spry1",1
"GO:0031648","protein destabilization","1/417","57/28943",0.563084496961683,0.643027517099453,0.499953252873983,"Prkn",1
"GO:0033059","cellular pigmentation","1/417","57/28943",0.563084496961683,0.643027517099453,0.499953252873983,"Myo7a",1
"GO:0045010","actin nucleation","1/417","57/28943",0.563084496961683,0.643027517099453,0.499953252873983,"Lmod1",1
"GO:0050732","negative regulation of peptidyl-tyrosine phosphorylation","1/417","57/28943",0.563084496961683,0.643027517099453,0.499953252873983,"Igf1",1
"GO:0051489","regulation of filopodium assembly","1/417","57/28943",0.563084496961683,0.643027517099453,0.499953252873983,"Arap1",1
"GO:0072577","endothelial cell apoptotic process","1/417","57/28943",0.563084496961683,0.643027517099453,0.499953252873983,"Ramp2",1
"GO:0110151","positive regulation of biomineralization","1/417","57/28943",0.563084496961683,0.643027517099453,0.499953252873983,"Osr2",1
"GO:1903053","regulation of extracellular matrix organization","1/417","57/28943",0.563084496961683,0.643027517099453,0.499953252873983,"Agt",1
"GO:1903170","negative regulation of calcium ion transmembrane transport","1/417","57/28943",0.563084496961683,0.643027517099453,0.499953252873983,"Atp1a2",1
"GO:1903829","positive regulation of protein localization","7/417","493/28943",0.568073911620925,0.647426749180454,0.503373651427011,"Lrp4/Musk/Igf1/Ang3/Sybu/Hcls1/Prkn",7
"GO:0007368","determination of left/right symmetry","2/417","132/28943",0.569202763278768,0.647426749180454,0.503373651427011,"Ccdc40/Tbx2",2
"GO:0009142","nucleoside triphosphate biosynthetic process","2/417","132/28943",0.569202763278768,0.647426749180454,0.503373651427011,"Ppargc1a/Prkn",2
"GO:0046425","regulation of receptor signaling pathway via JAK-STAT","2/417","132/28943",0.569202763278768,0.647426749180454,0.503373651427011,"Agt/Ghr",2
"GO:0051304","chromosome separation","2/417","132/28943",0.569202763278768,0.647426749180454,0.503373651427011,"Hecw2/Mapk15",2
"GO:0001914","regulation of T cell mediated cytotoxicity","1/417","58/28943",0.569391834937414,0.647426749180454,0.503373651427011,"H2-T23",1
"GO:0006826","iron ion transport","1/417","58/28943",0.569391834937414,0.647426749180454,0.503373651427011,"Slc40a1",1
"GO:0007140","male meiotic nuclear division","1/417","58/28943",0.569391834937414,0.647426749180454,0.503373651427011,"Sycp2",1
"GO:0014014","negative regulation of gliogenesis","1/417","58/28943",0.569391834937414,0.647426749180454,0.503373651427011,"Lingo1",1
"GO:0033619","membrane protein proteolysis","1/417","58/28943",0.569391834937414,0.647426749180454,0.503373651427011,"Napsa",1
"GO:0045058","T cell selection","1/417","58/28943",0.569391834937414,0.647426749180454,0.503373651427011,"Jag2",1
"GO:0045839","negative regulation of mitotic nuclear division","1/417","58/28943",0.569391834937414,0.647426749180454,0.503373651427011,"Fgfr2",1
"GO:0051445","regulation of meiotic cell cycle","1/417","58/28943",0.569391834937414,0.647426749180454,0.503373651427011,"Mapk15",1
"GO:1904356","regulation of telomere maintenance via telomere lengthening","1/417","58/28943",0.569391834937414,0.647426749180454,0.503373651427011,"Mapk15",1
"GO:0006887","exocytosis","6/417","422/28943",0.569578601401905,0.647439715632954,0.50338373283089,"Ptgds/Syn2/Fes/Adcy1/Cacna1g/Prkn",6
"GO:0016311","dephosphorylation","5/417","351/28943",0.571907362010049,0.649886728390613,0.50528628280812,"Dusp15/Agtr2/Plppr3/Ppp1r1b/Ppp1r2",5
"GO:0043244","regulation of protein-containing complex disassembly","2/417","133/28943",0.573306210035933,0.65107552367046,0.506210569951915,"Spta1/Lmod1",2
"GO:0045931","positive regulation of mitotic cell cycle","2/417","133/28943",0.573306210035933,0.65107552367046,0.506210569951915,"Adamts1/Smoc2",2
"GO:0030705","cytoskeleton-dependent intracellular transport","3/417","207/28943",0.575246353260612,0.651285924881056,0.506374156683196,"Kif17/Myo7a/Sybu",3
"GO:0002204","somatic recombination of immunoglobulin genes involved in immune response","1/417","59/28943",0.575608335018117,0.651285924881056,0.506374156683196,"Il27ra",1
"GO:0002208","somatic diversification of immunoglobulins involved in immune response","1/417","59/28943",0.575608335018117,0.651285924881056,0.506374156683196,"Il27ra",1
"GO:0043616","keratinocyte proliferation","1/417","59/28943",0.575608335018117,0.651285924881056,0.506374156683196,"Fgfr2",1
"GO:0045190","isotype switching","1/417","59/28943",0.575608335018117,0.651285924881056,0.506374156683196,"Il27ra",1
"GO:0045599","negative regulation of fat cell differentiation","1/417","59/28943",0.575608335018117,0.651285924881056,0.506374156683196,"Adipoq",1
"GO:0050775","positive regulation of dendrite morphogenesis","1/417","59/28943",0.575608335018117,0.651285924881056,0.506374156683196,"Itpka",1
"GO:0050879","multicellular organismal movement","1/417","59/28943",0.575608335018117,0.651285924881056,0.506374156683196,"Comp",1
"GO:0050881","musculoskeletal movement","1/417","59/28943",0.575608335018117,0.651285924881056,0.506374156683196,"Comp",1
"GO:0070509","calcium ion import","1/417","59/28943",0.575608335018117,0.651285924881056,0.506374156683196,"Cacna1g",1
"GO:0086001","cardiac muscle cell action potential","1/417","59/28943",0.575608335018117,0.651285924881056,0.506374156683196,"Cacna1g",1
"GO:1900024","regulation of substrate adhesion-dependent cell spreading","1/417","59/28943",0.575608335018117,0.651285924881056,0.506374156683196,"Lims2",1
"GO:0002548","monocyte chemotaxis","1/417","60/28943",0.581735302345961,0.65560645185021,0.509733362090301,"Ccl6",1
"GO:0006023","aminoglycan biosynthetic process","1/417","60/28943",0.581735302345961,0.65560645185021,0.509733362090301,"Hs3st3b1",1
"GO:0006278","RNA-templated DNA biosynthetic process","1/417","60/28943",0.581735302345961,0.65560645185021,0.509733362090301,"Mapk15",1
"GO:0007004","telomere maintenance via telomerase","1/417","60/28943",0.581735302345961,0.65560645185021,0.509733362090301,"Mapk15",1
"GO:0007595","lactation","1/417","60/28943",0.581735302345961,0.65560645185021,0.509733362090301,"Oas2",1
"GO:0009948","anterior/posterior axis specification","1/417","60/28943",0.581735302345961,0.65560645185021,0.509733362090301,"Ripply1",1
"GO:0010665","regulation of cardiac muscle cell apoptotic process","1/417","60/28943",0.581735302345961,0.65560645185021,0.509733362090301,"Agt",1
"GO:0046902","regulation of mitochondrial membrane permeability","1/417","60/28943",0.581735302345961,0.65560645185021,0.509733362090301,"Chchd10",1
"GO:0048255","mRNA stabilization","1/417","60/28943",0.581735302345961,0.65560645185021,0.509733362090301,"Tent5c",1
"GO:0050922","negative regulation of chemotaxis","1/417","60/28943",0.581735302345961,0.65560645185021,0.509733362090301,"Cxcl13",1
"GO:0051930","regulation of sensory perception of pain","1/417","60/28943",0.581735302345961,0.65560645185021,0.509733362090301,"Edn1",1
"GO:0060632","regulation of microtubule-based movement","1/417","60/28943",0.581735302345961,0.65560645185021,0.509733362090301,"Ccdc40",1
"GO:1900015","regulation of cytokine production involved in inflammatory response","1/417","60/28943",0.581735302345961,0.65560645185021,0.509733362090301,"Apod",1
"GO:0021953","central nervous system neuron differentiation","3/417","210/28943",0.584998876858779,0.659083263156123,0.512436579411172,"Ephb6/Fgfr2/Lingo1",3
"GO:0045862","positive regulation of proteolysis","5/417","357/28943",0.586934662154054,0.660999602262844,0.513926531154352,"Ifi207/Spon1/Clec3b/Dapk1/Prkn",5
"GO:0021575","hindbrain morphogenesis","1/417","61/28943",0.587774023355611,0.660999602262844,0.513926531154352,"Trnp1",1
"GO:0043300","regulation of leukocyte degranulation","1/417","61/28943",0.587774023355611,0.660999602262844,0.513926531154352,"Fes",1
"GO:0044091","membrane biogenesis","1/417","61/28943",0.587774023355611,0.660999602262844,0.513926531154352,"Lrp4",1
"GO:0051931","regulation of sensory perception","1/417","61/28943",0.587774023355611,0.660999602262844,0.513926531154352,"Edn1",1
"GO:0071470","cellular response to osmotic stress","1/417","61/28943",0.587774023355611,0.660999602262844,0.513926531154352,"Serpinb6c",1
"GO:0050773","regulation of dendrite development","2/417","137/28943",0.589434997369024,0.662665654776625,0.515221885321279,"Hecw2/Itpka",2
"GO:2000113","negative regulation of cellular macromolecule biosynthetic process","3/417","212/28943",0.591420915421075,0.664695896418451,0.516800396171841,"Dcp1b/Ang3/Dapk1",3
"GO:0035966","response to topologically incorrect protein","2/417","138/28943",0.593395828338062,0.66546312332304,0.517396914324551,"Comp/Stc2",2
"GO:0002011","morphogenesis of an epithelial sheet","1/417","62/28943",0.593725766041738,0.66546312332304,0.517396914324551,"Flrt3",1
"GO:0021872","forebrain generation of neurons","1/417","62/28943",0.593725766041738,0.66546312332304,0.517396914324551,"Fgfr2",1
"GO:0042269","regulation of natural killer cell mediated cytotoxicity","1/417","62/28943",0.593725766041738,0.66546312332304,0.517396914324551,"Ceacam1",1
"GO:0042596","fear response","1/417","62/28943",0.593725766041738,0.66546312332304,0.517396914324551,"Atp1a2",1
"GO:0045744","negative regulation of G protein-coupled receptor signaling pathway","1/417","62/28943",0.593725766041738,0.66546312332304,0.517396914324551,"Adm",1
"GO:0045778","positive regulation of ossification","1/417","62/28943",0.593725766041738,0.66546312332304,0.517396914324551,"Osr2",1
"GO:0051058","negative regulation of small GTPase mediated signal transduction","1/417","62/28943",0.593725766041738,0.66546312332304,0.517396914324551,"Spry1",1
"GO:0098781","ncRNA transcription","1/417","62/28943",0.593725766041738,0.66546312332304,0.517396914324551,"Ang3",1
"GO:0031345","negative regulation of cell projection organization","3/417","213/28943",0.594607834755154,0.666249507106533,0.518008326931492,"Lrp4/Gfap/Rtn4r",3
"GO:0007018","microtubule-based movement","6/417","434/28943",0.596883604318043,0.668393772260302,0.519675490948806,"Meig1/Kif17/Ccdc40/Sybu/Kifc2/Slc26a8",6
"GO:1901987","regulation of cell cycle phase transition","6/417","434/28943",0.596883604318043,0.668393772260302,0.519675490948806,"Hecw2/Susd2/Fam107a/Tbx2/Mapk15/Adamts1",6
"GO:0007266","Rho protein signal transduction","2/417","139/28943",0.59732808938538,0.668688691937787,0.519904790703754,"Rtn4r/Cdc42ep3",2
"GO:1903706","regulation of hemopoiesis","6/417","435/28943",0.599117415575687,0.669193728108294,0.520297455822352,"Clec2g/Ceacam1/Fes/Ctla2a/Adipoq/Hcls1",6
"GO:0000288","nuclear-transcribed mRNA catabolic process, deadenylation-dependent decay","1/417","63/28943",0.599591780222708,0.669193728108294,0.520297455822352,"Dcp1b",1
"GO:0001755","neural crest cell migration","1/417","63/28943",0.599591780222708,0.669193728108294,0.520297455822352,"Edn1",1
"GO:0010171","body morphogenesis","1/417","63/28943",0.599591780222708,0.669193728108294,0.520297455822352,"Mmp2",1
"GO:0010662","regulation of striated muscle cell apoptotic process","1/417","63/28943",0.599591780222708,0.669193728108294,0.520297455822352,"Agt",1
"GO:0031424","keratinization","1/417","63/28943",0.599591780222708,0.669193728108294,0.520297455822352,"Krt90",1
"GO:0042551","neuron maturation","1/417","63/28943",0.599591780222708,0.669193728108294,0.520297455822352,"C3",1
"GO:0046850","regulation of bone remodeling","1/417","63/28943",0.599591780222708,0.669193728108294,0.520297455822352,"Ceacam1",1
"GO:0048512","circadian behavior","1/417","63/28943",0.599591780222708,0.669193728108294,0.520297455822352,"Ptgds",1
"GO:0060324","face development","1/417","63/28943",0.599591780222708,0.669193728108294,0.520297455822352,"Mmp2",1
"GO:0030177","positive regulation of Wnt signaling pathway","2/417","140/28943",0.601231779614407,0.670618649648456,0.521405330897913,"Dkk2/Fgfr2",2
"GO:1904892","regulation of receptor signaling pathway via STAT","2/417","140/28943",0.601231779614407,0.670618649648456,0.521405330897913,"Agt/Ghr",2
"GO:0099111","microtubule-based transport","3/417","216/28943",0.604071451218953,0.673582542404221,0.52370975455788,"Kif17/Ccdc40/Sybu",3
"GO:0009855","determination of bilateral symmetry","2/417","141/28943",0.605106904070874,0.673610070970316,0.523731157990549,"Ccdc40/Tbx2",2
"GO:0008652","cellular amino acid biosynthetic process","1/417","64/28943",0.605373297800517,0.673610070970316,0.523731157990549,"Aldh1a1",1
"GO:0010659","cardiac muscle cell apoptotic process","1/417","64/28943",0.605373297800517,0.673610070970316,0.523731157990549,"Agt",1
"GO:0051851","modulation by host of symbiont process","1/417","64/28943",0.605373297800517,0.673610070970316,0.523731157990549,"Prkn",1
"GO:0060393","regulation of pathway-restricted SMAD protein phosphorylation","1/417","64/28943",0.605373297800517,0.673610070970316,0.523731157990549,"Pmepa1",1
"GO:0070059","intrinsic apoptotic signaling pathway in response to endoplasmic reticulum stress","1/417","64/28943",0.605373297800517,0.673610070970316,0.523731157990549,"Prkn",1
"GO:0071260","cellular response to mechanical stimulus","1/417","64/28943",0.605373297800517,0.673610070970316,0.523731157990549,"Atp1a2",1
"GO:0006401","RNA catabolic process","4/417","291/28943",0.605948105655707,0.674046521868295,0.524070498128197,"Rnasel/Tent5c/Oas2/Dcp1b",4
"GO:0009799","specification of symmetry","2/417","142/28943",0.608953473572582,0.677185609768064,0.526511135837803,"Ccdc40/Tbx2",2
"GO:0003341","cilium movement","3/417","218/28943",0.610299020679382,0.677703844968102,0.526914063188691,"Meig1/Ccdc40/Slc26a8",3
"GO:0030522","intracellular receptor signaling pathway","3/417","218/28943",0.610299020679382,0.677703844968102,0.526914063188691,"Igf1/Cyp27b1/Peg13",3
"GO:0002715","regulation of natural killer cell mediated immunity","1/417","65/28943",0.611071533017013,0.677703844968102,0.526914063188691,"Ceacam1",1
"GO:0035306","positive regulation of dephosphorylation","1/417","65/28943",0.611071533017013,0.677703844968102,0.526914063188691,"Agtr2",1
"GO:0051932","synaptic transmission, GABAergic","1/417","65/28943",0.611071533017013,0.677703844968102,0.526914063188691,"Car7",1
"GO:0060119","inner ear receptor cell development","1/417","65/28943",0.611071533017013,0.677703844968102,0.526914063188691,"Myo7a",1
"GO:0090497","mesenchymal cell migration","1/417","65/28943",0.611071533017013,0.677703844968102,0.526914063188691,"Edn1",1
"GO:0098930","axonal transport","1/417","65/28943",0.611071533017013,0.677703844968102,0.526914063188691,"Sybu",1
"GO:1901264","carbohydrate derivative transport","1/417","65/28943",0.611071533017013,0.677703844968102,0.526914063188691,"Slc28a1",1
"GO:0002534","cytokine production involved in inflammatory response","1/417","66/28943",0.616687682706462,0.682701926402476,0.53080006651638,"Apod",1
"GO:0006081","cellular aldehyde metabolic process","1/417","66/28943",0.616687682706462,0.682701926402476,0.53080006651638,"Adh1",1
"GO:0007622","rhythmic behavior","1/417","66/28943",0.616687682706462,0.682701926402476,0.53080006651638,"Ptgds",1
"GO:0042461","photoreceptor cell development","1/417","66/28943",0.616687682706462,0.682701926402476,0.53080006651638,"Grk1",1
"GO:0051148","negative regulation of muscle cell differentiation","1/417","66/28943",0.616687682706462,0.682701926402476,0.53080006651638,"Tcf23",1
"GO:1903307","positive regulation of regulated secretory pathway","1/417","66/28943",0.616687682706462,0.682701926402476,0.53080006651638,"Cacna1g",1
"GO:0001707","mesoderm formation","1/417","67/28943",0.622222926544513,0.687755747481465,0.534729407362135,"Chrd",1
"GO:0007032","endosome organization","1/417","67/28943",0.622222926544513,0.687755747481465,0.534729407362135,"Prkn",1
"GO:0010658","striated muscle cell apoptotic process","1/417","67/28943",0.622222926544513,0.687755747481465,0.534729407362135,"Agt",1
"GO:0032663","regulation of interleukin-2 production","1/417","67/28943",0.622222926544513,0.687755747481465,0.534729407362135,"Il20rb",1
"GO:1901016","regulation of potassium ion transmembrane transporter activity","1/417","67/28943",0.622222926544513,0.687755747481465,0.534729407362135,"Kcnab1",1
"GO:0002285","lymphocyte activation involved in immune response","3/417","222/28943",0.62255680067255,0.687755747481465,0.534729407362135,"Itgal/Irf8/Il27ra",3
"GO:1903046","meiotic cell cycle process","3/417","222/28943",0.62255680067255,0.687755747481465,0.534729407362135,"Sycp2/Edn1/Mapk15",3
"GO:0002065","columnar/cuboidal epithelial cell differentiation","2/417","146/28943",0.624054611181558,0.689204195178676,0.535855574001326,"Fgfr2/Il31ra",2
"GO:0006879","cellular iron ion homeostasis","1/417","68/28943",0.627678427293611,0.691639909655937,0.537749339576821,"Slc40a1",1
"GO:0016447","somatic recombination of immunoglobulin gene segments","1/417","68/28943",0.627678427293611,0.691639909655937,0.537749339576821,"Il27ra",1
"GO:0019933","cAMP-mediated signaling","1/417","68/28943",0.627678427293611,0.691639909655937,0.537749339576821,"Adcyap1r1",1
"GO:0030968","endoplasmic reticulum unfolded protein response","1/417","68/28943",0.627678427293611,0.691639909655937,0.537749339576821,"Stc2",1
"GO:0042440","pigment metabolic process","1/417","68/28943",0.627678427293611,0.691639909655937,0.537749339576821,"Tbx2",1
"GO:0051784","negative regulation of nuclear division","1/417","68/28943",0.627678427293611,0.691639909655937,0.537749339576821,"Fgfr2",1
"GO:0060389","pathway-restricted SMAD protein phosphorylation","1/417","68/28943",0.627678427293611,0.691639909655937,0.537749339576821,"Pmepa1",1
"GO:1901655","cellular response to ketone","2/417","147/28943",0.627758758737011,0.691639909655937,0.537749339576821,"Agtr2/Trim63",2
"GO:0001508","action potential","2/417","148/28943",0.631434528376435,0.695016185496921,0.540374390674033,"Gpr88/Cacna1g",2
"GO:0002367","cytokine production involved in immune response","2/417","148/28943",0.631434528376435,0.695016185496921,0.540374390674033,"Cd55/Il31ra",2
"GO:1903313","positive regulation of mRNA metabolic process","2/417","148/28943",0.631434528376435,0.695016185496921,0.540374390674033,"Prdx6/Dcp1b",2
"GO:0001649","osteoblast differentiation","3/417","225/28943",0.631576192400371,0.695016185496921,0.540374390674033,"Gdpd2/Igf1/Chrd",3
"GO:0042246","tissue regeneration","1/417","69/28943",0.633055331044903,0.696228859761031,0.541317243704263,"Igf1",1
"GO:0045668","negative regulation of osteoblast differentiation","1/417","69/28943",0.633055331044903,0.696228859761031,0.541317243704263,"Chrd",1
"GO:2001056","positive regulation of cysteine-type endopeptidase activity","2/417","149/28943",0.635081966853754,0.698249738422888,0.542888474847242,"Ifi207/Dapk1",2
"GO:0034248","regulation of cellular amide metabolic process","6/417","453/28943",0.638159915193353,0.699972023002715,0.544227549389406,"Dcp1b/Spon1/Igf1/Ang3/Dapk1/Slc2a13",6
"GO:0000768","syncytium formation by plasma membrane fusion","1/417","70/28943",0.638354767456701,0.699972023002715,0.544227549389406,"Adamts15",1
"GO:0032206","positive regulation of telomere maintenance","1/417","70/28943",0.638354767456701,0.699972023002715,0.544227549389406,"Mapk15",1
"GO:0032507","maintenance of protein location in cell","1/417","70/28943",0.638354767456701,0.699972023002715,0.544227549389406,"Chchd10",1
"GO:0043489","RNA stabilization","1/417","70/28943",0.638354767456701,0.699972023002715,0.544227549389406,"Tent5c",1
"GO:0071677","positive regulation of mononuclear cell migration","1/417","70/28943",0.638354767456701,0.699972023002715,0.544227549389406,"Cxcl13",1
"GO:0140253","cell-cell fusion","1/417","70/28943",0.638354767456701,0.699972023002715,0.544227549389406,"Adamts15",1
"GO:1902373","negative regulation of mRNA catabolic process","1/417","70/28943",0.638354767456701,0.699972023002715,0.544227549389406,"Tent5c",1
"GO:1905710","positive regulation of membrane permeability","1/417","70/28943",0.638354767456701,0.699972023002715,0.544227549389406,"Chchd10",1
"GO:0072331","signal transduction by p53 class mediator","2/417","150/28943",0.638701125458874,0.700143870307056,0.544361160497047,"Ifi207/Prkn",2
"GO:0051928","positive regulation of calcium ion transport","2/417","151/28943",0.642292059877922,0.703871263006616,0.547259204601426,"Adcyap1r1/Stim1",2
"GO:0070482","response to oxygen levels","4/417","305/28943",0.642614907266311,0.704016094251401,0.547371810749721,"Cat/Mmp2/Ang3/Edn1",4
"GO:0001937","negative regulation of endothelial cell proliferation","1/417","71/28943",0.643577849989537,0.704235157724176,0.547542132381202,"Vash1",1
"GO:0007193","adenylate cyclase-inhibiting G protein-coupled receptor signaling pathway","1/417","71/28943",0.643577849989537,0.704235157724176,0.547542132381202,"Edn1",1
"GO:0034121","regulation of toll-like receptor signaling pathway","1/417","71/28943",0.643577849989537,0.704235157724176,0.547542132381202,"Nr1h3",1
"GO:0048332","mesoderm morphogenesis","1/417","71/28943",0.643577849989537,0.704235157724176,0.547542132381202,"Chrd",1
"GO:0003231","cardiac ventricle development","2/417","152/28943",0.645854830056538,0.70651734298333,0.549316529142824,"Col11a1/Fgfr2",2
"GO:0006949","syncytium formation","1/417","72/28943",0.648725676137859,0.708398460899431,0.550779096445443,"Adamts15",1
"GO:0070936","protein K48-linked ubiquitination","1/417","72/28943",0.648725676137859,0.708398460899431,0.550779096445443,"Prkn",1
"GO:0071868","cellular response to monoamine stimulus","1/417","72/28943",0.648725676137859,0.708398460899431,0.550779096445443,"Adipoq",1
"GO:0071870","cellular response to catecholamine stimulus","1/417","72/28943",0.648725676137859,0.708398460899431,0.550779096445443,"Adipoq",1
"GO:1902017","regulation of cilium assembly","1/417","72/28943",0.648725676137859,0.708398460899431,0.550779096445443,"Mapk15",1
"GO:2000134","negative regulation of G1/S transition of mitotic cell cycle","1/417","72/28943",0.648725676137859,0.708398460899431,0.550779096445443,"Fam107a",1
"GO:0006839","mitochondrial transport","2/417","154/28943",0.652896137973441,0.712741733115892,0.554155986259633,"Chchd10/Prkn",2
"GO:0034394","protein localization to cell surface","1/417","73/28943",0.653799327658434,0.713305885849568,0.554594614447104,"Gpihbp1",1
"GO:0043112","receptor metabolic process","1/417","73/28943",0.653799327658434,0.713305885849568,0.554594614447104,"Arap1",1
"GO:0030010","establishment of cell polarity","2/417","155/28943",0.656374815712095,0.715692799648273,0.556450437543719,"Spry1/Misp",2
"GO:0048284","organelle fusion","2/417","155/28943",0.656374815712095,0.715692799648273,0.556450437543719,"Pla2g5/Prkn",2
"GO:0001885","endothelial cell development","1/417","74/28943",0.658799870795477,0.717489416807345,0.557847305592071,"Agt",1
"GO:0010833","telomere maintenance via telomere lengthening","1/417","74/28943",0.658799870795477,0.717489416807345,0.557847305592071,"Mapk15",1
"GO:0032623","interleukin-2 production","1/417","74/28943",0.658799870795477,0.717489416807345,0.557847305592071,"Il20rb",1
"GO:0046824","positive regulation of nucleocytoplasmic transport","1/417","74/28943",0.658799870795477,0.717489416807345,0.557847305592071,"Hcls1",1
"GO:2001235","positive regulation of apoptotic signaling pathway","2/417","156/28943",0.659825608958202,0.71834030356563,0.558508869197546,"Agtr2/Agt",2
"GO:0031647","regulation of protein stability","4/417","312/28943",0.660088899410992,0.71834030356563,0.558508869197546,"Igf1/Fam107a/Gpihbp1/Prkn",4
"GO:0007163","establishment or maintenance of cell polarity","3/417","235/28943",0.660553989871429,0.71834030356563,0.558508869197546,"Spry1/Igf1/Misp",3
"GO:0030073","insulin secretion","3/417","235/28943",0.660553989871429,0.71834030356563,0.558508869197546,"Irs1/Sybu/Prkn",3
"GO:0090276","regulation of peptide hormone secretion","3/417","235/28943",0.660553989871429,0.71834030356563,0.558508869197546,"Irs1/Sybu/Prkn",3
"GO:0051251","positive regulation of lymphocyte activation","6/417","465/28943",0.662900110092044,0.719883987134993,0.559709081632299,"Cd55/Spta1/Ephb6/Itgal/Igf1/Il27ra",6
"GO:0007566","embryo implantation","1/417","75/28943",0.663728356502578,0.719883987134993,0.559709081632299,"Mmp2",1
"GO:0016445","somatic diversification of immunoglobulins","1/417","75/28943",0.663728356502578,0.719883987134993,0.559709081632299,"Il27ra",1
"GO:0050688","regulation of defense response to virus","1/417","75/28943",0.663728356502578,0.719883987134993,0.559709081632299,"Gbp4",1
"GO:0071479","cellular response to ionizing radiation","1/417","75/28943",0.663728356502578,0.719883987134993,0.559709081632299,"Ifi207",1
"GO:0071867","response to monoamine","1/417","75/28943",0.663728356502578,0.719883987134993,0.559709081632299,"Adipoq",1
"GO:0071869","response to catecholamine","1/417","75/28943",0.663728356502578,0.719883987134993,0.559709081632299,"Adipoq",1
"GO:0097120","receptor localization to synapse","1/417","75/28943",0.663728356502578,0.719883987134993,0.559709081632299,"Kif17",1
"GO:2000179","positive regulation of neural precursor cell proliferation","1/417","75/28943",0.663728356502578,0.719883987134993,0.559709081632299,"Igf1",1
"GO:0016358","dendrite development","4/417","315/28943",0.667398964318224,0.723652562779114,0.562639145434978,"Hecw2/Itpka/Lrp4/Shank1",4
"GO:0051926","negative regulation of calcium ion transport","1/417","76/28943",0.668585820661453,0.724726614762797,0.563474219780506,"Atp1a2",1
"GO:1903311","regulation of mRNA metabolic process","4/417","317/28943",0.67221236131969,0.728443803343791,0.566364330192883,"Rnasel/Prdx6/Tent5c/Dcp1b",4
"GO:0001756","somitogenesis","1/417","77/28943",0.673373284297584,0.729487724655716,0.567175977971186,"Ripply1",1
"GO:0002791","regulation of peptide secretion","3/417","240/28943",0.674412736667987,0.730399478961047,0.56788486603375,"Irs1/Sybu/Prkn",3
"GO:0030111","regulation of Wnt signaling pathway","4/417","319/28943",0.676977638751909,0.732450191633379,0.569479293090102,"Lrp4/Dkk2/Fgfr2/Prkn",4
"GO:0002562","somatic diversification of immune receptors via germline recombination within a single locus","1/417","78/28943",0.678091753792765,0.732450191633379,0.569479293090102,"Il27ra",1
"GO:0016444","somatic cell DNA recombination","1/417","78/28943",0.678091753792765,0.732450191633379,0.569479293090102,"Il27ra",1
"GO:0019369","arachidonic acid metabolic process","1/417","78/28943",0.678091753792765,0.732450191633379,0.569479293090102,"Cyp2f2",1
"GO:0046635","positive regulation of alpha-beta T cell activation","1/417","78/28943",0.678091753792765,0.732450191633379,0.569479293090102,"Cd55",1
"GO:0061097","regulation of protein tyrosine kinase activity","1/417","78/28943",0.678091753792765,0.732450191633379,0.569479293090102,"Agt",1
"GO:0098661","inorganic anion transmembrane transport","1/417","78/28943",0.678091753792765,0.732450191633379,0.569479293090102,"Fxyd1",1
"GO:1901657","glycosyl compound metabolic process","1/417","78/28943",0.678091753792765,0.732450191633379,0.569479293090102,"Akr1c14",1
"GO:2000514","regulation of CD4-positive, alpha-beta T cell activation","1/417","78/28943",0.678091753792765,0.732450191633379,0.569479293090102,"Cd55",1
"GO:0090087","regulation of peptide transport","3/417","242/28943",0.679838499016245,0.7341221814472,0.570779263501886,"Irs1/Sybu/Prkn",3
"GO:2000116","regulation of cysteine-type endopeptidase activity","3/417","243/28943",0.68252617732545,0.735751395295209,0.572045975642936,"Ifi207/Igf1/Dapk1",3
"GO:0021766","hippocampus development","1/417","79/28943",0.682742221094633,0.735751395295209,0.572045975642936,"Kirrel3",1
"GO:0033143","regulation of intracellular steroid hormone receptor signaling pathway","1/417","79/28943",0.682742221094633,0.735751395295209,0.572045975642936,"Igf1",1
"GO:0043627","response to estrogen","1/417","79/28943",0.682742221094633,0.735751395295209,0.572045975642936,"Mmp2",1
"GO:0045453","bone resorption","1/417","79/28943",0.682742221094633,0.735751395295209,0.572045975642936,"Ceacam1",1
"GO:0048002","antigen processing and presentation of peptide antigen","1/417","79/28943",0.682742221094633,0.735751395295209,0.572045975642936,"H2-T23",1
"GO:0061180","mammary gland epithelium development","1/417","79/28943",0.682742221094633,0.735751395295209,0.572045975642936,"Fgfr2",1
"GO:0033135","regulation of peptidyl-serine phosphorylation","2/417","163/28943",0.683207483327669,0.73603794235359,0.572268765694885,"Agt/Hcls1",2
"GO:0016050","vesicle organization","4/417","323/28943",0.686363479611063,0.739222277340736,0.574744582969775,"Pla2g5/Myo7a/Mapk15/Prkn",4
"GO:0006402","mRNA catabolic process","3/417","246/28943",0.690488542870719,0.743448148229424,0.578030193368774,"Rnasel/Tent5c/Dcp1b",3
"GO:0032088","negative regulation of NF-kappaB transcription factor activity","1/417","81/28943",0.691843045974401,0.744472318780964,0.578826484950587,"Cat",1
"GO:1901796","regulation of signal transduction by p53 class mediator","1/417","81/28943",0.691843045974401,0.744472318780964,0.578826484950587,"Prkn",1
"GO:2000112","regulation of cellular macromolecule biosynthetic process","6/417","482/28943",0.696090530473036,0.748824661569478,0.582210427125497,"Irs1/Musk/Dcp1b/Igf1/Ang3/Dapk1",6
"GO:0042267","natural killer cell mediated cytotoxicity","1/417","82/28943",0.696295317120845,0.748826772738176,0.582212068557053,"Ceacam1",1
"GO:0016236","macroautophagy","3/417","249/28943",0.698300238347452,0.750764263243679,0.583718465491678,"Rufy4/Nrbp2/Prkn",3
"GO:0046474","glycerophospholipid biosynthetic process","2/417","168/28943",0.699092279151891,0.75139699989193,0.584210417604292,"Itpka/Pla2g5",2
"GO:0002381","immunoglobulin production involved in immunoglobulin-mediated immune response","1/417","83/28943",0.700683413609553,0.75201254739723,0.584689005175414,"Il27ra",1
"GO:0008625","extrinsic apoptotic signaling pathway via death domain receptors","1/417","83/28943",0.700683413609553,0.75201254739723,0.584689005175414,"Dapk1",1
"GO:0046785","microtubule polymerization","1/417","83/28943",0.700683413609553,0.75201254739723,0.584689005175414,"Fes",1
"GO:0061912","selective autophagy","1/417","83/28943",0.700683413609553,0.75201254739723,0.584689005175414,"Prkn",1
"GO:1902369","negative regulation of RNA catabolic process","1/417","83/28943",0.700683413609553,0.75201254739723,0.584689005175414,"Tent5c",1
"GO:0006338","chromatin remodeling","4/417","330/28943",0.702323307702485,0.753553517011791,0.585887107513017,"H4c14/H2bc18/H1f2/H1f3",4
"GO:0000422","autophagy of mitochondrion","1/417","84/28943",0.705008258256983,0.754510781442677,0.586631379652785,"Prkn",1
"GO:0043154","negative regulation of cysteine-type endopeptidase activity involved in apoptotic process","1/417","84/28943",0.705008258256983,0.754510781442677,0.586631379652785,"Igf1",1
"GO:0060042","retina morphogenesis in camera-type eye","1/417","84/28943",0.705008258256983,0.754510781442677,0.586631379652785,"Grk1",1
"GO:0061726","mitochondrion disassembly","1/417","84/28943",0.705008258256983,0.754510781442677,0.586631379652785,"Prkn",1
"GO:2000300","regulation of synaptic vesicle exocytosis","1/417","84/28943",0.705008258256983,0.754510781442677,0.586631379652785,"Adcy1",1
"GO:0010950","positive regulation of endopeptidase activity","2/417","170/28943",0.705259129674614,0.754510781442677,0.586631379652785,"Ifi207/Dapk1",2
"GO:0043433","negative regulation of DNA-binding transcription factor activity","2/417","170/28943",0.705259129674614,0.754510781442677,0.586631379652785,"Foxs1/Cat",2
"GO:0071248","cellular response to metal ion","2/417","170/28943",0.705259129674614,0.754510781442677,0.586631379652785,"Slc40a1/Aoc1",2
"GO:0072175","epithelial tube formation","2/417","170/28943",0.705259129674614,0.754510781442677,0.586631379652785,"Adm/Fgfr2",2
"GO:2000045","regulation of G1/S transition of mitotic cell cycle","2/417","170/28943",0.705259129674614,0.754510781442677,0.586631379652785,"Fam107a/Adamts1",2
"GO:0018205","peptidyl-lysine modification","5/417","410/28943",0.706102853809905,0.755194593356365,0.587163042733309,"Mettl21e/Nat8f3/H1f2/H1f3/Airn",5
"GO:0002228","natural killer cell mediated immunity","1/417","85/28943",0.709270760641225,0.757485579487244,0.588944282163915,"Ceacam1",1
"GO:0002720","positive regulation of cytokine production involved in immune response","1/417","85/28943",0.709270760641225,0.757485579487244,0.588944282163915,"Cd55",1
"GO:0046530","photoreceptor cell differentiation","1/417","85/28943",0.709270760641225,0.757485579487244,0.588944282163915,"Grk1",1
"GO:0051966","regulation of synaptic transmission, glutamatergic","1/417","85/28943",0.709270760641225,0.757485579487244,0.588944282163915,"Prkn",1
"GO:1902117","positive regulation of organelle assembly","1/417","85/28943",0.709270760641225,0.757485579487244,0.588944282163915,"Mapk15",1
"GO:0007565","female pregnancy","2/417","172/28943",0.711320473441601,0.759235382464988,0.590304752232999,"Tcf23/Mmp2",2
"GO:0046661","male sex differentiation","2/417","172/28943",0.711320473441601,0.759235382464988,0.590304752232999,"Ren1/Sycp2",2
"GO:0002200","somatic diversification of immune receptors","1/417","86/28943",0.713471817291464,0.761091577416956,0.591747941955876,"Il27ra",1
"GO:0045661","regulation of myoblast differentiation","1/417","86/28943",0.713471817291464,0.761091577416956,0.591747941955876,"Boc",1
"GO:0002637","regulation of immunoglobulin production","1/417","87/28943",0.717612311874736,0.765066316904858,0.594838297941366,"Il27ra",1
"GO:0031397","negative regulation of protein ubiquitination","1/417","87/28943",0.717612311874736,0.765066316904858,0.594838297941366,"Gbp4",1
"GO:0034976","response to endoplasmic reticulum stress","3/417","257/28943",0.718399381950758,0.765684329723499,0.59531880229115,"Nr1h3/Stc2/Prkn",3
"GO:0043414","macromolecule methylation","4/417","338/28943",0.719837555614047,0.766995744683134,0.596338426113619,"Mettl21e/H1f2/H1f3/Airn",4
"GO:0010970","transport along microtubule","2/417","175/28943",0.720216801207992,0.767178427599511,0.596480461898805,"Kif17/Sybu",2
"GO:0003281","ventricular septum development","1/417","88/28943",0.721693115380011,0.767643613363008,0.596842143365719,"Fgfr2",1
"GO:0021675","nerve development","1/417","88/28943",0.721693115380011,0.767643613363008,0.596842143365719,"Edn1",1
"GO:0030071","regulation of mitotic metaphase/anaphase transition","1/417","88/28943",0.721693115380011,0.767643613363008,0.596842143365719,"Hecw2",1
"GO:0043525","positive regulation of neuron apoptotic process","1/417","88/28943",0.721693115380011,0.767643613363008,0.596842143365719,"Musk",1
"GO:0072384","organelle transport along microtubule","1/417","88/28943",0.721693115380011,0.767643613363008,0.596842143365719,"Sybu",1
"GO:0007218","neuropeptide signaling pathway","1/417","89/28943",0.725715086299662,0.771033121904562,0.59947748287442,"Gpr1",1
"GO:0014032","neural crest cell development","1/417","89/28943",0.725715086299662,0.771033121904562,0.59947748287442,"Edn1",1
"GO:0034620","cellular response to unfolded protein","1/417","89/28943",0.725715086299662,0.771033121904562,0.59947748287442,"Stc2",1
"GO:0035418","protein localization to synapse","1/417","89/28943",0.725715086299662,0.771033121904562,0.59947748287442,"Shank1",1
"GO:0040029","epigenetic regulation of gene expression","2/417","177/28943",0.726018702225254,0.771133788439481,0.599555751004865,"Ifi207/Airn",2
"GO:0008593","regulation of Notch signaling pathway","1/417","90/28943",0.729679070808328,0.774575942905218,0.602232022667084,"Jag2",1
"GO:1902600","proton transmembrane transport","1/417","90/28943",0.729679070808328,0.774575942905218,0.602232022667084,"Atp1a2",1
"GO:0001912","positive regulation of leukocyte mediated cytotoxicity","1/417","91/28943",0.73358590293923,0.778275618865413,0.605108517034265,"H2-T23",1
"GO:0035023","regulation of Rho protein signal transduction","1/417","91/28943",0.73358590293923,0.778275618865413,0.605108517034265,"Rtn4r",1
"GO:0010952","positive regulation of peptidase activity","2/417","180/28943",0.734530690137516,0.779054095945909,0.605713782187516,"Ifi207/Dapk1",2
"GO:0007091","metaphase/anaphase transition of mitotic cell cycle","1/417","92/28943",0.737436404757972,0.781238222773725,0.607411938616625,"Hecw2",1
"GO:0031110","regulation of microtubule polymerization or depolymerization","1/417","92/28943",0.737436404757972,0.781238222773725,0.607411938616625,"Fes",1
"GO:0032436","positive regulation of proteasomal ubiquitin-dependent protein catabolic process","1/417","92/28943",0.737436404757972,0.781238222773725,0.607411938616625,"Prkn",1
"GO:1900182","positive regulation of protein localization to nucleus","1/417","92/28943",0.737436404757972,0.781238222773725,0.607411938616625,"Hcls1",1
"GO:0010965","regulation of mitotic sister chromatid separation","1/417","93/28943",0.741231386533853,0.784808224572121,0.610187611452407,"Hecw2",1
"GO:0055072","iron ion homeostasis","1/417","93/28943",0.741231386533853,0.784808224572121,0.610187611452407,"Slc40a1",1
"GO:0021537","telencephalon development","3/417","268/28943",0.74432138440972,0.787853942442857,0.612555654057613,"Atp1a2/Kirrel3/Rtn4r",3
"GO:0032204","regulation of telomere maintenance","1/417","94/28943",0.744971646908736,0.788090349681104,0.612739460449441,"Mapk15",1
"GO:0035914","skeletal muscle cell differentiation","1/417","94/28943",0.744971646908736,0.788090349681104,0.612739460449441,"S100b",1
"GO:0008589","regulation of smoothened signaling pathway","1/417","95/28943",0.748657973063509,0.791763172887561,0.615595076827388,"Fgfr2",1
"GO:0010717","regulation of epithelial to mesenchymal transition","1/417","96/28943",0.752291140882163,0.79469496198482,0.617874539924903,"Spry1",1
"GO:0051306","mitotic sister chromatid separation","1/417","96/28943",0.752291140882163,0.79469496198482,0.617874539924903,"Hecw2",1
"GO:0061053","somite development","1/417","96/28943",0.752291140882163,0.79469496198482,0.617874539924903,"Ripply1",1
"GO:0099072","regulation of postsynaptic membrane neurotransmitter receptor levels","1/417","96/28943",0.752291140882163,0.79469496198482,0.617874539924903,"Porcn",1
"GO:0009060","aerobic respiration","2/417","187/28943",0.753520350199477,0.795765770290752,0.618707092314216,"Cat/Chchd10",2
"GO:0006497","protein lipidation","1/417","97/28943",0.755871915113526,0.797792770325654,0.620283082818629,"Porcn",1
"GO:0061157","mRNA destabilization","1/417","97/28943",0.755871915113526,0.797792770325654,0.620283082818629,"Dcp1b",1
"GO:0050772","positive regulation of axonogenesis","1/417","98/28943",0.759401049530695,0.800373586887618,0.622289665120185,"Cdh4",1
"GO:0090305","nucleic acid phosphodiester bond hydrolysis","1/417","98/28943",0.759401049530695,0.800373586887618,0.622289665120185,"Dcp1b",1
"GO:0090559","regulation of membrane permeability","1/417","98/28943",0.759401049530695,0.800373586887618,0.622289665120185,"Chchd10",1
"GO:1901992","positive regulation of mitotic cell cycle phase transition","1/417","98/28943",0.759401049530695,0.800373586887618,0.622289665120185,"Adamts1",1
"GO:1903321","negative regulation of protein modification by small protein conjugation or removal","1/417","98/28943",0.759401049530695,0.800373586887618,0.622289665120185,"Gbp4",1
"GO:0022411","cellular component disassembly","5/417","439/28943",0.760218772127325,0.801006765609042,0.622781960944249,"Spta1/Lmod1/Adamts15/C3/Prkn",5
"GO:0019935","cyclic-nucleotide-mediated signaling","1/417","99/28943",0.762879287088182,0.802435990863125,0.623893182153088,"Adcyap1r1",1
"GO:0030148","sphingolipid biosynthetic process","1/417","99/28943",0.762879287088182,0.802435990863125,0.623893182153088,"Abca8a",1
"GO:0048864","stem cell development","1/417","99/28943",0.762879287088182,0.802435990863125,0.623893182153088,"Edn1",1
"GO:0051492","regulation of stress fiber assembly","1/417","99/28943",0.762879287088182,0.802435990863125,0.623893182153088,"Arap1",1
"GO:0062207","regulation of pattern recognition receptor signaling pathway","1/417","99/28943",0.762879287088182,0.802435990863125,0.623893182153088,"Nr1h3",1
"GO:2001237","negative regulation of extrinsic apoptotic signaling pathway","1/417","99/28943",0.762879287088182,0.802435990863125,0.623893182153088,"Igf1",1
"GO:0046631","alpha-beta T cell activation","2/417","191/28943",0.763838157912502,0.803215744520922,0.624499439843917,"Cd55/Cdh26",2
"GO:0048193","Golgi vesicle transport","3/417","278/28943",0.766207003899474,0.805124295220152,0.625983336108044,"Dipk2a/Mapk15/Nrbp2",3
"GO:0031060","regulation of histone methylation","1/417","100/28943",0.766307360076818,0.805124295220152,0.625983336108044,"Airn",1
"GO:2001243","negative regulation of intrinsic apoptotic signaling pathway","1/417","100/28943",0.766307360076818,0.805124295220152,0.625983336108044,"Prkn",1
"GO:0006661","phosphatidylinositol biosynthetic process","1/417","101/28943",0.76968599027645,0.807754598095694,0.628028393969025,"Itpka",1
"GO:0050779","RNA destabilization","1/417","101/28943",0.76968599027645,0.807754598095694,0.628028393969025,"Dcp1b",1
"GO:0070585","protein localization to mitochondrion","1/417","101/28943",0.76968599027645,0.807754598095694,0.628028393969025,"Prkn",1
"GO:1903312","negative regulation of mRNA metabolic process","1/417","101/28943",0.76968599027645,0.807754598095694,0.628028393969025,"Tent5c",1
"GO:0014033","neural crest cell differentiation","1/417","102/28943",0.773015889106445,0.810327842867971,0.630029089211655,"Edn1",1
"GO:0031343","positive regulation of cell killing","1/417","102/28943",0.773015889106445,0.810327842867971,0.630029089211655,"H2-T23",1
"GO:0042158","lipoprotein biosynthetic process","1/417","102/28943",0.773015889106445,0.810327842867971,0.630029089211655,"Porcn",1
"GO:0061014","positive regulation of mRNA catabolic process","1/417","102/28943",0.773015889106445,0.810327842867971,0.630029089211655,"Dcp1b",1
"GO:0021510","spinal cord development","1/417","103/28943",0.776297757774057,0.813075552255835,0.632165430518807,"Chrd",1
"GO:0045132","meiotic chromosome segregation","1/417","103/28943",0.776297757774057,0.813075552255835,0.632165430518807,"Mapk15",1
"GO:0050795","regulation of behavior","1/417","103/28943",0.776297757774057,0.813075552255835,0.632165430518807,"Ptgds",1
"GO:0000045","autophagosome assembly","1/417","104/28943",0.779532287420667,0.81600034169467,0.634439451388882,"Rufy4",1
"GO:0090630","activation of GTPase activity","1/417","104/28943",0.779532287420667,0.81600034169467,0.634439451388882,"Cxcl13",1
"GO:0033077","T cell differentiation in thymus","1/417","105/28943",0.782720159265931,0.818873003119813,0.63667294278033,"Jag2",1
"GO:0046849","bone remodeling","1/417","105/28943",0.782720159265931,0.818873003119813,0.63667294278033,"Ceacam1",1
"GO:0045732","positive regulation of protein catabolic process","2/417","200/28943",0.785691770509623,0.821461684376148,0.638685639873911,"Mapk15/Prkn",2
"GO:0045921","positive regulation of exocytosis","1/417","106/28943",0.78586204474988,0.821461684376148,0.638685639873911,"Cacna1g",1
"GO:2000060","positive regulation of ubiquitin-dependent protein catabolic process","1/417","106/28943",0.78586204474988,0.821461684376148,0.638685639873911,"Prkn",1
"GO:0006911","phagocytosis, engulfment","2/417","201/28943",0.788007074376749,0.823470738352379,0.640247677335616,"Gulp1/C3",2
"GO:0007006","mitochondrial membrane organization","1/417","108/28943",0.792010494334175,0.827420131602087,0.643318326646203,"Chchd10",1
"GO:0140013","meiotic nuclear division","2/417","204/28943",0.794821469361926,0.829858004449716,0.645213770352505,"Sycp2/Mapk15",2
"GO:0035967","cellular response to topologically incorrect protein","1/417","109/28943",0.795018353667023,0.829858004449716,0.645213770352505,"Stc2",1
"GO:2001252","positive regulation of chromosome organization","1/417","109/28943",0.795018353667023,0.829858004449716,0.645213770352505,"Mapk15",1
"GO:0046916","cellular transition metal ion homeostasis","1/417","110/28943",0.797982817373787,0.832246486368368,0.647070812660814,"Slc40a1",1
"GO:1901800","positive regulation of proteasomal protein catabolic process","1/417","110/28943",0.797982817373787,0.832246486368368,0.647070812660814,"Prkn",1
"GO:2000243","positive regulation of reproductive process","1/417","110/28943",0.797982817373787,0.832246486368368,0.647070812660814,"Mapk15",1
"GO:0002262","myeloid cell homeostasis","2/417","206/28943",0.799256325034307,0.833339269140543,0.647920450175703,"Mertk/Hcls1",2
"GO:0099175","regulation of postsynapse organization","1/417","111/28943",0.800904510057695,0.834821979427728,0.649073255944407,"Itpka",1
"GO:0002700","regulation of production of molecular mediator of immune response","2/417","207/28943",0.801441788173562,0.834910576167266,0.649142139820989,"Cd55/Il27ra",2
"GO:0007519","skeletal muscle tissue development","2/417","207/28943",0.801441788173562,0.834910576167266,0.649142139820989,"Eln/S100b",2
"GO:0032259","methylation","4/417","382/28943",0.80264571786237,0.835928911240584,0.649933894324307,"Mettl21e/H1f2/H1f3/Airn",4
"GO:0001843","neural tube closure","1/417","112/28943",0.803784047353268,0.836642431020092,0.650488655240859,"Adm",1
"GO:1905037","autophagosome organization","1/417","112/28943",0.803784047353268,0.836642431020092,0.650488655240859,"Rufy4",1
"GO:0060606","tube closure","1/417","113/28943",0.806622036054794,0.839359796255439,0.65260140399971,"Adm",1
"GO:0099024","plasma membrane invagination","2/417","210/28943",0.807872151109505,0.839950431398562,0.653060622234099,"Gulp1/C3",2
"GO:1902107","positive regulation of leukocyte differentiation","2/417","210/28943",0.807872151109505,0.839950431398562,0.653060622234099,"Fes/Hcls1",2
"GO:1903708","positive regulation of hemopoiesis","2/417","210/28943",0.807872151109505,0.839950431398562,0.653060622234099,"Fes/Hcls1",2
"GO:0043281","regulation of cysteine-type endopeptidase activity involved in apoptotic process","2/417","211/28943",0.809974105593341,0.841898760656141,0.654575446287648,"Igf1/Dapk1",2
"GO:0030098","lymphocyte differentiation","5/417","471/28943",0.81085912172243,0.842581445932793,0.655106233409,"Mertk/Irf8/Ctla2a/Jag2/Ly6d",5
"GO:0030101","natural killer cell activation","1/417","115/28943",0.812175751409736,0.843541772336672,0.655852886229716,"Mertk",1
"GO:0044782","cilium organization","4/417","388/28943",0.812240249365349,0.843541772336672,0.655852886229716,"Meig1/Kif17/Ccdc40/Mapk15",4
"GO:0010948","negative regulation of cell cycle process","3/417","302/28943",0.812542573574152,0.843618442529744,0.655912497228321,"Fgfr2/Susd2/Fam107a",3
"GO:0048024","regulation of mRNA splicing, via spliceosome","1/417","116/28943",0.81489264858131,0.845820539376496,0.65762462532922,"Prdx6",1
"GO:0006417","regulation of translation","4/417","394/28943",0.821450858866152,0.852388018812207,0.662730834036862,"Dcp1b/Igf1/Ang3/Dapk1",4
"GO:0006906","vesicle fusion","1/417","119/28943",0.822810345936268,0.852839920605475,0.663082187230179,"Pla2g5",1
"GO:0014020","primary neural tube formation","1/417","119/28943",0.822810345936268,0.852839920605475,0.663082187230179,"Adm",1
"GO:0045666","positive regulation of neuron differentiation","1/417","119/28943",0.822810345936268,0.852839920605475,0.663082187230179,"Rnf112",1
"GO:0046634","regulation of alpha-beta T cell activation","1/417","119/28943",0.822810345936268,0.852839920605475,0.663082187230179,"Cd55",1
"GO:0010324","membrane invagination","2/417","218/28943",0.824122441464914,0.853960161068892,0.663953173072609,"Gulp1/C3",2
"GO:0006413","translational initiation","1/417","120/28943",0.825373768283776,0.854537283371761,0.664401885087185,"Eif1ad7",1
"GO:0042100","B cell proliferation","1/417","120/28943",0.825373768283776,0.854537283371761,0.664401885087185,"Cfb",1
"GO:0051702","biological process involved in interaction with symbiont","1/417","120/28943",0.825373768283776,0.854537283371761,0.664401885087185,"Prkn",1
"GO:0000819","sister chromatid segregation","2/417","219/28943",0.826064692524321,0.854773218834022,0.664585324673655,"Hecw2/Mapk15",2
"GO:0060538","skeletal muscle organ development","2/417","219/28943",0.826064692524321,0.854773218834022,0.664585324673655,"Eln/S100b",2
"GO:0090174","organelle membrane fusion","1/417","121/28943",0.827900192966344,0.856432477565633,0.665875396681724,"Pla2g5",1
"GO:0007041","lysosomal transport","1/417","122/28943",0.830390152703109,0.858527147516068,0.667504000477937,"Prkn",1
"GO:0007498","mesoderm development","1/417","122/28943",0.830390152703109,0.858527147516068,0.667504000477937,"Chrd",1
"GO:2001233","regulation of apoptotic signaling pathway","4/417","401/28943",0.831723236149625,0.859664666255436,0.668388420162677,"Agtr2/Igf1/Agt/Prkn",4
"GO:1902414","protein localization to cell junction","1/417","123/28943",0.832844172560949,0.860341545913549,0.668914693421408,"Shank1",1
"GO:1903008","organelle disassembly","1/417","123/28943",0.832844172560949,0.860341545913549,0.668914693421408,"Prkn",1
"GO:0000956","nuclear-transcribed mRNA catabolic process","1/417","124/28943",0.835262770064144,0.8623574236792,0.670482036372578,"Dcp1b",1
"GO:0002286","T cell activation involved in immune response","1/417","124/28943",0.835262770064144,0.8623574236792,0.670482036372578,"Itgal",1
"GO:0031109","microtubule polymerization or depolymerization","1/417","125/28943",0.837646455302468,0.864576660043811,0.672207490431508,"Fes",1
"GO:0002718","regulation of cytokine production involved in immune response","1/417","126/28943",0.839995731037733,0.866516970939176,0.673716080216437,"Cd55",1
"GO:1903052","positive regulation of proteolysis involved in protein catabolic process","1/417","126/28943",0.839995731037733,0.866516970939176,0.673716080216437,"Prkn",1
"GO:0043280","positive regulation of cysteine-type endopeptidase activity involved in apoptotic process","1/417","127/28943",0.842311092808815,0.86866272476261,0.675384401672931,"Dapk1",1
"GO:0019882","antigen processing and presentation","1/417","128/28943",0.844593029035172,0.870772818541708,0.677024997480538,"H2-T23",1
"GO:0000082","G1/S transition of mitotic cell cycle","2/417","230/28943",0.846189911249636,0.871932222253323,0.677926432709361,"Fam107a/Adamts1",2
"GO:0099504","synaptic vesicle cycle","2/417","230/28943",0.846189911249636,0.871932222253323,0.677926432709361,"Syn2/Adcy1",2
"GO:0006310","DNA recombination","3/417","323/28943",0.846487725609801,0.871995726269918,0.677975807018893,"Il27ra/H1f2/H1f3",3
"GO:0051592","response to calcium ion","1/417","130/28943",0.84905854354526,0.874400039824017,0.679845158407964,"Stim1",1
"GO:0007098","centrosome cycle","1/417","131/28943",0.851243063981925,0.876405296213404,0.681404243249688,"Fes",1
"GO:0051054","positive regulation of DNA metabolic process","3/417","328/28943",0.853739603559902,0.878730587215823,0.683212154683683,"Ppargc1a/Mapk15/Smoc2",3
"GO:1901216","positive regulation of neuron death","1/417","133/28943",0.855517936053429,0.880315557388311,0.684444467411166,"Musk",1
"GO:0009952","anterior/posterior pattern specification","2/417","236/28943",0.85625483169759,0.88082831948384,0.684843139428759,"Ripply1/Wnt2b",2
"GO:0001841","neural tube formation","1/417","134/28943",0.857609189807879,0.881484724045293,0.685353493320269,"Adm",1
"GO:0010212","response to ionizing radiation","1/417","134/28943",0.857609189807879,0.881484724045293,0.685353493320269,"Ifi207",1
"GO:0046467","membrane lipid biosynthetic process","1/417","134/28943",0.857609189807879,0.881484724045293,0.685353493320269,"Abca8a",1
"GO:0032984","protein-containing complex disassembly","2/417","238/28943",0.859474059506913,0.883067769155488,0.686584309313741,"Spta1/Lmod1",2
"GO:0002440","production of molecular mediator of immune response","4/417","422/28943",0.85962772544551,0.883067769155488,0.686584309313741,"Cd55/Lgals4/Il27ra/Il31ra",4
"GO:0016079","synaptic vesicle exocytosis","1/417","137/28943",0.863703499518313,0.886018037555981,0.68887814005108,"Adcy1",1
"GO:0055076","transition metal ion homeostasis","1/417","137/28943",0.863703499518313,0.886018037555981,0.68887814005108,"Slc40a1",1
"GO:0061982","meiosis I cell cycle process","1/417","137/28943",0.863703499518313,0.886018037555981,0.68887814005108,"Mapk15",1
"GO:0033044","regulation of chromosome organization","2/417","241/28943",0.864179564799319,0.886018037555981,0.68887814005108,"Hecw2/Mapk15",2
"GO:0045930","negative regulation of mitotic cell cycle","2/417","241/28943",0.864179564799319,0.886018037555981,0.68887814005108,"Fgfr2/Fam107a",2
"GO:0071241","cellular response to inorganic substance","2/417","241/28943",0.864179564799319,0.886018037555981,0.68887814005108,"Slc40a1/Aoc1",2
"GO:2001234","negative regulation of apoptotic signaling pathway","2/417","241/28943",0.864179564799319,0.886018037555981,0.68887814005108,"Igf1/Prkn",2
"GO:0032434","regulation of proteasomal ubiquitin-dependent protein catabolic process","1/417","139/28943",0.867621102262535,0.889299586216902,0.691429540860321,"Prkn",1
"GO:0045664","regulation of neuron differentiation","2/417","244/28943",0.868740439546614,0.890199750986983,0.692129418070794,"Rnf112/Nrep",2
"GO:0006119","oxidative phosphorylation","1/417","140/28943",0.869537572209644,0.890769344228081,0.692572276247356,"Chchd10",1
"GO:0008584","male gonad development","1/417","141/28943",0.871426362696349,0.892209132300311,0.693691710036765,"Ren1",1
"GO:1904375","regulation of protein localization to cell periphery","1/417","141/28943",0.871426362696349,0.892209132300311,0.693691710036765,"Misp",1
"GO:1901990","regulation of mitotic cell cycle phase transition","3/417","342/28943",0.8724771387084,0.893037315251292,0.694335621454717,"Hecw2/Fam107a/Adamts1",3
"GO:0002702","positive regulation of production of molecular mediator of immune response","1/417","142/28943",0.873287872548291,0.893371799791712,0.694595682851115,"Cd55",1
"GO:0046546","development of primary male sexual characteristics","1/417","142/28943",0.873287872548291,0.893371799791712,0.694595682851115,"Ren1",1
"GO:0006275","regulation of DNA replication","1/417","143/28943",0.875122494858189,0.894752769597461,0.695669385497028,"Mapk15",1
"GO:0035270","endocrine system development","1/417","143/28943",0.875122494858189,0.894752769597461,0.695669385497028,"Edn1",1
"GO:0000723","telomere maintenance","1/417","144/28943",0.876930617068054,0.896353222097247,0.696913735718536,"Mapk15",1
"GO:0043161","proteasome-mediated ubiquitin-dependent protein catabolic process","4/417","438/28943",0.878154571315832,0.89735584757765,0.697693276029039,"Hecw2/Ubxn11/Trim63/Prkn",4
"GO:0090316","positive regulation of intracellular protein transport","1/417","145/28943",0.878712621050228,0.897677641648435,0.697943470597959,"Hcls1",1
"GO:0006665","sphingolipid metabolic process","1/417","146/28943",0.880468883187254,0.898974313254242,0.698951631477538,"Abca8a",1
"GO:0031023","microtubule organizing center organization","1/417","146/28943",0.880468883187254,0.898974313254242,0.698951631477538,"Fes",1
"GO:0046488","phosphatidylinositol metabolic process","1/417","147/28943",0.882199774450611,0.900492553848951,0.700132062024887,"Itpka",1
"GO:0016072","rRNA metabolic process","2/417","254/28943",0.88294647230363,0.901005631770316,0.700530979596753,"Rnasel/Ang3",2
"GO:0032200","telomere organization","1/417","149/28943",0.885586901651466,0.903450356699976,0.702431750789996,"Mapk15",1
"GO:0018209","peptidyl-serine modification","3/417","354/28943",0.886817968803269,0.904456337243555,0.703213899658772,"Spock2/Agt/Hcls1",3
"GO:0030218","erythrocyte differentiation","1/417","150/28943",0.887243853169537,0.904640791466979,0.703357312633418,"Hcls1",1
"GO:0042176","regulation of protein catabolic process","3/417","355/28943",0.887945639376767,0.905106377851746,0.703719305582971,"Gfap/Mapk15/Prkn",3
"GO:0090150","establishment of protein localization to membrane","2/417","259/28943",0.889504460620563,0.906445064480021,0.704760133100592,"Grin3b/Colq",2
"GO:0099003","vesicle-mediated transport in synapse","2/417","260/28943",0.890774539631922,0.907238510433395,0.705377036537568,"Syn2/Adcy1",2
"GO:1901988","negative regulation of cell cycle phase transition","2/417","260/28943",0.890774539631922,0.907238510433395,0.705377036537568,"Susd2/Fam107a",2
"GO:0060271","cilium assembly","3/417","360/28943",0.89343490177695,0.909650665972846,0.707252485062425,"Meig1/Ccdc40/Mapk15",3
"GO:0050684","regulation of mRNA processing","1/417","154/28943",0.893635689459239,0.909650665972846,0.707252485062425,"Prdx6",1
"GO:0007034","vacuolar transport","1/417","155/28943",0.895176344483572,0.91096776842154,0.708276530901961,"Prkn",1
"GO:0001838","embryonic epithelial tube formation","1/417","159/28943",0.901119519256671,0.916763093164957,0.712782390106871,"Adm",1
"GO:0001824","blastocyst development","1/417","161/28943",0.903963820919853,0.919150213945496,0.714638374131655,"Igf1",1
"GO:0016482","cytosolic transport","1/417","161/28943",0.903963820919853,0.919150213945496,0.714638374131655,"Sybu",1
"GO:0034101","erythrocyte homeostasis","1/417","162/28943",0.905355214383699,0.920311522991359,0.715541290755955,"Hcls1",1
"GO:0140053","mitochondrial gene expression","1/417","164/28943",0.90807795778907,0.922825163819776,0.717495643991712,"Chchd10",1
"GO:0043543","protein acylation","2/417","276/28943",0.909337279190699,0.923850642479929,0.718292952626665,"Porcn/Nat8f3",2
"GO:1990778","protein localization to cell periphery","3/417","377/28943",0.910339682631655,0.924614610254765,0.718886936809245,"Misp/Ramp2/Adipoq",3
"GO:0021543","pallium development","1/417","167/28943",0.912016251840419,0.926062706764254,0.720012830400331,"Kirrel3",1
"GO:2000058","regulation of ubiquitin-dependent protein catabolic process","1/417","168/28943",0.913291245688853,0.927102358835096,0.720821158847952,"Prkn",1
"GO:0048863","stem cell differentiation","2/417","282/28943",0.915504795369769,0.929093926472014,0.72236960069829,"Fgfr2/Edn1",2
"GO:0034250","positive regulation of cellular amide metabolic process","1/417","170/28943",0.915786201499119,0.929124115398391,0.722393072558423,"Slc2a13",1
"GO:0061025","membrane fusion","1/417","171/28943",0.917006691332465,0.929885932420599,0.72298538453298,"Pla2g5",1
"GO:0016570","histone modification","4/417","480/28943",0.917040812552384,0.929885932420599,0.72298538453298,"Nat8f3/H1f2/H1f3/Airn",4
"GO:0045786","negative regulation of cell cycle","3/417","385/28943",0.917422136903941,0.930017168986642,0.723087420832119,"Fgfr2/Susd2/Fam107a",3
"GO:0009101","glycoprotein biosynthetic process","2/417","287/28943",0.920341648577297,0.932720660594944,0.725189382859786,"Igf1/Hs3st3b1",2
"GO:0030183","B cell differentiation","1/417","175/28943",0.921714713233876,0.93385585105913,0.726071992312895,"Irf8",1
"GO:2001242","regulation of intrinsic apoptotic signaling pathway","1/417","177/28943",0.923967836491018,0.935881825054826,0.727647185072849,"Prkn",1
"GO:0016573","histone acetylation","1/417","181/28943",0.92828184850611,0.939735833475338,0.73064367277392,"Nat8f3",1
"GO:1901991","negative regulation of mitotic cell cycle phase transition","1/417","181/28943",0.92828184850611,0.939735833475338,0.73064367277392,"Fam107a",1
"GO:0061136","regulation of proteasomal protein catabolic process","1/417","186/28943",0.933332562483529,0.944589863127519,0.734417675984702,"Prkn",1
"GO:0032388","positive regulation of intracellular transport","1/417","187/28943",0.934299294807637,0.945050136008163,0.734775537690101,"Hcls1",1
"GO:0043484","regulation of RNA splicing","1/417","187/28943",0.934299294807637,0.945050136008163,0.734775537690101,"Prdx6",1
"GO:0006643","membrane lipid metabolic process","1/417","188/28943",0.935252041854,0.945495766299279,0.735122014796754,"Abca8a",1
"GO:0045580","regulation of T cell differentiation","1/417","188/28943",0.935252041854,0.945495766299279,0.735122014796754,"Ctla2a",1
"GO:0098813","nuclear chromosome segregation","2/417","306/28943",0.936447290019193,0.946444947919754,0.735860002559494,"Hecw2/Mapk15",2
"GO:0000070","mitotic sister chromatid segregation","1/417","190/28943",0.937116384564776,0.946861984623194,0.736184248180262,"Hecw2",1
"GO:0072659","protein localization to plasma membrane","2/417","308/28943",0.937950782545848,0.947005950602736,0.736296181585693,"Ramp2/Adipoq",2
"GO:0006475","internal protein amino acid acetylation","1/417","191/28943",0.938028375231367,0.947005950602736,0.736296181585693,"Nat8f3",1
"GO:0018393","internal peptidyl-lysine acetylation","1/417","191/28943",0.938028375231367,0.947005950602736,0.736296181585693,"Nat8f3",1
"GO:0097193","intrinsic apoptotic signaling pathway","2/417","310/28943",0.939420539900085,0.948152168756455,0.73718736505641,"Ifi207/Prkn",2
"GO:0015931","nucleobase-containing compound transport","1/417","200/28943",0.945664797078827,0.95393290459427,0.741681881401772,"Slc28a1",1
"GO:0021915","neural tube development","1/417","200/28943",0.945664797078827,0.95393290459427,0.741681881401772,"Adm",1
"GO:0031056","regulation of histone modification","1/417","202/28943",0.947229964937564,0.955250759505459,0.742706512280147,"Airn",1
"GO:0018394","peptidyl-lysine acetylation","1/417","204/28943",0.948750151923326,0.956522545303364,0.743695324468915,"Nat8f3",1
"GO:0030217","T cell differentiation","2/417","326/28943",0.950044884216064,0.957566397085915,0.744506918188199,"Ctla2a/Jag2",2
"GO:0018105","peptidyl-serine phosphorylation","2/417","332/28943",0.953551325416171,0.960838289693369,0.747050811425505,"Agt/Hcls1",2
"GO:0042113","B cell activation","3/417","440/28943",0.953830567155103,0.96085742262937,0.747065687264154,"Irf8/Il27ra/Cfb",3
"GO:0098727","maintenance of cell number","1/417","213/28943",0.955068081195332,0.961579317091128,0.747626959487799,"Igf1",1
"GO:1902115","regulation of organelle assembly","1/417","213/28943",0.955068081195332,0.961579317091128,0.747626959487799,"Mapk15",1
"GO:0006364","rRNA processing","1/417","215/28943",0.956362961512329,0.962620516331385,0.748436490858096,"Rnasel",1
"GO:0009566","fertilization","1/417","217/28943",0.957620611949177,0.963361116979935,0.749012307123306,"Sycp2",1
"GO:0031503","protein-containing complex localization","1/417","217/28943",0.957620611949177,0.963361116979935,0.749012307123306,"Kif17",1
"GO:1903050","regulation of proteolysis involved in protein catabolic process","1/417","219/28943",0.958842100425295,0.964245762832489,0.749700118390888,"Prkn",1
"GO:0044772","mitotic cell cycle phase transition","3/417","451/28943",0.959022329664383,0.964245762832489,0.749700118390888,"Hecw2/Fam107a/Adamts1",3
"GO:0045619","regulation of lymphocyte differentiation","1/417","221/28943",0.960028464299098,0.964994579415265,0.750282322536759,"Ctla2a",1
"GO:0051651","maintenance of location in cell","1/417","232/28943",0.96596922230089,0.970701787897356,0.754719671436417,"Chchd10",1
"GO:0006473","protein acetylation","1/417","234/28943",0.966950589975888,0.971423558691423,0.755280847508556,"Nat8f3",1
"GO:0007059","chromosome segregation","2/417","369/28943",0.970498912738688,0.974723064698378,0.757846210136419,"Hecw2/Mapk15",2
"GO:0050864","regulation of B cell activation","1/417","278/28943",0.982647651088319,0.986656276262734,0.767124270219672,"Il27ra",1
"GO:0002377","immunoglobulin production","1/417","280/28943",0.983148849208225,0.986891123240013,0.767306863510154,"Il27ra",1
"GO:0006260","DNA replication","1/417","282/28943",0.983635604640865,0.987111348826875,0.767478088684179,"Mapk15",1
"GO:0000375","RNA splicing, via transesterification reactions","1/417","287/28943",0.984792002081023,0.987466613710792,0.767754306776909,"Prdx6",1
"GO:0000377","RNA splicing, via transesterification reactions with bulged adenosine as nucleophile","1/417","287/28943",0.984792002081023,0.987466613710792,0.767754306776909,"Prdx6",1
"GO:0000398","mRNA splicing, via spliceosome","1/417","287/28943",0.984792002081023,0.987466613710792,0.767754306776909,"Prdx6",1
"GO:0042254","ribosome biogenesis","1/417","299/28943",0.987245536108169,0.989658028593907,0.76945812966174,"Rnasel",1
"GO:1990830","cellular response to leukemia inhibitory factor","1/417","311/28943",0.989304031385089,0.991339379670438,0.770765378445938,"Spock2",1
"GO:1990823","response to leukemia inhibitory factor","1/417","312/28943",0.989459808798907,0.991339379670438,0.770765378445938,"Spock2",1
"GO:0006397","mRNA processing","2/417","476/28943",0.992378183495507,0.993993557641186,0.772828999169617,"Rnasel/Prdx6",2
"GO:0002429","immune response-activating cell surface receptor signaling pathway","1/417","349/28943",0.993877336151257,0.99504468080001,0.773646246376697,"Plscr2",1
"GO:0002757","immune response-activating signal transduction","1/417","350/28943",0.993966625891235,0.99504468080001,0.773646246376697,"Plscr2",1
"GO:0002768","immune response-regulating cell surface receptor signaling pathway","1/417","360/28943",0.994791096870172,0.995600089358817,0.774078075976933,"Plscr2",1
"GO:0034470","ncRNA processing","1/417","398/28943",0.997021155071458,0.997561545941415,0.775603106512584,"Rnasel",1
"GO:0022613","ribonucleoprotein complex biogenesis","1/417","418/28943",0.997780878191541,0.998051206253906,0.775983816916919,"Rnasel",1
"GO:0008380","RNA splicing","1/417","427/28943",0.998056378769046,0.998056378769046,0.775987838542279,"Prdx6",1
