embryonic_score,celltype,condition,celltype_short
-0.07322840579165801,Fibroblast 2,Control,FIB2
-0.027602187888865055,Fibroblast 2,Control,FIB2
-0.10698450709821544,Fibroblast 2,Control,FIB2
-0.12628738292993547,Fibroblast 3,Control,FIB3
-0.08217371285908197,Fibroblast 2,Control,FIB2
-0.0607019758637103,Fibroblast 1,Control,FIB1
-0.06302900075852345,Fibroblast 3,Control,FIB3
-0.0777108907956885,Fibroblast 3,Control,FIB3
-0.08317806734771722,Fibroblast 2,Control,FIB2
-0.05683774792053151,Fibroblast 3,Control,FIB3
0.010921725466890624,Fibroblast 3,Control,FIB3
-0.1531548174656789,Fibroblast 3,Control,FIB3
0.03102266944889037,Fibroblast 3,Control,FIB3
-0.07191215285734018,Fibroblast 2,Control,FIB2
-0.017213585441959767,Fibroblast 2,Control,FIB2
-0.042805821853260706,Fibroblast 1,Control,FIB1
-0.016515586978252096,Fibroblast 3,Control,FIB3
-0.056652253066578326,Fibroblast 1,Control,FIB1
-0.03350312741692441,Fibroblast 3,Control,FIB3
-0.0892759680969932,Fibroblast 3,Control,FIB3
-0.10597819536258421,Fibroblast 3,Control,FIB3
-0.1208444615335757,Fibroblast 2,Control,FIB2
0.029734885728269253,Fibroblast 1,Control,FIB1
0.07987092779230187,Fibroblast 1,Control,FIB1
-0.0239940610790585,Fibroblast 1,Control,FIB1
-0.11936338726015228,Fibroblast 3,Control,FIB3
-0.12598550038246376,Fibroblast 2,Control,FIB2
-0.1122830087464571,Fibroblast 2,Control,FIB2
-0.15972891543653026,Fibroblast 2,Control,FIB2
-0.04212311412260034,Fibroblast 2,Control,FIB2
-0.10021868759864255,Fibroblast 2,Control,FIB2
-0.10443321166007288,Fibroblast 2,Control,FIB2
-0.006378863857011072,Fibroblast 3,Control,FIB3
-0.13754601264528327,Fibroblast 2,Control,FIB2
-0.07407992479392514,Fibroblast 2,Control,FIB2
-0.1393699440985767,Fibroblast 2,Control,FIB2
-0.15268979717266354,Fibroblast 2,Control,FIB2
-0.14364202658343928,Fibroblast 2,Control,FIB2
-0.1176206272313659,Fibroblast 2,Control,FIB2
-0.14258782993306332,Fibroblast 3,Control,FIB3
-0.021699236965768184,Fibroblast 1,Control,FIB1
-0.01088617308438182,Fibroblast 2,Control,FIB2
-0.13082112876968963,Fibroblast 3,Control,FIB3
0.1402586154811902,Fibroblast 1,Control,FIB1
-0.1441026014077746,Fibroblast 2,Control,FIB2
-0.04338270255565849,Fibroblast 3,Control,FIB3
0.056044524793416955,Fibroblast 1,Control,FIB1
-0.009272269436020254,Fibroblast 2,Control,FIB2
-0.13719764923254257,Fibroblast 2,Control,FIB2
-0.07870496390677931,Fibroblast 2,Control,FIB2
-0.012670401628716944,Fibroblast 3,Control,FIB3
-0.07529378722527345,Fibroblast 2,Control,FIB2
0.0028538217294612755,Fibroblast 1,Control,FIB1
-0.11493827750526456,Fibroblast 1,Control,FIB1
-0.11585132449503432,Fibroblast 2,Control,FIB2
-0.17433520374158917,Fibroblast 2,Control,FIB2
-0.03335618726336156,Fibroblast 2,Control,FIB2
-0.1858714340034578,Fibroblast 2,Control,FIB2
0.016919452374681176,Fibroblast 3,Control,FIB3
-0.06396521947079258,Fibroblast 2,Control,FIB2
-0.062174432771375944,Fibroblast 3,Control,FIB3
-0.1252602963131948,Fibroblast 3,Control,FIB3
-0.09949468838838656,Fibroblast 3,Control,FIB3
-0.11996638236591955,Fibroblast 3,Control,FIB3
-0.14152404201075813,Fibroblast 2,Control,FIB2
-0.0082977576584032,Fibroblast 1,Control,FIB1
-0.1285594494479453,Fibroblast 2,Control,FIB2
-0.05339926431439343,Fibroblast 1,Control,FIB1
-0.11715670328740997,Fibroblast 2,Control,FIB2
-0.013513789963740204,Fibroblast 1,Control,FIB1
-0.05700016276274434,Fibroblast 1,Control,FIB1
-0.10144440052641754,Fibroblast 3,Control,FIB3
-0.06339267862371165,Fibroblast 3,Control,FIB3
-0.0738260732877397,Fibroblast 3,Control,FIB3
-0.07703067952922137,Fibroblast 3,Control,FIB3
-0.044659668405325655,Fibroblast 3,Control,FIB3
-0.07749511761241998,Fibroblast 2,Control,FIB2
-0.07953415817078638,Fibroblast 2,Control,FIB2
-0.14565757357703196,Fibroblast 3,Control,FIB3
-0.023256791426152345,Fibroblast 3,Control,FIB3
-0.05982372065046705,Fibroblast 2,Control,FIB2
-0.1165413161487311,Fibroblast 3,Control,FIB3
-0.005343918689823646,Fibroblast 1,Control,FIB1
-0.08350298217102715,Fibroblast 2,Control,FIB2
-0.04245806641828675,Fibroblast 2,Control,FIB2
0.019250066384648323,Fibroblast 1,Control,FIB1
-0.0401074977150369,Fibroblast 2,Control,FIB2
-0.10649267826653577,Fibroblast 3,Control,FIB3
-0.10168279952041914,Fibroblast 3,Control,FIB3
-0.05612849729805453,Fibroblast 2,Control,FIB2
-0.061101815594110355,Fibroblast 3,Control,FIB3
0.01499551221470001,Fibroblast 1,Control,FIB1
-0.07812773337913247,Fibroblast 3,Control,FIB3
-0.19149212519158815,Fibroblast 3,Control,FIB3
-0.04315160995960382,Fibroblast 3,Control,FIB3
-0.05761727852475774,Fibroblast 2,Control,FIB2
-0.10857322032251499,Fibroblast 2,Control,FIB2
-0.12654745982925925,Fibroblast 1,Control,FIB1
-0.10161064092730243,Fibroblast 1,Control,FIB1
-0.12483777018749476,Fibroblast 3,Control,FIB3
-0.10279528784183142,Fibroblast 3,Control,FIB3
-0.08648511456100305,Fibroblast 3,Control,FIB3
-0.012427106682265172,Fibroblast 1,Control,FIB1
0.09165463522251695,Fibroblast 1,Control,FIB1
-0.057771132232173006,Fibroblast 2,Control,FIB2
-0.039919391925050715,Fibroblast 1,Control,FIB1
-0.0017814461234155628,Fibroblast 1,Control,FIB1
-0.07087165578331689,Fibroblast 3,Control,FIB3
0.029054572177398368,Fibroblast 1,Control,FIB1
-0.13157576133766086,Fibroblast 2,Control,FIB2
-0.09822725411361687,Fibroblast 2,Control,FIB2
-0.10559360498547421,Fibroblast 2,Control,FIB2
-0.08407889221196566,Fibroblast 1,Control,FIB1
-0.006600801764428909,Fibroblast 2,Control,FIB2
-0.14659139495295104,Fibroblast 2,Control,FIB2
-0.052156046696724676,Fibroblast 3,Control,FIB3
-0.061326902352883746,Fibroblast 3,Control,FIB3
-0.07226698995142547,Fibroblast 2,Control,FIB2
-0.06141899452690279,Fibroblast 2,Control,FIB2
-0.01205048816422574,Fibroblast 1,Control,FIB1
-0.10949384340692953,Fibroblast 3,Control,FIB3
-0.0451342244858885,Fibroblast 1,Control,FIB1
-0.15896418609565574,Fibroblast 3,Control,FIB3
-0.09342236153823238,Fibroblast 3,Control,FIB3
0.009900280978343542,Fibroblast 3,Control,FIB3
-0.08268378944688004,Fibroblast 2,Control,FIB2
-0.025509268015732393,Fibroblast 1,Control,FIB1
-0.0654190207149929,Fibroblast 3,Control,FIB3
-0.07742320221520406,Fibroblast 3,Control,FIB3
-0.03203927392931936,Fibroblast 1,Control,FIB1
-0.12904379393092585,Fibroblast 2,Control,FIB2
-0.07244664454970795,Fibroblast 2,Control,FIB2
-0.060750596415119616,Fibroblast 3,Control,FIB3
0.02821509083802473,Fibroblast 1,Control,FIB1
-0.06865951688680842,Fibroblast 2,Control,FIB2
-0.12099233287569004,Fibroblast 2,Control,FIB2
0.0989977843883287,Fibroblast 1,Control,FIB1
0.0034989441398947004,Fibroblast 1,Control,FIB1
-0.1584541788628657,Fibroblast 2,Control,FIB2
-0.057863493052788095,Fibroblast 2,Control,FIB2
-0.10922785498197285,Fibroblast 2,Control,FIB2
-0.07872783409772897,Fibroblast 2,Control,FIB2
-0.1292941242077612,Fibroblast 3,Control,FIB3
-0.06722423736346383,Fibroblast 2,Control,FIB2
0.012915405337885745,Fibroblast 1,Control,FIB1
-0.22677385751136747,Fibroblast 2,Control,FIB2
-0.07385426320781979,Fibroblast 3,Control,FIB3
-0.03363743630569122,Fibroblast 1,Control,FIB1
0.0853584340357405,Fibroblast 1,Control,FIB1
-0.08473183701951711,Fibroblast 1,Control,FIB1
-0.07168545220658475,Fibroblast 3,Control,FIB3
-0.05267268883547579,Fibroblast 3,Control,FIB3
-0.09197339650138356,Fibroblast 3,Control,FIB3
-0.0481111668428957,Fibroblast 2,Control,FIB2
-0.012049390628345284,Fibroblast 3,Control,FIB3
-0.0352167852978888,Fibroblast 3,Control,FIB3
-0.131397184259678,Fibroblast 3,Control,FIB3
-0.10941398920167551,Fibroblast 2,Control,FIB2
-0.07601425736296835,Fibroblast 2,Control,FIB2
-0.0020210727724163033,Fibroblast 1,Control,FIB1
-0.04712319233886704,Fibroblast 2,Control,FIB2
-0.09982060326787463,Fibroblast 3,Control,FIB3
-0.016935058540111816,Fibroblast 1,Control,FIB1
-0.018016662163002295,Fibroblast 3,Control,FIB3
-0.06285038983814395,Fibroblast 2,Control,FIB2
-0.011255489669377006,Fibroblast 3,Control,FIB3
-0.09849613558497998,Fibroblast 2,Control,FIB2
0.02214880519378348,Fibroblast 1,Control,FIB1
-0.06742047510886705,Fibroblast 2,Control,FIB2
0.0019325529520968759,Fibroblast 1,Control,FIB1
-0.0018466350953973386,Fibroblast 1,Control,FIB1
0.027729913140676556,Fibroblast 1,Control,FIB1
-0.056581311002184685,Fibroblast 3,Control,FIB3
-0.12307597942553336,Fibroblast 2,Control,FIB2
-0.1085230366605236,Fibroblast 3,Control,FIB3
0.03614712043836967,Fibroblast 2,Control,FIB2
-0.14051515615638568,Fibroblast 3,Control,FIB3
-0.11920253934665624,Fibroblast 2,Control,FIB2
-0.017067327105301434,Fibroblast 1,Control,FIB1
-0.014957135505450588,Fibroblast 1,Control,FIB1
-0.10008244593814343,Fibroblast 3,Control,FIB3
-0.07763404438137674,Fibroblast 3,Control,FIB3
-0.1225993185147949,Fibroblast 2,Control,FIB2
-0.05889627472632885,Fibroblast 3,Control,FIB3
-0.1048826586752918,Fibroblast 2,Control,FIB2
0.10572373548263703,Fibroblast 1,Control,FIB1
-0.07733019536997558,Fibroblast 2,Control,FIB2
-0.026743680774213272,Fibroblast 3,Control,FIB3
-0.09162166851087651,Fibroblast 2,Control,FIB2
-0.08272517467292885,Fibroblast 3,Control,FIB3
-0.0641346806184949,Fibroblast 2,Control,FIB2
0.05431113349983972,Fibroblast 3,Control,FIB3
-0.10766047299451505,Fibroblast 1,Control,FIB1
-0.10661066124811841,Fibroblast 2,Control,FIB2
-0.05158203014077407,Fibroblast 3,Control,FIB3
-0.060205602925935665,Fibroblast 3,Control,FIB3
-0.04943840876946334,Fibroblast 3,Control,FIB3
-0.05906663500390817,Fibroblast 1,Control,FIB1
0.03615361806953213,Fibroblast 1,Control,FIB1
-0.12577077402902484,Fibroblast 2,Control,FIB2
-0.05760980727820872,Fibroblast 2,Control,FIB2
-0.09164829077376418,Fibroblast 2,Control,FIB2
-0.1393060928116879,Fibroblast 3,Control,FIB3
-0.06691061129841182,Fibroblast 3,Control,FIB3
-0.051970809879857874,Fibroblast 2,Control,FIB2
-0.11459037052769859,Fibroblast 2,Control,FIB2
-0.09625578189757864,Fibroblast 3,Control,FIB3
-0.06013234073981857,Fibroblast 1,Control,FIB1
0.12051935727814357,Fibroblast 1,Control,FIB1
-0.0015432967760346736,Fibroblast 1,Control,FIB1
-0.04111967938511161,Fibroblast 3,Control,FIB3
-0.06371673691862798,Fibroblast 3,Control,FIB3
-0.09995074260166464,Fibroblast 3,Control,FIB3
-0.00971213305043926,Fibroblast 3,Control,FIB3
-0.05008624617074707,Fibroblast 2,Control,FIB2
-0.12423467888413739,Fibroblast 2,Control,FIB2
-0.13602946595203652,Fibroblast 1,Control,FIB1
-0.07667837203567762,Fibroblast 3,Control,FIB3
-0.08166495972732765,Fibroblast 2,Control,FIB2
-0.10416506093413735,Fibroblast 2,Control,FIB2
-0.18441277507429982,Fibroblast 2,Control,FIB2
0.03388949000937672,Fibroblast 1,Control,FIB1
-0.1638374209290373,Fibroblast 3,Control,FIB3
-0.022086411260669937,Fibroblast 3,Control,FIB3
-0.0639160304492685,Fibroblast 2,Control,FIB2
-0.0944564920289035,Fibroblast 3,Control,FIB3
-0.029940562389934276,Fibroblast 1,Control,FIB1
-0.09206954997622302,Fibroblast 2,Control,FIB2
-0.1517114666505635,Fibroblast 3,Control,FIB3
-0.02942023366108207,Fibroblast 3,Control,FIB3
-0.08962247108986453,Fibroblast 2,Control,FIB2
-0.024523737280110276,Fibroblast 1,Control,FIB1
-0.015750138993454732,Fibroblast 2,Control,FIB2
-0.10496006571207026,Fibroblast 2,Control,FIB2
-0.0983780169126828,Fibroblast 1,Control,FIB1
-0.050449662348420854,Fibroblast 1,Control,FIB1
-0.1199679606892137,Fibroblast 2,Control,FIB2
-0.0748226305787428,Fibroblast 2,Control,FIB2
-0.15387323034019407,Fibroblast 2,Control,FIB2
-0.15835648664536373,Fibroblast 3,Control,FIB3
-0.13993139258512052,Fibroblast 3,Control,FIB3
-0.0926511062063442,Fibroblast 1,Control,FIB1
-0.023703603854974997,Fibroblast 3,Control,FIB3
-0.16227769778581472,Fibroblast 2,Control,FIB2
-0.07646242151349412,Fibroblast 2,Control,FIB2
-0.0591677975704153,Fibroblast 2,Control,FIB2
-0.1152659091787322,Fibroblast 3,Control,FIB3
0.08481914736883267,Fibroblast 3,Control,FIB3
-0.1349021875777858,Fibroblast 2,Control,FIB2
-0.17206366737578957,Fibroblast 2,Control,FIB2
-0.13339784173527605,Fibroblast 3,Control,FIB3
0.017313687806069365,Fibroblast 1,Control,FIB1
-0.06862003977592371,Fibroblast 3,Control,FIB3
-0.06486005649662749,Fibroblast 3,Control,FIB3
-0.14296820941087574,Fibroblast 3,Control,FIB3
-0.0375973750164631,Fibroblast 2,Control,FIB2
-0.05651205876391124,Fibroblast 2,Control,FIB2
-0.017030758131801407,Fibroblast 1,Control,FIB1
-0.013195271034988736,Fibroblast 1,Control,FIB1
-0.093423211664066,Fibroblast 2,Control,FIB2
-0.04844519622987135,Fibroblast 3,Control,FIB3
-0.11947780912078833,Fibroblast 2,Control,FIB2
-0.18861612018791413,Fibroblast 3,Control,FIB3
-0.027436029565406254,Fibroblast 2,Control,FIB2
-0.1045962233913535,Fibroblast 1,Control,FIB1
0.047160444872963614,Fibroblast 1,Control,FIB1
-0.10061240356406698,Fibroblast 1,Control,FIB1
-0.13736581094915865,Fibroblast 2,Control,FIB2
-0.06559583277593974,Fibroblast 2,Control,FIB2
-0.10069230724019493,Fibroblast 3,Control,FIB3
-0.15257909919960372,Fibroblast 3,Control,FIB3
-0.2103173192038108,Fibroblast 3,Control,FIB3
-0.1067283759549801,Fibroblast 2,Control,FIB2
-0.0291410072957552,Fibroblast 1,Control,FIB1
-0.09180578816489667,Fibroblast 2,Control,FIB2
0.0048242622526740876,Fibroblast 3,Control,FIB3
0.03371243042833306,Fibroblast 2,Control,FIB2
-0.20551249390711923,Fibroblast 2,Control,FIB2
-0.1299579260235575,Fibroblast 2,Control,FIB2
-0.07515261627427146,Fibroblast 1,Control,FIB1
-0.045997076199110656,Fibroblast 1,Control,FIB1
-0.04196689888286555,Fibroblast 3,Control,FIB3
-0.08631253812718398,Fibroblast 2,Control,FIB2
-0.12470815493809567,Fibroblast 3,Control,FIB3
-0.01055592126092324,Fibroblast 3,Control,FIB3
0.0023326065827156406,Fibroblast 1,Control,FIB1
-0.11381903608461816,Fibroblast 3,Control,FIB3
-0.09969626871077683,Fibroblast 3,Control,FIB3
-0.15780814610110203,Fibroblast 2,Control,FIB2
0.054646723474539215,Fibroblast 1,Control,FIB1
-0.09660095368101336,Fibroblast 3,Control,FIB3
-0.07794028294521568,Fibroblast 2,Control,FIB2
-0.007272991569093826,Fibroblast 3,Control,FIB3
-0.12523878454454315,Fibroblast 2,Control,FIB2
-0.07748245820485233,Fibroblast 3,Control,FIB3
0.0016293887502757112,Fibroblast 3,Control,FIB3
0.03666842040259376,Fibroblast 1,Control,FIB1
-0.10004861635084492,Fibroblast 3,Control,FIB3
0.017590153841800547,Fibroblast 1,Control,FIB1
-0.03398178633914012,Fibroblast 1,Control,FIB1
-0.07428178525868934,Fibroblast 2,Control,FIB2
-0.12098869633300155,Fibroblast 1,Control,FIB1
-0.03931081493138092,Fibroblast 2,Control,FIB2
-0.04651967602912556,Fibroblast 3,Control,FIB3
-0.06350531727111014,Fibroblast 1,Control,FIB1
-0.06930894954098077,Fibroblast 2,Control,FIB2
-0.1343795138615403,Fibroblast 3,Control,FIB3
-0.074233787771402,Fibroblast 1,Control,FIB1
-0.18122968889868393,Fibroblast 3,Control,FIB3
-0.011152725758287421,Fibroblast 1,Control,FIB1
-0.13311210160929535,Fibroblast 2,Control,FIB2
-0.06618089216935338,Fibroblast 2,Control,FIB2
0.062309932114145185,Fibroblast 1,Control,FIB1
-0.051426467738546436,Fibroblast 2,Control,FIB2
-0.07070468748345442,Fibroblast 1,Control,FIB1
-0.10802915744649279,Fibroblast 3,Control,FIB3
-0.01695242606769595,Fibroblast 3,Control,FIB3
-0.028160126668593737,Fibroblast 3,Control,FIB3
-0.08644045928126158,Fibroblast 3,Control,FIB3
-0.08967368065279624,Fibroblast 2,Control,FIB2
0.0010727211524230017,Fibroblast 3,Control,FIB3
-0.07597746863346246,Fibroblast 3,Control,FIB3
-0.05910727283748536,Fibroblast 2,Control,FIB2
-0.08028024045322536,Fibroblast 2,Control,FIB2
-0.10065089962747802,Fibroblast 2,Control,FIB2
-0.0011901449977079204,Fibroblast 3,Control,FIB3
-0.08770821748153751,Fibroblast 3,Control,FIB3
-0.080528217637364,Fibroblast 2,Control,FIB2
-0.06768894449506603,Fibroblast 1,Control,FIB1
-0.1413019799911941,Fibroblast 2,Control,FIB2
0.10335411944267095,Fibroblast 3,Control,FIB3
-0.09784417730576121,Fibroblast 3,Control,FIB3
0.02209836051339447,Fibroblast 1,Control,FIB1
-0.12119192549975905,Fibroblast 3,Control,FIB3
-0.1703487737286185,Fibroblast 2,Control,FIB2
-0.02152224876226294,Fibroblast 1,Control,FIB1
-0.11415238351249052,Fibroblast 3,Control,FIB3
-0.0749379057714948,Fibroblast 3,Control,FIB3
-0.12278002346020417,Fibroblast 2,Control,FIB2
-0.027816231803425854,Fibroblast 2,Control,FIB2
0.03658087308923427,Fibroblast 2,Control,FIB2
-0.06999265613066714,Fibroblast 3,Control,FIB3
-0.10783658813761336,Fibroblast 2,Control,FIB2
-0.09369219726175691,Fibroblast 2,Control,FIB2
-0.12912063365761567,Fibroblast 1,Control,FIB1
-0.15749651956027752,Fibroblast 1,Control,FIB1
-0.06576180999600736,Fibroblast 3,Control,FIB3
-0.11506332056581832,Fibroblast 2,Control,FIB2
-0.13008711518531757,Fibroblast 2,Control,FIB2
-0.043758298715905114,Fibroblast 2,Control,FIB2
-0.09348833587077583,Fibroblast 3,Control,FIB3
-0.12228810165857897,Fibroblast 2,Control,FIB2
-0.2098930718555772,Fibroblast 3,Control,FIB3
-0.06537089009025596,Fibroblast 3,Control,FIB3
-0.07702140943892002,Fibroblast 1,Control,FIB1
0.006205952183784297,Fibroblast 3,Control,FIB3
0.045855296505513655,Fibroblast 1,Control,FIB1
0.09227481124120752,Fibroblast 1,Control,FIB1
-0.11391768368136801,Fibroblast 2,Control,FIB2
-0.07130842513028916,Fibroblast 3,Control,FIB3
0.002601943970910574,Fibroblast 3,Control,FIB3
-0.06523970711469508,Fibroblast 3,Control,FIB3
-0.060258684694309915,Fibroblast 3,Control,FIB3
-0.1144879308887184,Fibroblast 2,Control,FIB2
-0.15885910364290587,Fibroblast 3,Control,FIB3
-0.09090678682632788,Fibroblast 2,Control,FIB2
-0.022525422665488237,Fibroblast 1,Control,FIB1
-0.08054602061968018,Fibroblast 3,Control,FIB3
-0.04434734378170305,Fibroblast 2,Control,FIB2
0.005313049280088813,Fibroblast 3,Control,FIB3
-0.09862506428622664,Fibroblast 2,Control,FIB2
0.006816026976930491,Fibroblast 2,Control,FIB2
-0.10556581503415949,Fibroblast 2,Control,FIB2
-0.05650703947513308,Fibroblast 3,Control,FIB3
-0.11279300551402979,Fibroblast 2,Control,FIB2
0.04645493859154658,Fibroblast 1,Control,FIB1
-0.03026607301034806,Fibroblast 2,Control,FIB2
-0.010308470930200677,Fibroblast 3,Control,FIB3
-0.07890929434428272,Fibroblast 2,Control,FIB2
0.13218208154535363,Fibroblast 1,Control,FIB1
-0.04786039005606103,Fibroblast 2,Control,FIB2
-0.09763199449989456,Fibroblast 1,Control,FIB1
-0.03704556944287815,Fibroblast 3,Control,FIB3
-0.19633187182586778,Fibroblast 2,Control,FIB2
-0.08013672407665859,Fibroblast 2,Control,FIB2
-0.0841520637892662,Fibroblast 1,Control,FIB1
-0.05278966803082648,Fibroblast 2,Control,FIB2
-0.08110570469421098,Fibroblast 2,Control,FIB2
-0.15125663317872767,Fibroblast 3,Control,FIB3
0.06039934523402826,Fibroblast 1,Control,FIB1
-0.05627965826256944,Fibroblast 2,Control,FIB2
-0.06360688833191429,Fibroblast 3,Control,FIB3
-0.04225427298414284,Fibroblast 3,Control,FIB3
-0.006167537595053823,Fibroblast 3,Control,FIB3
-0.07160985352850767,Fibroblast 2,Control,FIB2
-0.0930772753083113,Fibroblast 3,Control,FIB3
-0.03925167471394063,Fibroblast 1,Control,FIB1
0.062959648972886,Fibroblast 1,Control,FIB1
-0.04406385093335377,Fibroblast 1,Control,FIB1
-0.09715258430864993,Fibroblast 2,Control,FIB2
-0.05133274969755952,Fibroblast 3,Control,FIB3
-0.07517202767595478,Fibroblast 3,Control,FIB3
-0.11448996956483087,Fibroblast 3,Control,FIB3
-0.16093673006643006,Fibroblast 2,Control,FIB2
-0.12087497439173436,Fibroblast 3,Control,FIB3
-0.03949887845407263,Fibroblast 1,Control,FIB1
-0.018848297788910673,Fibroblast 2,Control,FIB2
-0.11505974218262283,Fibroblast 2,Control,FIB2
-0.16919479428863665,Fibroblast 3,Control,FIB3
-0.09612125061993065,Fibroblast 3,Control,FIB3
-0.05014999929011216,Fibroblast 1,Control,FIB1
-0.06533693596691549,Fibroblast 3,Control,FIB3
-0.09280336073644542,Fibroblast 1,Control,FIB1
-0.022847086016478835,Fibroblast 3,Control,FIB3
-0.038734278309475074,Fibroblast 3,Control,FIB3
-0.12161558765695316,Fibroblast 2,Control,FIB2
-0.03463750972468495,Fibroblast 2,Control,FIB2
-0.05465135778042268,Fibroblast 2,Control,FIB2
-0.026638559179179185,Fibroblast 3,Control,FIB3
-0.09443256124447397,Fibroblast 3,Control,FIB3
-0.008732907256486719,Fibroblast 3,Control,FIB3
-0.11042289426454682,Fibroblast 2,Control,FIB2
-0.05224855428909615,Fibroblast 3,Control,FIB3
-0.15155810289551933,Fibroblast 3,Control,FIB3
0.02383384710024265,Fibroblast 1,Control,FIB1
-0.15804229548457027,Fibroblast 3,Control,FIB3
-0.09725537871954422,Fibroblast 3,Control,FIB3
0.07493911200746087,Fibroblast 3,Control,FIB3
-0.08843558501412706,Fibroblast 3,Control,FIB3
-0.17611476122101488,Fibroblast 2,Control,FIB2
-0.11195809273970107,Fibroblast 2,Control,FIB2
-0.09788742117929473,Fibroblast 1,Control,FIB1
-0.102851507902986,Fibroblast 2,Control,FIB2
0.06934200580361233,Fibroblast 1,Control,FIB1
-0.05254201011377403,Fibroblast 3,Control,FIB3
-0.12988948846464654,Fibroblast 2,Control,FIB2
0.07934964290196186,Fibroblast 1,Control,FIB1
-0.017151264122990117,Fibroblast 1,Control,FIB1
0.10078720989537389,Fibroblast 4,Control,FIB4
-0.16883034952691472,Fibroblast 3,Control,FIB3
-0.05754331277343787,Fibroblast 3,Control,FIB3
-0.12388007373289424,Fibroblast 1,Control,FIB1
-0.0366647291652563,Fibroblast 2,Control,FIB2
-0.16435407330718146,Fibroblast 2,Control,FIB2
-0.029174306126269936,Fibroblast 1,Control,FIB1
0.03825610457320893,Fibroblast 1,Control,FIB1
-0.11950323577152323,Fibroblast 2,Control,FIB2
-0.08606880300991167,Fibroblast 2,Control,FIB2
0.16136543869859402,Fibroblast 1,Control,FIB1
-0.08703764974149106,Fibroblast 3,Control,FIB3
-0.05329451466085325,Fibroblast 3,Control,FIB3
-0.029894229374702562,Fibroblast 2,Control,FIB2
-0.04555627598636504,Fibroblast 3,Control,FIB3
-0.09986434670050795,Fibroblast 2,Control,FIB2
-0.01901989374887894,Fibroblast 3,Control,FIB3
-0.06768012365454662,Fibroblast 3,Control,FIB3
-0.09220666266531174,Fibroblast 2,Control,FIB2
-0.023367699738277216,Fibroblast 1,Control,FIB1
-0.11332285618582001,Fibroblast 3,Control,FIB3
-0.07346598415013007,Fibroblast 3,Control,FIB3
-0.14597812950369438,Fibroblast 2,Control,FIB2
-0.16492714515068235,Fibroblast 2,Control,FIB2
-0.15867615985546715,Fibroblast 2,Control,FIB2
-0.05620500484366964,Fibroblast 2,Control,FIB2
-0.07508970476492788,Fibroblast 3,Control,FIB3
-0.08182813055665379,Fibroblast 3,Control,FIB3
-0.07776717430525049,Fibroblast 1,Control,FIB1
-0.04867370304162822,Fibroblast 2,Control,FIB2
-0.08234763960278477,Fibroblast 3,Control,FIB3
-0.1437129684942966,Fibroblast 2,Control,FIB2
-0.029037709624218297,Fibroblast 1,Control,FIB1
-0.1379076282816007,Fibroblast 2,Control,FIB2
0.025316391575820357,Fibroblast 1,Control,FIB1
-0.05684891156575379,Fibroblast 3,Control,FIB3
-0.11611479767995182,Fibroblast 2,Control,FIB2
-0.1125450958797086,Fibroblast 3,Control,FIB3
-0.17650460362386344,Fibroblast 2,Control,FIB2
-0.1400999480712496,Fibroblast 2,Control,FIB2
-0.09480403441803555,Fibroblast 2,Control,FIB2
-0.04027467617478386,Fibroblast 1,Control,FIB1
-0.11321431873091735,Fibroblast 2,Control,FIB2
-0.14247755073082674,Fibroblast 2,Control,FIB2
-0.05433833444418639,Fibroblast 2,Control,FIB2
0.03543017985720787,Fibroblast 3,Control,FIB3
-0.13075044171411176,Fibroblast 3,Control,FIB3
-0.03170376508235641,Fibroblast 1,Control,FIB1
-0.09799907687267492,Fibroblast 3,Control,FIB3
-0.1751525521357215,Fibroblast 3,Control,FIB3
-0.055214813589079814,Fibroblast 1,Control,FIB1
-0.06262394922200007,Fibroblast 1,Control,FIB1
-0.061258337218066644,Fibroblast 2,Control,FIB2
-0.06551443515835624,Fibroblast 3,Control,FIB3
-0.08405523627885741,Fibroblast 2,Control,FIB2
-0.06264441739457687,Fibroblast 1,Control,FIB1
-0.0833763653997443,Fibroblast 3,Control,FIB3
0.0130175070268044,Fibroblast 3,Control,FIB3
-0.012281088890634288,Fibroblast 2,Control,FIB2
0.07731078530727653,Fibroblast 1,Control,FIB1
-0.12107253049100235,Fibroblast 1,Control,FIB1
-0.10026418499423462,Fibroblast 2,Control,FIB2
0.024991800927140623,Fibroblast 1,Control,FIB1
-0.052262933769236214,Fibroblast 2,Control,FIB2
-0.11291933710922242,Fibroblast 2,Control,FIB2
-0.14447929370933854,Fibroblast 1,Control,FIB1
-0.06904407722444028,Fibroblast 1,Control,FIB1
-0.10754917899953424,Fibroblast 3,Control,FIB3
-0.06295780125420951,Fibroblast 3,Control,FIB3
-0.08088405472478545,Fibroblast 1,Control,FIB1
-0.038601241009665624,Fibroblast 3,Control,FIB3
0.015040126541546649,Fibroblast 1,Control,FIB1
-0.1289907334520895,Fibroblast 1,Control,FIB1
-0.04901632776877492,Fibroblast 1,Control,FIB1
-0.09069650187499083,Fibroblast 2,Control,FIB2
-0.11968157620488121,Fibroblast 3,Control,FIB3
-0.030207948267923446,Fibroblast 2,Control,FIB2
-0.058238849901058314,Fibroblast 3,Control,FIB3
-0.11754546275285724,Fibroblast 1,Control,FIB1
0.056044042327934016,Fibroblast 1,Control,FIB1
-0.013824713746632765,Fibroblast 3,Control,FIB3
-0.10072770304630643,Fibroblast 1,Control,FIB1
-0.08644283164654215,Fibroblast 2,Control,FIB2
-0.1043328556677203,Fibroblast 1,Control,FIB1
-0.04593619506007552,Fibroblast 1,Control,FIB1
-0.00038091781604743594,Fibroblast 3,Control,FIB3
-0.05006447433546987,Fibroblast 3,Control,FIB3
-0.10230006098016522,Fibroblast 2,Control,FIB2
-0.0106767674902646,Fibroblast 1,Control,FIB1
-0.030414815598650398,Fibroblast 2,Control,FIB2
-0.021849305350212955,Fibroblast 1,Control,FIB1
-0.05224264170967133,Fibroblast 3,Control,FIB3
0.008511235310706168,Fibroblast 1,Control,FIB1
0.0687316334867069,Fibroblast 2,Control,FIB2
-0.09981703257175684,Fibroblast 3,Control,FIB3
-0.11963557916631432,Fibroblast 2,Control,FIB2
-0.016032536217851938,Fibroblast 2,Control,FIB2
-0.14987459277666074,Fibroblast 2,Control,FIB2
-0.02126888999223201,Fibroblast 2,Control,FIB2
-0.07189087885037626,Fibroblast 3,Control,FIB3
-0.11448692493390071,Fibroblast 2,Control,FIB2
-0.15002710785737777,Fibroblast 2,Control,FIB2
-0.06646300182315228,Fibroblast 3,Control,FIB3
-0.13374970067295455,Fibroblast 3,Control,FIB3
-0.12410939666973995,Fibroblast 3,Control,FIB3
0.12646876245225253,Fibroblast 1,Control,FIB1
-0.055347443015322864,Fibroblast 2,Control,FIB2
-0.07356497016142405,Fibroblast 2,Control,FIB2
0.024938762626411357,Fibroblast 3,Control,FIB3
-0.09680589579076637,Fibroblast 2,Control,FIB2
-0.11154781346004056,Fibroblast 2,Control,FIB2
-0.16071478529834993,Fibroblast 2,Control,FIB2
-0.10931344199910234,Fibroblast 3,Control,FIB3
0.008224056075896703,Fibroblast 3,Control,FIB3
0.01293407058809986,Fibroblast 1,Control,FIB1
-0.01584671547595983,Fibroblast 1,Control,FIB1
-0.11687854659388584,Fibroblast 2,Control,FIB2
-0.08521650091238597,Fibroblast 2,Control,FIB2
-0.19368179467637028,Fibroblast 2,Control,FIB2
-0.13910603335428853,Fibroblast 3,Control,FIB3
-0.12386337577819673,Fibroblast 2,Control,FIB2
-0.11464663319469276,Fibroblast 3,Control,FIB3
-0.1968515772863329,Fibroblast 2,Control,FIB2
-0.0937131230301783,Fibroblast 3,Control,FIB3
-0.06014468080214387,Fibroblast 1,Control,FIB1
-0.030673612528131774,Fibroblast 3,Control,FIB3
-0.0927755897268487,Fibroblast 2,Control,FIB2
-0.0175380677313385,Fibroblast 1,Control,FIB1
-0.015047183892385818,Fibroblast 1,Control,FIB1
-0.09006829862405114,Fibroblast 2,Control,FIB2
-0.1607868445941284,Fibroblast 2,Control,FIB2
-0.09759214982762593,Fibroblast 3,Control,FIB3
-0.047062904730795004,Fibroblast 3,Control,FIB3
-0.04952841204761889,Fibroblast 1,Control,FIB1
-0.15132615020688217,Fibroblast 2,Control,FIB2
-0.07985818447585756,Fibroblast 2,Control,FIB2
-0.12533239253592018,Fibroblast 2,Control,FIB2
-0.12830015803016076,Fibroblast 1,Control,FIB1
0.053650326712630377,Fibroblast 2,Control,FIB2
-0.027626987270635277,Fibroblast 3,Control,FIB3
-0.08194711044552708,Fibroblast 3,Control,FIB3
-0.007754894858105294,Fibroblast 3,Control,FIB3
-0.09312022498627548,Fibroblast 3,Control,FIB3
0.0880682546270191,Fibroblast 3,Control,FIB3
0.03612280276088007,Fibroblast 1,Control,FIB1
-0.059078747642961615,Fibroblast 3,Control,FIB3
-0.15970526494351214,Fibroblast 1,Control,FIB1
-0.006085301073748009,Fibroblast 2,Control,FIB2
-0.1100874948500111,Fibroblast 2,Control,FIB2
-0.17185008173511565,Fibroblast 3,Control,FIB3
-0.02670770693612568,Fibroblast 1,Control,FIB1
-0.12434624590822854,Fibroblast 2,Control,FIB2
0.008161174743200258,Fibroblast 3,Control,FIB3
-0.12163779552369788,Fibroblast 2,Control,FIB2
-0.0878564430784291,Fibroblast 2,Control,FIB2
-0.07825123296106823,Fibroblast 3,Control,FIB3
0.012131867467975635,Fibroblast 1,Control,FIB1
-0.1114447620894104,Fibroblast 3,Control,FIB3
0.015613927137722507,Fibroblast 1,Control,FIB1
-0.09515450600428321,Fibroblast 2,Control,FIB2
-0.14245708112859934,Fibroblast 2,Control,FIB2
-0.011279754005982323,Fibroblast 1,Control,FIB1
0.049130732403510166,Fibroblast 1,Control,FIB1
-0.08871496734430462,Fibroblast 3,Control,FIB3
-0.12242272108354924,Fibroblast 2,Control,FIB2
-0.08478507861765332,Fibroblast 3,Control,FIB3
-0.13777729948624856,Fibroblast 2,Control,FIB2
-0.049935951571010606,Fibroblast 3,Control,FIB3
-0.005791985563230882,Fibroblast 1,Control,FIB1
0.023081387352489928,Fibroblast 1,Control,FIB1
0.054248108615943924,Fibroblast 1,Control,FIB1
-0.08464601137615096,Fibroblast 2,Control,FIB2
-0.10336958895771749,Fibroblast 3,Control,FIB3
-0.10570687381631494,Fibroblast 2,Control,FIB2
-0.0869399587932003,Fibroblast 2,Control,FIB2
-0.04811785286046813,Fibroblast 3,Control,FIB3
-0.08575687205936894,Fibroblast 3,Control,FIB3
-0.12486224570002864,Fibroblast 3,Control,FIB3
-0.17766378577232242,Fibroblast 2,Control,FIB2
-0.16495224644171722,Fibroblast 2,Control,FIB2
-0.06268681475105213,Fibroblast 1,Control,FIB1
-0.0767846568974781,Fibroblast 2,Control,FIB2
-0.06461726467634825,Fibroblast 1,Control,FIB1
-0.1737789490230539,Fibroblast 2,Control,FIB2
-0.05849005616223908,Fibroblast 3,Control,FIB3
-0.055297771464259515,Fibroblast 3,Control,FIB3
-0.07693465202149774,Fibroblast 2,Control,FIB2
-0.06186687396190375,Fibroblast 3,Control,FIB3
-0.07603651453481167,Fibroblast 3,Control,FIB3
0.03929681232949653,Fibroblast 1,Control,FIB1
-0.09963493235300074,Fibroblast 3,Control,FIB3
-0.13730348490494942,Fibroblast 2,Control,FIB2
-0.09357312999244508,Fibroblast 3,Control,FIB3
-0.022021588769523096,Fibroblast 3,Control,FIB3
-0.1417636816792855,Fibroblast 2,Control,FIB2
-0.15071391051494365,Fibroblast 3,Control,FIB3
-0.09834011614229797,Fibroblast 3,Control,FIB3
-0.04726455526778223,Fibroblast 1,Control,FIB1
-0.049952786694037646,Fibroblast 2,Control,FIB2
-0.09273001281039384,Fibroblast 2,Control,FIB2
0.07303171826042217,Fibroblast 1,Control,FIB1
-0.11991362613828795,Fibroblast 2,Control,FIB2
-0.07327070900359035,Fibroblast 2,Control,FIB2
-0.04410083035663199,Fibroblast 1,Control,FIB1
-0.05931407902584936,Fibroblast 3,Control,FIB3
-0.13764795208467737,Fibroblast 2,Control,FIB2
-0.03922540008878959,Fibroblast 3,Control,FIB3
-0.06692079702564657,Fibroblast 2,Control,FIB2
-0.05404899442543055,Fibroblast 1,Control,FIB1
0.019529186609552756,Fibroblast 3,Control,FIB3
-0.15516773703158043,Fibroblast 3,Control,FIB3
-0.14063664683461474,Fibroblast 2,Control,FIB2
-0.10649054253897552,Fibroblast 2,Control,FIB2
-0.09289699732184235,Fibroblast 3,Control,FIB3
-0.10877858066500382,Fibroblast 2,Control,FIB2
-0.10446392173029884,Fibroblast 1,Control,FIB1
-0.12316746306401559,Fibroblast 3,Control,FIB3
-0.10620804732420144,Fibroblast 2,Control,FIB2
-0.03082158195038654,Fibroblast 2,Control,FIB2
-0.052129414124106335,Fibroblast 3,Control,FIB3
-0.08949248460115798,Fibroblast 3,Control,FIB3
-0.14813571472298537,Fibroblast 2,Control,FIB2
-0.03142619673932513,Fibroblast 3,Control,FIB3
-0.050759479856485455,Fibroblast 3,Control,FIB3
-0.04992445796813148,Fibroblast 3,Control,FIB3
-0.08961418354110173,Fibroblast 2,Control,FIB2
-0.12943537594019977,Fibroblast 3,Control,FIB3
-0.08017079403540255,Fibroblast 3,Control,FIB3
-0.06732434916202493,Fibroblast 1,Control,FIB1
0.038340951639845605,Fibroblast 3,Control,FIB3
-0.10374029739990617,Fibroblast 1,Control,FIB1
-0.09110177952180643,Fibroblast 2,Control,FIB2
-0.03953701901450052,Fibroblast 2,Control,FIB2
-0.042398924794662174,Fibroblast 1,Control,FIB1
0.003466769697804857,Fibroblast 1,Control,FIB1
-0.07616904403444327,Fibroblast 1,Control,FIB1
-0.10066696145981784,Fibroblast 2,Control,FIB2
-0.10676412482652811,Fibroblast 1,Control,FIB1
-0.0975702372933918,Fibroblast 3,Control,FIB3
-0.056990884430303514,Fibroblast 2,Control,FIB2
-0.09332648088521467,Fibroblast 2,Control,FIB2
-0.03304290876346148,Fibroblast 3,Control,FIB3
-0.06747851928483113,Fibroblast 2,Control,FIB2
-0.01621980255209718,Fibroblast 1,Control,FIB1
0.03583318758349281,Fibroblast 1,Control,FIB1
0.008321755916161383,Fibroblast 1,Control,FIB1
-0.12490612831136311,Fibroblast 3,Control,FIB3
-0.13640665794607487,Fibroblast 2,Control,FIB2
-0.10923654357980767,Fibroblast 3,Control,FIB3
-0.13296868828365993,Fibroblast 2,Control,FIB2
-0.1866060486513518,Fibroblast 3,Control,FIB3
-0.12119493365618421,Fibroblast 2,Control,FIB2
-0.040156118126006474,Fibroblast 2,Control,FIB2
0.045071670666133226,Fibroblast 1,Control,FIB1
-0.0959441328090273,Fibroblast 3,Control,FIB3
-0.0940832503196509,Fibroblast 3,Control,FIB3
-0.1422311596649356,Fibroblast 2,Control,FIB2
-0.06846189793505296,Fibroblast 3,Control,FIB3
-0.10020783910094658,Fibroblast 3,Control,FIB3
-0.08887873461684394,Fibroblast 2,Control,FIB2
-0.1606120671293673,Fibroblast 3,Control,FIB3
0.013080883482285102,Fibroblast 1,Control,FIB1
-0.13356393672856215,Fibroblast 3,Control,FIB3
-0.11680241965101121,Fibroblast 3,Control,FIB3
-0.061978765029419645,Fibroblast 3,Control,FIB3
-0.12171742367341445,Fibroblast 2,Control,FIB2
-0.050150067306237965,Fibroblast 1,Control,FIB1
-0.1900397524964913,Fibroblast 3,Control,FIB3
-0.04076190912911214,Fibroblast 2,Control,FIB2
-0.05517136460441294,Fibroblast 1,Control,FIB1
-0.08763034473318865,Fibroblast 3,Control,FIB3
-0.006025022277696607,Fibroblast 1,Control,FIB1
-0.050898524397298014,Fibroblast 2,Control,FIB2
-0.07413692956517498,Fibroblast 3,Control,FIB3
-0.11303088719414611,Fibroblast 2,Control,FIB2
-0.08540490255628523,Fibroblast 3,Control,FIB3
-0.005209873347010388,Fibroblast 1,Control,FIB1
0.026482133003132992,Fibroblast 1,Control,FIB1
-0.10025256279653454,Fibroblast 3,Control,FIB3
-0.061698085716264686,Fibroblast 3,Control,FIB3
0.06795643252937278,Fibroblast 1,Control,FIB1
-0.08878546536863217,Fibroblast 3,Control,FIB3
-0.14290153011060894,Fibroblast 2,Control,FIB2
-0.07594403114086835,Fibroblast 2,Control,FIB2
0.022927458603207662,Fibroblast 1,Control,FIB1
-0.16619595912492768,Fibroblast 2,Control,FIB2
-0.03855044078229711,Fibroblast 3,Control,FIB3
-0.030403939801064248,Fibroblast 2,Control,FIB2
-0.0575491261072715,Fibroblast 3,Control,FIB3
0.06330108104128623,Fibroblast 1,Control,FIB1
-0.04399478647743273,Fibroblast 2,Control,FIB2
-0.01837084072909185,Fibroblast 3,Control,FIB3
0.009136309890326908,Fibroblast 3,Control,FIB3
-0.042995575257041306,Fibroblast 2,Control,FIB2
-0.1569125431813751,Fibroblast 2,Control,FIB2
-0.03259949092994746,Fibroblast 1,Control,FIB1
-0.0255973134241659,Fibroblast 1,Control,FIB1
0.00134361076105724,Fibroblast 1,Control,FIB1
-0.011913593153861403,Fibroblast 3,Control,FIB3
-0.08588577271566114,Fibroblast 3,Control,FIB3
-0.12634110709835256,Fibroblast 3,Control,FIB3
-0.0024629262280497777,Fibroblast 1,Control,FIB1
-0.1486351544462158,Fibroblast 2,Control,FIB2
-0.11765063731325266,Fibroblast 3,Control,FIB3
-0.05597843088816141,Fibroblast 3,Control,FIB3
-0.04447840171384786,Fibroblast 3,Control,FIB3
-0.1184952050067875,Fibroblast 1,Control,FIB1
-0.050227936301145644,Fibroblast 1,Control,FIB1
-0.0007116728540569038,Fibroblast 1,Control,FIB1
-0.10323219756782034,Fibroblast 3,Control,FIB3
-0.09957876599054832,Fibroblast 2,Control,FIB2
-0.024350788233560874,Fibroblast 3,Control,FIB3
0.06632971604101547,Fibroblast 4,Control,FIB4
-0.1888018328201067,Fibroblast 3,Control,FIB3
0.0026731973708732128,Fibroblast 3,Control,FIB3
-0.10611098528942761,Fibroblast 2,Control,FIB2
-0.04791596852544107,Fibroblast 2,Control,FIB2
-0.14763794533937086,Fibroblast 3,Control,FIB3
-0.03552800823028868,Fibroblast 2,Control,FIB2
0.10883408666608244,Fibroblast 1,Control,FIB1
-0.04342013746810319,Fibroblast 1,Control,FIB1
-0.06375043564039229,Fibroblast 2,Control,FIB2
-0.11504350527682396,Fibroblast 3,Control,FIB3
-0.02762471899193178,Fibroblast 1,Control,FIB1
-0.07056280606082282,Fibroblast 2,Control,FIB2
-0.04420262419345885,Fibroblast 2,Control,FIB2
-0.04305611895069782,Fibroblast 3,Control,FIB3
-0.0795142276085122,Fibroblast 2,Control,FIB2
-0.12538185856431242,Fibroblast 2,Control,FIB2
-0.11074011996349759,Fibroblast 2,Control,FIB2
-0.04378923746948071,Fibroblast 2,Control,FIB2
-0.13893684979164087,Fibroblast 3,Control,FIB3
-0.11067590039474348,Fibroblast 3,Control,FIB3
-0.025279209022241095,Fibroblast 1,Control,FIB1
-0.03950388271122442,Fibroblast 1,Control,FIB1
-0.04987176355195787,Fibroblast 2,Control,FIB2
-0.05545550205108136,Fibroblast 2,Control,FIB2
-0.07843163065593432,Fibroblast 2,Control,FIB2
-0.15384743296590475,Fibroblast 3,Control,FIB3
-0.032001582120184266,Fibroblast 3,Control,FIB3
-0.052121244520561966,Fibroblast 3,Control,FIB3
-0.13426728860045112,Fibroblast 2,Control,FIB2
0.021554787036025286,Fibroblast 1,Control,FIB1
-0.04297666173753302,Fibroblast 2,Control,FIB2
-0.043031510544325156,Fibroblast 2,Control,FIB2
-0.08925828767952257,Fibroblast 2,Control,FIB2
-0.1282055325158901,Fibroblast 3,Control,FIB3
-0.14782876494742034,Fibroblast 3,Control,FIB3
-0.08871406139898941,Fibroblast 2,Control,FIB2
-0.07339213787158246,Fibroblast 1,Control,FIB1
-0.15531694814202374,Fibroblast 2,Control,FIB2
-0.09302310921922277,Fibroblast 1,Control,FIB1
0.07721791285283779,Fibroblast 1,Control,FIB1
-0.06405598307333477,Fibroblast 2,Control,FIB2
-0.133702239988033,Fibroblast 2,Control,FIB2
-0.0754043893984014,Fibroblast 3,Control,FIB3
0.015989445111744154,Fibroblast 2,Control,FIB2
-0.10644739737772468,Fibroblast 3,Control,FIB3
-0.09649175577496902,Fibroblast 3,Control,FIB3
-0.0205473057889148,Fibroblast 1,Control,FIB1
-0.1671439874526488,Fibroblast 2,Control,FIB2
-0.018412063810117833,Fibroblast 2,Control,FIB2
-0.06021754484873162,Fibroblast 3,Control,FIB3
-0.08997966470756083,Fibroblast 1,Control,FIB1
-0.038309383498219135,Fibroblast 2,Control,FIB2
0.03480814005179734,Fibroblast 3,Control,FIB3
-0.11585369257235541,Fibroblast 2,Control,FIB2
-0.02473332080472171,Fibroblast 1,Control,FIB1
-0.07903990795607653,Fibroblast 2,Control,FIB2
-0.030941546903788426,Fibroblast 2,Control,FIB2
-0.08109166736982087,Fibroblast 1,Control,FIB1
-0.07061045239971589,Fibroblast 3,Control,FIB3
-0.1871284900075911,Fibroblast 3,Control,FIB3
-0.07342961845413556,Fibroblast 2,Control,FIB2
-0.13242847781443395,Fibroblast 2,Control,FIB2
-0.2175768325977096,Fibroblast 3,Control,FIB3
-0.12041120669356532,Fibroblast 3,Control,FIB3
-0.06954692782112902,Fibroblast 3,Control,FIB3
-0.16275389841074078,Fibroblast 3,Control,FIB3
-0.06987345254615442,Fibroblast 1,Control,FIB1
-0.01909275898790789,Fibroblast 1,Control,FIB1
0.03533325801770571,Fibroblast 3,Control,FIB3
-0.13536792936553546,Fibroblast 3,Control,FIB3
-0.04952880959959037,Fibroblast 3,Control,FIB3
-0.0751959043063086,Fibroblast 3,Control,FIB3
-0.12937597013025692,Fibroblast 2,Control,FIB2
-0.02095537307310271,Fibroblast 3,Control,FIB3
-0.09980283610223559,Fibroblast 2,Control,FIB2
-0.0157535712082661,Fibroblast 2,Control,FIB2
-0.05029452510519453,Fibroblast 1,Control,FIB1
0.05249883941216418,Fibroblast 1,Control,FIB1
-0.07824039960254467,Fibroblast 2,Control,FIB2
0.006543586233194759,Fibroblast 2,Control,FIB2
-0.05282335747580485,Fibroblast 3,Control,FIB3
-0.10480148726330968,Fibroblast 4,Control,FIB4
-0.06590820603556895,Fibroblast 2,Control,FIB2
-0.008357733143413981,Fibroblast 2,Control,FIB2
-0.012412858583083662,Fibroblast 3,Control,FIB3
-0.12482381814801959,Fibroblast 2,Control,FIB2
-0.18384183562495363,Fibroblast 3,Control,FIB3
-0.12148688151894849,Fibroblast 1,Control,FIB1
-0.09114559379096654,Fibroblast 2,Control,FIB2
-0.028378258559014873,Fibroblast 1,Control,FIB1
-0.1875033129852038,Fibroblast 2,Control,FIB2
-0.03578425375469491,Fibroblast 3,Control,FIB3
0.022610944073767913,Fibroblast 1,Control,FIB1
-0.049745576928111615,Fibroblast 1,Control,FIB1
-0.034563771784237134,Fibroblast 2,Control,FIB2
-0.006788460402034305,Fibroblast 1,Control,FIB1
-0.07896796543516423,Fibroblast 2,Control,FIB2
-0.044533528389540174,Fibroblast 1,Control,FIB1
-0.021892277243689785,Fibroblast 3,Control,FIB3
-0.18946812970722665,Fibroblast 2,Control,FIB2
0.012931749589594567,Fibroblast 2,Control,FIB2
0.00452219162499011,Fibroblast 3,Control,FIB3
-0.027083733845419664,Fibroblast 3,Control,FIB3
0.016870317708437374,Fibroblast 2,Control,FIB2
-0.030741874869426762,Fibroblast 1,Control,FIB1
-0.12009048418508009,Fibroblast 2,Control,FIB2
-0.11193938067755192,Fibroblast 1,Control,FIB1
-0.03589006850771982,Fibroblast 3,Control,FIB3
-0.19385874972807932,Fibroblast 1,Control,FIB1
-0.07689780361906585,Fibroblast 3,Control,FIB3
-0.09798931514244884,Fibroblast 2,Control,FIB2
-0.014679555631956144,Fibroblast 3,Control,FIB3
-0.06005131815557623,Fibroblast 3,Control,FIB3
-0.06698869919492205,Fibroblast 3,Control,FIB3
-0.09636633478280975,Fibroblast 3,Control,FIB3
-0.05888785404966144,Fibroblast 3,Control,FIB3
-0.10844772468781441,Fibroblast 2,Control,FIB2
-0.08424360948329507,Fibroblast 3,Control,FIB3
-0.13973018481821484,Fibroblast 3,Control,FIB3
-0.13887898020644826,Fibroblast 3,Control,FIB3
0.021272737397654035,Fibroblast 3,Control,FIB3
-0.03393382733079073,Fibroblast 2,Control,FIB2
-0.014585190247568623,Fibroblast 3,Control,FIB3
-0.09503201894128192,Fibroblast 3,Control,FIB3
-0.08538932002403371,Fibroblast 3,Control,FIB3
-0.12366891745158642,Fibroblast 2,Control,FIB2
-0.17491756796158822,Fibroblast 2,Control,FIB2
-0.08633612807466262,Fibroblast 3,Control,FIB3
0.06919895190344545,Fibroblast 1,Control,FIB1
0.02606263111465146,Fibroblast 1,Control,FIB1
-0.07220774377863096,Fibroblast 1,Control,FIB1
-0.11265314162569519,Fibroblast 3,Control,FIB3
-0.011857835036814836,Fibroblast 2,Control,FIB2
-0.05959702150622435,Fibroblast 2,Control,FIB2
-0.015158797420665195,Fibroblast 1,Control,FIB1
-0.07975520753922853,Fibroblast 2,Control,FIB2
-0.07593651303007953,Fibroblast 3,Control,FIB3
-0.03520562816823339,Fibroblast 1,Control,FIB1
-0.016953784297210173,Fibroblast 3,Control,FIB3
-0.12622001669743238,Fibroblast 3,Control,FIB3
-0.03228607179563299,Fibroblast 3,Control,FIB3
0.06187454777907828,Fibroblast 3,Control,FIB3
-0.049549301802641436,Fibroblast 1,Control,FIB1
-0.06377521313229947,Fibroblast 1,Control,FIB1
0.0006504030495977815,Fibroblast 3,Control,FIB3
-0.09777174713576332,Fibroblast 1,Control,FIB1
-0.12585909555621855,Fibroblast 2,Control,FIB2
-0.11911605811920092,Fibroblast 2,Control,FIB2
-0.05856007812498689,Fibroblast 3,Control,FIB3
-0.13898384201682112,Fibroblast 2,Control,FIB2
-0.041530321301480294,Fibroblast 3,Control,FIB3
-0.1312454029072052,Fibroblast 1,Control,FIB1
-0.017965163342769822,Fibroblast 2,Control,FIB2
-0.1851155242932361,Fibroblast 3,Control,FIB3
0.04160730241387654,Fibroblast 1,Control,FIB1
-0.06825073779309516,Fibroblast 1,Control,FIB1
-0.05813101568241341,Fibroblast 2,Control,FIB2
-0.10938211857255128,Fibroblast 1,Control,FIB1
-0.0664149484782442,Fibroblast 1,Control,FIB1
-0.1099371112262453,Fibroblast 3,Control,FIB3
-0.07953354556662379,Fibroblast 3,Control,FIB3
-0.11177287058844979,Fibroblast 3,Control,FIB3
-0.12650688588164158,Fibroblast 2,Control,FIB2
-0.08863328269451501,Fibroblast 3,Control,FIB3
-0.08395095131988177,Fibroblast 1,Control,FIB1
-0.0882524071815511,Fibroblast 3,Control,FIB3
-0.13733681846635262,Fibroblast 2,Control,FIB2
-0.11049495516892885,Fibroblast 3,Control,FIB3
-0.18392880079651253,Fibroblast 3,Control,FIB3
-0.07101479670281327,Fibroblast 1,Control,FIB1
0.036721765507336926,Fibroblast 1,Control,FIB1
-0.08476508533652277,Fibroblast 3,Control,FIB3
-0.11827152755361474,Fibroblast 2,Control,FIB2
0.1900349673213985,Fibroblast 1,Control,FIB1
-0.061819112854642665,Fibroblast 3,Control,FIB3
-0.08820964738403678,Fibroblast 3,Control,FIB3
-0.014065073730091786,Fibroblast 3,Control,FIB3
-0.018472301943541325,Fibroblast 1,Control,FIB1
-0.04421160427568712,Fibroblast 3,Control,FIB3
-0.0885500545242945,Fibroblast 2,Control,FIB2
-0.08557113601538843,Fibroblast 2,Control,FIB2
0.01226725472644543,Fibroblast 1,Control,FIB1
-0.07333902961962899,Fibroblast 2,Control,FIB2
-0.11651223902024802,Fibroblast 2,Control,FIB2
-0.198040196930045,Fibroblast 3,Control,FIB3
-0.044211456644863846,Fibroblast 2,Control,FIB2
-0.10977487091139287,Fibroblast 2,Control,FIB2
0.053725561039751464,Fibroblast 3,Control,FIB3
-0.017379851787250773,Fibroblast 2,Control,FIB2
-0.12882325717187912,Fibroblast 2,Control,FIB2
-0.012896279168045664,Fibroblast 3,Control,FIB3
-0.09061224071318327,Fibroblast 3,Control,FIB3
-0.1313276668654706,Fibroblast 2,Control,FIB2
-0.005682644059184422,Fibroblast 3,Control,FIB3
0.040430248373880186,Fibroblast 3,Control,FIB3
0.005902058166452423,Fibroblast 2,Control,FIB2
-0.033996764618932265,Fibroblast 1,Control,FIB1
-0.05838240998449837,Fibroblast 3,Control,FIB3
-0.08752620961603644,Fibroblast 1,Control,FIB1
-0.024926993361947626,Fibroblast 3,Control,FIB3
-0.1847008076540833,Fibroblast 2,Control,FIB2
-0.12789015459501774,Fibroblast 2,Control,FIB2
-0.1449375851164758,Fibroblast 2,Control,FIB2
-0.009978362525011657,Fibroblast 2,Control,FIB2
-0.039341394630085014,Fibroblast 3,Control,FIB3
-0.04902239190813518,Fibroblast 1,Control,FIB1
-0.08614312254372901,Fibroblast 2,Control,FIB2
0.044689228952827585,Fibroblast 1,Control,FIB1
-0.1605507688977628,Fibroblast 2,Control,FIB2
-0.10622006150762132,Fibroblast 3,Control,FIB3
-0.02868106490463463,Fibroblast 3,Control,FIB3
-0.0593232523857383,Fibroblast 2,Control,FIB2
-0.13527261443698568,Fibroblast 3,Control,FIB3
0.008952411072087815,Fibroblast 1,Control,FIB1
0.010475361807126745,Fibroblast 3,Control,FIB3
-0.09568512846359098,Fibroblast 2,Control,FIB2
-0.08402454611596846,Fibroblast 3,Control,FIB3
-0.11407312356141461,Fibroblast 2,Control,FIB2
-0.05055896382464965,Fibroblast 3,Control,FIB3
0.04805970963077292,Fibroblast 1,Control,FIB1
-0.18062945443218367,Fibroblast 3,Control,FIB3
-0.08238790731180382,Fibroblast 3,Control,FIB3
-0.030076958562775313,Fibroblast 2,Control,FIB2
-0.030958940127576218,Fibroblast 3,Control,FIB3
0.13015231175281053,Fibroblast 1,Control,FIB1
-0.018155364858922496,Fibroblast 3,Control,FIB3
0.02852957998433369,Fibroblast 3,Control,FIB3
-0.0009854548627513584,Fibroblast 1,Control,FIB1
0.024995391133238978,Fibroblast 3,Control,FIB3
-0.10782870931697443,Fibroblast 2,Control,FIB2
0.05329070656784362,Fibroblast 1,Control,FIB1
-0.05372350176673644,Fibroblast 2,Control,FIB2
-0.16700455204382333,Fibroblast 3,Control,FIB3
-0.12726904079869067,Fibroblast 3,Control,FIB3
-0.09605555434016763,Fibroblast 2,Control,FIB2
-0.01831393075734438,Fibroblast 2,Control,FIB2
-0.16313947767499898,Fibroblast 2,Control,FIB2
-0.00803123966617441,Fibroblast 3,Control,FIB3
-0.11992784068841916,Fibroblast 3,Control,FIB3
-0.11219226844692898,Fibroblast 3,Control,FIB3
-0.08952038818135045,Fibroblast 1,Control,FIB1
0.010590544479397007,Fibroblast 1,Control,FIB1
-0.0636571113151799,Fibroblast 3,Control,FIB3
-0.0886109941223561,Fibroblast 3,Control,FIB3
-0.03234279616801533,Fibroblast 2,Control,FIB2
-0.023100243334152445,Fibroblast 1,Control,FIB1
-0.04464329674717714,Fibroblast 2,Control,FIB2
-0.10934647741303073,Fibroblast 1,Control,FIB1
0.000733164811315752,Fibroblast 3,Control,FIB3
-0.13101493493761102,Fibroblast 1,Control,FIB1
-0.10053536047608799,Fibroblast 3,Control,FIB3
-0.13496262826933608,Fibroblast 3,Control,FIB3
-0.006189132647226964,Fibroblast 1,Control,FIB1
-0.029830772626590257,Fibroblast 2,Control,FIB2
-0.053135208913891493,Fibroblast 2,Control,FIB2
0.11775282827797079,Fibroblast 1,Control,FIB1
-0.12685964343703826,Fibroblast 2,Control,FIB2
-0.029567628733678315,Fibroblast 1,Control,FIB1
-0.04519930552155745,Fibroblast 3,Control,FIB3
-0.04156068974333299,Fibroblast 2,Control,FIB2
-0.053010261266244335,Fibroblast 3,Control,FIB3
-0.03815010559674415,Fibroblast 3,Control,FIB3
-0.1213414036467456,Fibroblast 3,Control,FIB3
-0.09779223764658074,Fibroblast 2,Control,FIB2
0.04416173033501661,Fibroblast 1,Control,FIB1
-0.04998086007017019,Fibroblast 3,Control,FIB3
0.06033732781160924,Fibroblast 1,Control,FIB1
-0.14344565838707912,Fibroblast 2,Control,FIB2
0.04595834128463011,Fibroblast 2,Control,FIB2
-0.05783430685959766,Fibroblast 3,Control,FIB3
0.023799603769983694,Fibroblast 1,Control,FIB1
-0.012796807923951886,Fibroblast 1,Control,FIB1
0.04717252973395614,Fibroblast 1,Control,FIB1
-0.045908419300548876,Fibroblast 3,Control,FIB3
-0.044507323928478275,Fibroblast 3,Control,FIB3
-0.08747068586037829,Fibroblast 2,Control,FIB2
-0.027972893528704468,Fibroblast 1,Control,FIB1
-0.0672338651073457,Fibroblast 1,Control,FIB1
-0.033879912167363316,Fibroblast 2,Control,FIB2
-0.08058424230565296,Fibroblast 3,Control,FIB3
-0.10969350460671597,Fibroblast 2,Control,FIB2
-0.09515157531394476,Fibroblast 2,Control,FIB2
-0.11399835823392154,Fibroblast 2,Control,FIB2
-0.12462474027182316,Fibroblast 3,Control,FIB3
-0.08993293266269878,Fibroblast 2,Control,FIB2
-0.13722905239393618,Fibroblast 2,Control,FIB2
-0.06380727813056575,Fibroblast 3,Control,FIB3
-0.06132596571033412,Fibroblast 1,Control,FIB1
-0.19518069748856498,Fibroblast 2,Control,FIB2
-0.0533158041239277,Fibroblast 1,Control,FIB1
0.055336563843645194,Fibroblast 3,Control,FIB3
-0.1064251309110458,Fibroblast 3,Control,FIB3
-0.08653757015024492,Fibroblast 2,Control,FIB2
0.019729865513716742,Fibroblast 2,Control,FIB2
0.006920016751614036,Fibroblast 1,Control,FIB1
0.07433500892458092,Fibroblast 1,Control,FIB1
-0.06749944449498368,Fibroblast 3,Control,FIB3
-0.04662787100805843,Fibroblast 1,Control,FIB1
-0.07857092623110654,Fibroblast 2,Control,FIB2
-0.03690464962706159,Fibroblast 3,Control,FIB3
-0.03300896845788182,Fibroblast 1,Control,FIB1
-0.06036660341980229,Fibroblast 3,Control,FIB3
-0.08635945744282014,Fibroblast 1,Control,FIB1
-0.14725011480552463,Fibroblast 2,Control,FIB2
-0.05971889031164275,Fibroblast 1,Control,FIB1
-0.09056814692398264,Fibroblast 2,Control,FIB2
-0.007334299633951994,Fibroblast 1,Control,FIB1
-0.07872030645173053,Fibroblast 2,Control,FIB2
-0.04572351401141245,Fibroblast 3,Control,FIB3
-0.08918351330468785,Fibroblast 1,Control,FIB1
-0.14350192612782678,Fibroblast 2,Control,FIB2
-0.02179345574405736,Fibroblast 2,Control,FIB2
-0.025391181708663182,Fibroblast 3,Control,FIB3
-0.09827042509494911,Fibroblast 2,Control,FIB2
-0.10353196053886185,Fibroblast 1,Control,FIB1
-0.1043047646518887,Fibroblast 3,Control,FIB3
-0.1191764108200873,Fibroblast 2,Control,FIB2
0.00826427572488177,Fibroblast 2,Control,FIB2
-0.02639583489248197,Fibroblast 1,Control,FIB1
-0.08222618463315218,Fibroblast 1,Control,FIB1
-0.07483164799276379,Fibroblast 2,Control,FIB2
-0.09082222876134363,Fibroblast 3,Control,FIB3
-0.09881507293820525,Fibroblast 3,Control,FIB3
-0.1410230187549184,Fibroblast 3,Control,FIB3
-0.24370441391623995,Fibroblast 2,Control,FIB2
-0.06725626290899528,Fibroblast 1,Control,FIB1
-0.142531494964556,Fibroblast 3,Control,FIB3
-0.12850384974200724,Fibroblast 2,Control,FIB2
-0.3012399066667101,Fibroblast 3,Control,FIB3
0.005833728115725127,Fibroblast 1,Control,FIB1
-0.011412266302504309,Fibroblast 1,Control,FIB1
-0.09054905284648367,Fibroblast 3,Control,FIB3
-0.04551221778304416,Fibroblast 3,Control,FIB3
-0.09722719541469546,Fibroblast 1,Control,FIB1
-0.07433999086113591,Fibroblast 2,Control,FIB2
-0.0636430408937549,Fibroblast 3,Control,FIB3
-0.062109500464460315,Fibroblast 3,Control,FIB3
-0.1402649664109753,Fibroblast 3,Control,FIB3
-0.056517205452742525,Fibroblast 1,Control,FIB1
0.05409771474949944,Fibroblast 1,Control,FIB1
-0.07398610072069721,Fibroblast 1,Control,FIB1
-0.12140457909744046,Fibroblast 2,Control,FIB2
-0.04407893105942144,Fibroblast 1,Control,FIB1
-0.06020905212861711,Fibroblast 1,Control,FIB1
-0.06188081297030455,Fibroblast 2,Control,FIB2
-0.12515257956296752,Fibroblast 1,Control,FIB1
-0.009392795222129961,Fibroblast 3,Control,FIB3
-0.08622876071618714,Fibroblast 1,Control,FIB1
-0.1475965313488133,Fibroblast 1,Control,FIB1
-0.0860044852487648,Fibroblast 3,Control,FIB3
-0.05144288200818978,Fibroblast 2,Control,FIB2
-0.0911766570347865,Fibroblast 3,Control,FIB3
-0.0506711721233211,Fibroblast 2,Control,FIB2
-0.11244409482877035,Fibroblast 3,Control,FIB3
-0.07460987328148774,Fibroblast 2,Control,FIB2
-0.04645551833987975,Fibroblast 3,Control,FIB3
-0.09448169962636765,Fibroblast 3,Control,FIB3
-0.11555799344072348,Fibroblast 2,Control,FIB2
-0.054408538931060076,Fibroblast 1,Control,FIB1
-0.06137981633805468,Fibroblast 2,Control,FIB2
-0.10379754150620185,Fibroblast 3,Control,FIB3
-0.0282981620583981,Fibroblast 2,Control,FIB2
-0.19571481333210916,Fibroblast 2,Control,FIB2
-0.10941881040726352,Fibroblast 3,Control,FIB3
-0.07166460135317029,Fibroblast 1,Control,FIB1
-0.06356820506832996,Fibroblast 1,Control,FIB1
0.04739920130101982,Fibroblast 1,Control,FIB1
-0.11176848355586824,Fibroblast 3,Control,FIB3
-0.05210929811161094,Fibroblast 3,Control,FIB3
-0.0698009440346563,Fibroblast 3,Control,FIB3
-0.10169694464767665,Fibroblast 2,Control,FIB2
0.001382420136064818,Fibroblast 3,Control,FIB3
-0.12137745331885498,Fibroblast 1,Control,FIB1
-0.05492192515152562,Fibroblast 2,Control,FIB2
-0.06301133789849209,Fibroblast 1,Control,FIB1
0.006964077619694448,Fibroblast 1,Control,FIB1
-0.11339957954324163,Fibroblast 2,Control,FIB2
-0.057964386349762,Fibroblast 3,Control,FIB3
-0.06567846803835689,Fibroblast 2,Control,FIB2
-0.07355688049848444,Fibroblast 2,Control,FIB2
-0.004274241311854044,Fibroblast 2,Control,FIB2
-0.11095083872719998,Fibroblast 3,Control,FIB3
-0.04856518410655957,Fibroblast 1,Control,FIB1
-0.11411971064906348,Fibroblast 3,Control,FIB3
-0.019388915248429676,Fibroblast 3,Control,FIB3
-0.07834995158410661,Fibroblast 1,Control,FIB1
-0.07625910625607374,Fibroblast 3,Control,FIB3
-0.1460921909450872,Fibroblast 3,Control,FIB3
-0.09942229455585047,Fibroblast 2,Control,FIB2
-0.02269094539943875,Fibroblast 2,Control,FIB2
-0.1422758443058933,Fibroblast 2,Control,FIB2
-0.10057060381102889,Fibroblast 3,Control,FIB3
-0.06865211218248148,Fibroblast 2,Control,FIB2
-0.03540567435142357,Fibroblast 3,Control,FIB3
-0.012427872788205181,Fibroblast 1,Control,FIB1
-0.06316900265135819,Fibroblast 3,Control,FIB3
-0.007588981951820034,Fibroblast 1,Control,FIB1
-0.12762180117113628,Fibroblast 3,Control,FIB3
-0.06803644630616629,Fibroblast 2,Control,FIB2
-0.17236442619239797,Fibroblast 2,Control,FIB2
-0.04764939218230216,Fibroblast 3,Control,FIB3
-0.1373400674756328,Fibroblast 3,Control,FIB3
-0.040920946143620594,Fibroblast 2,Control,FIB2
-0.03860435656168187,Fibroblast 3,Control,FIB3
-0.0644020366523713,Fibroblast 2,Control,FIB2
0.019335149802598896,Fibroblast 3,Control,FIB3
-0.0504249441725013,Fibroblast 3,Control,FIB3
-0.03401348408766553,Fibroblast 2,Control,FIB2
-0.13481982390750996,Fibroblast 3,Control,FIB3
0.009019673846739684,Fibroblast 1,Control,FIB1
-0.006054535269193183,Fibroblast 3,Control,FIB3
-0.056401183154896235,Fibroblast 2,Control,FIB2
-0.1305502974548488,Fibroblast 2,Control,FIB2
-0.04533976310217912,Fibroblast 1,Control,FIB1
-0.03658168845105177,Fibroblast 2,Control,FIB2
0.049815058069970955,Fibroblast 1,Control,FIB1
-0.12493819355962828,Fibroblast 3,Control,FIB3
-0.14904282748247497,Fibroblast 2,Control,FIB2
-0.009030617289105133,Fibroblast 3,Control,FIB3
-0.0854937882214621,Fibroblast 3,Control,FIB3
0.002381966812346214,Fibroblast 3,Control,FIB3
-0.051184993942730295,Fibroblast 1,Control,FIB1
-0.1493166297649863,Fibroblast 3,Control,FIB3
-0.03937001633112683,Fibroblast 3,Control,FIB3
0.015610547843065745,Fibroblast 1,Control,FIB1
-0.11057814340585707,Fibroblast 2,Control,FIB2
0.6852286912547594,Fibroblast 1,Control,FIB1
-0.11376689261669555,Fibroblast 2,Control,FIB2
-0.02330190232787708,Fibroblast 3,Control,FIB3
-0.1706875926782478,Fibroblast 3,Control,FIB3
-0.049428163768261126,Fibroblast 1,Control,FIB1
-0.04338014092453337,Fibroblast 3,Control,FIB3
-0.11164876394481664,Fibroblast 2,Control,FIB2
-0.040625818284857416,Fibroblast 3,Control,FIB3
0.00160249612102676,Fibroblast 1,Control,FIB1
-0.03975021430791817,Fibroblast 3,Control,FIB3
-0.03973472703726541,Fibroblast 3,Control,FIB3
-0.007840130689938864,Fibroblast 1,Control,FIB1
-0.05270983520957318,Fibroblast 2,Control,FIB2
-0.06347695338691828,Fibroblast 3,Control,FIB3
0.002562665485897689,Fibroblast 3,Control,FIB3
-0.055482050096446134,Fibroblast 3,Control,FIB3
-0.08928960000711432,Fibroblast 3,Control,FIB3
-0.09993642994796631,Fibroblast 3,Control,FIB3
-0.04314938496365196,Fibroblast 2,Control,FIB2
-0.023122665224214335,Fibroblast 2,Control,FIB2
-0.08476300725579557,Fibroblast 3,Control,FIB3
0.021928532202125813,Fibroblast 1,Control,FIB1
-0.07110967552809197,Fibroblast 1,Control,FIB1
-0.0863167612320231,Fibroblast 2,Control,FIB2
-0.06952410986778833,Fibroblast 1,Control,FIB1
-0.08750955301114438,Fibroblast 3,Control,FIB3
-0.08044840839144904,Fibroblast 2,Control,FIB2
-0.1207012379771987,Fibroblast 1,Control,FIB1
-0.0867762366828001,Fibroblast 3,Control,FIB3
-0.07138473816106104,Fibroblast 1,Control,FIB1
-0.08986693411067405,Fibroblast 3,Control,FIB3
-0.14033753373491104,Fibroblast 3,Control,FIB3
-0.09251647015713828,Fibroblast 2,Control,FIB2
-0.006337245024256678,Fibroblast 3,Control,FIB3
-0.018861996341326546,Fibroblast 3,Control,FIB3
-0.08494763290252604,Fibroblast 3,Control,FIB3
-0.0473169152814417,Fibroblast 1,Control,FIB1
-0.05751827770839042,Fibroblast 2,Control,FIB2
-0.1219334690399096,Fibroblast 2,Control,FIB2
-0.07808367965055049,Fibroblast 3,Control,FIB3
0.02612472334679536,Fibroblast 3,Control,FIB3
0.04634980104999698,Fibroblast 1,Control,FIB1
0.003293283544578679,Fibroblast 3,Control,FIB3
-0.11642639872686764,Fibroblast 3,Control,FIB3
-0.07478923687852873,Fibroblast 2,Control,FIB2
-0.059785750593788586,Fibroblast 3,Control,FIB3
0.04143840334955526,Fibroblast 1,Control,FIB1
-0.09184328997496577,Fibroblast 3,Control,FIB3
-0.04157846795410479,Fibroblast 3,Control,FIB3
-0.07637451049382626,Fibroblast 1,Control,FIB1
-0.042925672595222016,Fibroblast 1,Control,FIB1
-0.19174884336845482,Fibroblast 2,Control,FIB2
-0.12908630260769455,Fibroblast 3,Control,FIB3
-0.011207684084545292,Fibroblast 1,Control,FIB1
-0.12146275918383667,Fibroblast 3,Control,FIB3
-0.0873462572796643,Fibroblast 2,Control,FIB2
-0.06872007861424964,Fibroblast 2,Control,FIB2
-0.11060231200184802,Fibroblast 3,Control,FIB3
0.02392032581979208,Fibroblast 1,Control,FIB1
-0.057680771150596014,Fibroblast 2,Control,FIB2
-0.10823831796194291,Fibroblast 2,Control,FIB2
-0.07924563257199065,Fibroblast 2,Control,FIB2
-0.08010501118991097,Fibroblast 3,Control,FIB3
-0.10805702791197455,Fibroblast 3,Control,FIB3
-0.030538442267207692,Fibroblast 2,Control,FIB2
-0.03675388679577951,Fibroblast 3,Control,FIB3
-0.040938855469134144,Fibroblast 3,Control,FIB3
-0.02186675952317291,Fibroblast 3,Control,FIB3
-0.1176773563982823,Fibroblast 2,Control,FIB2
-0.004742606839127427,Fibroblast 3,Control,FIB3
-0.10190519261736672,Fibroblast 3,Control,FIB3
-0.10491161509611949,Fibroblast 3,Control,FIB3
-0.08985398208837131,Fibroblast 3,Control,FIB3
-0.09652779121889288,Fibroblast 3,Control,FIB3
-0.09071787320892194,Fibroblast 2,Control,FIB2
-0.021936985643690995,Fibroblast 2,Control,FIB2
-0.013092869513585487,Fibroblast 1,Control,FIB1
-0.1403379061458323,Fibroblast 3,Control,FIB3
-0.06717205058926269,Fibroblast 2,Control,FIB2
-0.08337920629420263,Fibroblast 3,Control,FIB3
0.6064550678121703,Fibroblast 4,Control,FIB4
-0.1712990679825986,Fibroblast 3,Control,FIB3
-0.08968867693464044,Fibroblast 3,Control,FIB3
-0.07541255074686234,Fibroblast 3,Control,FIB3
-0.09672313685757564,Fibroblast 2,Control,FIB2
-0.027989262831673974,Fibroblast 1,Control,FIB1
-0.07693199264551265,Fibroblast 3,Control,FIB3
-0.0824314698532737,Fibroblast 3,Control,FIB3
-0.015461669039594707,Fibroblast 1,Control,FIB1
-0.15356519285538803,Fibroblast 3,Control,FIB3
-0.028470890499006335,Fibroblast 2,Control,FIB2
-0.053925098807312166,Fibroblast 2,Control,FIB2
-0.1033485223639362,Fibroblast 2,Control,FIB2
-0.06874293811719748,Fibroblast 1,Control,FIB1
-0.08250191468894241,Fibroblast 2,Control,FIB2
-0.07119284461628149,Fibroblast 3,Control,FIB3
-0.08168339986808065,Fibroblast 2,Control,FIB2
0.0526939023194212,Fibroblast 3,Control,FIB3
-0.12090414152076792,Fibroblast 2,Control,FIB2
-0.16532786300790683,Fibroblast 3,Control,FIB3
-0.11797019156714666,Fibroblast 2,Control,FIB2
-0.03380414825122041,Fibroblast 1,Control,FIB1
-0.07766979090935991,Fibroblast 2,Control,FIB2
-0.058203769741701966,Fibroblast 2,Control,FIB2
-0.08083930495014008,Fibroblast 1,Control,FIB1
-0.11183728228724713,Fibroblast 2,Control,FIB2
-0.01825463907223559,Fibroblast 2,Control,FIB2
-0.10599614699622585,Fibroblast 1,Control,FIB1
-0.08939326057573103,Fibroblast 1,Control,FIB1
0.011042587928947956,Fibroblast 1,Control,FIB1
-0.013113979169036297,Fibroblast 3,Control,FIB3
-0.03675280099835262,Fibroblast 3,Control,FIB3
-0.15174049160569508,Fibroblast 2,Control,FIB2
-0.08512982444333692,Fibroblast 3,Control,FIB3
-0.14486659185949619,Fibroblast 2,Control,FIB2
-0.0942708694890291,Fibroblast 3,Control,FIB3
0.03904885058361945,Fibroblast 1,Control,FIB1
-0.0758993721425203,Fibroblast 3,Control,FIB3
-0.1000463940082334,Fibroblast 3,Control,FIB3
-0.10615329100186252,Fibroblast 3,Control,FIB3
-0.01893680948451617,Fibroblast 3,Control,FIB3
-0.1089989366535755,Fibroblast 2,Control,FIB2
-0.07538042973092496,Fibroblast 3,Control,FIB3
-0.09325348422946429,Fibroblast 3,Control,FIB3
-0.06816674668635739,Fibroblast 2,Control,FIB2
-0.215010855088453,Fibroblast 1,Control,FIB1
-0.135363746561789,Fibroblast 3,Control,FIB3
-0.07705075469227349,Fibroblast 1,Control,FIB1
-0.07030267454013063,Fibroblast 2,Control,FIB2
-0.21028002720001335,Fibroblast 2,Control,FIB2
-0.07635910608297852,Fibroblast 1,Control,FIB1
-0.14390434529607934,Fibroblast 2,Control,FIB2
-0.04004435598964916,Fibroblast 3,Control,FIB3
-0.08198785596456412,Fibroblast 3,Control,FIB3
-0.09886189559786476,Fibroblast 2,Control,FIB2
-0.0020428049167040344,Fibroblast 2,Control,FIB2
-0.11691755027415342,Fibroblast 3,Control,FIB3
-0.08537266593775933,Fibroblast 3,Control,FIB3
-0.11802174159848311,Fibroblast 2,Control,FIB2
-0.05989992872130305,Fibroblast 3,Control,FIB3
-0.10253223101107244,Fibroblast 2,Control,FIB2
-0.08656642643462978,Fibroblast 3,Control,FIB3
-0.07082751206206492,Fibroblast 3,Control,FIB3
-0.012285211511740462,Fibroblast 3,Control,FIB3
-0.08118515780582893,Fibroblast 2,Control,FIB2
-0.05760734887477201,Fibroblast 1,Control,FIB1
-0.11920950649964754,Fibroblast 3,Control,FIB3
-0.03111412108081615,Fibroblast 1,Control,FIB1
-0.005853795709416014,Fibroblast 2,Control,FIB2
-0.07704164773627903,Fibroblast 3,Control,FIB3
0.03145457798116369,Fibroblast 1,Control,FIB1
-0.06382568362322609,Fibroblast 3,Control,FIB3
-0.050667845097428055,Fibroblast 3,Control,FIB3
-0.08917372821371893,Fibroblast 2,Control,FIB2
0.02058492961217339,Fibroblast 1,Control,FIB1
-0.09957392644033924,Fibroblast 1,Control,FIB1
0.18417467472832647,Fibroblast 1,Control,FIB1
-0.0667490943230431,Fibroblast 1,Control,FIB1
-0.05626618066980809,Fibroblast 2,Control,FIB2
-0.08422431214880874,Fibroblast 2,Control,FIB2
-0.16468941456509123,Fibroblast 3,Control,FIB3
-0.08398314630815361,Fibroblast 1,Control,FIB1
-0.035290514059304334,Fibroblast 3,Control,FIB3
-0.05908087406682924,Fibroblast 2,Control,FIB2
-0.08760416954108122,Fibroblast 3,Control,FIB3
-0.11236655358174999,Fibroblast 2,Control,FIB2
-0.08210871760302924,Fibroblast 3,Control,FIB3
-0.06091646837458445,Fibroblast 2,Control,FIB2
0.07119237239383093,Fibroblast 1,Control,FIB1
0.15857512133681806,Fibroblast 1,Control,FIB1
0.05868655224080709,Fibroblast 3,Control,FIB3
-0.06096878615679642,Fibroblast 1,Control,FIB1
-0.10979375008923675,Fibroblast 3,Control,FIB3
-0.09663505807993468,Fibroblast 2,Control,FIB2
-0.05542305090061402,Fibroblast 3,Control,FIB3
-0.0895697899512732,Fibroblast 3,Control,FIB3
-0.08782571584890739,Fibroblast 3,Control,FIB3
0.006363838949571599,Fibroblast 2,Control,FIB2
0.04326943281377453,Fibroblast 1,Control,FIB1
-0.07083486525349238,Fibroblast 1,Control,FIB1
-0.04680192415830754,Fibroblast 3,Control,FIB3
-0.11968895517411743,Fibroblast 1,Control,FIB1
0.1241214227256885,Fibroblast 1,Control,FIB1
-0.04531208936099342,Fibroblast 2,Control,FIB2
-0.13809939765936535,Fibroblast 3,Control,FIB3
-0.1560895818828204,Fibroblast 3,Control,FIB3
-0.07808696746689778,Fibroblast 3,Control,FIB3
-0.024726245250312757,Fibroblast 2,Control,FIB2
-0.12096490012087592,Fibroblast 2,Control,FIB2
-0.08316369174258714,Fibroblast 3,Control,FIB3
-0.10472129445130107,Fibroblast 2,Control,FIB2
-0.024712601762066883,Fibroblast 3,Control,FIB3
-0.014565163109746648,Fibroblast 1,Control,FIB1
-0.04931385751685098,Fibroblast 2,Control,FIB2
-0.091488863132301,Fibroblast 2,Control,FIB2
-0.12250213217922334,Fibroblast 2,Control,FIB2
-0.05293313563251863,Fibroblast 1,Control,FIB1
-0.023318364816434872,Fibroblast 1,Control,FIB1
-0.12566344617407668,Fibroblast 2,Control,FIB2
0.0762852035658282,Fibroblast 1,Control,FIB1
-0.07498750118589333,Fibroblast 2,Control,FIB2
-0.050820031091618034,Fibroblast 1,Control,FIB1
-0.12053239188711806,Fibroblast 1,Control,FIB1
-0.08745376759136102,Fibroblast 2,Control,FIB2
-0.07534576791966066,Fibroblast 1,Control,FIB1
-0.013502462908006661,Fibroblast 1,Control,FIB1
-0.12038896160216772,Fibroblast 2,Control,FIB2
-0.04049250140629713,Fibroblast 1,Control,FIB1
0.034179323795287375,Fibroblast 2,Control,FIB2
0.05072782413306807,Fibroblast 2,Control,FIB2
-0.11317246780130433,Fibroblast 2,Control,FIB2
-0.04384705734048818,Fibroblast 1,Control,FIB1
-0.084797947718947,Fibroblast 3,Control,FIB3
-0.053285354750389306,Fibroblast 3,Control,FIB3
-0.09206310263816371,Fibroblast 3,Control,FIB3
0.2310892503946384,Fibroblast 4,Control,FIB4
0.08842521539794479,Fibroblast 1,Control,FIB1
-0.0014546534491427067,Fibroblast 3,Control,FIB3
-0.11320851514766878,Fibroblast 3,Control,FIB3
-0.08776084519618083,Fibroblast 2,Control,FIB2
-0.023543121595941074,Fibroblast 2,Control,FIB2
-0.0748954804256493,Fibroblast 2,Control,FIB2
-0.15322079364559296,Fibroblast 2,Control,FIB2
0.008277459529783938,Fibroblast 3,Control,FIB3
-0.09746163424627045,Fibroblast 2,Control,FIB2
-0.06687325630171612,Fibroblast 2,Control,FIB2
-0.13797626078380393,Fibroblast 3,Control,FIB3
-0.06168254964572248,Fibroblast 1,Control,FIB1
-0.1448940288258191,Fibroblast 3,Control,FIB3
-0.12382848099087805,Fibroblast 3,Control,FIB3
-0.0585857514660097,Fibroblast 3,Control,FIB3
-0.1868871134149799,Fibroblast 2,Control,FIB2
-0.13643364576843842,Fibroblast 3,Control,FIB3
-0.16506629361664463,Fibroblast 2,Control,FIB2
-0.09011263364152569,Fibroblast 2,Control,FIB2
-0.1596086875669767,Fibroblast 2,Control,FIB2
-0.08052350807127538,Fibroblast 3,Control,FIB3
-0.08939103282205384,Fibroblast 2,Control,FIB2
-0.0856739245020599,Fibroblast 3,Control,FIB3
-0.06548199349121846,Fibroblast 2,Control,FIB2
-0.03866304163369233,Fibroblast 3,Control,FIB3
-0.0813477228248278,Fibroblast 2,Control,FIB2
-0.013049716650821393,Fibroblast 3,Control,FIB3
-0.019311935181360512,Fibroblast 2,Control,FIB2
-0.03476788277576518,Fibroblast 3,Control,FIB3
-0.091775707989733,Fibroblast 2,Control,FIB2
0.15849543858140883,Fibroblast 1,Control,FIB1
-0.10427178948391297,Fibroblast 2,Control,FIB2
-0.0350169720563413,Fibroblast 1,Control,FIB1
-0.10488633858864968,Fibroblast 2,Control,FIB2
-0.06937181018085986,Fibroblast 3,Control,FIB3
-0.00928687905270055,Fibroblast 3,Control,FIB3
-0.1003256918359419,Fibroblast 1,Control,FIB1
-0.12463402735380849,Fibroblast 3,Control,FIB3
-0.02868941244811006,Fibroblast 3,Control,FIB3
-0.08770501819786806,Fibroblast 3,Control,FIB3
-0.04513353233225585,Fibroblast 1,Control,FIB1
-0.10446218093557902,Fibroblast 2,Control,FIB2
-0.11476000527132328,Fibroblast 2,Control,FIB2
-0.11117128637429294,Fibroblast 3,Control,FIB3
-0.07664711064023334,Fibroblast 3,Control,FIB3
-0.09463052806227633,Fibroblast 3,Control,FIB3
-0.13145206432900208,Fibroblast 1,Control,FIB1
-0.052678929207325934,Fibroblast 3,Control,FIB3
-0.12851656124948585,Fibroblast 3,Control,FIB3
-0.11500745217848499,Fibroblast 2,Control,FIB2
-0.021918812412175484,Fibroblast 1,Control,FIB1
-0.08068346634958803,Fibroblast 3,Control,FIB3
-0.12974468412615775,Fibroblast 2,Control,FIB2
-0.11756074015925064,Fibroblast 2,Control,FIB2
0.07295426585886172,Fibroblast 1,Control,FIB1
-0.14113801481279045,Fibroblast 3,Control,FIB3
-0.0032955596109032342,Fibroblast 3,Control,FIB3
-0.1426141895259974,Fibroblast 1,Control,FIB1
-0.09166385144280652,Fibroblast 3,Control,FIB3
-0.07609305013124039,Fibroblast 3,Control,FIB3
-0.1607716541578605,Fibroblast 2,Control,FIB2
-0.04685182363502473,Fibroblast 2,Control,FIB2
-0.06564543310098969,Fibroblast 3,Control,FIB3
0.0029018742350294738,Fibroblast 1,Control,FIB1
-0.08253354752286617,Fibroblast 2,Control,FIB2
-0.08660866664925085,Fibroblast 2,Control,FIB2
-0.026820434352214713,Fibroblast 2,Control,FIB2
-0.05934438608433347,Fibroblast 3,Control,FIB3
-0.13623844877875604,Fibroblast 3,Control,FIB3
-0.18676788449104412,Fibroblast 2,Control,FIB2
-0.07523127433453455,Fibroblast 2,Control,FIB2
-0.0954911858262305,Fibroblast 2,Control,FIB2
-0.10195644667675646,Fibroblast 2,Control,FIB2
-0.20432558600351008,Fibroblast 2,Control,FIB2
-0.08424735721211428,Fibroblast 2,Control,FIB2
0.01745797728944999,Fibroblast 3,Control,FIB3
-0.0899480596049227,Fibroblast 1,Control,FIB1
-0.18574945045908398,Fibroblast 2,Control,FIB2
-0.14801427670811865,Fibroblast 2,Control,FIB2
-0.1147446610918958,Fibroblast 2,Control,FIB2
0.06319059834394386,Fibroblast 1,Control,FIB1
-0.008390785137472753,Fibroblast 3,Control,FIB3
-0.02169484053932063,Fibroblast 2,Control,FIB2
-0.08008733415082682,Fibroblast 3,Control,FIB3
0.10319763392944896,Fibroblast 1,Control,FIB1
-0.08894283839012578,Fibroblast 3,Control,FIB3
-0.10293622466324474,Fibroblast 2,Control,FIB2
0.006303147567123532,Fibroblast 3,Control,FIB3
-0.13327680089837976,Fibroblast 3,Control,FIB3
-0.06391920432649427,Fibroblast 1,Control,FIB1
-0.12256188285984972,Fibroblast 3,Control,FIB3
-0.041212257277927516,Fibroblast 3,Control,FIB3
-0.058462670434986125,Fibroblast 2,Control,FIB2
-0.07728020668336937,Fibroblast 2,Control,FIB2
-0.13918175560661664,Fibroblast 2,Control,FIB2
-0.03251610808994859,Fibroblast 2,Control,FIB2
-0.0877636158076687,Fibroblast 3,Control,FIB3
-0.11955269299921348,Fibroblast 2,Control,FIB2
-0.05477779121698079,Fibroblast 2,Control,FIB2
-0.12229344654518279,Fibroblast 1,Control,FIB1
-0.1673415021381787,Fibroblast 2,Control,FIB2
-0.08702936125825927,Fibroblast 3,Control,FIB3
-0.11855651884284396,Fibroblast 2,Control,FIB2
-0.04712914840488243,Fibroblast 3,Control,FIB3
0.026552746570197565,Fibroblast 1,Control,FIB1
-0.18139777649356514,Fibroblast 2,Control,FIB2
-0.12340843775705632,Fibroblast 2,Control,FIB2
-0.07648633568604447,Fibroblast 2,Control,FIB2
-0.10859414558645017,Fibroblast 1,Control,FIB1
-0.1743645224343078,Fibroblast 2,Control,FIB2
-0.11854593898975435,Fibroblast 3,Control,FIB3
-0.04698660318542718,Fibroblast 2,Control,FIB2
-0.030347163891068618,Fibroblast 1,Control,FIB1
-0.06761046731765824,Fibroblast 2,Control,FIB2
0.003529096163050218,Fibroblast 3,Control,FIB3
-0.10971623209778956,Fibroblast 2,Control,FIB2
-0.058315939311918766,Fibroblast 2,Control,FIB2
-0.05259032616232697,Fibroblast 2,Control,FIB2
0.007287831301193551,Fibroblast 1,Control,FIB1
-0.04047463804710795,Fibroblast 2,Control,FIB2
-0.09351480197832154,Fibroblast 3,Control,FIB3
-0.010686068180710821,Fibroblast 2,Control,FIB2
-0.10475321651096506,Fibroblast 2,Control,FIB2
-0.040831861842515846,Fibroblast 2,Control,FIB2
0.046679630343367445,Fibroblast 3,Control,FIB3
0.15822658524575434,Fibroblast 3,Control,FIB3
0.05642002704734572,Fibroblast 1,Control,FIB1
0.00399381718978168,Fibroblast 3,Control,FIB3
-0.12020886240622805,Fibroblast 2,Control,FIB2
-0.04091750611788685,Fibroblast 2,Control,FIB2
-0.02393984508379573,Fibroblast 3,Control,FIB3
-0.1720573117009462,Fibroblast 3,Control,FIB3
-0.027691149446677145,Fibroblast 1,Control,FIB1
-0.002015046182608976,Fibroblast 2,Control,FIB2
0.02373787583946854,Fibroblast 3,Control,FIB3
-0.10184184120728282,Fibroblast 2,Control,FIB2
-0.03706278748194382,Fibroblast 1,Control,FIB1
0.013574381659884113,Fibroblast 3,Control,FIB3
-0.106803975708186,Fibroblast 1,Control,FIB1
-0.04200943522795267,Fibroblast 2,Control,FIB2
-0.08101270293986368,Fibroblast 2,Control,FIB2
-0.12739214853814243,Fibroblast 3,Control,FIB3
-0.026962002959062883,Fibroblast 1,Control,FIB1
-0.05881800879083082,Fibroblast 2,Control,FIB2
-0.10578275878873156,Fibroblast 2,Control,FIB2
0.013682803526671231,Fibroblast 3,Control,FIB3
0.02231352929569952,Fibroblast 2,Control,FIB2
-0.09469310858543155,Fibroblast 1,Control,FIB1
-0.03335955565950206,Fibroblast 3,Control,FIB3
-0.0733326592047808,Fibroblast 2,Control,FIB2
-0.03492046134550583,Fibroblast 3,Control,FIB3
-0.10870577054169775,Fibroblast 2,Control,FIB2
-0.15910698812314578,Fibroblast 2,Control,FIB2
-0.062231535721824875,Fibroblast 1,Control,FIB1
-0.16529532597883867,Fibroblast 3,Control,FIB3
0.012720413110762802,Fibroblast 1,Control,FIB1
-0.1410929203862929,Fibroblast 3,Control,FIB3
-0.021746141106659463,Fibroblast 1,Control,FIB1
0.015198795559555826,Fibroblast 1,Control,FIB1
-0.30704617648153565,Fibroblast 3,Control,FIB3
0.03791427792928545,Fibroblast 3,Control,FIB3
0.07235231972221526,Fibroblast 1,Control,FIB1
-0.09904439290645281,Fibroblast 3,Control,FIB3
-0.07230116432258926,Fibroblast 2,Control,FIB2
-0.03235081367830692,Fibroblast 1,Control,FIB1
-0.10296551358394027,Fibroblast 2,Control,FIB2
-0.12539328226105081,Fibroblast 2,Control,FIB2
-0.0028851588620297207,Fibroblast 1,Control,FIB1
0.07379636863739147,Fibroblast 1,Control,FIB1
-0.06476916535951484,Fibroblast 1,Control,FIB1
-0.16858379851534153,Fibroblast 2,Control,FIB2
0.004742728046455778,Fibroblast 2,Control,FIB2
-0.10038843061416018,Fibroblast 3,Control,FIB3
-0.08163251476923963,Fibroblast 2,Control,FIB2
0.02923683816893083,Fibroblast 2,Control,FIB2
-0.06855867137258942,Fibroblast 2,Control,FIB2
-0.13129303547216917,Fibroblast 2,Control,FIB2
-0.06061431637467555,Fibroblast 1,Control,FIB1
-0.08501473081246835,Fibroblast 2,Control,FIB2
-0.06005469345739291,Fibroblast 1,Control,FIB1
-0.015438813970726585,Fibroblast 3,Control,FIB3
-0.14849267425487606,Fibroblast 2,Control,FIB2
-0.05958856031172069,Fibroblast 3,Control,FIB3
-0.05808665282855194,Fibroblast 2,Control,FIB2
-0.15545167579027408,Fibroblast 3,Control,FIB3
-0.04947475232981532,Fibroblast 2,Control,FIB2
-0.00589098387159331,Fibroblast 2,Control,FIB2
-0.05754357674609406,Fibroblast 1,Control,FIB1
-0.061084764634584614,Fibroblast 2,Control,FIB2
0.10658058826239357,Fibroblast 1,Control,FIB1
-0.1334328976800639,Fibroblast 3,Control,FIB3
-0.14147157494693688,Fibroblast 2,Control,FIB2
-0.02198835860391696,Fibroblast 2,Control,FIB2
-0.11040361657284897,Fibroblast 3,Control,FIB3
0.0727695567898447,Fibroblast 1,Control,FIB1
0.009237906559595188,Fibroblast 3,Control,FIB3
-0.07213188335032253,Fibroblast 1,Control,FIB1
-0.06398745880677083,Fibroblast 2,Control,FIB2
-0.17062981130510071,Fibroblast 2,Control,FIB2
-0.11748075455641513,Fibroblast 3,Control,FIB3
-0.08088762970648462,Fibroblast 1,Control,FIB1
-0.1287147534229709,Fibroblast 3,Control,FIB3
-0.13348606395278412,Fibroblast 2,Control,FIB2
-0.14836844380341166,Fibroblast 2,Control,FIB2
-0.07472134763651474,Fibroblast 2,Control,FIB2
-0.07400147128180166,Fibroblast 3,Control,FIB3
-0.10362061339301573,Fibroblast 2,Control,FIB2
0.02210902036046921,Fibroblast 3,Control,FIB3
-0.14380105223285058,Fibroblast 2,Control,FIB2
-0.07911150154316475,Fibroblast 2,Control,FIB2
-0.10292111030299618,Fibroblast 3,Control,FIB3
-0.042773025409318294,Fibroblast 2,Control,FIB2
-0.12019362996799762,Fibroblast 3,Control,FIB3
-0.018673554026413457,Fibroblast 1,Control,FIB1
0.027185030084471394,Fibroblast 3,Control,FIB3
-0.007197201624158791,Fibroblast 2,Control,FIB2
0.054101938409945656,Fibroblast 3,Control,FIB3
-0.08650106844201186,Fibroblast 3,Control,FIB3
-0.07718572920475872,Fibroblast 1,Control,FIB1
-0.08786190139690976,Fibroblast 2,Control,FIB2
-0.11176370217500803,Fibroblast 3,Control,FIB3
0.11518131552369149,Fibroblast 1,Control,FIB1
-0.04756918991273192,Fibroblast 3,Control,FIB3
-0.04509389333072135,Fibroblast 3,Control,FIB3
-0.10453066955770751,Fibroblast 2,Control,FIB2
-0.07231571552216903,Fibroblast 3,Control,FIB3
0.06283936179176103,Fibroblast 1,Control,FIB1
-0.04311152440288676,Fibroblast 3,Control,FIB3
-0.02735878295830622,Fibroblast 3,Control,FIB3
-0.06504853440164225,Fibroblast 2,Control,FIB2
-0.10749459064850694,Fibroblast 2,Control,FIB2
0.11144902532355123,Fibroblast 1,Control,FIB1
-0.03888172650644841,Fibroblast 2,Control,FIB2
-0.01521880892486286,Fibroblast 3,Control,FIB3
-0.032033298182324546,Fibroblast 1,Control,FIB1
-0.02442472079290347,Fibroblast 3,Control,FIB3
-0.032894695751469305,Fibroblast 3,Control,FIB3
-0.02100142053272432,Fibroblast 2,Control,FIB2
-0.08431790102447359,Fibroblast 2,Control,FIB2
-0.0033354797586131815,Fibroblast 3,Control,FIB3
-0.14392812762491378,Fibroblast 3,Control,FIB3
-0.09280504252610759,Fibroblast 2,Control,FIB2
-0.07263630391159921,Fibroblast 2,Control,FIB2
0.07812004000989863,Fibroblast 1,Control,FIB1
0.05490763532041182,Fibroblast 1,Control,FIB1
-0.04795804436574689,Fibroblast 3,Control,FIB3
-0.11274589934097241,Fibroblast 3,Control,FIB3
-0.101705907717877,Fibroblast 2,Control,FIB2
-0.07837964343643397,Fibroblast 2,Control,FIB2
-0.018277911788887744,Fibroblast 2,Control,FIB2
-0.053234101547890655,Fibroblast 3,Control,FIB3
-0.08760591105281249,Fibroblast 3,Control,FIB3
-0.10169439897563447,Fibroblast 2,Control,FIB2
-0.08099446738701961,Fibroblast 3,Control,FIB3
-0.07420230373992048,Fibroblast 2,Control,FIB2
-0.10428197321913163,Fibroblast 2,Control,FIB2
-0.11766361426190103,Fibroblast 2,Control,FIB2
-0.06730173966665269,Fibroblast 1,Control,FIB1
-0.16894507247056417,Fibroblast 3,Control,FIB3
-0.09065134815792808,Fibroblast 2,Control,FIB2
0.014231284127925469,Fibroblast 3,Control,FIB3
-0.03527969891461025,Fibroblast 2,Control,FIB2
-0.05615620331310089,Fibroblast 2,Control,FIB2
-0.11395677351255397,Fibroblast 3,Control,FIB3
-0.010395203728610141,Fibroblast 1,Control,FIB1
-0.11706019048146775,Fibroblast 3,Control,FIB3
-0.15567481870474897,Fibroblast 2,Control,FIB2
-0.08965280820136513,Fibroblast 2,Control,FIB2
-0.13590243896536292,Fibroblast 1,Control,FIB1
-0.022467105068826636,Fibroblast 1,Control,FIB1
-0.012050885838626936,Fibroblast 3,Control,FIB3
-0.13637522273639324,Fibroblast 3,Control,FIB3
-0.10679657365821404,Fibroblast 3,Control,FIB3
-0.05397992919122362,Fibroblast 3,Control,FIB3
-0.058189139735393296,Fibroblast 3,Control,FIB3
-0.05703875189948804,Fibroblast 3,Control,FIB3
-0.05673761618769274,Fibroblast 1,Control,FIB1
0.06285522205719571,Fibroblast 1,Control,FIB1
-0.08102480131631465,Fibroblast 2,Control,FIB2
-0.018797732490078094,Fibroblast 3,Control,FIB3
-0.060448267883077375,Fibroblast 2,Control,FIB2
-0.16961598608094605,Fibroblast 2,Control,FIB2
0.055189890391988225,Fibroblast 3,Control,FIB3
-0.10012982246075816,Fibroblast 2,Control,FIB2
-0.002195536548526453,Fibroblast 3,Control,FIB3
-0.11075124020043897,Fibroblast 3,Control,FIB3
-0.14648884507646726,Fibroblast 3,Control,FIB3
-0.12627692911108662,Fibroblast 3,Control,FIB3
-0.18265668344223684,Fibroblast 3,Control,FIB3
-0.1491966079527221,Fibroblast 2,Control,FIB2
-0.07836795851390797,Fibroblast 1,Control,FIB1
0.022088041544694965,Fibroblast 1,Control,FIB1
0.002769270627367107,Fibroblast 3,Control,FIB3
-0.1807317357417616,Fibroblast 3,Control,FIB3
-0.032329392580454086,Fibroblast 1,Control,FIB1
-0.07503009424726564,Fibroblast 3,Control,FIB3
-0.057696436026673445,Fibroblast 2,Control,FIB2
-0.09602069807337499,Fibroblast 1,Control,FIB1
-0.13531980752918166,Fibroblast 2,Control,FIB2
-0.18819515819562238,Fibroblast 3,Control,FIB3
-0.16112646310569023,Fibroblast 3,Control,FIB3
-0.12471559578149875,Fibroblast 3,Control,FIB3
1.0336353302552994,Fibroblast 1,Control,FIB1
0.014743814261302852,Fibroblast 3,Control,FIB3
-0.18355171751040153,Fibroblast 1,Control,FIB1
-0.05384373053483878,Fibroblast 3,Control,FIB3
-0.0639042764424967,Fibroblast 2,Control,FIB2
-0.15088028000434772,Fibroblast 3,Control,FIB3
-0.019183112770076515,Fibroblast 2,Control,FIB2
-9.504643526676848e-06,Fibroblast 3,Control,FIB3
-0.06246255933842493,Fibroblast 3,Control,FIB3
-0.07468550429549409,Fibroblast 1,Control,FIB1
-0.03411304204090638,Fibroblast 1,Control,FIB1
-0.07781851107631463,Fibroblast 2,Control,FIB2
-0.026256106496810087,Fibroblast 3,Control,FIB3
-0.09285190391967521,Fibroblast 2,Control,FIB2
-0.07388012398458349,Fibroblast 2,Control,FIB2
-0.043777037195014884,Fibroblast 2,Control,FIB2
0.027234645004794684,Fibroblast 3,Control,FIB3
-0.11966314723495487,Fibroblast 3,Control,FIB3
0.010738776285020452,Fibroblast 1,Control,FIB1
-0.0574613274548639,Fibroblast 2,Control,FIB2
-0.044102563521722725,Fibroblast 1,Control,FIB1
-0.15534861767554684,Fibroblast 2,Control,FIB2
-0.03636025007357019,Fibroblast 3,Control,FIB3
-0.00619321087516703,Fibroblast 1,Control,FIB1
-0.10023195791044916,Fibroblast 2,Control,FIB2
-0.05381809440396391,Fibroblast 3,Control,FIB3
-0.0901438358416439,Fibroblast 3,Control,FIB3
0.009064172864292916,Fibroblast 3,Control,FIB3
-0.07376801040792594,Fibroblast 1,Control,FIB1
-0.09140696870046487,Fibroblast 2,Control,FIB2
-0.13029424026530573,Fibroblast 1,Control,FIB1
0.021351795763973058,Fibroblast 3,Control,FIB3
-0.0818786625879827,Fibroblast 2,Control,FIB2
-0.04869426537639754,Fibroblast 2,Control,FIB2
-0.0511426647109042,Fibroblast 2,Control,FIB2
-0.11418223038126413,Fibroblast 3,Control,FIB3
-0.08478986994907453,Fibroblast 3,Control,FIB3
-0.022488072621822612,Fibroblast 3,Control,FIB3
-0.02930008673861975,Fibroblast 3,Control,FIB3
-0.12707730534615733,Fibroblast 2,Control,FIB2
-0.05434083217042011,Fibroblast 3,Control,FIB3
-0.08824331354195741,Fibroblast 1,Control,FIB1
-0.18214325996294442,Fibroblast 3,Control,FIB3
0.010792391269954522,Fibroblast 3,Control,FIB3
0.06580231767904092,Fibroblast 1,Control,FIB1
-0.10118603588390826,Fibroblast 3,Control,FIB3
-0.07586033408034763,Fibroblast 2,Control,FIB2
-0.07382973731322233,Fibroblast 3,Control,FIB3
-0.08444255340307122,Fibroblast 3,Control,FIB3
-0.1331491282431627,Fibroblast 3,Control,FIB3
-0.013479157031562258,Fibroblast 3,Control,FIB3
-0.12135950918776206,Fibroblast 2,Control,FIB2
-0.12607176220588914,Fibroblast 2,Control,FIB2
0.05017169303034006,Fibroblast 1,Control,FIB1
-0.07625000515673071,Fibroblast 2,Control,FIB2
-0.17568564203675527,Fibroblast 3,Control,FIB3
-0.04550766223675201,Fibroblast 3,Control,FIB3
-0.050160797015048476,Fibroblast 3,Control,FIB3
-0.009848310264385249,Fibroblast 1,Control,FIB1
-0.024457876306183478,Fibroblast 1,Control,FIB1
-0.004232370210024327,Fibroblast 3,Control,FIB3
0.013259994093668747,Fibroblast 1,Control,FIB1
-0.17371988003784183,Fibroblast 2,Control,FIB2
-0.04142192027730576,Fibroblast 2,Control,FIB2
-0.15180388727861063,Fibroblast 1,Control,FIB1
-0.04417414073919789,Fibroblast 3,Control,FIB3
-0.1369737578489294,Fibroblast 3,Control,FIB3
-0.29436792831192865,Fibroblast 2,Control,FIB2
-0.11050072960203407,Fibroblast 2,Control,FIB2
-0.06415099969620716,Fibroblast 3,Control,FIB3
-0.03690181365783645,Fibroblast 3,Control,FIB3
-0.07068485523519968,Fibroblast 1,Control,FIB1
-0.1467172033957921,Fibroblast 3,Control,FIB3
0.04254288153775487,Fibroblast 3,Control,FIB3
-0.18021568670746774,Fibroblast 3,Control,FIB3
-0.027005110363130275,Fibroblast 2,Control,FIB2
-0.012740627684476785,Fibroblast 2,Control,FIB2
-0.10387172627843254,Fibroblast 3,Control,FIB3
-0.09720342032839122,Fibroblast 3,Control,FIB3
-0.1018253330902111,Fibroblast 3,Control,FIB3
-0.09339756397043217,Fibroblast 1,Control,FIB1
0.0007180417069978587,Fibroblast 3,Control,FIB3
0.058158192847738197,Fibroblast 1,Control,FIB1
-0.10172689734849491,Fibroblast 2,Control,FIB2
-0.09666518985727979,Fibroblast 1,Control,FIB1
-0.060056246943648986,Fibroblast 3,Control,FIB3
-0.0928204237364688,Fibroblast 1,Control,FIB1
-0.07803620546226425,Fibroblast 3,Control,FIB3
0.0010931128599030206,Fibroblast 3,Control,FIB3
-0.07920599068823891,Fibroblast 1,Control,FIB1
-0.039932843997074655,Fibroblast 2,Control,FIB2
-0.10063225581489874,Fibroblast 2,Control,FIB2
-0.02860489416743829,Fibroblast 2,Control,FIB2
0.003140634243006958,Fibroblast 1,Control,FIB1
-0.019345774314844282,Fibroblast 3,Control,FIB3
-0.05735903574831373,Fibroblast 3,Control,FIB3
-0.07037753180314496,Fibroblast 1,Control,FIB1
-0.12297734170698406,Fibroblast 1,Control,FIB1
-0.014142283911149488,Fibroblast 1,Control,FIB1
-0.2936996078919039,Fibroblast 3,Control,FIB3
-0.15202722876730335,Fibroblast 3,Control,FIB3
-0.09340321982983683,Fibroblast 3,Control,FIB3
-0.08589387859189707,Fibroblast 3,Control,FIB3
-0.1682958132510894,Fibroblast 2,Control,FIB2
-0.07309866352412733,Fibroblast 3,Control,FIB3
-0.19236431141343469,Fibroblast 3,Control,FIB3
-0.050195305062379944,Fibroblast 1,Control,FIB1
-0.1517582864059049,Fibroblast 2,Control,FIB2
-0.07317230707257136,Fibroblast 1,Control,FIB1
-0.03917695072763763,Fibroblast 3,Control,FIB3
0.0009820346751957176,Fibroblast 3,Control,FIB3
-0.16100890100515536,Fibroblast 2,Control,FIB2
-0.0648567157285523,Fibroblast 2,Control,FIB2
-0.08575265416060872,Fibroblast 2,Control,FIB2
-0.049268997795495546,Fibroblast 3,Control,FIB3
-0.13245650939903675,Fibroblast 3,Control,FIB3
-0.10034454981804417,Fibroblast 2,Control,FIB2
0.009699145926809278,Fibroblast 1,Control,FIB1
0.01747376449383169,Fibroblast 1,Control,FIB1
-0.04778162620902822,Fibroblast 1,Control,FIB1
-0.14150508812435406,Fibroblast 3,Control,FIB3
-0.1647174396290444,Fibroblast 2,Control,FIB2
-0.045052467085564755,Fibroblast 1,Control,FIB1
-0.10130713675005797,Fibroblast 3,Control,FIB3
-0.003593923810393168,Fibroblast 2,Control,FIB2
-0.1062140033464313,Fibroblast 2,Control,FIB2
-0.05216986752130574,Fibroblast 2,Control,FIB2
-0.16433270788405394,Fibroblast 3,Control,FIB3
-0.1086455520249189,Fibroblast 3,Control,FIB3
-0.0712236942150622,Fibroblast 1,Control,FIB1
0.13346396220512202,Fibroblast 1,Control,FIB1
-0.021097699866768238,Fibroblast 1,Control,FIB1
-0.05282174260026997,Fibroblast 3,Control,FIB3
-0.13792835737389664,Fibroblast 3,Control,FIB3
-0.01350377598800401,Fibroblast 3,Control,FIB3
-0.11857963262558971,Fibroblast 3,Control,FIB3
-0.1475401456659693,Fibroblast 2,Control,FIB2
-0.0035659343541400313,Fibroblast 1,Control,FIB1
-0.12518417458717723,Fibroblast 2,Control,FIB2
-0.06373193440412193,Fibroblast 1,Control,FIB1
-0.054658028819613354,Fibroblast 3,Control,FIB3
-0.006681537576429135,Fibroblast 2,Control,FIB2
-0.08547212847986024,Fibroblast 2,Control,FIB2
-0.08951305340533239,Fibroblast 2,Control,FIB2
0.05848046041071968,Fibroblast 3,Control,FIB3
-0.05602571344650592,Fibroblast 3,Control,FIB3
-0.01954147222133363,Fibroblast 3,Control,FIB3
-0.06810983535715501,Fibroblast 3,Control,FIB3
-0.019355620241097108,Fibroblast 3,Control,FIB3
-0.1384159297510493,Fibroblast 2,Control,FIB2
-0.05969829640569424,Fibroblast 1,Control,FIB1
-0.07544660464763153,Fibroblast 3,Control,FIB3
-0.23202071599368523,Fibroblast 2,Control,FIB2
-0.052548172335455764,Fibroblast 3,Control,FIB3
-0.14670038055687615,Fibroblast 2,Control,FIB2
-0.10557447871733733,Fibroblast 2,Control,FIB2
-0.13877597358742388,Fibroblast 2,Control,FIB2
-0.08748533973565312,Fibroblast 2,Control,FIB2
-0.029856925733261493,Fibroblast 3,Control,FIB3
-0.06855735366951629,Fibroblast 3,Control,FIB3
-0.05580240112889943,Fibroblast 2,Control,FIB2
-0.024466943895530432,Fibroblast 3,Control,FIB3
-0.0723807847366398,Fibroblast 2,Control,FIB2
-0.11170149090056547,Fibroblast 2,Control,FIB2
-0.15525335894949502,Fibroblast 2,Control,FIB2
-0.09814279378712665,Fibroblast 3,Control,FIB3
-0.12620923408925483,Fibroblast 1,Control,FIB1
0.10175090319362248,Fibroblast 1,Control,FIB1
-0.06167142296837745,Fibroblast 1,Control,FIB1
-0.07826154764849198,Fibroblast 3,Control,FIB3
-0.07215408025421775,Fibroblast 3,Control,FIB3
0.03712772740616405,Fibroblast 3,Control,FIB3
-0.09871973778303798,Fibroblast 2,Control,FIB2
-0.05726544485062132,Fibroblast 2,Control,FIB2
0.0865499717062794,Fibroblast 1,Control,FIB1
0.07609174334046813,Fibroblast 1,Control,FIB1
0.12203983758938461,Fibroblast 1,Control,FIB1
-0.06967721348058,Fibroblast 3,Control,FIB3
-0.01758651811626337,Fibroblast 3,Control,FIB3
0.00922390086674307,Fibroblast 1,Control,FIB1
-0.02890246533788058,Fibroblast 3,Control,FIB3
-0.0016490525516317071,Fibroblast 3,Control,FIB3
-0.0526582122606715,Fibroblast 1,Control,FIB1
-0.006191261977680475,Fibroblast 1,Control,FIB1
-0.04116205325146557,Fibroblast 3,Control,FIB3
-0.08598102626863532,Fibroblast 3,Control,FIB3
-0.011679510581721165,Fibroblast 2,Control,FIB2
-0.10352110893691388,Fibroblast 3,Control,FIB3
-0.04482821701922669,Fibroblast 1,Control,FIB1
-0.037733456033364615,Fibroblast 3,Control,FIB3
-0.05614938521551681,Fibroblast 1,Control,FIB1
-0.040062702835568016,Fibroblast 1,Control,FIB1
0.02623908534421305,Fibroblast 1,Control,FIB1
0.010589456172473649,Fibroblast 2,Control,FIB2
-0.03594124815445582,Fibroblast 2,Control,FIB2
-0.07658646871798609,Fibroblast 3,Control,FIB3
0.011284220887480875,Fibroblast 1,Control,FIB1
-0.12002350733017716,Fibroblast 3,Control,FIB3
-0.025435622150385584,Fibroblast 2,Control,FIB2
-0.1205301385727017,Fibroblast 2,Control,FIB2
-0.08472366097976279,Fibroblast 2,Control,FIB2
-0.09628602083023732,Fibroblast 2,Control,FIB2
-0.12917470414527255,Fibroblast 2,Control,FIB2
-0.13760255445546915,Fibroblast 1,Control,FIB1
0.0545212921429898,Fibroblast 1,Control,FIB1
0.004807150618772384,Fibroblast 2,Control,FIB2
0.017514428193204225,Fibroblast 3,Control,FIB3
-0.12841056513019256,Fibroblast 3,Control,FIB3
-0.07965511733581872,Fibroblast 3,Control,FIB3
-0.03858336203271492,Fibroblast 2,Control,FIB2
-0.037665556120049716,Fibroblast 1,Control,FIB1
0.09655075925125282,Fibroblast 1,Control,FIB1
-0.14655507642391125,Fibroblast 3,Control,FIB3
-0.11273557157071534,Fibroblast 3,Control,FIB3
-0.08370198187649372,Fibroblast 2,Control,FIB2
-0.035751693864474694,Fibroblast 3,Control,FIB3
-0.11721053106072071,Fibroblast 3,Control,FIB3
-0.12223183840911259,Fibroblast 2,Control,FIB2
-0.16016764917812548,Fibroblast 2,Control,FIB2
-0.12387440674529276,Fibroblast 3,Control,FIB3
-0.11756875174435363,Fibroblast 2,Control,FIB2
-0.07866373393893865,Fibroblast 2,Control,FIB2
0.0270312579766673,Fibroblast 1,Control,FIB1
-0.03082805359656876,Fibroblast 3,Control,FIB3
-0.027683421153209917,Fibroblast 1,Control,FIB1
-0.1658624176319248,Fibroblast 2,Control,FIB2
-0.10102366626819068,Fibroblast 2,Control,FIB2
-0.030188845145551858,Fibroblast 1,Control,FIB1
0.08878712859947152,Fibroblast 1,Control,FIB1
-0.18589835467050075,Fibroblast 3,Control,FIB3
-0.09606672775715788,Fibroblast 2,Control,FIB2
-0.13041103125388764,Fibroblast 3,Control,FIB3
-0.13673655856876007,Fibroblast 2,Control,FIB2
0.0753632208679316,Fibroblast 3,Control,FIB3
-0.052007341577795345,Fibroblast 3,Control,FIB3
-0.08137856837424366,Fibroblast 2,Control,FIB2
-0.10683429556451322,Fibroblast 3,Control,FIB3
-0.12833023414742045,Fibroblast 2,Control,FIB2
-0.036758283423154764,Fibroblast 1,Control,FIB1
-0.11876224150322574,Fibroblast 2,Control,FIB2
-0.06270850095717292,Fibroblast 3,Control,FIB3
-0.047639505813761425,Fibroblast 2,Control,FIB2
0.15586098756781472,Fibroblast 1,Control,FIB1
-0.1314664813178953,Fibroblast 3,Control,FIB3
-0.03055979774800953,Fibroblast 1,Control,FIB1
-0.021627913825998886,Fibroblast 3,Control,FIB3
0.018991800604591345,Fibroblast 3,Control,FIB3
-0.13146007565652237,Fibroblast 2,Control,FIB2
0.04016233009693491,Fibroblast 1,Control,FIB1
-0.05971938530514813,Fibroblast 2,Control,FIB2
-0.10414927429373362,Fibroblast 4,Control,FIB4
-0.04481255257907792,Fibroblast 3,Control,FIB3
-0.0925432237313793,Fibroblast 3,Control,FIB3
-0.19801627009610887,Fibroblast 1,Control,FIB1
-0.10106865459055053,Fibroblast 3,Control,FIB3
-0.07050601039392897,Fibroblast 3,Control,FIB3
-0.08916606374241963,Fibroblast 2,Control,FIB2
-0.04534320880895956,Fibroblast 2,Control,FIB2
-0.15794368264511535,Fibroblast 1,Control,FIB1
0.17943019753680217,Fibroblast 1,Control,FIB1
-0.11625103245425776,Fibroblast 3,Control,FIB3
-0.13955719670699934,Fibroblast 3,Control,FIB3
-0.03629624999978192,Fibroblast 3,Control,FIB3
-0.05554595131345344,Fibroblast 3,Control,FIB3
-0.06370652500249241,Fibroblast 3,Control,FIB3
-0.20090275328377447,Fibroblast 2,Control,FIB2
0.0852566012608851,Fibroblast 1,Control,FIB1
-0.08802438944884786,Fibroblast 1,Control,FIB1
-0.009490125087337728,Fibroblast 3,Control,FIB3
-0.06832078870405453,Fibroblast 2,Control,FIB2
-0.09841382683672384,Fibroblast 3,Control,FIB3
-0.10218609228668879,Fibroblast 2,Control,FIB2
-0.10749844411717821,Fibroblast 3,Control,FIB3
-0.13704031755109222,Fibroblast 1,Control,FIB1
-0.02749793784167345,Fibroblast 1,Control,FIB1
0.03629461894044691,Fibroblast 3,Control,FIB3
0.02461961518800422,Fibroblast 1,Control,FIB1
-0.09630465353250686,Fibroblast 3,Control,FIB3
-0.03488729050384356,Fibroblast 1,Control,FIB1
-0.08728808466704384,Fibroblast 2,Control,FIB2
-0.10232491726491659,Fibroblast 2,Control,FIB2
-0.07523377202768358,Fibroblast 2,Control,FIB2
-0.17364791472691818,Fibroblast 2,Control,FIB2
-0.029918961561285075,Fibroblast 3,Control,FIB3
-0.03579376690888208,Fibroblast 2,Control,FIB2
-0.07179245109872659,Fibroblast 3,Control,FIB3
-0.03191743078221187,Fibroblast 3,Control,FIB3
-0.07105896763172931,Fibroblast 1,Control,FIB1
0.06968477505579668,Fibroblast 1,Control,FIB1
-0.03080086468780139,Fibroblast 3,Control,FIB3
-0.0532166758956981,Fibroblast 3,Control,FIB3
-0.052047694015199444,Fibroblast 3,Control,FIB3
-0.11325012629910791,Fibroblast 2,Control,FIB2
-0.05457337077361691,Fibroblast 1,Control,FIB1
-0.05451588712666718,Fibroblast 2,Control,FIB2
-0.05406342633543846,Fibroblast 2,Control,FIB2
0.008903117440234695,Fibroblast 2,Control,FIB2
-0.04515056012795483,Fibroblast 3,Control,FIB3
0.11928309132434613,Fibroblast 1,Control,FIB1
-0.13425780246018762,Fibroblast 2,Control,FIB2
-0.0734666669394331,Fibroblast 3,Control,FIB3
-0.13452078155773994,Fibroblast 2,Control,FIB2
-0.06531300640166676,Fibroblast 2,Control,FIB2
-0.019114216145190346,Fibroblast 1,Control,FIB1
0.09405095707312677,Fibroblast 3,Control,FIB3
-0.037347697586110486,Fibroblast 2,Control,FIB2
0.32182652822650815,Fibroblast 1,Control,FIB1
-0.007949950673586384,Fibroblast 3,Control,FIB3
-0.020396668455141,Fibroblast 3,Control,FIB3
-0.12968366133738451,Fibroblast 1,Control,FIB1
-0.24378993696389467,Fibroblast 2,Control,FIB2
-0.012966374420313065,Fibroblast 2,Control,FIB2
-0.10648847306948228,Fibroblast 2,Control,FIB2
-0.07673421920517312,Fibroblast 2,Control,FIB2
-0.09028249978194539,Fibroblast 3,Control,FIB3
-0.06095806306184426,Fibroblast 3,Control,FIB3
-0.09972662566866891,Fibroblast 3,Control,FIB3
-0.1360942864746672,Fibroblast 2,Control,FIB2
0.05418095727192822,Fibroblast 3,Control,FIB3
0.03298079773514066,Fibroblast 3,Control,FIB3
-0.06361210442820246,Fibroblast 2,Control,FIB2
-0.06735422834613607,Fibroblast 2,Control,FIB2
-0.00474523037898103,Fibroblast 1,Control,FIB1
-0.15204711346406047,Fibroblast 2,Control,FIB2
-0.12986214271088722,Fibroblast 3,Control,FIB3
-0.14409650018235357,Fibroblast 1,Control,FIB1
-0.12395993226213262,Fibroblast 2,Control,FIB2
0.014802851332347862,Fibroblast 1,Control,FIB1
-0.03877159461895698,Fibroblast 3,Control,FIB3
-0.10024818452008831,Fibroblast 3,Control,FIB3
-0.05334810851525055,Fibroblast 1,Control,FIB1
-0.130095810778741,Fibroblast 3,Control,FIB3
-0.06614643736878753,Fibroblast 2,Control,FIB2
-0.09334499344022401,Fibroblast 2,Control,FIB2
-0.11318817113642726,Fibroblast 2,Control,FIB2
-0.0008360017835040059,Fibroblast 3,Control,FIB3
-0.15892204744439886,Fibroblast 2,Control,FIB2
0.14795048858087786,Fibroblast 1,Control,FIB1
-0.07961143648932464,Fibroblast 2,Control,FIB2
-0.03600573242084189,Fibroblast 3,Control,FIB3
-0.07302407179711035,Fibroblast 3,Control,FIB3
-0.03830272863617718,Fibroblast 2,Control,FIB2
-0.07023112276482713,Fibroblast 2,Control,FIB2
-0.019919473015044625,Fibroblast 3,Control,FIB3
-0.043988934257597485,Fibroblast 1,Control,FIB1
-0.004375828978388924,Fibroblast 3,Control,FIB3
-0.051368786391322446,Fibroblast 2,Control,FIB2
0.05278139791641457,Fibroblast 1,Control,FIB1
-0.10253021915830307,Fibroblast 1,Control,FIB1
-0.09485479229521188,Fibroblast 2,Control,FIB2
-0.1412876755864094,Fibroblast 2,Control,FIB2
-0.1097133916427122,Fibroblast 3,Control,FIB3
0.17543769984994914,Fibroblast 1,Control,FIB1
0.014476817149908616,Fibroblast 1,Control,FIB1
-0.19333544301975558,Fibroblast 3,Control,FIB3
0.08379496665461497,Fibroblast 1,Control,FIB1
-0.16476256348102924,Fibroblast 3,Control,FIB3
-0.1380749633187028,Fibroblast 2,Control,FIB2
-0.07581342333460675,Fibroblast 3,Control,FIB3
-0.10870350295564421,Fibroblast 2,Control,FIB2
-0.12307065402847371,Fibroblast 2,Control,FIB2
-0.03784260465982419,Fibroblast 1,Expanded,FIB1
0.15169711921309367,Fibroblast 4,Expanded,FIB4
-0.01442575410557639,Fibroblast 3,Expanded,FIB3
-0.03698819579581271,Fibroblast 3,Expanded,FIB3
0.08286143996855935,Fibroblast 1,Expanded,FIB1
-0.006002752033160683,Fibroblast 3,Expanded,FIB3
0.03834872108924185,Fibroblast 3,Expanded,FIB3
0.15616980540641728,Fibroblast 3,Expanded,FIB3
0.03177267930776241,Fibroblast 3,Expanded,FIB3
0.02333284105183095,Fibroblast 3,Expanded,FIB3
-0.006420011631462025,Fibroblast 1,Expanded,FIB1
0.046055898168598446,Fibroblast 1,Expanded,FIB1
0.11172111757749677,Fibroblast 3,Expanded,FIB3
-0.011219439550431884,Fibroblast 3,Expanded,FIB3
-0.05386319155968007,Fibroblast 3,Expanded,FIB3
0.014473422463086152,Fibroblast 1,Expanded,FIB1
0.00028732216933980304,Fibroblast 3,Expanded,FIB3
0.08784168440486281,Fibroblast 1,Expanded,FIB1
0.3244467573875802,Fibroblast 4,Expanded,FIB4
-0.03795434272611096,Fibroblast 2,Expanded,FIB2
-0.008989826432157164,Fibroblast 3,Expanded,FIB3
0.0322008919159872,Fibroblast 1,Expanded,FIB1
0.08987862027358988,Fibroblast 1,Expanded,FIB1
0.06627542818466502,Fibroblast 4,Expanded,FIB4
0.1493953953552914,Fibroblast 2,Expanded,FIB2
-0.04063977987743461,Fibroblast 2,Expanded,FIB2
0.022070204634307533,Fibroblast 3,Expanded,FIB3
0.0224096889393003,Fibroblast 3,Expanded,FIB3
0.009097406156578156,Fibroblast 4,Expanded,FIB4
-0.07765479302448763,Fibroblast 3,Expanded,FIB3
0.0174302524775638,Fibroblast 1,Expanded,FIB1
0.009581681706231436,Fibroblast 3,Expanded,FIB3
0.07463201322371185,Fibroblast 1,Expanded,FIB1
0.075790897283534,Fibroblast 3,Expanded,FIB3
0.022533961200449176,Fibroblast 4,Expanded,FIB4
0.046523480253357744,Fibroblast 4,Expanded,FIB4
-0.00581318620456913,Fibroblast 3,Expanded,FIB3
-0.02530604989970711,Fibroblast 3,Expanded,FIB3
0.10569238264879882,Fibroblast 1,Expanded,FIB1
-0.0678228087978346,Fibroblast 3,Expanded,FIB3
0.09256984336756463,Fibroblast 4,Expanded,FIB4
0.11348539147698893,Fibroblast 1,Expanded,FIB1
-0.0006452403040112242,Fibroblast 3,Expanded,FIB3
-0.01265735111144102,Fibroblast 1,Expanded,FIB1
0.01937624297130084,Fibroblast 3,Expanded,FIB3
0.09132822893554604,Fibroblast 2,Expanded,FIB2
-0.05756921628706173,Fibroblast 3,Expanded,FIB3
0.015878510852360805,Fibroblast 1,Expanded,FIB1
0.08206854645061365,Fibroblast 1,Expanded,FIB1
0.12939567535747276,Fibroblast 4,Expanded,FIB4
0.017972852107705273,Fibroblast 4,Expanded,FIB4
0.023200887978156573,Fibroblast 2,Expanded,FIB2
-0.0853333640507942,Fibroblast 2,Expanded,FIB2
0.02376401980591262,Fibroblast 3,Expanded,FIB3
-0.14270691935905438,Fibroblast 2,Expanded,FIB2
-0.0349593965489783,Fibroblast 3,Expanded,FIB3
0.003451611213661561,Fibroblast 3,Expanded,FIB3
0.08775644481391366,Fibroblast 2,Expanded,FIB2
0.12195866854012677,Fibroblast 4,Expanded,FIB4
0.12971925111544105,Fibroblast 3,Expanded,FIB3
-0.07667480863591483,Fibroblast 3,Expanded,FIB3
-0.048728867348144064,Fibroblast 3,Expanded,FIB3
0.08129319560079752,Fibroblast 1,Expanded,FIB1
-0.055685376628264296,Fibroblast 2,Expanded,FIB2
0.09403130021614446,Fibroblast 4,Expanded,FIB4
-0.0763911956426897,Fibroblast 1,Expanded,FIB1
0.06979907383929734,Fibroblast 4,Expanded,FIB4
0.060667175023481706,Fibroblast 4,Expanded,FIB4
0.11932775290966688,Fibroblast 3,Expanded,FIB3
0.039400116966009736,Fibroblast 3,Expanded,FIB3
0.16940288048761648,Fibroblast 1,Expanded,FIB1
0.12449779033491275,Fibroblast 1,Expanded,FIB1
0.12061625514744315,Fibroblast 3,Expanded,FIB3
-0.037076448864055866,Fibroblast 1,Expanded,FIB1
0.031631890467745394,Fibroblast 1,Expanded,FIB1
-0.010613426136432708,Fibroblast 3,Expanded,FIB3
-0.15012401412412252,Fibroblast 3,Expanded,FIB3
-0.05049685448239857,Fibroblast 1,Expanded,FIB1
0.03458137506610025,Fibroblast 3,Expanded,FIB3
0.02192674871242259,Fibroblast 1,Expanded,FIB1
-0.023802310004447037,Fibroblast 1,Expanded,FIB1
0.027302514571228856,Fibroblast 3,Expanded,FIB3
0.03446469038326037,Fibroblast 3,Expanded,FIB3
-0.17965447354602757,Fibroblast 3,Expanded,FIB3
-0.020059013807338252,Fibroblast 1,Expanded,FIB1
-0.07000934018136701,Fibroblast 2,Expanded,FIB2
0.03881499921953725,Fibroblast 3,Expanded,FIB3
-0.20367818836041973,Fibroblast 3,Expanded,FIB3
0.0833808139285892,Fibroblast 3,Expanded,FIB3
0.029307249752505676,Fibroblast 2,Expanded,FIB2
-0.03171619304985382,Fibroblast 3,Expanded,FIB3
0.04548959756732418,Fibroblast 1,Expanded,FIB1
-0.01962845314509002,Fibroblast 3,Expanded,FIB3
0.05863740401413697,Fibroblast 3,Expanded,FIB3
0.0648883309306595,Fibroblast 4,Expanded,FIB4
-0.022436545448625528,Fibroblast 4,Expanded,FIB4
0.09920046552661241,Fibroblast 1,Expanded,FIB1
0.10907745425193656,Fibroblast 4,Expanded,FIB4
0.09834965356656636,Fibroblast 4,Expanded,FIB4
-0.14761762091999928,Fibroblast 2,Expanded,FIB2
0.17876052466395492,Fibroblast 1,Expanded,FIB1
0.06433501056156743,Fibroblast 2,Expanded,FIB2
-0.025108459319458785,Fibroblast 4,Expanded,FIB4
-0.047333910525463506,Fibroblast 1,Expanded,FIB1
0.06843450874385651,Fibroblast 3,Expanded,FIB3
-0.027996292449584244,Fibroblast 3,Expanded,FIB3
0.04762598245280836,Fibroblast 1,Expanded,FIB1
-0.06792174877096938,Fibroblast 3,Expanded,FIB3
0.11060446413378236,Fibroblast 3,Expanded,FIB3
0.10958108301250691,Fibroblast 1,Expanded,FIB1
-0.06314454626875982,Fibroblast 3,Expanded,FIB3
0.12535496030981086,Fibroblast 3,Expanded,FIB3
0.09838898139856903,Fibroblast 1,Expanded,FIB1
0.014224314389092121,Fibroblast 2,Expanded,FIB2
0.11419832360733055,Fibroblast 1,Expanded,FIB1
0.11074281137312432,Fibroblast 1,Expanded,FIB1
-0.1585950568705375,Fibroblast 1,Expanded,FIB1
0.05735263070103206,Fibroblast 3,Expanded,FIB3
0.03647937768260966,Fibroblast 1,Expanded,FIB1
0.01151333232234384,Fibroblast 3,Expanded,FIB3
0.012283576469271525,Fibroblast 4,Expanded,FIB4
-0.06026788264136049,Fibroblast 3,Expanded,FIB3
-0.017261709642895307,Fibroblast 1,Expanded,FIB1
-0.05868083084024229,Fibroblast 3,Expanded,FIB3
-0.05763267439798956,Fibroblast 3,Expanded,FIB3
-0.04758420676132647,Fibroblast 4,Expanded,FIB4
0.12526395981362767,Fibroblast 3,Expanded,FIB3
0.058467798629845136,Fibroblast 3,Expanded,FIB3
0.06289129278545787,Fibroblast 3,Expanded,FIB3
0.0454074727386158,Fibroblast 1,Expanded,FIB1
0.02878893656504728,Fibroblast 3,Expanded,FIB3
-0.06229353945271378,Fibroblast 3,Expanded,FIB3
0.018302510930683052,Fibroblast 3,Expanded,FIB3
-0.046648864092811014,Fibroblast 1,Expanded,FIB1
-0.0777781291643651,Fibroblast 3,Expanded,FIB3
0.024145062659209085,Fibroblast 4,Expanded,FIB4
0.06492756037539757,Fibroblast 1,Expanded,FIB1
0.04347382278462729,Fibroblast 3,Expanded,FIB3
0.07730373420603683,Fibroblast 4,Expanded,FIB4
-0.03788341553464125,Fibroblast 1,Expanded,FIB1
0.08796604623972906,Fibroblast 1,Expanded,FIB1
0.06669257599633624,Fibroblast 1,Expanded,FIB1
-0.02207508881833572,Fibroblast 4,Expanded,FIB4
0.061953189442838064,Fibroblast 1,Expanded,FIB1
0.04938926025858845,Fibroblast 3,Expanded,FIB3
0.020332163993568846,Fibroblast 3,Expanded,FIB3
0.06608615152969723,Fibroblast 1,Expanded,FIB1
0.13299118180850245,Fibroblast 4,Expanded,FIB4
-0.008024849215851549,Fibroblast 3,Expanded,FIB3
0.033047830523867644,Fibroblast 1,Expanded,FIB1
-0.015632326162920818,Fibroblast 4,Expanded,FIB4
0.10331777997036708,Fibroblast 2,Expanded,FIB2
0.10800326467630002,Fibroblast 1,Expanded,FIB1
0.07698548478054923,Fibroblast 3,Expanded,FIB3
-0.03312489413884904,Fibroblast 3,Expanded,FIB3
0.07514417013279873,Fibroblast 3,Expanded,FIB3
0.05113611007684878,Fibroblast 1,Expanded,FIB1
0.08564631861981767,Fibroblast 4,Expanded,FIB4
-0.10193089471922454,Fibroblast 3,Expanded,FIB3
-0.06542559735706502,Fibroblast 3,Expanded,FIB3
-0.031375341133446255,Fibroblast 4,Expanded,FIB4
0.03654121186932891,Fibroblast 3,Expanded,FIB3
0.022335342676325462,Fibroblast 3,Expanded,FIB3
0.03945904404108887,Fibroblast 3,Expanded,FIB3
0.06655455955386397,Fibroblast 3,Expanded,FIB3
0.09636562534438259,Fibroblast 3,Expanded,FIB3
-0.006026254663134625,Fibroblast 2,Expanded,FIB2
0.02995887335145838,Fibroblast 2,Expanded,FIB2
0.11152116247661487,Fibroblast 1,Expanded,FIB1
0.14183888735948236,Fibroblast 3,Expanded,FIB3
-0.10660255071316874,Fibroblast 4,Expanded,FIB4
-0.04782068325798395,Fibroblast 3,Expanded,FIB3
-0.04299787328014704,Fibroblast 4,Expanded,FIB4
0.06676453279436637,Fibroblast 1,Expanded,FIB1
0.060897663746330384,Fibroblast 3,Expanded,FIB3
0.004833767947872297,Fibroblast 4,Expanded,FIB4
0.13481206936302745,Fibroblast 1,Expanded,FIB1
-0.09437567867357328,Fibroblast 3,Expanded,FIB3
-0.05779269223575337,Fibroblast 3,Expanded,FIB3
0.12574544745032856,Fibroblast 1,Expanded,FIB1
0.09052473758265249,Fibroblast 1,Expanded,FIB1
-0.028695750323239375,Fibroblast 1,Expanded,FIB1
-0.001466413482706895,Fibroblast 3,Expanded,FIB3
0.07223518493900921,Fibroblast 3,Expanded,FIB3
0.059096461621205486,Fibroblast 3,Expanded,FIB3
0.03913696293298535,Fibroblast 3,Expanded,FIB3
-0.00429881462092617,Fibroblast 2,Expanded,FIB2
0.001937697435196159,Fibroblast 3,Expanded,FIB3
-0.033060094921500555,Fibroblast 1,Expanded,FIB1
0.10496192765353632,Fibroblast 1,Expanded,FIB1
0.058721966372828824,Fibroblast 2,Expanded,FIB2
-0.021351889750876332,Fibroblast 2,Expanded,FIB2
-0.04064541517384367,Fibroblast 1,Expanded,FIB1
-0.007670316676319601,Fibroblast 1,Expanded,FIB1
0.026158715698768542,Fibroblast 4,Expanded,FIB4
0.011795050197591042,Fibroblast 1,Expanded,FIB1
0.022276926111992126,Fibroblast 3,Expanded,FIB3
-0.029707481515450537,Fibroblast 3,Expanded,FIB3
-0.0011151196233469135,Fibroblast 3,Expanded,FIB3
0.10896608441287534,Fibroblast 3,Expanded,FIB3
0.056776674264562774,Fibroblast 4,Expanded,FIB4
0.026140873668004005,Fibroblast 3,Expanded,FIB3
0.029840419247573233,Fibroblast 1,Expanded,FIB1
-0.023493789614262076,Fibroblast 3,Expanded,FIB3
0.04215022444049289,Fibroblast 3,Expanded,FIB3
0.03342130489453476,Fibroblast 4,Expanded,FIB4
0.04051538094761242,Fibroblast 4,Expanded,FIB4
0.08069474278263877,Fibroblast 3,Expanded,FIB3
-0.051862641570812204,Fibroblast 1,Expanded,FIB1
0.09062720148429172,Fibroblast 3,Expanded,FIB3
-0.020716461645580157,Fibroblast 3,Expanded,FIB3
0.034549139097607394,Fibroblast 2,Expanded,FIB2
0.06987934198859458,Fibroblast 1,Expanded,FIB1
-0.008036227948239383,Fibroblast 1,Expanded,FIB1
-0.07502665180681771,Fibroblast 3,Expanded,FIB3
-0.12419171790007107,Fibroblast 2,Expanded,FIB2
0.07264583107624702,Fibroblast 1,Expanded,FIB1
-0.02578992496559505,Fibroblast 3,Expanded,FIB3
0.0535898406082493,Fibroblast 4,Expanded,FIB4
0.3270593886520135,Fibroblast 1,Expanded,FIB1
0.008554337429577633,Fibroblast 3,Expanded,FIB3
-0.04370423111888994,Fibroblast 3,Expanded,FIB3
0.052996085484606936,Fibroblast 1,Expanded,FIB1
-0.005433031224341772,Fibroblast 1,Expanded,FIB1
0.012843319997268149,Fibroblast 3,Expanded,FIB3
0.18508278952739782,Fibroblast 4,Expanded,FIB4
-0.03470366600835591,Fibroblast 3,Expanded,FIB3
-0.036009608214126486,Fibroblast 4,Expanded,FIB4
-0.007864323890800357,Fibroblast 1,Expanded,FIB1
-0.009302299412273715,Fibroblast 2,Expanded,FIB2
0.0019765623619990708,Fibroblast 3,Expanded,FIB3
0.11592643183991064,Fibroblast 1,Expanded,FIB1
0.09365538962088957,Fibroblast 2,Expanded,FIB2
0.030141059060213443,Fibroblast 1,Expanded,FIB1
-0.0023168007811142227,Fibroblast 1,Expanded,FIB1
-0.00101907202775749,Fibroblast 2,Expanded,FIB2
-0.05086532111109243,Fibroblast 3,Expanded,FIB3
0.027036928958855126,Fibroblast 3,Expanded,FIB3
-0.0352065734489176,Fibroblast 1,Expanded,FIB1
-0.06957589396058883,Fibroblast 3,Expanded,FIB3
0.004134120883303741,Fibroblast 1,Expanded,FIB1
0.06881403608595964,Fibroblast 1,Expanded,FIB1
0.07084827856437859,Fibroblast 2,Expanded,FIB2
-0.017347233725057566,Fibroblast 1,Expanded,FIB1
-0.056912950111635115,Fibroblast 2,Expanded,FIB2
0.09250831301348442,Fibroblast 4,Expanded,FIB4
-0.03423204605624827,Fibroblast 3,Expanded,FIB3
-0.004888624687264198,Fibroblast 1,Expanded,FIB1
-0.02084539917499452,Fibroblast 3,Expanded,FIB3
0.08094490108088448,Fibroblast 1,Expanded,FIB1
0.0845344085206062,Fibroblast 4,Expanded,FIB4
-0.04341862611111803,Fibroblast 3,Expanded,FIB3
-0.007657253307414612,Fibroblast 1,Expanded,FIB1
-0.09001694733893018,Fibroblast 3,Expanded,FIB3
-0.06305596243202849,Fibroblast 3,Expanded,FIB3
0.05979756053428391,Fibroblast 2,Expanded,FIB2
0.11863607963212452,Fibroblast 1,Expanded,FIB1
-0.035757825291162545,Fibroblast 1,Expanded,FIB1
0.0043251433011502055,Fibroblast 2,Expanded,FIB2
0.01136974706780107,Fibroblast 4,Expanded,FIB4
-0.08166554600707546,Fibroblast 3,Expanded,FIB3
-0.0020758007051390748,Fibroblast 3,Expanded,FIB3
0.057681509487475635,Fibroblast 1,Expanded,FIB1
-0.009908449089236628,Fibroblast 3,Expanded,FIB3
-0.0003035326876418762,Fibroblast 1,Expanded,FIB1
-0.1330613179970993,Fibroblast 4,Expanded,FIB4
0.09869395861002472,Fibroblast 4,Expanded,FIB4
0.006369111227210518,Fibroblast 1,Expanded,FIB1
0.016674509168006144,Fibroblast 3,Expanded,FIB3
0.010618365299336172,Fibroblast 2,Expanded,FIB2
-0.0825147225845321,Fibroblast 3,Expanded,FIB3
0.055236465809792704,Fibroblast 3,Expanded,FIB3
0.46142701540097086,Fibroblast 2,Expanded,FIB2
-0.034192470734608904,Fibroblast 1,Expanded,FIB1
0.0816886866493307,Fibroblast 3,Expanded,FIB3
0.028153979346937474,Fibroblast 1,Expanded,FIB1
0.013974377767317567,Fibroblast 3,Expanded,FIB3
0.12078018252789315,Fibroblast 1,Expanded,FIB1
-0.028638659815908768,Fibroblast 1,Expanded,FIB1
0.05186627757603278,Fibroblast 1,Expanded,FIB1
-0.04567867105580398,Fibroblast 3,Expanded,FIB3
-0.06460801555501233,Fibroblast 3,Expanded,FIB3
0.04714610938062265,Fibroblast 2,Expanded,FIB2
0.043738029843255796,Fibroblast 4,Expanded,FIB4
-0.02886825360291386,Fibroblast 3,Expanded,FIB3
0.039140786319362054,Fibroblast 3,Expanded,FIB3
-0.09589944312901855,Fibroblast 3,Expanded,FIB3
0.037092489881530015,Fibroblast 3,Expanded,FIB3
-0.018215919567447895,Fibroblast 3,Expanded,FIB3
-0.0298877527175507,Fibroblast 3,Expanded,FIB3
-0.047822547749886556,Fibroblast 4,Expanded,FIB4
0.2015472065715258,Fibroblast 1,Expanded,FIB1
-0.07664805304852558,Fibroblast 3,Expanded,FIB3
0.009254493764214639,Fibroblast 1,Expanded,FIB1
-0.04282883854817721,Fibroblast 3,Expanded,FIB3
-0.015414498771800497,Fibroblast 3,Expanded,FIB3
0.02007117297497657,Fibroblast 3,Expanded,FIB3
-0.003994691405206585,Fibroblast 3,Expanded,FIB3
-0.019222638948845888,Fibroblast 3,Expanded,FIB3
0.16231462502340482,Fibroblast 1,Expanded,FIB1
-0.21864453255768135,Fibroblast 3,Expanded,FIB3
0.04291960956269933,Fibroblast 1,Expanded,FIB1
-0.00022234608533971967,Fibroblast 1,Expanded,FIB1
0.03645706023711245,Fibroblast 3,Expanded,FIB3
-0.011790834981954282,Fibroblast 2,Expanded,FIB2
0.007411105621867614,Fibroblast 3,Expanded,FIB3
0.026799237734573336,Fibroblast 1,Expanded,FIB1
-0.07588539909708984,Fibroblast 3,Expanded,FIB3
0.17423139721694586,Fibroblast 1,Expanded,FIB1
0.07039356818640585,Fibroblast 4,Expanded,FIB4
0.039469928211411875,Fibroblast 2,Expanded,FIB2
-0.047203523250121934,Fibroblast 4,Expanded,FIB4
-0.012102291115832518,Fibroblast 2,Expanded,FIB2
-0.04839040563762918,Fibroblast 1,Expanded,FIB1
0.025425334828297542,Fibroblast 2,Expanded,FIB2
-0.06829480356698002,Fibroblast 3,Expanded,FIB3
-0.06363540475167306,Fibroblast 3,Expanded,FIB3
0.13262451390627555,Fibroblast 1,Expanded,FIB1
0.005227593933806431,Fibroblast 3,Expanded,FIB3
-0.0945292132274523,Fibroblast 3,Expanded,FIB3
0.013782852103164087,Fibroblast 3,Expanded,FIB3
0.022280612929586385,Fibroblast 1,Expanded,FIB1
-0.017985798493922775,Fibroblast 1,Expanded,FIB1
0.08695882417714934,Fibroblast 4,Expanded,FIB4
0.03251102748319332,Fibroblast 3,Expanded,FIB3
0.029079869544471705,Fibroblast 2,Expanded,FIB2
-0.04487865385042523,Fibroblast 1,Expanded,FIB1
0.025147311180843818,Fibroblast 1,Expanded,FIB1
0.07992202446285591,Fibroblast 3,Expanded,FIB3
0.12894563080389326,Fibroblast 4,Expanded,FIB4
-0.06184732311180327,Fibroblast 3,Expanded,FIB3
0.043317883256553655,Fibroblast 1,Expanded,FIB1
-0.07276738602250944,Fibroblast 2,Expanded,FIB2
0.034802730669388965,Fibroblast 2,Expanded,FIB2
-0.06682465584895753,Fibroblast 2,Expanded,FIB2
0.14457838023843936,Fibroblast 4,Expanded,FIB4
0.036413205276214805,Fibroblast 3,Expanded,FIB3
-0.14963932140261532,Fibroblast 2,Expanded,FIB2
0.0593199435665194,Fibroblast 1,Expanded,FIB1
-0.09537871109365544,Fibroblast 2,Expanded,FIB2
-0.16419287412761702,Fibroblast 3,Expanded,FIB3
0.12151174357782646,Fibroblast 1,Expanded,FIB1
0.10314651648264525,Fibroblast 1,Expanded,FIB1
0.09630416725252294,Fibroblast 3,Expanded,FIB3
0.04799179471459733,Fibroblast 3,Expanded,FIB3
0.07200301481801574,Fibroblast 1,Expanded,FIB1
0.00227953856076063,Fibroblast 1,Expanded,FIB1
-0.0437553876226007,Fibroblast 2,Expanded,FIB2
-0.0721791859779437,Fibroblast 3,Expanded,FIB3
-0.018792404690446844,Fibroblast 3,Expanded,FIB3
0.01785036112971513,Fibroblast 2,Expanded,FIB2
0.01628501054915897,Fibroblast 3,Expanded,FIB3
0.017447377611367526,Fibroblast 3,Expanded,FIB3
0.31413534100107054,Fibroblast 4,Expanded,FIB4
0.044801925579707136,Fibroblast 4,Expanded,FIB4
0.041660659552431506,Fibroblast 2,Expanded,FIB2
0.08567330782130832,Fibroblast 1,Expanded,FIB1
0.02402799718431796,Fibroblast 2,Expanded,FIB2
0.05533416258426198,Fibroblast 3,Expanded,FIB3
-0.02996238093407364,Fibroblast 3,Expanded,FIB3
0.06662518449803978,Fibroblast 1,Expanded,FIB1
-0.05420671998092542,Fibroblast 1,Expanded,FIB1
-0.12642638220275942,Fibroblast 3,Expanded,FIB3
0.07417850206575972,Fibroblast 1,Expanded,FIB1
0.01591009915379131,Fibroblast 4,Expanded,FIB4
0.07027876650950543,Fibroblast 1,Expanded,FIB1
0.10178364272010922,Fibroblast 3,Expanded,FIB3
0.02842876669332665,Fibroblast 3,Expanded,FIB3
0.03370587241443676,Fibroblast 1,Expanded,FIB1
-0.030793015875248016,Fibroblast 2,Expanded,FIB2
0.11531265542948671,Fibroblast 4,Expanded,FIB4
-0.06687896038800795,Fibroblast 3,Expanded,FIB3
0.001791663821315917,Fibroblast 1,Expanded,FIB1
-0.23510988935853722,Fibroblast 3,Expanded,FIB3
-0.007042243392426276,Fibroblast 3,Expanded,FIB3
0.03427074447464331,Fibroblast 4,Expanded,FIB4
-0.0133054002158806,Fibroblast 2,Expanded,FIB2
-0.01527777690523922,Fibroblast 3,Expanded,FIB3
0.043630162041388296,Fibroblast 1,Expanded,FIB1
0.05818285162821073,Fibroblast 1,Expanded,FIB1
0.13144888576812772,Fibroblast 3,Expanded,FIB3
0.024525986117172327,Fibroblast 1,Expanded,FIB1
0.21849503364711587,Fibroblast 4,Expanded,FIB4
0.01827506887504185,Fibroblast 1,Expanded,FIB1
0.0177760678496921,Fibroblast 1,Expanded,FIB1
0.0025691291397693383,Fibroblast 1,Expanded,FIB1
-0.06454249654699429,Fibroblast 4,Expanded,FIB4
0.05275194041389967,Fibroblast 1,Expanded,FIB1
0.07293364153142916,Fibroblast 1,Expanded,FIB1
-0.024694552031741354,Fibroblast 1,Expanded,FIB1
0.017742885700872416,Fibroblast 3,Expanded,FIB3
0.05768311668655625,Fibroblast 4,Expanded,FIB4
0.20179368920439086,Fibroblast 1,Expanded,FIB1
-0.003402621850570775,Fibroblast 1,Expanded,FIB1
0.012201217023730556,Fibroblast 3,Expanded,FIB3
0.022140484205563978,Fibroblast 3,Expanded,FIB3
0.014711335149650603,Fibroblast 3,Expanded,FIB3
0.023235795728029834,Fibroblast 2,Expanded,FIB2
-0.03222825243522269,Fibroblast 3,Expanded,FIB3
0.08402439690566862,Fibroblast 2,Expanded,FIB2
-0.01723790364520471,Fibroblast 2,Expanded,FIB2
0.09929845245274245,Fibroblast 1,Expanded,FIB1
0.08289436692763205,Fibroblast 2,Expanded,FIB2
-0.03116131340776776,Fibroblast 3,Expanded,FIB3
0.08351275409953131,Fibroblast 1,Expanded,FIB1
-0.005552071636207984,Fibroblast 3,Expanded,FIB3
0.06933095299677915,Fibroblast 3,Expanded,FIB3
0.005526982549874146,Fibroblast 1,Expanded,FIB1
0.03464812963424236,Fibroblast 4,Expanded,FIB4
-0.016492790878769384,Fibroblast 1,Expanded,FIB1
0.07746990323552785,Fibroblast 3,Expanded,FIB3
0.0452435810252092,Fibroblast 3,Expanded,FIB3
0.08485431856128683,Fibroblast 3,Expanded,FIB3
0.4736994538447591,Fibroblast 2,Expanded,FIB2
0.004744734255891066,Fibroblast 3,Expanded,FIB3
0.07642610430752644,Fibroblast 3,Expanded,FIB3
0.008800165139589325,Fibroblast 1,Expanded,FIB1
0.054127592955082786,Fibroblast 3,Expanded,FIB3
-0.01858490900609465,Fibroblast 1,Expanded,FIB1
0.029006344038801146,Fibroblast 1,Expanded,FIB1
-0.07157332765269168,Fibroblast 3,Expanded,FIB3
-0.041574236281854964,Fibroblast 1,Control,FIB1
-0.08005444732692768,Fibroblast 3,Control,FIB3
-0.02178533180823354,Fibroblast 3,Control,FIB3
-0.05936632532058932,Fibroblast 1,Control,FIB1
-0.052900817240731285,Fibroblast 2,Control,FIB2
-0.08031999401720727,Fibroblast 1,Control,FIB1
0.0030454337989896767,Fibroblast 1,Control,FIB1
-0.07498856191032033,Fibroblast 3,Control,FIB3
-0.09425627924781052,Fibroblast 3,Control,FIB3
-0.08560720231107738,Fibroblast 4,Control,FIB4
-0.14212584007539866,Fibroblast 3,Control,FIB3
0.05964645328571681,Fibroblast 1,Control,FIB1
-0.23931920076802926,Fibroblast 1,Control,FIB1
0.01865120368655753,Fibroblast 1,Control,FIB1
-0.15543789710597886,Fibroblast 2,Control,FIB2
-0.04538839259176707,Fibroblast 1,Control,FIB1
-0.06897991680227131,Fibroblast 2,Control,FIB2
-0.037604311022753883,Fibroblast 3,Control,FIB3
-0.003963665813974662,Fibroblast 3,Control,FIB3
-0.09828421025182507,Fibroblast 3,Control,FIB3
-0.05892649184444618,Fibroblast 1,Control,FIB1
0.03830342918826038,Fibroblast 1,Control,FIB1
-0.27595047169628284,Fibroblast 4,Control,FIB4
-0.11967926264443052,Fibroblast 3,Control,FIB3
-0.04635375245453349,Fibroblast 2,Control,FIB2
-0.05919555509652652,Fibroblast 2,Control,FIB2
-0.20587163468278583,Fibroblast 2,Control,FIB2
-0.10894670615350462,Fibroblast 2,Control,FIB2
0.04577287721004622,Fibroblast 1,Control,FIB1
-0.14100241271554118,Fibroblast 3,Control,FIB3
-0.15751131689974,Fibroblast 3,Control,FIB3
0.007233444128320832,Fibroblast 3,Control,FIB3
-0.07236840140875608,Fibroblast 1,Control,FIB1
0.04552212274357925,Fibroblast 1,Control,FIB1
-0.07275853751227299,Fibroblast 1,Control,FIB1
-0.0932904139994296,Fibroblast 3,Control,FIB3
-0.08107894118065724,Fibroblast 1,Control,FIB1
-0.015880336009963136,Fibroblast 1,Control,FIB1
-0.016848395328730656,Fibroblast 1,Control,FIB1
-0.006108952662492485,Fibroblast 1,Control,FIB1
-0.050468474829195205,Fibroblast 2,Control,FIB2
-0.07202662015095901,Fibroblast 1,Control,FIB1
-0.11001909343106646,Fibroblast 3,Control,FIB3
0.010802672201986642,Fibroblast 1,Control,FIB1
-0.06947324666338348,Fibroblast 2,Control,FIB2
-0.11993681172324411,Fibroblast 2,Control,FIB2
0.05702056421240471,Fibroblast 3,Control,FIB3
-0.11660954667487786,Fibroblast 2,Control,FIB2
-0.027539631077355922,Fibroblast 1,Control,FIB1
-0.018337997592012087,Fibroblast 2,Control,FIB2
-0.12258789724297478,Fibroblast 2,Control,FIB2
-0.08851288037300681,Fibroblast 1,Control,FIB1
-0.09457523664686539,Fibroblast 1,Control,FIB1
-0.1076643122834548,Fibroblast 3,Control,FIB3
0.0715930511474922,Fibroblast 1,Control,FIB1
-0.0898304628699936,Fibroblast 2,Control,FIB2
-0.008719289761427135,Fibroblast 3,Control,FIB3
-0.16884221261799678,Fibroblast 3,Control,FIB3
-0.022334774986016465,Fibroblast 3,Control,FIB3
-0.02794742650190983,Fibroblast 1,Control,FIB1
-0.019052746148580168,Fibroblast 1,Control,FIB1
-0.0959486543933903,Fibroblast 1,Control,FIB1
0.035199939278474396,Fibroblast 3,Control,FIB3
-0.07680984666779626,Fibroblast 3,Control,FIB3
-0.1708810665013924,Fibroblast 3,Control,FIB3
-0.022694261031503286,Fibroblast 2,Control,FIB2
-0.01200278549504552,Fibroblast 3,Control,FIB3
-0.038490766305877694,Fibroblast 2,Control,FIB2
0.14583896838285518,Fibroblast 1,Control,FIB1
0.09943553709904634,Fibroblast 1,Control,FIB1
-0.03263932435608617,Fibroblast 1,Control,FIB1
0.1812749513131611,Fibroblast 1,Control,FIB1
-0.04078013577492802,Fibroblast 1,Control,FIB1
-0.07647093446568116,Fibroblast 2,Control,FIB2
-0.00219221850410741,Fibroblast 3,Control,FIB3
-0.17762396618599494,Fibroblast 2,Control,FIB2
-0.23583946738334438,Fibroblast 3,Control,FIB3
-0.11437371814866532,Fibroblast 2,Control,FIB2
-0.027849509795308564,Fibroblast 2,Control,FIB2
-0.1471774727839497,Fibroblast 2,Control,FIB2
-0.14060892302679545,Fibroblast 2,Control,FIB2
-0.012090054709803844,Fibroblast 3,Control,FIB3
-0.030880427817414235,Fibroblast 1,Control,FIB1
0.0048677103215019266,Fibroblast 1,Control,FIB1
-0.011910019287050794,Fibroblast 3,Control,FIB3
-0.11633778372765158,Fibroblast 2,Control,FIB2
-0.0735522551305335,Fibroblast 3,Control,FIB3
-0.16409449372267537,Fibroblast 2,Control,FIB2
-0.06625759042013352,Fibroblast 1,Control,FIB1
-0.042434185472778274,Fibroblast 3,Control,FIB3
-0.011971768802676856,Fibroblast 1,Control,FIB1
-0.14207845362264182,Fibroblast 3,Control,FIB3
-0.18543575718872485,Fibroblast 2,Control,FIB2
-0.08131979930744762,Fibroblast 3,Control,FIB3
-0.1348067495660356,Fibroblast 3,Control,FIB3
-0.08218962532167085,Fibroblast 2,Control,FIB2
-0.14149397058924323,Fibroblast 3,Control,FIB3
-0.028984183312026443,Fibroblast 2,Control,FIB2
-0.054671427119956796,Fibroblast 3,Control,FIB3
-0.12429544259062897,Fibroblast 2,Control,FIB2
-0.14867222960839474,Fibroblast 2,Control,FIB2
-0.06752076650547872,Fibroblast 1,Control,FIB1
-0.1047615870990528,Fibroblast 2,Control,FIB2
0.025012969782751096,Fibroblast 1,Control,FIB1
-0.13690589390815316,Fibroblast 2,Control,FIB2
-0.06835818184387574,Fibroblast 2,Control,FIB2
0.05492245810972207,Fibroblast 1,Control,FIB1
-0.1500659080462121,Fibroblast 2,Control,FIB2
0.03090259369524887,Fibroblast 1,Control,FIB1
-0.10699296804669348,Fibroblast 3,Control,FIB3
-0.1483858454294325,Fibroblast 3,Control,FIB3
-0.10940034915006688,Fibroblast 3,Control,FIB3
-0.08258477992150007,Fibroblast 2,Control,FIB2
-0.057984390914941626,Fibroblast 2,Control,FIB2
-0.06646526764807982,Fibroblast 3,Control,FIB3
-0.0432568416575908,Fibroblast 1,Control,FIB1
-0.023520808672184486,Fibroblast 1,Control,FIB1
-0.11386776012089538,Fibroblast 2,Control,FIB2
-0.03602262854310301,Fibroblast 3,Control,FIB3
-0.04668073873785074,Fibroblast 3,Control,FIB3
-0.13524977716005296,Fibroblast 2,Control,FIB2
-0.03292236087747516,Fibroblast 2,Control,FIB2
-0.04807233262389185,Fibroblast 1,Control,FIB1
-0.14532474929220285,Fibroblast 1,Control,FIB1
-0.12348466761304165,Fibroblast 2,Control,FIB2
-0.06612821838118955,Fibroblast 3,Control,FIB3
0.01923139394771224,Fibroblast 2,Control,FIB2
-0.19406997780244023,Fibroblast 2,Control,FIB2
-0.0278481478438558,Fibroblast 1,Control,FIB1
-0.06196908229100957,Fibroblast 2,Control,FIB2
-0.135143189886339,Fibroblast 2,Control,FIB2
0.15125281759626472,Fibroblast 1,Control,FIB1
0.14433539277763016,Fibroblast 1,Control,FIB1
-0.012436945329265592,Fibroblast 3,Control,FIB3
-0.14628801689305912,Fibroblast 3,Control,FIB3
-0.03844250845269729,Fibroblast 2,Control,FIB2
-0.05905674805771313,Fibroblast 2,Control,FIB2
-0.07612975060409737,Fibroblast 1,Control,FIB1
-0.13139024237559793,Fibroblast 3,Control,FIB3
-0.023203619735402733,Fibroblast 3,Control,FIB3
-0.009674332159136184,Fibroblast 1,Control,FIB1
0.0006977768493086656,Fibroblast 1,Control,FIB1
-0.22755411279726798,Fibroblast 1,Control,FIB1
-0.11902433706145399,Fibroblast 2,Control,FIB2
-0.0851577803691234,Fibroblast 3,Control,FIB3
-0.0345366092660557,Fibroblast 3,Control,FIB3
-0.10616003424049517,Fibroblast 2,Control,FIB2
-0.01189787826335218,Fibroblast 3,Control,FIB3
-0.07954756314361647,Fibroblast 3,Control,FIB3
-0.06888705224788655,Fibroblast 1,Control,FIB1
0.04858856893130743,Fibroblast 1,Control,FIB1
-0.02045954122984288,Fibroblast 1,Control,FIB1
-0.15567393507893992,Fibroblast 3,Control,FIB3
-0.055968724597674865,Fibroblast 3,Control,FIB3
-0.009747679596192722,Fibroblast 3,Control,FIB3
-0.13332102782647326,Fibroblast 3,Control,FIB3
-0.02023534854016685,Fibroblast 3,Control,FIB3
-0.14215967088514428,Fibroblast 3,Control,FIB3
0.0679978283907409,Fibroblast 1,Control,FIB1
-0.025023763994293034,Fibroblast 3,Control,FIB3
-0.043111698153032424,Fibroblast 2,Control,FIB2
-0.15935640853168334,Fibroblast 3,Control,FIB3
-0.07008401525195809,Fibroblast 3,Control,FIB3
-0.0061172582590970845,Fibroblast 1,Control,FIB1
-0.06361324610375732,Fibroblast 3,Control,FIB3
-0.09068580200974266,Fibroblast 2,Control,FIB2
-0.12304174150403602,Fibroblast 2,Control,FIB2
-0.14064256487301782,Fibroblast 3,Control,FIB3
-0.13319822562125422,Fibroblast 2,Control,FIB2
-0.020327406862180306,Fibroblast 2,Control,FIB2
-0.15880676393310056,Fibroblast 2,Control,FIB2
0.020569190827897668,Fibroblast 1,Control,FIB1
-0.1384030140321191,Fibroblast 3,Control,FIB3
0.07178500941109917,Fibroblast 1,Control,FIB1
-0.08450583720578564,Fibroblast 1,Control,FIB1
-0.028519478608177627,Fibroblast 3,Control,FIB3
-0.015639559141503653,Fibroblast 3,Control,FIB3
-0.026899544907716753,Fibroblast 3,Control,FIB3
-0.06988087289839655,Fibroblast 2,Control,FIB2
0.049310473913473436,Fibroblast 2,Control,FIB2
0.06847802091902136,Fibroblast 1,Control,FIB1
0.09101640364246012,Fibroblast 1,Control,FIB1
-0.03601226993623822,Fibroblast 2,Control,FIB2
-0.006176368253556608,Fibroblast 1,Control,FIB1
-0.019723381115017875,Fibroblast 1,Control,FIB1
-0.09836409769356805,Fibroblast 2,Control,FIB2
-0.04449718855766635,Fibroblast 4,Control,FIB4
-0.16648695762922758,Fibroblast 3,Control,FIB3
-0.038969806764200046,Fibroblast 2,Control,FIB2
0.010283903625784165,Fibroblast 1,Control,FIB1
-0.09657144459286743,Fibroblast 2,Control,FIB2
-0.014553381597244827,Fibroblast 1,Control,FIB1
-0.018589540870336665,Fibroblast 3,Control,FIB3
-0.06874517012774034,Fibroblast 3,Control,FIB3
0.010187220415342618,Fibroblast 1,Control,FIB1
-0.09104245668227792,Fibroblast 2,Control,FIB2
-0.08994692337589813,Fibroblast 1,Control,FIB1
-0.1918032225114646,Fibroblast 2,Control,FIB2
-0.0994350495803254,Fibroblast 3,Control,FIB3
-0.15317677028057344,Fibroblast 3,Control,FIB3
0.02452699396803454,Fibroblast 3,Control,FIB3
-0.09304425063646865,Fibroblast 1,Control,FIB1
-0.0822523776930386,Fibroblast 3,Control,FIB3
-0.14795578332990167,Fibroblast 2,Control,FIB2
-0.046322770567404345,Fibroblast 3,Control,FIB3
-0.14591357176587158,Fibroblast 3,Control,FIB3
0.023827185382156897,Fibroblast 1,Control,FIB1
0.05085740687412614,Fibroblast 3,Control,FIB3
-0.01675747761608578,Fibroblast 3,Control,FIB3
-0.06457886328319005,Fibroblast 2,Control,FIB2
-0.055692253120343246,Fibroblast 3,Control,FIB3
-0.10738352136197103,Fibroblast 3,Control,FIB3
-0.030614818521943185,Fibroblast 2,Control,FIB2
-0.028171647000644985,Fibroblast 3,Control,FIB3
-0.054174149606349746,Fibroblast 1,Control,FIB1
-0.09016944917359529,Fibroblast 2,Control,FIB2
-0.021903098157554438,Fibroblast 1,Control,FIB1
-0.1186316437754113,Fibroblast 3,Control,FIB3
-0.11217193628252697,Fibroblast 2,Control,FIB2
-0.13262877944378293,Fibroblast 3,Control,FIB3
-0.173603151242559,Fibroblast 3,Control,FIB3
0.09411885621730139,Fibroblast 3,Control,FIB3
-0.06252538363080731,Fibroblast 2,Control,FIB2
-0.17223244783721936,Fibroblast 2,Control,FIB2
-0.2671359897051889,Fibroblast 2,Control,FIB2
-0.19815549702758012,Fibroblast 3,Control,FIB3
-0.09345758620929429,Fibroblast 2,Control,FIB2
-0.08452606377023786,Fibroblast 3,Control,FIB3
-0.1447180859222237,Fibroblast 3,Control,FIB3
-0.011772900081111086,Fibroblast 1,Control,FIB1
-0.09656745331125632,Fibroblast 1,Control,FIB1
0.15146367542323041,Fibroblast 1,Control,FIB1
0.04584742385143754,Fibroblast 1,Control,FIB1
-0.09516100557884227,Fibroblast 2,Control,FIB2
0.07568541179727564,Fibroblast 1,Control,FIB1
0.17051481767853852,Fibroblast 1,Control,FIB1
0.0720774975001478,Fibroblast 1,Control,FIB1
0.005797346767241432,Fibroblast 1,Control,FIB1
-0.08632694202851475,Fibroblast 2,Control,FIB2
-0.07883411040368267,Fibroblast 2,Control,FIB2
0.12602013335221351,Fibroblast 1,Control,FIB1
-0.07735402056904475,Fibroblast 3,Control,FIB3
-0.07267621010422688,Fibroblast 3,Control,FIB3
-0.06386898523994858,Fibroblast 3,Control,FIB3
-0.1326984708411869,Fibroblast 3,Control,FIB3
-0.10955366712712071,Fibroblast 2,Control,FIB2
-0.0693026607688592,Fibroblast 1,Control,FIB1
-0.1631212547335208,Fibroblast 2,Control,FIB2
-0.01834013312843124,Fibroblast 3,Control,FIB3
-0.09732020588830385,Fibroblast 3,Control,FIB3
0.0005843204116520312,Fibroblast 1,Control,FIB1
-0.15911415725338265,Fibroblast 3,Control,FIB3
-0.1476763493898667,Fibroblast 3,Control,FIB3
0.01338086936840685,Fibroblast 1,Control,FIB1
-0.06902855448643433,Fibroblast 2,Control,FIB2
-0.03145846132226741,Fibroblast 1,Control,FIB1
-0.1414885306848827,Fibroblast 2,Control,FIB2
-0.13016256982852845,Fibroblast 2,Control,FIB2
0.07128149152858794,Fibroblast 1,Control,FIB1
-0.10801136088336438,Fibroblast 3,Control,FIB3
-0.10477501465412842,Fibroblast 2,Control,FIB2
-0.1407114889571907,Fibroblast 2,Control,FIB2
-0.038636090040482615,Fibroblast 2,Control,FIB2
-0.06863529846826008,Fibroblast 2,Control,FIB2
0.01678643418224191,Fibroblast 1,Control,FIB1
-0.05042288172530001,Fibroblast 3,Control,FIB3
0.09311121804431366,Fibroblast 1,Control,FIB1
-0.05766504006837978,Fibroblast 3,Control,FIB3
-0.1549059479481707,Fibroblast 2,Control,FIB2
-0.15904472083657126,Fibroblast 2,Control,FIB2
-0.016934394069224284,Fibroblast 3,Control,FIB3
-0.07244099916782482,Fibroblast 2,Control,FIB2
-0.09127993371679212,Fibroblast 3,Control,FIB3
-0.001056880765062343,Fibroblast 1,Control,FIB1
-0.11696260247555786,Fibroblast 2,Control,FIB2
-0.13175152878871135,Fibroblast 2,Control,FIB2
-0.11404891418263359,Fibroblast 2,Control,FIB2
-0.03140445829066064,Fibroblast 2,Control,FIB2
-0.05062125106557196,Fibroblast 3,Control,FIB3
-0.12469479870670501,Fibroblast 2,Control,FIB2
-0.041791666014020463,Fibroblast 2,Control,FIB2
-0.059806866262399325,Fibroblast 2,Control,FIB2
0.03476963933606776,Fibroblast 3,Control,FIB3
0.015807930768634737,Fibroblast 3,Control,FIB3
0.06157630710225571,Fibroblast 1,Control,FIB1
-0.10687200880052368,Fibroblast 1,Control,FIB1
-0.08854211744097729,Fibroblast 1,Control,FIB1
0.027598912233422583,Fibroblast 3,Control,FIB3
-0.008554507492170614,Fibroblast 2,Control,FIB2
-0.018047340622358354,Fibroblast 1,Control,FIB1
-0.1279346305448223,Fibroblast 2,Control,FIB2
-0.08388981324838304,Fibroblast 2,Control,FIB2
-0.14254856017460302,Fibroblast 1,Control,FIB1
-0.13526170059315848,Fibroblast 2,Control,FIB2
-0.1980579102986524,Fibroblast 2,Control,FIB2
-0.032805096323606134,Fibroblast 2,Control,FIB2
0.019219307435110015,Fibroblast 1,Control,FIB1
-0.11371893980773624,Fibroblast 1,Control,FIB1
-0.12226440760019132,Fibroblast 3,Control,FIB3
0.010297266500791144,Fibroblast 3,Control,FIB3
-0.08125163965046794,Fibroblast 2,Control,FIB2
0.030533281059694536,Fibroblast 3,Control,FIB3
-0.037591710399825146,Fibroblast 1,Control,FIB1
-0.09483364320404034,Fibroblast 2,Control,FIB2
-0.0013707123964759663,Fibroblast 2,Control,FIB2
-0.13798572904130085,Fibroblast 3,Control,FIB3
-0.030293752035216392,Fibroblast 1,Control,FIB1
-0.0679690352906038,Fibroblast 3,Control,FIB3
-0.15413653500904637,Fibroblast 2,Control,FIB2
-0.004693699621303211,Fibroblast 2,Control,FIB2
-0.16200257621313377,Fibroblast 2,Control,FIB2
-0.09867534736675164,Fibroblast 2,Control,FIB2
-0.043549206432587445,Fibroblast 1,Control,FIB1
0.015307097869564655,Fibroblast 1,Control,FIB1
-0.03936784620477837,Fibroblast 3,Control,FIB3
-0.04843229505682341,Fibroblast 1,Control,FIB1
-0.0802442434552154,Fibroblast 2,Control,FIB2
-0.05604439482165447,Fibroblast 2,Control,FIB2
-0.019535502907534405,Fibroblast 1,Control,FIB1
-0.14549370317887206,Fibroblast 2,Control,FIB2
-0.006783585761279234,Fibroblast 1,Control,FIB1
-0.12133750881258488,Fibroblast 2,Control,FIB2
-0.12599783997955794,Fibroblast 2,Control,FIB2
0.02039574592278961,Fibroblast 1,Control,FIB1
-0.18299660666838075,Fibroblast 3,Control,FIB3
-0.07971802382016902,Fibroblast 3,Control,FIB3
-0.11825000290243762,Fibroblast 1,Control,FIB1
-0.1421881635378862,Fibroblast 1,Control,FIB1
-0.12418007871611285,Fibroblast 2,Control,FIB2
-0.1325219984925161,Fibroblast 3,Control,FIB3
-0.0927409925901888,Fibroblast 2,Control,FIB2
-0.11344615594786374,Fibroblast 3,Control,FIB3
-0.12343157130033917,Fibroblast 2,Control,FIB2
-0.09070564719602675,Fibroblast 2,Control,FIB2
-0.13091153400801053,Fibroblast 2,Control,FIB2
0.027395656283283526,Fibroblast 3,Control,FIB3
0.000963843084625865,Fibroblast 1,Control,FIB1
-0.06427252141145931,Fibroblast 2,Control,FIB2
-0.0013882386455971035,Fibroblast 1,Control,FIB1
-0.10164496343128984,Fibroblast 2,Control,FIB2
-0.18011423104994517,Fibroblast 2,Control,FIB2
-0.15735241753836976,Fibroblast 2,Control,FIB2
0.012206267062793657,Fibroblast 1,Control,FIB1
-0.010507705056619611,Fibroblast 1,Control,FIB1
-0.1941034452771539,Fibroblast 3,Control,FIB3
-0.011254465378029176,Fibroblast 1,Control,FIB1
-0.07518719188209329,Fibroblast 2,Control,FIB2
0.14583748850162856,Fibroblast 4,Control,FIB4
-0.01483270008235818,Fibroblast 1,Control,FIB1
-0.142342116537431,Fibroblast 3,Control,FIB3
-0.0495626089587385,Fibroblast 2,Control,FIB2
-0.05745441102786521,Fibroblast 3,Control,FIB3
-0.05918661012979187,Fibroblast 2,Control,FIB2
0.04709843940093902,Fibroblast 1,Control,FIB1
-0.07379967627916831,Fibroblast 2,Control,FIB2
-0.12057366898959374,Fibroblast 3,Control,FIB3
-0.1452525324479935,Fibroblast 2,Control,FIB2
-0.11532365749982781,Fibroblast 2,Control,FIB2
-0.11569159083379532,Fibroblast 3,Control,FIB3
-0.10830694069108643,Fibroblast 3,Control,FIB3
-0.03267388873716052,Fibroblast 1,Control,FIB1
-0.0933979632960934,Fibroblast 2,Control,FIB2
-0.06279001638948346,Fibroblast 4,Control,FIB4
0.04099164596353506,Fibroblast 3,Control,FIB3
-0.029492745561123114,Fibroblast 3,Control,FIB3
-0.07843349196272167,Fibroblast 2,Control,FIB2
-0.1580497468266638,Fibroblast 3,Control,FIB3
0.07810001783706913,Fibroblast 3,Control,FIB3
-0.044750367756781866,Fibroblast 3,Control,FIB3
-0.04731887952126463,Fibroblast 1,Control,FIB1
-0.058338812198013776,Fibroblast 1,Control,FIB1
-0.16683323798884864,Fibroblast 3,Control,FIB3
-0.12399068170396145,Fibroblast 2,Control,FIB2
-0.07862605525810606,Fibroblast 1,Control,FIB1
-0.013463560858754973,Fibroblast 1,Control,FIB1
-0.16434581746965402,Fibroblast 2,Control,FIB2
-0.0989425435934795,Fibroblast 3,Control,FIB3
-0.17113971380451842,Fibroblast 3,Control,FIB3
-0.15458015078088516,Fibroblast 1,Control,FIB1
0.0008985080294797165,Fibroblast 1,Control,FIB1
-0.06882428583140937,Fibroblast 3,Control,FIB3
-0.08995948201667786,Fibroblast 2,Control,FIB2
-0.11225877006598695,Fibroblast 2,Control,FIB2
-0.09881928901708262,Fibroblast 1,Control,FIB1
-0.07688687837757281,Fibroblast 2,Control,FIB2
0.01800539810688158,Fibroblast 1,Control,FIB1
-0.07560469020556686,Fibroblast 2,Control,FIB2
-0.09708436136712072,Fibroblast 3,Control,FIB3
-0.10846018652562232,Fibroblast 3,Control,FIB3
-0.15565644160805672,Fibroblast 2,Control,FIB2
-0.18574339115823205,Fibroblast 2,Control,FIB2
-0.17556344890297126,Fibroblast 2,Control,FIB2
-0.11731707015746257,Fibroblast 3,Control,FIB3
-0.24720185697145874,Fibroblast 3,Control,FIB3
0.032672649321585354,Fibroblast 2,Control,FIB2
-0.10182890072038725,Fibroblast 2,Control,FIB2
-0.15444658751101442,Fibroblast 3,Control,FIB3
0.013779531376232331,Fibroblast 2,Control,FIB2
-0.09781205691912123,Fibroblast 3,Control,FIB3
-0.12095150307008884,Fibroblast 2,Control,FIB2
-0.03716253993132985,Fibroblast 3,Control,FIB3
0.020872128555699455,Fibroblast 2,Control,FIB2
-0.034435219146345286,Fibroblast 2,Control,FIB2
0.14931669909175208,Fibroblast 1,Control,FIB1
-0.10513419510605587,Fibroblast 2,Control,FIB2
-0.09215686462739053,Fibroblast 2,Control,FIB2
-0.06449674825787478,Fibroblast 2,Control,FIB2
-0.017372348369054852,Fibroblast 1,Control,FIB1
-0.09674089040939318,Fibroblast 3,Control,FIB3
-0.05849855699327082,Fibroblast 2,Control,FIB2
-0.06619995240199603,Fibroblast 3,Control,FIB3
-0.09858949326325334,Fibroblast 3,Control,FIB3
-0.15433333675789224,Fibroblast 2,Control,FIB2
-0.05110188111597275,Fibroblast 2,Control,FIB2
0.037075122568498736,Fibroblast 3,Control,FIB3
-0.08707458955860171,Fibroblast 2,Control,FIB2
-0.1338763579413419,Fibroblast 2,Control,FIB2
-0.02177470463003629,Fibroblast 3,Control,FIB3
-0.18971103169071857,Fibroblast 2,Control,FIB2
-0.04813021594568298,Fibroblast 3,Control,FIB3
-0.03925095094675807,Fibroblast 3,Control,FIB3
-0.05534121367845636,Fibroblast 1,Control,FIB1
-0.019006511411284586,Fibroblast 3,Control,FIB3
-0.1054535923293455,Fibroblast 2,Control,FIB2
-0.09028947059115915,Fibroblast 2,Control,FIB2
-0.12174231660395483,Fibroblast 2,Control,FIB2
-0.10779259998427923,Fibroblast 2,Control,FIB2
-0.07354350904509815,Fibroblast 3,Control,FIB3
-0.09371318251220995,Fibroblast 3,Control,FIB3
-0.08104814381181015,Fibroblast 1,Control,FIB1
-0.03592424288997653,Fibroblast 2,Control,FIB2
-0.06070525166741103,Fibroblast 2,Control,FIB2
0.033417754783843956,Fibroblast 1,Control,FIB1
-0.07451938675270445,Fibroblast 3,Control,FIB3
-0.055493383485381735,Fibroblast 2,Control,FIB2
-0.16988387103481462,Fibroblast 3,Control,FIB3
0.008883017915150036,Fibroblast 1,Control,FIB1
-0.15851299320931658,Fibroblast 3,Control,FIB3
-0.06119732233419482,Fibroblast 2,Control,FIB2
-0.1299176322683991,Fibroblast 2,Control,FIB2
-0.09028891067763298,Fibroblast 2,Control,FIB2
-0.051673364927007394,Fibroblast 1,Control,FIB1
-0.15747431013795418,Fibroblast 1,Control,FIB1
0.04014290868944016,Fibroblast 1,Control,FIB1
-0.052494539503748334,Fibroblast 2,Control,FIB2
-0.0566518730475614,Fibroblast 3,Control,FIB3
-0.05891499661676952,Fibroblast 1,Control,FIB1
-0.020064986017728517,Fibroblast 3,Control,FIB3
0.014257509178349975,Fibroblast 3,Control,FIB3
-0.19850342096413226,Fibroblast 2,Control,FIB2
-0.02211960763722161,Fibroblast 3,Control,FIB3
-0.10449492623971854,Fibroblast 2,Control,FIB2
-0.021637807825629046,Fibroblast 2,Control,FIB2
-0.08264748393052199,Fibroblast 2,Control,FIB2
0.01935793143315398,Fibroblast 1,Control,FIB1
-0.013655262815216243,Fibroblast 1,Control,FIB1
-0.15643060141268236,Fibroblast 3,Control,FIB3
0.00383855653744037,Fibroblast 3,Control,FIB3
-0.05737774686835646,Fibroblast 1,Control,FIB1
-0.14524485191382186,Fibroblast 2,Control,FIB2
0.06967001140021592,Fibroblast 3,Control,FIB3
-0.006409198924609481,Fibroblast 1,Control,FIB1
-0.044032110930874536,Fibroblast 1,Control,FIB1
-0.056254293215885535,Fibroblast 3,Control,FIB3
0.041770510908550065,Fibroblast 1,Control,FIB1
-0.041791843154438846,Fibroblast 3,Control,FIB3
-0.1162342959476769,Fibroblast 3,Control,FIB3
-0.09618740780294248,Fibroblast 2,Control,FIB2
-0.009206512378666584,Fibroblast 3,Control,FIB3
-0.04634941872768477,Fibroblast 2,Control,FIB2
-0.042956216748591645,Fibroblast 2,Control,FIB2
-0.09962813752488388,Fibroblast 1,Control,FIB1
-0.030671170343228662,Fibroblast 3,Control,FIB3
-0.16718627363204236,Fibroblast 2,Control,FIB2
-0.009801301517433088,Fibroblast 1,Control,FIB1
-0.045307132185996406,Fibroblast 2,Control,FIB2
0.03691762774359833,Fibroblast 1,Control,FIB1
-0.044131183314234226,Fibroblast 3,Control,FIB3
-0.082247418765932,Fibroblast 3,Control,FIB3
-0.06923760179722219,Fibroblast 2,Control,FIB2
-0.14874732673089763,Fibroblast 3,Control,FIB3
0.004566587276648902,Fibroblast 1,Control,FIB1
-0.13836723448545918,Fibroblast 3,Control,FIB3
-0.09866314822724137,Fibroblast 2,Control,FIB2
0.03493043157825607,Fibroblast 3,Control,FIB3
-0.09494354382028214,Fibroblast 2,Control,FIB2
-0.08811873487847333,Fibroblast 2,Control,FIB2
-0.09718021643301111,Fibroblast 2,Control,FIB2
-0.13648990549804627,Fibroblast 2,Control,FIB2
0.029446285572838536,Fibroblast 1,Control,FIB1
-0.14177450520145432,Fibroblast 2,Control,FIB2
0.046053529072623785,Fibroblast 1,Control,FIB1
-0.10916065658507193,Fibroblast 2,Control,FIB2
-0.12524754325620793,Fibroblast 3,Control,FIB3
-0.06072010676472835,Fibroblast 1,Control,FIB1
-0.12216727983235845,Fibroblast 2,Control,FIB2
-0.0418335249708009,Fibroblast 3,Control,FIB3
-0.12071059418308147,Fibroblast 1,Control,FIB1
-0.16472897891340327,Fibroblast 2,Control,FIB2
-0.012564990591907937,Fibroblast 1,Control,FIB1
-0.11623054329535792,Fibroblast 3,Control,FIB3
-0.14017007897827316,Fibroblast 3,Control,FIB3
-0.09354877617272603,Fibroblast 2,Control,FIB2
-0.1627467863887948,Fibroblast 3,Control,FIB3
-0.12429040736198216,Fibroblast 3,Control,FIB3
-0.09925603145557198,Fibroblast 3,Control,FIB3
-0.08711667783121609,Fibroblast 2,Control,FIB2
-0.10761560425688847,Fibroblast 3,Control,FIB3
0.018297305207716344,Fibroblast 1,Control,FIB1
-0.0863626296971445,Fibroblast 2,Control,FIB2
-0.09247939542450376,Fibroblast 2,Control,FIB2
-0.11428692895648634,Fibroblast 2,Control,FIB2
-0.13748676540882987,Fibroblast 3,Control,FIB3
0.09343328940301052,Fibroblast 1,Control,FIB1
-0.150004906787554,Fibroblast 3,Control,FIB3
-0.06161846804162392,Fibroblast 1,Control,FIB1
-0.05052295659983701,Fibroblast 1,Control,FIB1
-0.13979981693570542,Fibroblast 3,Control,FIB3
0.05525109651284218,Fibroblast 1,Control,FIB1
-0.10846577502054465,Fibroblast 3,Control,FIB3
-0.09073731723578506,Fibroblast 3,Control,FIB3
-0.08464375150645231,Fibroblast 2,Control,FIB2
-0.018217391629524026,Fibroblast 3,Control,FIB3
-0.09742331544799543,Fibroblast 2,Control,FIB2
-0.09022042543688798,Fibroblast 3,Control,FIB3
-0.04372511474935422,Fibroblast 2,Control,FIB2
-0.04160153336380065,Fibroblast 2,Control,FIB2
0.05274337155846933,Fibroblast 3,Control,FIB3
-0.04384809218763483,Fibroblast 3,Control,FIB3
0.003635167634701189,Fibroblast 1,Control,FIB1
-0.05921103179881276,Fibroblast 2,Control,FIB2
0.013426101299676061,Fibroblast 1,Control,FIB1
0.03414403218032837,Fibroblast 1,Control,FIB1
-0.05626187624141859,Fibroblast 1,Control,FIB1
-0.16959893978118087,Fibroblast 2,Control,FIB2
-0.1696206039490801,Fibroblast 2,Control,FIB2
-0.08072346696524715,Fibroblast 3,Control,FIB3
-0.0011627262491426676,Fibroblast 4,Control,FIB4
-0.05158529370759941,Fibroblast 3,Control,FIB3
-0.11683470046153459,Fibroblast 3,Control,FIB3
-0.0739437704948409,Fibroblast 3,Control,FIB3
0.04476470239188574,Fibroblast 3,Control,FIB3
-0.025784043510224258,Fibroblast 3,Control,FIB3
-0.08872006098298649,Fibroblast 2,Control,FIB2
-0.007197490404221563,Fibroblast 1,Control,FIB1
-0.15104650299816536,Fibroblast 2,Control,FIB2
-0.12106407908097422,Fibroblast 3,Control,FIB3
-0.06082658799145238,Fibroblast 3,Control,FIB3
-0.06765252158630267,Fibroblast 3,Control,FIB3
-0.11490545791340666,Fibroblast 2,Control,FIB2
-0.021267877550412668,Fibroblast 3,Control,FIB3
0.01174061400159409,Fibroblast 1,Control,FIB1
-0.10155953788215688,Fibroblast 3,Control,FIB3
-0.041908448188627406,Fibroblast 2,Control,FIB2
-0.11660023800587238,Fibroblast 2,Control,FIB2
-0.019405880364861114,Fibroblast 2,Control,FIB2
-0.06843767361262407,Fibroblast 1,Control,FIB1
-0.15805536918333535,Fibroblast 2,Control,FIB2
-0.11092838279339882,Fibroblast 1,Control,FIB1
0.02693718565878518,Fibroblast 3,Control,FIB3
0.001296469416580008,Fibroblast 3,Control,FIB3
-0.10114744668949247,Fibroblast 2,Control,FIB2
0.056733215912430246,Fibroblast 3,Control,FIB3
-0.0013886699659597726,Fibroblast 1,Control,FIB1
0.006215171163145128,Fibroblast 1,Control,FIB1
-0.06460325742947887,Fibroblast 3,Control,FIB3
-0.08929582661476951,Fibroblast 2,Control,FIB2
-0.06032712810045738,Fibroblast 3,Control,FIB3
-0.11279215222819447,Fibroblast 2,Control,FIB2
-0.08759358315410495,Fibroblast 2,Control,FIB2
-0.015444516731634626,Fibroblast 3,Control,FIB3
-0.12077880288576119,Fibroblast 2,Control,FIB2
-0.08580684022909726,Fibroblast 2,Control,FIB2
-0.11046690494285683,Fibroblast 2,Control,FIB2
-0.115677139148591,Fibroblast 3,Control,FIB3
0.026026968020502587,Fibroblast 1,Control,FIB1
-0.03081963152689713,Fibroblast 3,Control,FIB3
-0.02249141409632953,Fibroblast 3,Control,FIB3
-0.07831796047032946,Fibroblast 1,Control,FIB1
-0.18324222964846407,Fibroblast 1,Control,FIB1
-0.04536698748174854,Fibroblast 3,Control,FIB3
0.06958021758009265,Fibroblast 1,Control,FIB1
0.03719863399332089,Fibroblast 2,Control,FIB2
-0.09437474166465956,Fibroblast 2,Control,FIB2
-0.09956902055601304,Fibroblast 2,Control,FIB2
-0.1027070997897749,Fibroblast 3,Control,FIB3
-0.0516268264877996,Fibroblast 2,Control,FIB2
-0.11709302114111038,Fibroblast 3,Control,FIB3
-0.06431383565978394,Fibroblast 2,Control,FIB2
0.026855005828432678,Fibroblast 3,Control,FIB3
-0.06383103284599098,Fibroblast 2,Control,FIB2
-0.11842861093257999,Fibroblast 2,Control,FIB2
-0.0074759038007943986,Fibroblast 1,Control,FIB1
0.057040475285912315,Fibroblast 1,Control,FIB1
-0.06407688278493333,Fibroblast 3,Control,FIB3
-0.17279963784386546,Fibroblast 3,Control,FIB3
-0.012149011243600301,Fibroblast 3,Control,FIB3
-0.13023436572884503,Fibroblast 2,Control,FIB2
-0.08685477435087866,Fibroblast 2,Control,FIB2
-0.0761783798948439,Fibroblast 1,Control,FIB1
-0.04833853223494009,Fibroblast 2,Control,FIB2
-0.06737017885975596,Fibroblast 3,Control,FIB3
-0.04332802108201042,Fibroblast 3,Control,FIB3
-0.06796720589432462,Fibroblast 2,Control,FIB2
-0.07416076927270897,Fibroblast 1,Control,FIB1
-0.05553588423691528,Fibroblast 2,Control,FIB2
-0.0734431893994639,Fibroblast 1,Control,FIB1
-0.10604296277081145,Fibroblast 3,Control,FIB3
-0.013597903095286135,Fibroblast 2,Control,FIB2
-0.04657175133515583,Fibroblast 1,Control,FIB1
0.006080637467900676,Fibroblast 1,Control,FIB1
-0.043768556601350164,Fibroblast 3,Control,FIB3
0.007788804983179711,Fibroblast 2,Control,FIB2
-0.09767869626070325,Fibroblast 2,Control,FIB2
-0.02661801298612259,Fibroblast 2,Control,FIB2
-0.06653069065511127,Fibroblast 1,Control,FIB1
-0.04457579969080896,Fibroblast 1,Control,FIB1
-0.039951495927931666,Fibroblast 1,Control,FIB1
-0.010943701719479546,Fibroblast 1,Control,FIB1
-0.02886300109339679,Fibroblast 3,Control,FIB3
-0.09900968278744111,Fibroblast 2,Control,FIB2
-0.0782720417928323,Fibroblast 3,Control,FIB3
0.09115848644472967,Fibroblast 1,Control,FIB1
0.06477629054516124,Fibroblast 1,Control,FIB1
-0.1144125174395131,Fibroblast 3,Control,FIB3
-0.3313519059460001,Fibroblast 3,Control,FIB3
-0.03568969485352293,Fibroblast 1,Control,FIB1
-0.031018679602406535,Fibroblast 2,Control,FIB2
-0.023357351674939457,Fibroblast 2,Control,FIB2
0.09274116076472273,Fibroblast 1,Control,FIB1
-0.11720184259113427,Fibroblast 2,Control,FIB2
-0.000989693726822359,Fibroblast 1,Control,FIB1
-0.07740417770216917,Fibroblast 2,Control,FIB2
-0.102400054667735,Fibroblast 3,Control,FIB3
-0.11948855429351046,Fibroblast 3,Control,FIB3
0.023235007787712696,Fibroblast 1,Control,FIB1
-0.10859630732058595,Fibroblast 2,Control,FIB2
0.04052149168074841,Fibroblast 1,Control,FIB1
-0.02110459855633917,Fibroblast 1,Control,FIB1
-0.039477653559553905,Fibroblast 3,Control,FIB3
-0.07272151642295648,Fibroblast 1,Control,FIB1
-0.06765142725019724,Fibroblast 2,Control,FIB2
-0.26125113653685383,Fibroblast 3,Control,FIB3
-0.08051932634876403,Fibroblast 3,Control,FIB3
-0.11246295940559778,Fibroblast 3,Control,FIB3
-0.1313984488887461,Fibroblast 3,Control,FIB3
-0.13308763812982485,Fibroblast 2,Control,FIB2
-0.015082081388113677,Fibroblast 3,Control,FIB3
-0.1593854338938725,Fibroblast 3,Control,FIB3
-0.06060810188031108,Fibroblast 2,Control,FIB2
-0.10453062209875329,Fibroblast 1,Control,FIB1
0.027297983306424658,Fibroblast 3,Control,FIB3
-0.09836239445961503,Fibroblast 3,Control,FIB3
-0.08685235386299386,Fibroblast 3,Control,FIB3
-0.01826684933640446,Fibroblast 1,Control,FIB1
-0.10254672098450378,Fibroblast 2,Control,FIB2
0.13384541088510138,Fibroblast 1,Control,FIB1
-0.09122616751534306,Fibroblast 2,Control,FIB2
-0.02288320611701857,Fibroblast 3,Control,FIB3
-0.11718364444609891,Fibroblast 2,Control,FIB2
0.15394479834073713,Fibroblast 1,Control,FIB1
-0.07404407130668614,Fibroblast 3,Control,FIB3
-0.03192978942764953,Fibroblast 1,Control,FIB1
-0.0975062625923724,Fibroblast 1,Control,FIB1
-0.09350211646907364,Fibroblast 1,Control,FIB1
-0.019759843095038105,Fibroblast 1,Control,FIB1
-0.1541176281163876,Fibroblast 2,Control,FIB2
-0.01483874233358094,Fibroblast 1,Control,FIB1
-0.08564056825485272,Fibroblast 1,Control,FIB1
-0.04957789505321996,Fibroblast 3,Control,FIB3
-0.13429594530540817,Fibroblast 2,Control,FIB2
-0.09985499675174031,Fibroblast 2,Control,FIB2
-0.19639653317554792,Fibroblast 3,Control,FIB3
-0.12807502300482496,Fibroblast 1,Control,FIB1
-0.01758734722520322,Fibroblast 1,Control,FIB1
-0.19942631217133086,Fibroblast 3,Control,FIB3
-0.004624923280923926,Fibroblast 3,Control,FIB3
-0.11854655054451384,Fibroblast 2,Control,FIB2
-0.18013102665633887,Fibroblast 2,Control,FIB2
-0.0859566686054742,Fibroblast 3,Control,FIB3
0.0017699556317899,Fibroblast 2,Control,FIB2
-0.06256232225797916,Fibroblast 2,Control,FIB2
-0.16418248587395978,Fibroblast 2,Control,FIB2
-0.05811485917335438,Fibroblast 2,Control,FIB2
-0.019706494019531312,Fibroblast 3,Control,FIB3
-0.002791089349857148,Fibroblast 3,Control,FIB3
0.006293259895643194,Fibroblast 1,Control,FIB1
-0.07548666829400696,Fibroblast 1,Control,FIB1
-0.12799380054508247,Fibroblast 2,Control,FIB2
-0.09484383355298603,Fibroblast 2,Control,FIB2
-0.17163420975828228,Fibroblast 3,Control,FIB3
-0.1484845411625653,Fibroblast 2,Control,FIB2
-0.07161690961896502,Fibroblast 2,Control,FIB2
-0.08714947644876941,Fibroblast 1,Control,FIB1
-0.05468889309341229,Fibroblast 3,Control,FIB3
-0.06502724914366499,Fibroblast 3,Control,FIB3
-0.14284166137007923,Fibroblast 2,Control,FIB2
-0.14471908455904603,Fibroblast 2,Control,FIB2
-0.03967811872818966,Fibroblast 3,Control,FIB3
0.20355563503507018,Fibroblast 1,Control,FIB1
-0.17745896123480626,Fibroblast 2,Control,FIB2
-0.11186188024402859,Fibroblast 2,Control,FIB2
-0.11010660098116375,Fibroblast 3,Control,FIB3
-0.11717974373222169,Fibroblast 1,Control,FIB1
-0.05979614470989168,Fibroblast 3,Control,FIB3
-0.015640141711738505,Fibroblast 1,Control,FIB1
-0.17299698430662314,Fibroblast 4,Control,FIB4
-0.05836819927036425,Fibroblast 2,Control,FIB2
-0.07464895845479648,Fibroblast 2,Control,FIB2
-0.23754078584699348,Fibroblast 2,Control,FIB2
-0.047646987917609976,Fibroblast 1,Control,FIB1
-0.07982916791780315,Fibroblast 2,Control,FIB2
-0.05036854813164266,Fibroblast 1,Control,FIB1
0.01697349703902456,Fibroblast 1,Control,FIB1
-0.022212843847894785,Fibroblast 3,Control,FIB3
-0.03502156779750519,Fibroblast 1,Control,FIB1
-0.02494376105979077,Fibroblast 4,Control,FIB4
-0.1679680506756889,Fibroblast 3,Control,FIB3
-0.184445454664217,Fibroblast 2,Control,FIB2
-0.09533103654185059,Fibroblast 2,Control,FIB2
-0.00880509538537977,Fibroblast 3,Control,FIB3
-0.03426772433004079,Fibroblast 3,Control,FIB3
0.060046737778275655,Fibroblast 1,Control,FIB1
-0.09630190589810425,Fibroblast 3,Control,FIB3
-0.05434145442893548,Fibroblast 2,Control,FIB2
-0.10849001396548275,Fibroblast 2,Control,FIB2
-0.07624305478010587,Fibroblast 3,Control,FIB3
-0.15141423486406597,Fibroblast 2,Control,FIB2
-0.08897325914267665,Fibroblast 3,Control,FIB3
-0.12412904334986244,Fibroblast 3,Control,FIB3
-0.10224271798472258,Fibroblast 2,Control,FIB2
-0.03793596570102854,Fibroblast 1,Control,FIB1
-0.10712244644748262,Fibroblast 3,Control,FIB3
-0.08699774446517433,Fibroblast 2,Control,FIB2
-0.09729742897495272,Fibroblast 3,Control,FIB3
-0.0923089194651951,Fibroblast 3,Control,FIB3
-0.08459733842201327,Fibroblast 3,Control,FIB3
-0.055164600165047914,Fibroblast 3,Control,FIB3
-0.055978449024123855,Fibroblast 1,Control,FIB1
-0.12957899831321687,Fibroblast 3,Control,FIB3
-0.16836980032448617,Fibroblast 2,Control,FIB2
0.031442456679685295,Fibroblast 3,Control,FIB3
0.0603808485460823,Fibroblast 1,Control,FIB1
0.012142345305567584,Fibroblast 2,Control,FIB2
-0.15182628889359256,Fibroblast 3,Control,FIB3
-0.03214699270106651,Fibroblast 1,Control,FIB1
-0.010982405817485632,Fibroblast 2,Control,FIB2
-0.07667031252744977,Fibroblast 2,Control,FIB2
-0.05650183662352649,Fibroblast 2,Control,FIB2
-0.08610410430378251,Fibroblast 3,Control,FIB3
0.06619317373453687,Fibroblast 1,Control,FIB1
-0.05872552302500553,Fibroblast 1,Control,FIB1
-0.04964881888452125,Fibroblast 2,Control,FIB2
-0.06893598723392058,Fibroblast 3,Control,FIB3
-0.1150058417463734,Fibroblast 2,Control,FIB2
0.02182958485906136,Fibroblast 1,Control,FIB1
-0.05898052042581527,Fibroblast 3,Control,FIB3
-0.1442491646348118,Fibroblast 3,Control,FIB3
0.016389300147972997,Fibroblast 1,Control,FIB1
-0.12029411036002696,Fibroblast 2,Control,FIB2
-0.015998232876111802,Fibroblast 2,Control,FIB2
-0.012953785171908996,Fibroblast 2,Control,FIB2
-0.013310629844568274,Fibroblast 1,Control,FIB1
0.01974992664445442,Fibroblast 3,Control,FIB3
-0.017531395986519475,Fibroblast 3,Control,FIB3
0.05901933174479981,Fibroblast 1,Control,FIB1
0.02700878788337434,Fibroblast 1,Control,FIB1
-0.10128866080995101,Fibroblast 1,Control,FIB1
-0.003301724382425011,Fibroblast 1,Control,FIB1
-0.05510194966429082,Fibroblast 3,Control,FIB3
-0.0041120930805554345,Fibroblast 1,Control,FIB1
-0.12087082134333813,Fibroblast 2,Control,FIB2
-0.09513670990069595,Fibroblast 3,Control,FIB3
-0.08434734884480131,Fibroblast 3,Control,FIB3
-0.12205312291945501,Fibroblast 1,Control,FIB1
-0.08450480332453814,Fibroblast 3,Control,FIB3
-0.018378883703716084,Fibroblast 1,Control,FIB1
0.060287852604251777,Fibroblast 3,Control,FIB3
-0.04009015311544381,Fibroblast 2,Control,FIB2
-0.2037321250997183,Fibroblast 2,Control,FIB2
-0.09174915411225024,Fibroblast 2,Control,FIB2
-0.0791033969196298,Fibroblast 1,Control,FIB1
-0.08350708789273212,Fibroblast 1,Control,FIB1
0.10208233999897356,Fibroblast 3,Control,FIB3
-0.018910702685780295,Fibroblast 1,Control,FIB1
-0.059183118944015345,Fibroblast 1,Control,FIB1
-0.08556323921246231,Fibroblast 2,Control,FIB2
0.005249243567755066,Fibroblast 1,Control,FIB1
-0.10950634050135809,Fibroblast 1,Control,FIB1
-0.08963275983567741,Fibroblast 2,Control,FIB2
-0.05249201642363283,Fibroblast 3,Control,FIB3
-0.16547023517010767,Fibroblast 3,Control,FIB3
0.018227675886395504,Fibroblast 1,Control,FIB1
0.11769050688645666,Fibroblast 1,Control,FIB1
0.031104690528676288,Fibroblast 4,Control,FIB4
-0.14514109718418583,Fibroblast 3,Control,FIB3
-0.08314897700045765,Fibroblast 1,Control,FIB1
-0.14087421511421688,Fibroblast 2,Control,FIB2
-0.16441591335098962,Fibroblast 3,Control,FIB3
-0.09362635232408267,Fibroblast 3,Control,FIB3
0.09854817234008105,Fibroblast 1,Control,FIB1
-0.12394806594247512,Fibroblast 1,Control,FIB1
-0.10989295422115596,Fibroblast 3,Control,FIB3
-0.10818646715844213,Fibroblast 2,Control,FIB2
-0.11626586384783405,Fibroblast 1,Control,FIB1
-0.08105202483257617,Fibroblast 3,Control,FIB3
0.0696207552696281,Fibroblast 1,Control,FIB1
-0.13157779658965707,Fibroblast 3,Control,FIB3
-0.019240362487190514,Fibroblast 4,Control,FIB4
-0.059496323288958944,Fibroblast 3,Control,FIB3
-0.1451428922303995,Fibroblast 3,Control,FIB3
-0.038559563887922144,Fibroblast 3,Control,FIB3
-0.00418366451257117,Fibroblast 3,Control,FIB3
-0.011381856181672999,Fibroblast 3,Control,FIB3
-0.0255080974257267,Fibroblast 1,Control,FIB1
0.030933471010072953,Fibroblast 3,Control,FIB3
-0.06403260288365005,Fibroblast 2,Control,FIB2
-0.025747599413935715,Fibroblast 1,Control,FIB1
-0.07893455510303596,Fibroblast 1,Control,FIB1
0.17056833264961424,Fibroblast 1,Control,FIB1
-0.09162767381765813,Fibroblast 2,Control,FIB2
-0.008048997041498987,Fibroblast 1,Control,FIB1
0.025706056594825995,Fibroblast 3,Control,FIB3
-0.005879480259130279,Fibroblast 1,Control,FIB1
-0.10772362371607799,Fibroblast 2,Control,FIB2
0.044149909893252876,Fibroblast 1,Control,FIB1
-0.11902821068237553,Fibroblast 1,Control,FIB1
-0.048348841732072295,Fibroblast 3,Control,FIB3
0.07884968711717878,Fibroblast 1,Control,FIB1
0.06672414428380173,Fibroblast 1,Control,FIB1
-0.042624327730441766,Fibroblast 3,Control,FIB3
-0.08017110156126164,Fibroblast 3,Control,FIB3
-0.13082963487298177,Fibroblast 3,Control,FIB3
-0.09184692880281128,Fibroblast 3,Control,FIB3
-0.1397988019200268,Fibroblast 2,Control,FIB2
-0.01909145330273164,Fibroblast 2,Control,FIB2
-0.12741666071873786,Fibroblast 2,Control,FIB2
-0.04637857349353077,Fibroblast 2,Control,FIB2
-0.009447734781465239,Fibroblast 1,Control,FIB1
-0.11755018160605457,Fibroblast 2,Control,FIB2
-0.06508098435454521,Fibroblast 2,Control,FIB2
-0.05107710066497751,Fibroblast 3,Control,FIB3
-0.06452750313003018,Fibroblast 3,Control,FIB3
-0.05287588983864069,Fibroblast 2,Control,FIB2
-0.12746145192147523,Fibroblast 2,Control,FIB2
0.025438543636187964,Fibroblast 1,Control,FIB1
-0.09565963343540797,Fibroblast 2,Control,FIB2
-0.07075571617550572,Fibroblast 3,Control,FIB3
-0.003883682242509255,Fibroblast 1,Control,FIB1
-0.0212954508618433,Fibroblast 2,Control,FIB2
-0.09538241374758609,Fibroblast 2,Control,FIB2
-0.07438639765006169,Fibroblast 2,Control,FIB2
-0.1652646382907147,Fibroblast 2,Control,FIB2
-0.05751448631767463,Fibroblast 2,Control,FIB2
-0.09891643804508964,Fibroblast 2,Control,FIB2
-0.1264727033213316,Fibroblast 3,Control,FIB3
-0.07641869130531759,Fibroblast 2,Control,FIB2
-0.021729661770979618,Fibroblast 3,Control,FIB3
0.1792019666624226,Fibroblast 1,Control,FIB1
0.061678735127454615,Fibroblast 1,Control,FIB1
-0.11778360839575241,Fibroblast 3,Control,FIB3
-0.055877322468134184,Fibroblast 1,Control,FIB1
-0.1340795190617048,Fibroblast 2,Control,FIB2
-0.22098420367702176,Fibroblast 2,Control,FIB2
-0.08582376286505272,Fibroblast 2,Control,FIB2
-0.07974013364447706,Fibroblast 1,Control,FIB1
-0.057752579495885914,Fibroblast 3,Control,FIB3
-0.10578832765291672,Fibroblast 3,Control,FIB3
-0.13996016242530765,Fibroblast 2,Control,FIB2
-0.1664535482784058,Fibroblast 3,Control,FIB3
-0.04777262626631095,Fibroblast 2,Control,FIB2
-0.023069492073574276,Fibroblast 1,Control,FIB1
-0.013900299469145602,Fibroblast 3,Control,FIB3
-0.09031665550168978,Fibroblast 2,Control,FIB2
-0.1080682196283379,Fibroblast 3,Control,FIB3
-0.029084191809880297,Fibroblast 4,Control,FIB4
-0.09721119831456576,Fibroblast 3,Control,FIB3
-0.004602028445784261,Fibroblast 2,Control,FIB2
-0.06606741455831341,Fibroblast 2,Control,FIB2
0.023570285316720122,Fibroblast 1,Control,FIB1
-0.10742211317588754,Fibroblast 2,Control,FIB2
-0.11351479291251415,Fibroblast 3,Control,FIB3
-0.06806632199272891,Fibroblast 1,Control,FIB1
-0.17296963503301122,Fibroblast 2,Control,FIB2
-0.12043482739924305,Fibroblast 2,Control,FIB2
-0.14764074046233752,Fibroblast 1,Control,FIB1
-0.11493388061833539,Fibroblast 1,Control,FIB1
-0.05479898151796618,Fibroblast 2,Control,FIB2
-0.0724360301677939,Fibroblast 3,Control,FIB3
-0.10176489132238666,Fibroblast 3,Control,FIB3
-0.10464795678043376,Fibroblast 2,Control,FIB2
-0.06792252253040887,Fibroblast 2,Control,FIB2
0.09123322368290125,Fibroblast 1,Control,FIB1
-0.14466404232516025,Fibroblast 2,Control,FIB2
-0.07720429420443153,Fibroblast 2,Control,FIB2
-0.03040138498054986,Fibroblast 3,Control,FIB3
-0.09874320103795386,Fibroblast 2,Control,FIB2
0.024397863352719658,Fibroblast 1,Control,FIB1
-0.038721199207436365,Fibroblast 2,Control,FIB2
-0.10226172999486013,Fibroblast 1,Control,FIB1
-0.05767521586623889,Fibroblast 2,Control,FIB2
-0.11422911407988286,Fibroblast 2,Control,FIB2
-0.08206063227786152,Fibroblast 3,Control,FIB3
0.016216730923331313,Fibroblast 2,Control,FIB2
0.05201979026521575,Fibroblast 1,Control,FIB1
-0.11897881295527621,Fibroblast 3,Control,FIB3
0.0697195709898976,Fibroblast 3,Control,FIB3
-0.11752981516360514,Fibroblast 3,Control,FIB3
0.013949093117890617,Fibroblast 1,Control,FIB1
-0.05101890913556989,Fibroblast 1,Control,FIB1
-0.06485340887357205,Fibroblast 3,Control,FIB3
-0.03228093989756472,Fibroblast 1,Control,FIB1
0.02493379031228946,Fibroblast 1,Control,FIB1
-0.06155011375390711,Fibroblast 3,Control,FIB3
0.0855962015733683,Fibroblast 1,Control,FIB1
-0.0590335338200438,Fibroblast 2,Control,FIB2
-0.04316784524526995,Fibroblast 1,Control,FIB1
-0.1825045168960173,Fibroblast 2,Control,FIB2
-0.08206672738197672,Fibroblast 2,Control,FIB2
-0.13101408306725054,Fibroblast 2,Control,FIB2
-0.1604585629331081,Fibroblast 2,Control,FIB2
-0.1273305973139114,Fibroblast 2,Control,FIB2
-0.011881045319668063,Fibroblast 3,Control,FIB3
-0.12962650705611872,Fibroblast 2,Control,FIB2
-0.024509545066881352,Fibroblast 1,Control,FIB1
-0.08913617881581797,Fibroblast 3,Control,FIB3
-0.04280335525456621,Fibroblast 1,Control,FIB1
-0.05181091510799274,Fibroblast 3,Control,FIB3
-0.035162746353513685,Fibroblast 1,Control,FIB1
-0.05307530925558633,Fibroblast 3,Control,FIB3
-0.04807605202772034,Fibroblast 3,Control,FIB3
0.13355812226043454,Fibroblast 1,Control,FIB1
-0.07782187190261439,Fibroblast 2,Control,FIB2
-0.11721737743323114,Fibroblast 2,Control,FIB2
-0.08022222119084695,Fibroblast 1,Control,FIB1
0.013216901948407501,Fibroblast 3,Control,FIB3
-0.047226851711593305,Fibroblast 3,Control,FIB3
-0.020486711409898013,Fibroblast 3,Control,FIB3
-0.18169617902839685,Fibroblast 2,Control,FIB2
-0.11297650463205348,Fibroblast 2,Control,FIB2
-0.07529771402808605,Fibroblast 2,Control,FIB2
0.15608950495804447,Fibroblast 1,Control,FIB1
-0.14240302981090552,Fibroblast 1,Control,FIB1
-0.040528609344745455,Fibroblast 2,Control,FIB2
-0.02744209051730301,Fibroblast 4,Control,FIB4
-0.12922973537336047,Fibroblast 2,Control,FIB2
-0.08560540669334263,Fibroblast 2,Control,FIB2
-0.02691750776548952,Fibroblast 1,Control,FIB1
-0.03564458222424921,Fibroblast 3,Control,FIB3
-0.05144643915100054,Fibroblast 1,Control,FIB1
-0.029403339520349694,Fibroblast 3,Control,FIB3
-0.09515146885862201,Fibroblast 2,Control,FIB2
-0.028068906163881458,Fibroblast 3,Control,FIB3
-0.04040160872988515,Fibroblast 1,Control,FIB1
-0.1621206954441677,Fibroblast 2,Control,FIB2
0.2212820645833367,Fibroblast 1,Control,FIB1
0.008996291023695105,Fibroblast 1,Control,FIB1
-0.10414706363311668,Fibroblast 2,Control,FIB2
0.02783778790076108,Fibroblast 1,Control,FIB1
0.046091776259997226,Fibroblast 1,Control,FIB1
-0.18769661539329818,Fibroblast 2,Control,FIB2
-0.18056727494796368,Fibroblast 3,Control,FIB3
-0.02477911009323734,Fibroblast 2,Control,FIB2
-0.06994431491318305,Fibroblast 1,Control,FIB1
-0.03223313616305811,Fibroblast 2,Control,FIB2
-0.08401851502355133,Fibroblast 2,Control,FIB2
-0.07408920227396837,Fibroblast 2,Control,FIB2
-0.10880467051359353,Fibroblast 3,Control,FIB3
-0.05646896058673368,Fibroblast 2,Control,FIB2
0.048849561730029786,Fibroblast 1,Control,FIB1
-0.06435299377482706,Fibroblast 2,Control,FIB2
-0.079675619372723,Fibroblast 1,Control,FIB1
-0.1581650277506221,Fibroblast 2,Control,FIB2
-0.13548740057953645,Fibroblast 3,Control,FIB3
-0.19051839902537276,Fibroblast 2,Control,FIB2
-0.04257431843331391,Fibroblast 4,Control,FIB4
0.03656935660309525,Fibroblast 1,Control,FIB1
-0.0185350205910265,Fibroblast 3,Control,FIB3
-0.1397965720997656,Fibroblast 2,Control,FIB2
-0.15128063921517304,Fibroblast 3,Control,FIB3
-0.0699383522813323,Fibroblast 1,Control,FIB1
-0.12311969027174113,Fibroblast 2,Control,FIB2
0.019533642088330957,Fibroblast 1,Control,FIB1
-0.08436703955249329,Fibroblast 2,Control,FIB2
-0.12473488972203464,Fibroblast 2,Control,FIB2
-0.24209890620282878,Fibroblast 3,Control,FIB3
-0.06371516117035321,Fibroblast 1,Control,FIB1
-0.14994761312504398,Fibroblast 3,Control,FIB3
0.1243753217609868,Fibroblast 1,Control,FIB1
-0.01620560676284918,Fibroblast 3,Control,FIB3
-0.10573604891404108,Fibroblast 1,Control,FIB1
-0.12876231398306068,Fibroblast 2,Control,FIB2
-0.06172605580238871,Fibroblast 3,Control,FIB3
-0.015900714927906033,Fibroblast 3,Control,FIB3
-0.09788830354710372,Fibroblast 3,Control,FIB3
-0.02655971646741697,Fibroblast 1,Control,FIB1
-0.08883448542922669,Fibroblast 3,Control,FIB3
-0.047901153898581135,Fibroblast 3,Control,FIB3
-0.1037529007585243,Fibroblast 1,Control,FIB1
0.04574916577582378,Fibroblast 2,Control,FIB2
-0.23560935818213607,Fibroblast 3,Control,FIB3
-0.04551665411304711,Fibroblast 1,Control,FIB1
-0.0102970451089643,Fibroblast 1,Control,FIB1
-0.08063838474375246,Fibroblast 3,Control,FIB3
0.15263796071907307,Fibroblast 1,Control,FIB1
-0.13345835228075492,Fibroblast 3,Control,FIB3
-0.00872181931876382,Fibroblast 1,Control,FIB1
-0.09037147541369624,Fibroblast 3,Control,FIB3
-0.14680974954068185,Fibroblast 2,Control,FIB2
-0.061115201916485576,Fibroblast 3,Control,FIB3
-0.15843980973463995,Fibroblast 2,Control,FIB2
-0.09698867492978733,Fibroblast 3,Control,FIB3
-0.15195198837512092,Fibroblast 3,Control,FIB3
-0.0009442200067162482,Fibroblast 1,Control,FIB1
-0.0963320962531212,Fibroblast 2,Control,FIB2
-0.07672587303286307,Fibroblast 2,Control,FIB2
-0.05836250572945781,Fibroblast 1,Control,FIB1
-0.1751472918606839,Fibroblast 2,Control,FIB2
-0.06964551948020582,Fibroblast 1,Control,FIB1
-0.055252807253973205,Fibroblast 1,Control,FIB1
0.10851213061649254,Fibroblast 1,Control,FIB1
-0.10086684624366984,Fibroblast 3,Control,FIB3
-0.009904264979067795,Fibroblast 2,Control,FIB2
-0.06813255467932154,Fibroblast 3,Control,FIB3
-0.09468205433043392,Fibroblast 2,Control,FIB2
0.07747630894320909,Fibroblast 3,Control,FIB3
-0.09120390724373158,Fibroblast 3,Control,FIB3
0.025187156402907106,Fibroblast 1,Control,FIB1
-0.14302191159331754,Fibroblast 2,Control,FIB2
0.017119875698819405,Fibroblast 1,Control,FIB1
-0.08665201210538265,Fibroblast 1,Control,FIB1
-0.16949200005110876,Fibroblast 2,Control,FIB2
-0.12942314510799513,Fibroblast 2,Control,FIB2
-0.07424348443072754,Fibroblast 3,Control,FIB3
-0.13367292372268963,Fibroblast 1,Control,FIB1
-0.14303167494922708,Fibroblast 2,Control,FIB2
-0.18565519815897275,Fibroblast 2,Control,FIB2
-0.15954060869728282,Fibroblast 3,Control,FIB3
-0.010007113328254486,Fibroblast 1,Control,FIB1
-0.1439522377087351,Fibroblast 2,Control,FIB2
-0.049854228158472264,Fibroblast 2,Control,FIB2
-0.13604291284905626,Fibroblast 2,Control,FIB2
-0.09976283101430977,Fibroblast 2,Control,FIB2
-0.05821371745863991,Fibroblast 1,Control,FIB1
0.11664710061412552,Fibroblast 4,Control,FIB4
-0.033207565429888536,Fibroblast 1,Control,FIB1
0.04838619987995438,Fibroblast 3,Control,FIB3
0.12374033332534537,Fibroblast 1,Control,FIB1
0.0016078063417494307,Fibroblast 3,Control,FIB3
-0.13244090693946087,Fibroblast 2,Control,FIB2
-0.15326442681044916,Fibroblast 1,Control,FIB1
-0.047532000963954844,Fibroblast 3,Control,FIB3
-0.20793469693057728,Fibroblast 2,Control,FIB2
-0.07686791072425755,Fibroblast 2,Control,FIB2
-0.1440846206856276,Fibroblast 2,Control,FIB2
-0.1325391541613773,Fibroblast 3,Control,FIB3
-0.15600524335358307,Fibroblast 3,Control,FIB3
-0.029341432800415415,Fibroblast 3,Control,FIB3
-0.18653363836450826,Fibroblast 2,Control,FIB2
0.028609847436087053,Fibroblast 1,Control,FIB1
-0.1191268132574555,Fibroblast 2,Control,FIB2
-0.0011355464614174957,Fibroblast 3,Control,FIB3
-0.04405398166403667,Fibroblast 2,Control,FIB2
-0.0577340398984008,Fibroblast 2,Control,FIB2
-0.008078213839248883,Fibroblast 1,Control,FIB1
-0.04488700485647742,Fibroblast 3,Control,FIB3
-0.0204117336963889,Fibroblast 2,Control,FIB2
-0.055464880983106854,Fibroblast 3,Control,FIB3
-0.280462167810404,Fibroblast 3,Control,FIB3
0.009432442861693039,Fibroblast 2,Control,FIB2
-0.10163485212661968,Fibroblast 3,Control,FIB3
-0.04997750451558093,Fibroblast 2,Control,FIB2
-0.09820635511428898,Fibroblast 3,Control,FIB3
-0.14202860147989582,Fibroblast 2,Control,FIB2
-0.11611981780217519,Fibroblast 3,Control,FIB3
-0.033640384305265336,Fibroblast 3,Control,FIB3
-0.06873357757907342,Fibroblast 2,Control,FIB2
-0.048005911576282444,Fibroblast 1,Control,FIB1
-0.16492477627353347,Fibroblast 3,Control,FIB3
-0.04172293324349505,Fibroblast 1,Control,FIB1
-0.05036035669388629,Fibroblast 3,Control,FIB3
-0.1232336223949836,Fibroblast 3,Control,FIB3
0.03089833504765871,Fibroblast 1,Control,FIB1
-0.10102252974447445,Fibroblast 3,Control,FIB3
-0.0377907336843212,Fibroblast 3,Control,FIB3
-0.04268014852412692,Fibroblast 2,Control,FIB2
-0.10893351004450207,Fibroblast 3,Control,FIB3
-0.076348189400617,Fibroblast 3,Control,FIB3
-0.10830393819649752,Fibroblast 2,Control,FIB2
0.024941658362106822,Fibroblast 3,Control,FIB3
0.004072814529104466,Fibroblast 3,Control,FIB3
-0.047427040207956864,Fibroblast 2,Control,FIB2
-0.08228846989156194,Fibroblast 1,Control,FIB1
0.050843265351880655,Fibroblast 1,Control,FIB1
-0.03719027401292435,Fibroblast 1,Control,FIB1
-0.09122478966119932,Fibroblast 4,Control,FIB4
-0.14922385993746817,Fibroblast 2,Control,FIB2
0.03183452413781692,Fibroblast 1,Control,FIB1
-0.08304143912703515,Fibroblast 2,Control,FIB2
-0.1659873176752543,Fibroblast 2,Control,FIB2
-0.17050577419420357,Fibroblast 3,Control,FIB3
-0.08527243994180872,Fibroblast 3,Control,FIB3
-0.04739676052450302,Fibroblast 3,Control,FIB3
-0.039768669587729774,Fibroblast 3,Control,FIB3
-0.12159558413688348,Fibroblast 3,Control,FIB3
-0.0041064658939074655,Fibroblast 3,Control,FIB3
0.05669587804702077,Fibroblast 3,Control,FIB3
-0.030352120239635294,Fibroblast 3,Control,FIB3
-0.24430231598820196,Fibroblast 3,Control,FIB3
-0.06039639719491332,Fibroblast 2,Control,FIB2
-0.12051541219243947,Fibroblast 1,Control,FIB1
0.07105286253139581,Fibroblast 2,Control,FIB2
-0.02732651302143418,Fibroblast 1,Control,FIB1
-0.034721896359867006,Fibroblast 1,Control,FIB1
0.08377776812515698,Fibroblast 1,Control,FIB1
-0.10633268513037969,Fibroblast 2,Control,FIB2
0.030751409844912567,Fibroblast 3,Control,FIB3
0.001984160495234484,Fibroblast 3,Control,FIB3
-0.09270686943442456,Fibroblast 2,Control,FIB2
0.0806361734568539,Fibroblast 1,Control,FIB1
-0.15527968175784113,Fibroblast 3,Control,FIB3
-0.13899370999845062,Fibroblast 2,Control,FIB2
-0.13236197212662199,Fibroblast 2,Control,FIB2
0.010413906540661919,Fibroblast 3,Control,FIB3
0.01260373229590747,Fibroblast 1,Control,FIB1
-0.15740295122205364,Fibroblast 2,Control,FIB2
0.13197788934737448,Fibroblast 1,Control,FIB1
-0.12623428430144285,Fibroblast 3,Control,FIB3
-0.11428753632998637,Fibroblast 2,Control,FIB2
0.1078603375039482,Fibroblast 1,Control,FIB1
-0.09157556567249021,Fibroblast 1,Control,FIB1
-0.012314659611538055,Fibroblast 2,Control,FIB2
-0.12990669424485693,Fibroblast 3,Control,FIB3
-0.05478522043928273,Fibroblast 1,Control,FIB1
-0.13011914548817494,Fibroblast 2,Control,FIB2
-0.10640493654215946,Fibroblast 1,Control,FIB1
0.02633808633303302,Fibroblast 1,Control,FIB1
-0.03716406690206733,Fibroblast 2,Control,FIB2
-0.06898113329992105,Fibroblast 1,Control,FIB1
-0.06699804214672267,Fibroblast 2,Control,FIB2
-0.01816480226894989,Fibroblast 1,Control,FIB1
-0.02073480606107266,Fibroblast 1,Control,FIB1
-0.04242929080894977,Fibroblast 1,Control,FIB1
-0.03399133067431279,Fibroblast 3,Control,FIB3
-0.063004014429983,Fibroblast 3,Control,FIB3
-0.13188395584765167,Fibroblast 2,Control,FIB2
-0.1441765965861559,Fibroblast 3,Control,FIB3
-0.04687815295523601,Fibroblast 2,Control,FIB2
-0.050817767497382184,Fibroblast 3,Control,FIB3
0.006649479478703239,Fibroblast 1,Control,FIB1
-0.062164720583570844,Fibroblast 1,Control,FIB1
0.011218590748754927,Fibroblast 3,Control,FIB3
0.05465923055932399,Fibroblast 1,Control,FIB1
-0.1356150499040542,Fibroblast 2,Control,FIB2
-0.06635651332036402,Fibroblast 3,Control,FIB3
-0.03160062105931395,Fibroblast 2,Control,FIB2
0.011797111045969866,Fibroblast 3,Control,FIB3
-0.07509867015063938,Fibroblast 3,Control,FIB3
0.03232812042434188,Fibroblast 1,Control,FIB1
-0.14167640135658105,Fibroblast 3,Control,FIB3
0.04668146826591858,Fibroblast 3,Control,FIB3
-0.10160283483262252,Fibroblast 3,Control,FIB3
-0.06959884844630568,Fibroblast 3,Control,FIB3
-0.04774290775942103,Fibroblast 3,Control,FIB3
0.013096662302448294,Fibroblast 1,Control,FIB1
-0.18067569070386524,Fibroblast 3,Control,FIB3
-0.11027525094625162,Fibroblast 1,Control,FIB1
-0.04483579748395046,Fibroblast 2,Control,FIB2
-0.09209161109649734,Fibroblast 1,Control,FIB1
-0.003669680003736785,Fibroblast 3,Control,FIB3
-0.09302516771957334,Fibroblast 3,Control,FIB3
-0.1589541525124486,Fibroblast 2,Control,FIB2
-0.041373257473411335,Fibroblast 3,Control,FIB3
0.04423392781499001,Fibroblast 1,Control,FIB1
-0.1144207960224804,Fibroblast 1,Control,FIB1
0.04860759885989946,Fibroblast 1,Control,FIB1
-0.04634213282468011,Fibroblast 1,Control,FIB1
-0.13037151830828134,Fibroblast 2,Control,FIB2
0.00461107831587744,Fibroblast 3,Control,FIB3
0.024243919195231233,Fibroblast 3,Control,FIB3
-0.060239598343100435,Fibroblast 3,Control,FIB3
-0.07460751003482058,Fibroblast 3,Control,FIB3
0.10399080232489326,Fibroblast 1,Control,FIB1
-0.11345108231998834,Fibroblast 2,Control,FIB2
-0.12799789349122342,Fibroblast 2,Control,FIB2
-0.08123726000713233,Fibroblast 3,Control,FIB3
-0.0491537228841738,Fibroblast 1,Control,FIB1
-0.22939502999206438,Fibroblast 1,Control,FIB1
-0.03366642255821931,Fibroblast 3,Control,FIB3
-0.14838738817266453,Fibroblast 2,Control,FIB2
0.06434689096633825,Fibroblast 2,Control,FIB2
-0.17526062782867222,Fibroblast 2,Control,FIB2
-0.07648053141385293,Fibroblast 3,Control,FIB3
-0.12189241760689574,Fibroblast 2,Control,FIB2
-0.15382074908160287,Fibroblast 2,Control,FIB2
-0.08890637497636139,Fibroblast 2,Control,FIB2
-0.027762529024072176,Fibroblast 1,Control,FIB1
-0.10504992888565455,Fibroblast 2,Control,FIB2
-0.08392024167284645,Fibroblast 2,Control,FIB2
-0.08400970232344096,Fibroblast 3,Control,FIB3
-0.051582838054094776,Fibroblast 2,Control,FIB2
-0.10585779991694402,Fibroblast 3,Control,FIB3
0.03718127923742322,Fibroblast 1,Control,FIB1
-0.1405153144484162,Fibroblast 3,Control,FIB3
-0.017634470806148383,Fibroblast 3,Control,FIB3
0.06659174127515265,Fibroblast 3,Control,FIB3
-0.08690362708093813,Fibroblast 2,Control,FIB2
-0.1288603720013689,Fibroblast 3,Control,FIB3
-0.10995995933586179,Fibroblast 3,Control,FIB3
-0.11736947007733034,Fibroblast 2,Control,FIB2
-0.03741175581927018,Fibroblast 3,Control,FIB3
0.022172334883637703,Fibroblast 3,Control,FIB3
-0.13735106687410262,Fibroblast 1,Control,FIB1
0.0005869998110767383,Fibroblast 3,Control,FIB3
0.05028498164154681,Fibroblast 1,Control,FIB1
-0.11668897216093321,Fibroblast 3,Control,FIB3
-0.12237877297093674,Fibroblast 2,Control,FIB2
-0.1260958793741151,Fibroblast 3,Control,FIB3
-0.07592183851001236,Fibroblast 1,Control,FIB1
-0.11459613853122107,Fibroblast 2,Control,FIB2
-0.014991495434365516,Fibroblast 2,Control,FIB2
0.08459931825372181,Fibroblast 1,Control,FIB1
-0.14903981791447443,Fibroblast 1,Control,FIB1
-0.06780821148470023,Fibroblast 3,Control,FIB3
-0.13678973521718507,Fibroblast 2,Control,FIB2
0.04142964197488329,Fibroblast 1,Control,FIB1
-0.029107787463799606,Fibroblast 1,Control,FIB1
-0.19800961742919043,Fibroblast 2,Control,FIB2
-0.16117478971202537,Fibroblast 2,Control,FIB2
-0.023789899240796192,Fibroblast 1,Control,FIB1
-0.0837644780864553,Fibroblast 1,Control,FIB1
-0.14299118692937104,Fibroblast 2,Control,FIB2
-0.17021516885411353,Fibroblast 3,Control,FIB3
-0.040619195931981746,Fibroblast 1,Control,FIB1
-0.13299965709878833,Fibroblast 3,Control,FIB3
-0.1415007980216052,Fibroblast 2,Control,FIB2
-0.07392958888348923,Fibroblast 4,Control,FIB4
-0.14538438937150294,Fibroblast 3,Control,FIB3
0.0822387358661446,Fibroblast 1,Control,FIB1
-0.0524901524154731,Fibroblast 2,Control,FIB2
-0.12395061511281283,Fibroblast 2,Control,FIB2
-0.10977670883097763,Fibroblast 2,Control,FIB2
-0.12338744066050528,Fibroblast 3,Control,FIB3
-0.00043898500920898365,Fibroblast 3,Control,FIB3
-0.15759393876641314,Fibroblast 2,Control,FIB2
-0.10634359860474671,Fibroblast 2,Control,FIB2
-0.16933360390475002,Fibroblast 2,Control,FIB2
-0.07334862053864016,Fibroblast 1,Control,FIB1
-0.2365638885135402,Fibroblast 3,Control,FIB3
-0.006387380299207761,Fibroblast 2,Control,FIB2
-0.09052011269291804,Fibroblast 1,Control,FIB1
-0.0429990812247205,Fibroblast 2,Control,FIB2
-0.03086563570524001,Fibroblast 4,Control,FIB4
-0.1199257211046932,Fibroblast 3,Control,FIB3
-0.13702841079841394,Fibroblast 3,Control,FIB3
-0.11490944455505585,Fibroblast 3,Control,FIB3
-0.07958885844579225,Fibroblast 3,Control,FIB3
-0.1635648064896718,Fibroblast 4,Control,FIB4
-0.0770597460497115,Fibroblast 1,Control,FIB1
-0.11392334393935302,Fibroblast 3,Control,FIB3
-0.04055203703412735,Fibroblast 1,Control,FIB1
0.0966247050035325,Fibroblast 1,Control,FIB1
-0.13268425155317498,Fibroblast 2,Control,FIB2
-0.09887840458917554,Fibroblast 1,Control,FIB1
-0.13756996038219138,Fibroblast 2,Control,FIB2
0.00622768951321195,Fibroblast 2,Control,FIB2
-0.11417132997397712,Fibroblast 1,Control,FIB1
0.0893282416216464,Fibroblast 1,Control,FIB1
-0.12292156953777147,Fibroblast 2,Control,FIB2
-0.11113958895875004,Fibroblast 2,Control,FIB2
-0.20214988791199706,Fibroblast 3,Control,FIB3
0.001495356229286959,Fibroblast 3,Control,FIB3
-0.08024197632523825,Fibroblast 3,Control,FIB3
0.02611097218165549,Fibroblast 1,Control,FIB1
-0.0923503615992405,Fibroblast 2,Control,FIB2
-0.03668756999857033,Fibroblast 2,Control,FIB2
-0.07869066914242427,Fibroblast 1,Control,FIB1
-0.12625412214631493,Fibroblast 1,Control,FIB1
-0.02751393487862605,Fibroblast 1,Control,FIB1
-0.10252530371612001,Fibroblast 1,Control,FIB1
0.023068621933815883,Fibroblast 3,Control,FIB3
0.05617005757842915,Fibroblast 3,Control,FIB3
-0.13016384178743762,Fibroblast 3,Control,FIB3
-0.12445021518363925,Fibroblast 1,Control,FIB1
-0.07704494444586359,Fibroblast 2,Control,FIB2
0.003551967565708976,Fibroblast 1,Control,FIB1
-0.11335553722586147,Fibroblast 2,Control,FIB2
-0.11166197006121142,Fibroblast 2,Control,FIB2
-0.12336713386748906,Fibroblast 3,Control,FIB3
0.09154406515688636,Fibroblast 1,Control,FIB1
-0.18084516711523124,Fibroblast 2,Control,FIB2
-0.04479447087916891,Fibroblast 3,Control,FIB3
-0.15166054615852081,Fibroblast 2,Control,FIB2
0.01923246086650868,Fibroblast 1,Control,FIB1
-0.08126267313423799,Fibroblast 2,Control,FIB2
-0.14532213307605224,Fibroblast 3,Control,FIB3
-0.07765541864867584,Fibroblast 1,Control,FIB1
-0.10440130996343644,Fibroblast 3,Control,FIB3
-0.13473269992229017,Fibroblast 2,Control,FIB2
0.011900126707674577,Fibroblast 1,Control,FIB1
-0.0894951593846211,Fibroblast 2,Control,FIB2
0.010976809041644948,Fibroblast 1,Control,FIB1
-0.12216543724522846,Fibroblast 2,Control,FIB2
-0.06279642619196901,Fibroblast 2,Control,FIB2
-0.12939558585887662,Fibroblast 2,Control,FIB2
0.01330196708086119,Fibroblast 3,Control,FIB3
-0.1520809630975002,Fibroblast 2,Control,FIB2
-0.10576667908672271,Fibroblast 2,Control,FIB2
0.018604067305247385,Fibroblast 1,Control,FIB1
0.058197158774469494,Fibroblast 1,Control,FIB1
-0.008700408626902526,Fibroblast 1,Control,FIB1
-0.22750115583388567,Fibroblast 3,Control,FIB3
0.03943064227461655,Fibroblast 1,Control,FIB1
-0.07124622513542175,Fibroblast 2,Control,FIB2
-0.0772595848280009,Fibroblast 2,Control,FIB2
-0.1999329753087795,Fibroblast 2,Control,FIB2
-0.04927669407049027,Fibroblast 2,Control,FIB2
-0.09522249366218213,Fibroblast 3,Control,FIB3
-0.1745382442567193,Fibroblast 2,Control,FIB2
0.012751467016871687,Fibroblast 1,Control,FIB1
-0.1024622195959757,Fibroblast 1,Control,FIB1
-0.13441651488788822,Fibroblast 1,Control,FIB1
-0.10815659524653776,Fibroblast 1,Control,FIB1
-0.053030088164063946,Fibroblast 1,Control,FIB1
0.0010667752952101262,Fibroblast 1,Control,FIB1
-0.02960339693392121,Fibroblast 3,Control,FIB3
-0.03649379610573797,Fibroblast 3,Control,FIB3
-0.1378536670183322,Fibroblast 2,Control,FIB2
-0.12305817774288484,Fibroblast 2,Control,FIB2
-0.11709902796069407,Fibroblast 2,Control,FIB2
-0.027872552749017183,Fibroblast 3,Control,FIB3
-0.10463027842004327,Fibroblast 3,Control,FIB3
-0.03659901677057651,Fibroblast 1,Control,FIB1
-0.09451017125445015,Fibroblast 1,Control,FIB1
-0.11080877413167162,Fibroblast 3,Control,FIB3
-0.12219031544641566,Fibroblast 3,Control,FIB3
-0.1218527594128741,Fibroblast 3,Control,FIB3
-0.13421966267749239,Fibroblast 2,Control,FIB2
-0.06388707909269131,Fibroblast 2,Control,FIB2
0.05771966152003077,Fibroblast 1,Control,FIB1
-0.06968607341804559,Fibroblast 2,Control,FIB2
-0.04280845474536024,Fibroblast 1,Control,FIB1
-0.10564691892050271,Fibroblast 4,Control,FIB4
0.03107462273632606,Fibroblast 1,Control,FIB1
-0.019463155058516105,Fibroblast 2,Control,FIB2
-0.11855811405661916,Fibroblast 2,Control,FIB2
0.07813979827990261,Fibroblast 1,Control,FIB1
-0.044895697714967917,Fibroblast 2,Control,FIB2
-0.039139957349289795,Fibroblast 3,Control,FIB3
-0.08209757129839751,Fibroblast 2,Control,FIB2
-0.16921624755680265,Fibroblast 2,Control,FIB2
-0.1081420305806121,Fibroblast 1,Control,FIB1
-0.026347500178535946,Fibroblast 3,Control,FIB3
-0.2984925222399036,Fibroblast 2,Control,FIB2
0.051884704433416834,Fibroblast 1,Control,FIB1
-0.0927673697646795,Fibroblast 2,Control,FIB2
-0.051630492693483646,Fibroblast 3,Control,FIB3
-0.13273858916997594,Fibroblast 2,Control,FIB2
-0.07496772857045558,Fibroblast 3,Control,FIB3
-0.10678522356398942,Fibroblast 3,Control,FIB3
-0.16925065295676273,Fibroblast 2,Control,FIB2
-0.09566961788716584,Fibroblast 2,Control,FIB2
-0.09447106824775611,Fibroblast 2,Control,FIB2
0.03686847260192212,Fibroblast 1,Control,FIB1
-0.12121596623325176,Fibroblast 1,Control,FIB1
-0.030003643588352807,Fibroblast 1,Control,FIB1
-0.13347054678029352,Fibroblast 3,Control,FIB3
-0.09912220166085496,Fibroblast 2,Control,FIB2
0.02875905106594476,Fibroblast 1,Control,FIB1
-0.07922533564806897,Fibroblast 2,Control,FIB2
0.016666414506545914,Fibroblast 3,Control,FIB3
-0.023939206569772747,Fibroblast 2,Control,FIB2
-0.08291496299791701,Fibroblast 2,Control,FIB2
0.014450511579951121,Fibroblast 2,Control,FIB2
-0.07847640837543844,Fibroblast 3,Control,FIB3
-0.12765739399768136,Fibroblast 3,Control,FIB3
0.04084190085407602,Fibroblast 1,Control,FIB1
-0.09621092649150492,Fibroblast 2,Control,FIB2
-0.04992013588393364,Fibroblast 1,Control,FIB1
-0.026178448006287644,Fibroblast 2,Control,FIB2
-0.049942900277766766,Fibroblast 3,Control,FIB3
-0.0718456749481802,Fibroblast 3,Control,FIB3
-0.0786586773019648,Fibroblast 1,Control,FIB1
0.05202710332348221,Fibroblast 1,Control,FIB1
-0.05380499777677151,Fibroblast 2,Control,FIB2
-0.0787204427354915,Fibroblast 2,Control,FIB2
-0.06495400226437809,Fibroblast 1,Control,FIB1
0.028970188281875895,Fibroblast 2,Control,FIB2
-0.0861606914307397,Fibroblast 1,Control,FIB1
-0.1118438964228324,Fibroblast 3,Control,FIB3
-0.03952828378777587,Fibroblast 1,Control,FIB1
-0.11303265725620984,Fibroblast 1,Control,FIB1
-0.013600696580407709,Fibroblast 1,Control,FIB1
-0.10941240912502516,Fibroblast 1,Control,FIB1
-0.10902371689920246,Fibroblast 2,Control,FIB2
-0.14335211785896876,Fibroblast 2,Control,FIB2
-0.0568817558950359,Fibroblast 3,Control,FIB3
-0.03013836669821829,Fibroblast 1,Control,FIB1
-0.1210964082628565,Fibroblast 3,Control,FIB3
-0.022233276200341233,Fibroblast 3,Control,FIB3
-0.03588270124568217,Fibroblast 1,Control,FIB1
-0.0834522056953784,Fibroblast 3,Control,FIB3
0.12768079814712896,Fibroblast 1,Control,FIB1
-0.11050238524283741,Fibroblast 3,Control,FIB3
-0.0011010685451023003,Fibroblast 1,Control,FIB1
-0.0763563739850629,Fibroblast 1,Control,FIB1
-0.05659389229917883,Fibroblast 2,Control,FIB2
-0.04987773728336833,Fibroblast 2,Control,FIB2
-0.130735164726392,Fibroblast 2,Control,FIB2
0.1594088428257644,Fibroblast 1,Control,FIB1
-0.15653598866309268,Fibroblast 2,Control,FIB2
-0.1289173781808778,Fibroblast 3,Control,FIB3
0.02097170565853021,Fibroblast 1,Control,FIB1
-0.15596183513350587,Fibroblast 3,Control,FIB3
-0.09188135947843366,Fibroblast 2,Control,FIB2
-0.010952159098766914,Fibroblast 1,Control,FIB1
-0.1383040300796113,Fibroblast 3,Control,FIB3
-0.09484284481688549,Fibroblast 3,Control,FIB3
0.01931604601671072,Fibroblast 1,Control,FIB1
-0.11757542044498123,Fibroblast 2,Control,FIB2
-0.07299846956552172,Fibroblast 3,Control,FIB3
-0.14395191226602336,Fibroblast 3,Control,FIB3
-0.09048498571259075,Fibroblast 2,Control,FIB2
0.08259363177953309,Fibroblast 1,Control,FIB1
-0.15142650185405407,Fibroblast 1,Control,FIB1
-0.03424883204261164,Fibroblast 3,Control,FIB3
-0.15193738680268676,Fibroblast 3,Control,FIB3
-0.049010509125051435,Fibroblast 1,Control,FIB1
-0.0016990823682020983,Fibroblast 1,Control,FIB1
-0.12922266563348567,Fibroblast 3,Control,FIB3
0.06662093360919404,Fibroblast 1,Control,FIB1
-0.010880300309987035,Fibroblast 3,Control,FIB3
0.030786480077184233,Fibroblast 3,Control,FIB3
-0.07226620316800235,Fibroblast 2,Control,FIB2
-0.10440579375709892,Fibroblast 3,Control,FIB3
-0.0831599799393934,Fibroblast 3,Control,FIB3
0.0344401928699219,Fibroblast 1,Control,FIB1
-0.06650438915681414,Fibroblast 2,Control,FIB2
-0.09875453654006117,Fibroblast 2,Control,FIB2
-0.10075927742428796,Fibroblast 3,Control,FIB3
0.04321057427000946,Fibroblast 1,Control,FIB1
-0.1176321220326202,Fibroblast 3,Control,FIB3
-0.20212369008514133,Fibroblast 2,Control,FIB2
0.02176506996462418,Fibroblast 1,Control,FIB1
-0.14872463779560507,Fibroblast 3,Control,FIB3
-0.17375374054948545,Fibroblast 3,Control,FIB3
-0.0024103158195386658,Fibroblast 3,Control,FIB3
-0.04621384754030225,Fibroblast 1,Control,FIB1
-0.05052863617607961,Fibroblast 1,Control,FIB1
-0.08792813535473525,Fibroblast 1,Control,FIB1
-0.06252448155184637,Fibroblast 1,Control,FIB1
-0.0040963524566039605,Fibroblast 3,Control,FIB3
-0.12649225910933354,Fibroblast 2,Control,FIB2
-0.03806938180735679,Fibroblast 3,Control,FIB3
0.037204129642913406,Fibroblast 1,Control,FIB1
-0.09914927791977833,Fibroblast 3,Control,FIB3
-0.0020492644922459145,Fibroblast 1,Control,FIB1
-0.10840670443004974,Fibroblast 3,Control,FIB3
-0.07270028307201229,Fibroblast 3,Control,FIB3
-0.1170863680815269,Fibroblast 3,Control,FIB3
-0.08673093071706123,Fibroblast 1,Control,FIB1
-0.0634481360163947,Fibroblast 1,Control,FIB1
-0.09173408904594156,Fibroblast 3,Control,FIB3
-0.11609648345739916,Fibroblast 2,Control,FIB2
-0.02368737280841466,Fibroblast 2,Control,FIB2
-0.030795790711362417,Fibroblast 1,Control,FIB1
-0.1593033111919994,Fibroblast 2,Control,FIB2
-0.1805340384307722,Fibroblast 3,Control,FIB3
-0.05513353089874634,Fibroblast 2,Control,FIB2
-0.17091931469677027,Fibroblast 2,Control,FIB2
-0.10850089303455426,Fibroblast 1,Control,FIB1
-0.01043886741035644,Fibroblast 3,Control,FIB3
-0.03027008115482431,Fibroblast 3,Control,FIB3
-0.13112150034301406,Fibroblast 2,Control,FIB2
-0.10690760442641967,Fibroblast 2,Control,FIB2
0.05831686010095401,Fibroblast 1,Control,FIB1
-0.016500304232493657,Fibroblast 3,Control,FIB3
-0.09886686708512099,Fibroblast 3,Control,FIB3
-0.08291703713216092,Fibroblast 2,Control,FIB2
-0.10043314400198862,Fibroblast 2,Control,FIB2
-0.048586313894772463,Fibroblast 3,Control,FIB3
-0.09182804595485122,Fibroblast 2,Control,FIB2
-0.0691537791133386,Fibroblast 3,Control,FIB3
-0.09803645479861561,Fibroblast 3,Control,FIB3
-0.2172912457633258,Fibroblast 3,Control,FIB3
0.026378101458048996,Fibroblast 2,Control,FIB2
-0.13797199525821932,Fibroblast 2,Control,FIB2
-0.1519452441157229,Fibroblast 2,Control,FIB2
0.021814108780208126,Fibroblast 3,Control,FIB3
-0.09503417606512155,Fibroblast 2,Control,FIB2
-0.2461155530318172,Fibroblast 3,Control,FIB3
-0.09887397000723032,Fibroblast 3,Control,FIB3
0.003939102364578194,Fibroblast 1,Control,FIB1
-0.06814102399511182,Fibroblast 2,Control,FIB2
-0.10996158250580068,Fibroblast 2,Control,FIB2
0.07495349446312549,Fibroblast 1,Control,FIB1
0.08549434812386487,Fibroblast 1,Control,FIB1
-0.1166117791234338,Fibroblast 1,Control,FIB1
-0.008039415127915707,Fibroblast 3,Control,FIB3
-0.06617607053801358,Fibroblast 3,Control,FIB3
-0.10662403035027031,Fibroblast 1,Control,FIB1
-0.13008755122071633,Fibroblast 2,Control,FIB2
-0.08011594587010598,Fibroblast 2,Control,FIB2
-0.07038801620723999,Fibroblast 3,Control,FIB3
0.006011147516921264,Fibroblast 2,Control,FIB2
-0.16238335382809801,Fibroblast 3,Control,FIB3
-0.11776583755741968,Fibroblast 3,Control,FIB3
-0.05175455070360101,Fibroblast 3,Control,FIB3
-0.040633959302849354,Fibroblast 1,Control,FIB1
-0.0034416604355302777,Fibroblast 2,Control,FIB2
0.01626428668909819,Fibroblast 3,Control,FIB3
-0.106505293691467,Fibroblast 2,Control,FIB2
-0.12261200210676704,Fibroblast 2,Control,FIB2
-0.10493546204126296,Fibroblast 1,Control,FIB1
-0.17451652301509837,Fibroblast 3,Control,FIB3
0.00804573818253354,Fibroblast 3,Control,FIB3
-0.15342079162342745,Fibroblast 3,Control,FIB3
0.025912224399377952,Fibroblast 1,Control,FIB1
-0.04725405862282478,Fibroblast 3,Control,FIB3
-0.1578526758149745,Fibroblast 1,Control,FIB1
-0.021115328071039673,Fibroblast 3,Control,FIB3
0.0443509299829837,Fibroblast 1,Control,FIB1
-0.08063746339032615,Fibroblast 3,Control,FIB3
-0.03098042363596737,Fibroblast 2,Control,FIB2
-0.03075357360592258,Fibroblast 1,Control,FIB1
-0.12015284959278358,Fibroblast 1,Control,FIB1
-0.0373482011866128,Fibroblast 1,Control,FIB1
-0.023710208012922604,Fibroblast 3,Control,FIB3
-0.1490825057390069,Fibroblast 1,Control,FIB1
-0.0924262712507201,Fibroblast 2,Control,FIB2
0.005663309689984266,Fibroblast 3,Control,FIB3
0.1173423859710952,Fibroblast 1,Control,FIB1
-0.1658365567839802,Fibroblast 2,Control,FIB2
-0.030481982131941143,Fibroblast 2,Control,FIB2
-0.0987274067625685,Fibroblast 3,Control,FIB3
0.019280951724241914,Fibroblast 1,Control,FIB1
0.03749742053480311,Fibroblast 1,Control,FIB1
-0.07575764090604,Fibroblast 2,Control,FIB2
-0.05019487582552588,Fibroblast 3,Control,FIB3
-0.09058748171062103,Fibroblast 2,Control,FIB2
-0.006657386963435846,Fibroblast 2,Control,FIB2
-0.06376430151120897,Fibroblast 3,Control,FIB3
-0.10900987170713197,Fibroblast 1,Control,FIB1
-0.07111738871669922,Fibroblast 3,Control,FIB3
-0.0006499416698635442,Fibroblast 1,Control,FIB1
-0.14217324004230342,Fibroblast 3,Control,FIB3
-0.10895124370343867,Fibroblast 2,Control,FIB2
-0.0585918666950916,Fibroblast 1,Control,FIB1
-0.07838086848789337,Fibroblast 3,Control,FIB3
0.015209288589688483,Fibroblast 1,Control,FIB1
0.14235690799884465,Fibroblast 3,Control,FIB3
-0.11076523361625613,Fibroblast 3,Control,FIB3
-0.14288418495499047,Fibroblast 3,Control,FIB3
-0.1843948153887288,Fibroblast 2,Control,FIB2
-0.09336156374805217,Fibroblast 3,Control,FIB3
0.06986811095186687,Fibroblast 1,Control,FIB1
-0.10149026083486845,Fibroblast 3,Control,FIB3
-0.06093108844051354,Fibroblast 2,Control,FIB2
-0.02463610484832001,Fibroblast 2,Control,FIB2
-0.07961636306959348,Fibroblast 3,Control,FIB3
-0.14584903042951408,Fibroblast 1,Control,FIB1
-0.053903100670083734,Fibroblast 3,Control,FIB3
-0.15659987185717156,Fibroblast 3,Control,FIB3
-0.1096105306839324,Fibroblast 2,Control,FIB2
-0.16671610584343574,Fibroblast 3,Control,FIB3
0.0686834697761937,Fibroblast 1,Control,FIB1
-0.0699171862458364,Fibroblast 3,Control,FIB3
-0.11849342126134149,Fibroblast 2,Control,FIB2
-0.1094752321143598,Fibroblast 2,Control,FIB2
-0.10228656934519989,Fibroblast 2,Control,FIB2
-0.1045285402674547,Fibroblast 3,Control,FIB3
-0.021082978532514077,Fibroblast 3,Control,FIB3
-0.1907372902037135,Fibroblast 2,Control,FIB2
-0.06391066487042354,Fibroblast 2,Control,FIB2
-0.13036882949553139,Fibroblast 3,Control,FIB3
-0.11679159767534845,Fibroblast 1,Control,FIB1
-0.04707534964519772,Fibroblast 1,Control,FIB1
-0.08345944409439397,Fibroblast 3,Control,FIB3
-0.07245620731826469,Fibroblast 2,Control,FIB2
-0.0718068711595574,Fibroblast 3,Control,FIB3
-0.15121488122455556,Fibroblast 2,Control,FIB2
-0.09207740080439983,Fibroblast 3,Control,FIB3
0.02453075412860495,Fibroblast 1,Control,FIB1
0.0029323333035362956,Fibroblast 3,Control,FIB3
-0.06471851585628038,Fibroblast 1,Control,FIB1
-0.13452473376974905,Fibroblast 2,Control,FIB2
-0.06717808169091195,Fibroblast 2,Control,FIB2
-0.09344460280267666,Fibroblast 2,Control,FIB2
-0.11018197759375942,Fibroblast 1,Control,FIB1
-0.07793057036306666,Fibroblast 3,Control,FIB3
-0.09560952780178024,Fibroblast 1,Control,FIB1
-0.08024587540152323,Fibroblast 1,Control,FIB1
-0.11441024055835927,Fibroblast 2,Control,FIB2
-0.17938927301310037,Fibroblast 2,Control,FIB2
-0.02351410329988727,Fibroblast 3,Control,FIB3
-0.11586552143426443,Fibroblast 2,Control,FIB2
0.06295079885365726,Fibroblast 1,Control,FIB1
-0.1281671942883887,Fibroblast 3,Control,FIB3
-0.06209869542373926,Fibroblast 1,Control,FIB1
-0.10306087678017353,Fibroblast 2,Control,FIB2
-0.20390512649363907,Fibroblast 2,Control,FIB2
-0.04672639307045441,Fibroblast 2,Control,FIB2
-0.10160234000340271,Fibroblast 3,Control,FIB3
0.009622934838450892,Fibroblast 3,Control,FIB3
-0.023150849892194233,Fibroblast 2,Control,FIB2
-0.08438533658261158,Fibroblast 3,Control,FIB3
-0.12592715708352803,Fibroblast 2,Control,FIB2
-0.05241825142266208,Fibroblast 3,Control,FIB3
-0.13568430875930632,Fibroblast 2,Control,FIB2
-0.11260258509640253,Fibroblast 2,Control,FIB2
-0.016168298383982656,Fibroblast 3,Control,FIB3
-0.062497622957507326,Fibroblast 3,Control,FIB3
-0.14796895669657117,Fibroblast 3,Control,FIB3
-0.15046748391524628,Fibroblast 2,Control,FIB2
-0.13034279446801736,Fibroblast 2,Control,FIB2
-0.003702725255344805,Fibroblast 3,Control,FIB3
-0.02369011633922348,Fibroblast 3,Control,FIB3
0.06587022005343118,Fibroblast 1,Control,FIB1
-0.04879019662396995,Fibroblast 1,Control,FIB1
-0.10184419811574238,Fibroblast 2,Control,FIB2
-0.0829743909127327,Fibroblast 2,Control,FIB2
0.011171666076862402,Fibroblast 3,Control,FIB3
-0.15226102536584343,Fibroblast 3,Control,FIB3
0.015116526376448558,Fibroblast 2,Control,FIB2
-0.018262527617051882,Fibroblast 1,Control,FIB1
-0.10050889373155952,Fibroblast 3,Control,FIB3
-0.034137986693105256,Fibroblast 1,Control,FIB1
-0.10059975098135307,Fibroblast 3,Control,FIB3
-0.11709617052139482,Fibroblast 1,Control,FIB1
-0.00620858877434604,Fibroblast 1,Control,FIB1
-0.1138310957769567,Fibroblast 2,Control,FIB2
-0.01702825022349822,Fibroblast 3,Control,FIB3
-0.12105470137804664,Fibroblast 2,Control,FIB2
-0.14517875994997934,Fibroblast 2,Control,FIB2
-0.12488915571686027,Fibroblast 3,Control,FIB3
-0.06936226278836746,Fibroblast 1,Control,FIB1
-0.11083394747634014,Fibroblast 3,Control,FIB3
-0.017083283490523765,Fibroblast 1,Control,FIB1
-0.0671956403698589,Fibroblast 3,Control,FIB3
8.952749237276653e-05,Fibroblast 1,Control,FIB1
-0.13197265445938466,Fibroblast 2,Control,FIB2
-0.1418041673079748,Fibroblast 2,Control,FIB2
-0.18978436299544255,Fibroblast 2,Control,FIB2
-0.07269209221614974,Fibroblast 1,Control,FIB1
0.06318070527203135,Fibroblast 3,Control,FIB3
-0.0016710272510106882,Fibroblast 3,Control,FIB3
0.021574838496715824,Fibroblast 3,Control,FIB3
-0.11237461160244404,Fibroblast 2,Control,FIB2
-0.09127810513381773,Fibroblast 1,Control,FIB1
-0.030400884777442974,Fibroblast 1,Control,FIB1
-0.05404462802406246,Fibroblast 3,Control,FIB3
-0.11894428424853126,Fibroblast 1,Control,FIB1
0.025422899911906383,Fibroblast 1,Control,FIB1
-0.1267640290994857,Fibroblast 3,Control,FIB3
-0.026845091151069513,Fibroblast 1,Control,FIB1
0.01391359866467421,Fibroblast 1,Control,FIB1
-0.13343012300592155,Fibroblast 1,Control,FIB1
-0.08525066129771001,Fibroblast 2,Control,FIB2
-0.034076637900490786,Fibroblast 1,Control,FIB1
-0.21232055315701903,Fibroblast 3,Control,FIB3
-0.0023837161733109794,Fibroblast 1,Control,FIB1
-0.1403486679132014,Fibroblast 2,Control,FIB2
-0.09429351485119707,Fibroblast 1,Control,FIB1
-0.09641471741601583,Fibroblast 1,Control,FIB1
0.05766336415912443,Fibroblast 1,Control,FIB1
-0.14976506988821206,Fibroblast 2,Control,FIB2
-0.11515039776970001,Fibroblast 3,Control,FIB3
-0.09471216077686603,Fibroblast 3,Control,FIB3
0.036785281745296994,Fibroblast 1,Control,FIB1
-0.0886454894840164,Fibroblast 2,Control,FIB2
-0.132307608659044,Fibroblast 2,Control,FIB2
-0.11093017982912853,Fibroblast 2,Control,FIB2
0.13227292031083443,Fibroblast 1,Control,FIB1
-0.1655619350780458,Fibroblast 2,Control,FIB2
-0.11061199022868909,Fibroblast 2,Control,FIB2
-0.1267053565558779,Fibroblast 2,Control,FIB2
-0.09519114164408105,Fibroblast 3,Control,FIB3
-0.09142429878844245,Fibroblast 3,Control,FIB3
-0.035482527421301424,Fibroblast 3,Control,FIB3
-0.018914738002385287,Fibroblast 3,Control,FIB3
-0.0017731255174953395,Fibroblast 1,Control,FIB1
-0.05546926363310216,Fibroblast 1,Control,FIB1
-0.10503735109718684,Fibroblast 2,Control,FIB2
-0.20118328125143958,Fibroblast 3,Control,FIB3
-0.11798020629374774,Fibroblast 2,Control,FIB2
-0.058198298307230306,Fibroblast 3,Control,FIB3
-0.15441386654475803,Fibroblast 2,Control,FIB2
0.13653852880028639,Fibroblast 1,Control,FIB1
-0.09514011210708034,Fibroblast 3,Control,FIB3
-0.09580026160435161,Fibroblast 2,Control,FIB2
-0.11820399037937777,Fibroblast 3,Control,FIB3
-0.06072113564385081,Fibroblast 2,Control,FIB2
0.0020890690793785444,Fibroblast 1,Control,FIB1
-0.11554463569289188,Fibroblast 2,Control,FIB2
-0.043285018467317124,Fibroblast 1,Control,FIB1
-0.09587963217668595,Fibroblast 2,Control,FIB2
0.06467879552761038,Fibroblast 1,Control,FIB1
0.01293745441676612,Fibroblast 3,Control,FIB3
-0.051636167602426855,Fibroblast 2,Control,FIB2
-0.029453773695101618,Fibroblast 3,Control,FIB3
0.02222912833356133,Fibroblast 1,Control,FIB1
-0.10893019405085416,Fibroblast 2,Control,FIB2
-0.06074384111115519,Fibroblast 2,Control,FIB2
-0.10018617149633345,Fibroblast 2,Control,FIB2
0.07013034741047847,Fibroblast 1,Control,FIB1
0.009386423207013897,Fibroblast 3,Control,FIB3
-0.07798883250376731,Fibroblast 3,Control,FIB3
0.047146839150397434,Fibroblast 3,Control,FIB3
-0.15631118553177786,Fibroblast 3,Control,FIB3
-0.05407045513799974,Fibroblast 1,Control,FIB1
-0.23743717242629453,Fibroblast 2,Control,FIB2
-0.018349227201082553,Fibroblast 1,Control,FIB1
-0.12634661236646888,Fibroblast 2,Control,FIB2
-0.0034865089113486486,Fibroblast 1,Control,FIB1
-0.027980023316002432,Fibroblast 2,Control,FIB2
-0.15841459161129778,Fibroblast 3,Control,FIB3
-0.14118329148437025,Fibroblast 2,Control,FIB2
-0.020288116643723528,Fibroblast 1,Control,FIB1
-0.08213703085061097,Fibroblast 3,Control,FIB3
-0.10771068187530289,Fibroblast 3,Control,FIB3
0.022941433004885374,Fibroblast 1,Control,FIB1
0.04995432914738535,Fibroblast 2,Control,FIB2
-0.1954460200614927,Fibroblast 3,Control,FIB3
-0.11230529168094582,Fibroblast 2,Control,FIB2
0.047135902734603045,Fibroblast 1,Control,FIB1
-0.030257851234198503,Fibroblast 2,Control,FIB2
-0.18139904343498578,Fibroblast 2,Control,FIB2
0.025738421952707386,Fibroblast 3,Control,FIB3
-0.12268574773334844,Fibroblast 2,Control,FIB2
-0.04219026590192246,Fibroblast 3,Control,FIB3
-0.08173866023234064,Fibroblast 1,Control,FIB1
-0.0004077348282353803,Fibroblast 1,Control,FIB1
-0.14237479396373315,Fibroblast 2,Control,FIB2
-0.14457701671043344,Fibroblast 2,Control,FIB2
-0.13270141563836477,Fibroblast 3,Control,FIB3
-0.20805697884892482,Fibroblast 1,Control,FIB1
-0.04769250030459084,Fibroblast 2,Control,FIB2
-0.09144094586114032,Fibroblast 3,Control,FIB3
0.0014930636008441533,Fibroblast 3,Control,FIB3
-0.08065018019741924,Fibroblast 3,Control,FIB3
-0.03894027081270801,Fibroblast 3,Control,FIB3
-0.016958735567550294,Fibroblast 3,Control,FIB3
-0.0859814108017943,Fibroblast 2,Control,FIB2
-0.05045622100197933,Fibroblast 2,Control,FIB2
-0.015049906646059277,Fibroblast 1,Control,FIB1
-0.058342094716264496,Fibroblast 3,Control,FIB3
-0.02673052100224238,Fibroblast 1,Control,FIB1
-0.02008745385786357,Fibroblast 3,Control,FIB3
-0.15878962646202144,Fibroblast 2,Control,FIB2
0.026511325985675675,Fibroblast 1,Control,FIB1
0.025555015193298156,Fibroblast 3,Control,FIB3
-0.008474580480058141,Fibroblast 2,Control,FIB2
-0.06529998264678565,Fibroblast 1,Control,FIB1
-0.2236798377936082,Fibroblast 2,Control,FIB2
-0.10129723621254166,Fibroblast 2,Control,FIB2
-0.04529956855092848,Fibroblast 3,Control,FIB3
-0.20052759446500779,Fibroblast 3,Control,FIB3
-0.07994291350677768,Fibroblast 3,Control,FIB3
-0.06386249957817784,Fibroblast 3,Control,FIB3
-0.007187686764541762,Fibroblast 1,Control,FIB1
-0.12972423893772175,Fibroblast 3,Control,FIB3
0.0019408874337997328,Fibroblast 3,Control,FIB3
-0.026039022202318463,Fibroblast 3,Control,FIB3
-0.02774771430595127,Fibroblast 2,Control,FIB2
-0.06527025710946917,Fibroblast 3,Control,FIB3
-0.15195212392786311,Fibroblast 2,Control,FIB2
-0.04793567815149683,Fibroblast 1,Control,FIB1
-0.03648221347764624,Fibroblast 1,Control,FIB1
-0.06992814235819798,Fibroblast 1,Control,FIB1
0.07369618129779362,Fibroblast 3,Control,FIB3
-0.10702850059637185,Fibroblast 2,Control,FIB2
-0.1848489110441626,Fibroblast 3,Control,FIB3
-0.17697046576501238,Fibroblast 2,Control,FIB2
0.0474425921901675,Fibroblast 2,Control,FIB2
-0.10512975189795914,Fibroblast 3,Control,FIB3
0.018990624721528925,Fibroblast 3,Control,FIB3
0.028836769886008543,Fibroblast 3,Control,FIB3
-0.11751215506088235,Fibroblast 3,Control,FIB3
-0.08333564222447455,Fibroblast 2,Control,FIB2
-0.08031832980081643,Fibroblast 3,Control,FIB3
-0.09171067981887483,Fibroblast 1,Control,FIB1
-0.06119634076813604,Fibroblast 1,Control,FIB1
-0.13847027206512175,Fibroblast 2,Control,FIB2
0.05107603664071256,Fibroblast 3,Control,FIB3
-0.16235385331136223,Fibroblast 2,Control,FIB2
-0.005331714194182512,Fibroblast 1,Control,FIB1
-0.07860302180103457,Fibroblast 2,Control,FIB2
-0.21883415881504498,Fibroblast 2,Control,FIB2
0.028224623017077413,Fibroblast 3,Control,FIB3
-0.10306300423247644,Fibroblast 1,Control,FIB1
0.006915122033935586,Fibroblast 1,Control,FIB1
-0.04089285340290765,Fibroblast 1,Control,FIB1
0.062306383444685635,Fibroblast 1,Control,FIB1
-0.04029362779865544,Fibroblast 3,Control,FIB3
-0.030428464153535235,Fibroblast 1,Control,FIB1
-0.13279469432881794,Fibroblast 2,Control,FIB2
-0.10984405159336152,Fibroblast 2,Control,FIB2
0.0031448873394073467,Fibroblast 3,Control,FIB3
-0.034159036049477294,Fibroblast 2,Control,FIB2
-0.17480242636104873,Fibroblast 3,Control,FIB3
-0.12385556627425182,Fibroblast 1,Control,FIB1
-0.06201951657495296,Fibroblast 1,Control,FIB1
-0.062015269228464974,Fibroblast 1,Control,FIB1
-0.08554326359684197,Fibroblast 2,Control,FIB2
-0.052778652915854395,Fibroblast 1,Control,FIB1
-0.0963712656171963,Fibroblast 2,Control,FIB2
-0.14465655432462132,Fibroblast 3,Control,FIB3
0.08815310537669964,Fibroblast 1,Control,FIB1
-0.11569565853459397,Fibroblast 3,Control,FIB3
-0.06571688279664112,Fibroblast 3,Control,FIB3
-0.08273739737524292,Fibroblast 2,Control,FIB2
-0.16074498337425616,Fibroblast 2,Control,FIB2
-0.03494667023902334,Fibroblast 2,Control,FIB2
-0.06442211768104131,Fibroblast 1,Control,FIB1
-0.03571265676546542,Fibroblast 1,Control,FIB1
-0.013737384791877902,Fibroblast 2,Control,FIB2
-0.08661872791289614,Fibroblast 3,Control,FIB3
-0.05456404561598513,Fibroblast 3,Control,FIB3
-0.11887766518198849,Fibroblast 3,Control,FIB3
-0.1644946922043342,Fibroblast 3,Control,FIB3
0.05247870875012417,Fibroblast 1,Expanded,FIB1
0.03572786711598696,Fibroblast 3,Expanded,FIB3
0.10837238146379202,Fibroblast 1,Expanded,FIB1
-0.11643600748886582,Fibroblast 3,Expanded,FIB3
-0.018137140996282407,Fibroblast 3,Expanded,FIB3
-0.029281623477550887,Fibroblast 3,Expanded,FIB3
-0.05843745204759032,Fibroblast 3,Expanded,FIB3
-0.03171005931265139,Fibroblast 3,Expanded,FIB3
0.07552244092916097,Fibroblast 3,Expanded,FIB3
-0.07449586910996973,Fibroblast 3,Expanded,FIB3
0.06369861549463475,Fibroblast 3,Expanded,FIB3
-0.023139125309515757,Fibroblast 3,Expanded,FIB3
0.12195312655538083,Fibroblast 1,Expanded,FIB1
0.03202209453659183,Fibroblast 3,Expanded,FIB3
0.09844717085053808,Fibroblast 4,Expanded,FIB4
0.0919012869472124,Fibroblast 4,Expanded,FIB4
0.28071223296330816,Fibroblast 4,Expanded,FIB4
0.051554728543811046,Fibroblast 4,Expanded,FIB4
0.11745440626401353,Fibroblast 4,Expanded,FIB4
0.05882816739624987,Fibroblast 4,Expanded,FIB4
0.07651664003163922,Fibroblast 1,Expanded,FIB1
-0.03082421607779337,Fibroblast 3,Expanded,FIB3
0.10037346268358681,Fibroblast 3,Expanded,FIB3
0.1016381075568522,Fibroblast 1,Expanded,FIB1
0.12765557280246448,Fibroblast 3,Expanded,FIB3
0.004699560016592459,Fibroblast 1,Expanded,FIB1
0.04131170749992725,Fibroblast 3,Expanded,FIB3
0.13466941283235517,Fibroblast 4,Expanded,FIB4
0.10353320779700598,Fibroblast 1,Expanded,FIB1
-0.09087706717514975,Fibroblast 2,Expanded,FIB2
-0.0506014194088788,Fibroblast 4,Expanded,FIB4
-0.022737821624145574,Fibroblast 4,Expanded,FIB4
-0.09344218043967678,Fibroblast 3,Expanded,FIB3
0.17136332142177352,Fibroblast 1,Expanded,FIB1
0.020643573992428665,Fibroblast 1,Expanded,FIB1
-0.10585709407990475,Fibroblast 3,Expanded,FIB3
0.039823809045278075,Fibroblast 1,Expanded,FIB1
0.12615635904567102,Fibroblast 3,Expanded,FIB3
0.13916069630783967,Fibroblast 3,Expanded,FIB3
0.14348025638193948,Fibroblast 1,Expanded,FIB1
0.08033585438473873,Fibroblast 3,Expanded,FIB3
0.00044696686647167916,Fibroblast 3,Expanded,FIB3
0.13981151666192143,Fibroblast 4,Expanded,FIB4
0.018177485373179716,Fibroblast 1,Expanded,FIB1
0.13018519397129447,Fibroblast 3,Expanded,FIB3
0.010827649593648972,Fibroblast 1,Expanded,FIB1
-0.06254795626058368,Fibroblast 2,Expanded,FIB2
-0.010839966246893235,Fibroblast 3,Expanded,FIB3
-0.009023169514042813,Fibroblast 1,Expanded,FIB1
0.048893780092285045,Fibroblast 4,Expanded,FIB4
0.28310584103670094,Fibroblast 3,Expanded,FIB3
0.07738921195149942,Fibroblast 1,Expanded,FIB1
-0.011203039778841645,Fibroblast 2,Expanded,FIB2
0.1699530645254908,Fibroblast 4,Expanded,FIB4
-0.03483315400683232,Fibroblast 3,Expanded,FIB3
0.136655810004203,Fibroblast 4,Expanded,FIB4
0.12575205481521776,Fibroblast 4,Expanded,FIB4
-0.00467566692954062,Fibroblast 1,Expanded,FIB1
0.0519425781352788,Fibroblast 4,Expanded,FIB4
0.22785865115071355,Fibroblast 4,Expanded,FIB4
0.005497002396265504,Fibroblast 3,Expanded,FIB3
0.10336103536355815,Fibroblast 1,Expanded,FIB1
0.06050118778833369,Fibroblast 1,Expanded,FIB1
0.03525334951858817,Fibroblast 2,Expanded,FIB2
0.12370167758439837,Fibroblast 4,Expanded,FIB4
0.07319271734299856,Fibroblast 1,Expanded,FIB1
0.010044085199953902,Fibroblast 2,Expanded,FIB2
0.03953863369433002,Fibroblast 3,Expanded,FIB3
0.1472385600421501,Fibroblast 2,Expanded,FIB2
-0.028382257755672415,Fibroblast 3,Expanded,FIB3
0.032209621085464206,Fibroblast 1,Expanded,FIB1
0.0003664217438105119,Fibroblast 2,Expanded,FIB2
0.130765365385966,Fibroblast 4,Expanded,FIB4
0.025284812887474736,Fibroblast 1,Expanded,FIB1
0.09882346220527105,Fibroblast 1,Expanded,FIB1
-0.13354098541014464,Fibroblast 4,Expanded,FIB4
0.002071443410677963,Fibroblast 1,Expanded,FIB1
-0.0656104844233403,Fibroblast 3,Expanded,FIB3
0.07013749638189354,Fibroblast 3,Expanded,FIB3
-0.035296097745099245,Fibroblast 3,Expanded,FIB3
-0.07227702057009741,Fibroblast 3,Expanded,FIB3
0.14163448266746603,Fibroblast 4,Expanded,FIB4
-0.026738056970533722,Fibroblast 2,Expanded,FIB2
0.01781627110306725,Fibroblast 4,Expanded,FIB4
0.08933181740478122,Fibroblast 1,Expanded,FIB1
-0.008550051831401777,Fibroblast 4,Expanded,FIB4
0.10048063271195248,Fibroblast 4,Expanded,FIB4
-0.03937156307973649,Fibroblast 1,Expanded,FIB1
0.08279445387552968,Fibroblast 1,Expanded,FIB1
0.0846881285782589,Fibroblast 1,Expanded,FIB1
0.00475157186895829,Fibroblast 1,Expanded,FIB1
0.03322614025646216,Fibroblast 1,Expanded,FIB1
0.03240640276095265,Fibroblast 3,Expanded,FIB3
0.05768697301108553,Fibroblast 1,Expanded,FIB1
-0.07107446632383564,Fibroblast 3,Expanded,FIB3
0.182715144358363,Fibroblast 1,Expanded,FIB1
0.32006108960815793,Fibroblast 4,Expanded,FIB4
0.16238740180758707,Fibroblast 3,Expanded,FIB3
-0.030439698305046704,Fibroblast 4,Expanded,FIB4
-0.013374341512881738,Fibroblast 3,Expanded,FIB3
0.14346557162082135,Fibroblast 1,Expanded,FIB1
0.08332979386471046,Fibroblast 1,Expanded,FIB1
0.035065334849703485,Fibroblast 1,Expanded,FIB1
0.120102614554703,Fibroblast 4,Expanded,FIB4
0.010337648610234944,Fibroblast 3,Expanded,FIB3
-0.03587667278345348,Fibroblast 4,Expanded,FIB4
0.07923904276878084,Fibroblast 1,Expanded,FIB1
-0.06828606023024383,Fibroblast 4,Expanded,FIB4
0.04949164124041948,Fibroblast 3,Expanded,FIB3
0.05602394653524777,Fibroblast 1,Expanded,FIB1
-0.031113821712769385,Fibroblast 1,Expanded,FIB1
-0.0639911589335731,Fibroblast 2,Expanded,FIB2
0.04007840725680928,Fibroblast 1,Expanded,FIB1
0.10890986537614682,Fibroblast 1,Expanded,FIB1
0.009957450129800984,Fibroblast 2,Expanded,FIB2
-0.0755973450009175,Fibroblast 3,Expanded,FIB3
0.012974485827775668,Fibroblast 1,Expanded,FIB1
-0.004954244797881688,Fibroblast 4,Expanded,FIB4
0.07368121217493565,Fibroblast 4,Expanded,FIB4
-0.054048220730454406,Fibroblast 3,Expanded,FIB3
0.03548751116868666,Fibroblast 3,Expanded,FIB3
-0.00024505012485279837,Fibroblast 2,Expanded,FIB2
0.23097889758023443,Fibroblast 1,Expanded,FIB1
-0.1176103985754938,Fibroblast 4,Expanded,FIB4
0.06452544709641783,Fibroblast 1,Expanded,FIB1
-0.06023234420425919,Fibroblast 2,Expanded,FIB2
0.056572606638824526,Fibroblast 4,Expanded,FIB4
-0.047000165620896886,Fibroblast 4,Expanded,FIB4
-0.0381035283912683,Fibroblast 3,Expanded,FIB3
-0.025844454398070257,Fibroblast 2,Expanded,FIB2
-0.007464668548295258,Fibroblast 3,Expanded,FIB3
-0.014755476788033212,Fibroblast 3,Expanded,FIB3
0.008426111971724853,Fibroblast 1,Expanded,FIB1
0.028421750101429583,Fibroblast 1,Expanded,FIB1
0.008906074008608697,Fibroblast 3,Expanded,FIB3
-0.022853840767210004,Fibroblast 3,Expanded,FIB3
0.061345189270538114,Fibroblast 3,Expanded,FIB3
0.10817088084157642,Fibroblast 4,Expanded,FIB4
0.09574345365103497,Fibroblast 4,Expanded,FIB4
-0.10342034842602629,Fibroblast 3,Expanded,FIB3
-0.017021498414045266,Fibroblast 1,Expanded,FIB1
0.021113146750556547,Fibroblast 4,Expanded,FIB4
0.04532343604503232,Fibroblast 1,Expanded,FIB1
0.08464683954700833,Fibroblast 2,Expanded,FIB2
-0.09173542506352159,Fibroblast 2,Expanded,FIB2
0.12419650392743709,Fibroblast 2,Expanded,FIB2
0.19175401352098634,Fibroblast 1,Expanded,FIB1
0.048257600536368114,Fibroblast 4,Expanded,FIB4
0.02299080594829695,Fibroblast 4,Expanded,FIB4
0.048349564403352994,Fibroblast 1,Expanded,FIB1
0.0667449004013385,Fibroblast 3,Expanded,FIB3
0.10260030079952305,Fibroblast 2,Expanded,FIB2
0.07287670557229228,Fibroblast 1,Expanded,FIB1
-0.010773458823244873,Fibroblast 2,Expanded,FIB2
0.0008122177078194598,Fibroblast 1,Expanded,FIB1
0.0482051993839861,Fibroblast 1,Expanded,FIB1
-0.07443273990414676,Fibroblast 3,Expanded,FIB3
0.09674490615097207,Fibroblast 3,Expanded,FIB3
0.04036216752897542,Fibroblast 3,Expanded,FIB3
0.11201113582336011,Fibroblast 4,Expanded,FIB4
-0.02587501052646153,Fibroblast 2,Expanded,FIB2
0.03737586053468394,Fibroblast 3,Expanded,FIB3
0.09649566437358488,Fibroblast 4,Expanded,FIB4
0.010004872385172947,Fibroblast 3,Expanded,FIB3
0.07240333234874255,Fibroblast 1,Expanded,FIB1
0.07699377134286972,Fibroblast 3,Expanded,FIB3
-0.03264313671920126,Fibroblast 1,Expanded,FIB1
0.05187506072594138,Fibroblast 4,Expanded,FIB4
0.002123663198871889,Fibroblast 4,Expanded,FIB4
0.12314317865640044,Fibroblast 1,Expanded,FIB1
0.029491034941874033,Fibroblast 4,Expanded,FIB4
0.05570323672705675,Fibroblast 1,Expanded,FIB1
-0.08526851893385966,Fibroblast 3,Expanded,FIB3
0.017748052627352233,Fibroblast 4,Expanded,FIB4
0.0441263997063089,Fibroblast 1,Expanded,FIB1
-0.030134367629756284,Fibroblast 3,Expanded,FIB3
0.044649961270970616,Fibroblast 1,Expanded,FIB1
0.037427919050662714,Fibroblast 3,Expanded,FIB3
-0.19820090808117724,Fibroblast 3,Expanded,FIB3
0.12184261824005035,Fibroblast 1,Expanded,FIB1
-0.0324609458824571,Fibroblast 3,Expanded,FIB3
-0.0689829083234817,Fibroblast 3,Expanded,FIB3
-0.031018800152022345,Fibroblast 2,Expanded,FIB2
0.18883699630437628,Fibroblast 1,Expanded,FIB1
-0.005361078841509447,Fibroblast 1,Expanded,FIB1
-0.025086492369761876,Fibroblast 2,Expanded,FIB2
0.18232532255911318,Fibroblast 4,Expanded,FIB4
0.06644661530890397,Fibroblast 3,Expanded,FIB3
0.01708782637007957,Fibroblast 2,Expanded,FIB2
0.03495657628510752,Fibroblast 3,Expanded,FIB3
0.07199804060332615,Fibroblast 3,Expanded,FIB3
0.09975352750688378,Fibroblast 3,Expanded,FIB3
0.12719648926467694,Fibroblast 3,Expanded,FIB3
0.2384044781043616,Fibroblast 4,Expanded,FIB4
0.07257016898076299,Fibroblast 1,Expanded,FIB1
0.11432798333623478,Fibroblast 1,Expanded,FIB1
0.13526480186326476,Fibroblast 4,Expanded,FIB4
-0.06287437658035949,Fibroblast 2,Expanded,FIB2
-0.03828016548888257,Fibroblast 3,Expanded,FIB3
-0.028298225170181178,Fibroblast 1,Expanded,FIB1
-0.008768808841446,Fibroblast 4,Expanded,FIB4
0.009393242659644918,Fibroblast 4,Expanded,FIB4
-0.027252302502219536,Fibroblast 2,Expanded,FIB2
0.12602360284075345,Fibroblast 4,Expanded,FIB4
0.032308845872869724,Fibroblast 1,Expanded,FIB1
0.007185204555708702,Fibroblast 2,Expanded,FIB2
-0.01544498241208808,Fibroblast 3,Expanded,FIB3
-0.09764857335187162,Fibroblast 3,Expanded,FIB3
0.1799561407641735,Fibroblast 1,Expanded,FIB1
0.039447428620111476,Fibroblast 4,Expanded,FIB4
0.04454620536132494,Fibroblast 4,Expanded,FIB4
-0.08217991015388204,Fibroblast 3,Expanded,FIB3
0.08665664831511183,Fibroblast 3,Expanded,FIB3
0.0966361634597332,Fibroblast 1,Expanded,FIB1
0.03901148232180425,Fibroblast 4,Expanded,FIB4
0.15192552244195723,Fibroblast 4,Expanded,FIB4
-0.14203213010299084,Fibroblast 3,Expanded,FIB3
0.18438519368357859,Fibroblast 4,Expanded,FIB4
0.13011708501475944,Fibroblast 1,Expanded,FIB1
0.04279540585730781,Fibroblast 3,Expanded,FIB3
0.17673656416506636,Fibroblast 3,Expanded,FIB3
0.015938899139424555,Fibroblast 1,Expanded,FIB1
0.07805171784348286,Fibroblast 4,Expanded,FIB4
-0.09731508100929274,Fibroblast 2,Expanded,FIB2
0.16300778300482516,Fibroblast 1,Expanded,FIB1
0.011972622900212705,Fibroblast 2,Expanded,FIB2
0.026788119585986214,Fibroblast 4,Expanded,FIB4
0.0732772401293524,Fibroblast 1,Expanded,FIB1
0.04216093999508164,Fibroblast 1,Expanded,FIB1
-0.007525110876727935,Fibroblast 3,Expanded,FIB3
-0.043172429778126645,Fibroblast 3,Expanded,FIB3
-0.05614674376688929,Fibroblast 1,Expanded,FIB1
0.030984432363513385,Fibroblast 1,Expanded,FIB1
0.0495758665401424,Fibroblast 1,Expanded,FIB1
-0.006128552511832933,Fibroblast 3,Expanded,FIB3
-0.05536205358322607,Fibroblast 4,Expanded,FIB4
0.13534144540760293,Fibroblast 1,Expanded,FIB1
0.027967255574251566,Fibroblast 1,Expanded,FIB1
0.060665899378555904,Fibroblast 4,Expanded,FIB4
-0.0005059883718896274,Fibroblast 1,Expanded,FIB1
0.052450465317161396,Fibroblast 1,Expanded,FIB1
0.04303066146475433,Fibroblast 2,Expanded,FIB2
-0.014862753765047601,Fibroblast 3,Expanded,FIB3
-0.015675764796449637,Fibroblast 1,Expanded,FIB1
0.12688880427645172,Fibroblast 4,Expanded,FIB4
0.023473772567606098,Fibroblast 2,Expanded,FIB2
0.1264689118016751,Fibroblast 1,Expanded,FIB1
-0.07723885976199865,Fibroblast 2,Expanded,FIB2
0.07680230033112852,Fibroblast 1,Expanded,FIB1
0.16309192230832859,Fibroblast 4,Expanded,FIB4
0.009122561236402635,Fibroblast 3,Expanded,FIB3
-0.01304779672520277,Fibroblast 3,Expanded,FIB3
0.10093813895726289,Fibroblast 4,Expanded,FIB4
-0.05021222115136032,Fibroblast 3,Expanded,FIB3
0.11896679602222739,Fibroblast 2,Expanded,FIB2
0.0040156114746533605,Fibroblast 2,Expanded,FIB2
0.04360638602358143,Fibroblast 2,Expanded,FIB2
0.1544086969077578,Fibroblast 4,Expanded,FIB4
0.14979947565860166,Fibroblast 4,Expanded,FIB4
-0.01679439754297845,Fibroblast 3,Expanded,FIB3
0.07642379456645784,Fibroblast 4,Expanded,FIB4
0.027111456394898887,Fibroblast 2,Expanded,FIB2
0.05465534807540717,Fibroblast 4,Expanded,FIB4
0.0340316258939719,Fibroblast 2,Expanded,FIB2
0.1361827630118158,Fibroblast 4,Expanded,FIB4
-0.08647258056861293,Fibroblast 4,Expanded,FIB4
0.0682595752013932,Fibroblast 2,Expanded,FIB2
-0.06325163838881794,Fibroblast 3,Expanded,FIB3
0.12850101171771694,Fibroblast 3,Expanded,FIB3
-0.1355295641098606,Fibroblast 1,Expanded,FIB1
0.10436066230081434,Fibroblast 3,Expanded,FIB3
-0.02793621768135097,Fibroblast 3,Expanded,FIB3
0.16991884687310474,Fibroblast 4,Expanded,FIB4
0.0695366403748845,Fibroblast 3,Expanded,FIB3
0.002468783996451147,Fibroblast 4,Expanded,FIB4
0.10965328953935172,Fibroblast 1,Expanded,FIB1
0.24104904653310685,Fibroblast 4,Expanded,FIB4
0.019525211936908985,Fibroblast 4,Expanded,FIB4
0.06790786496948234,Fibroblast 4,Expanded,FIB4
-0.06035360832353848,Fibroblast 3,Expanded,FIB3
-0.021696478841450872,Fibroblast 4,Expanded,FIB4
0.003466477972687426,Fibroblast 4,Expanded,FIB4
0.05995675720649894,Fibroblast 4,Expanded,FIB4
-0.05564499938394562,Fibroblast 3,Expanded,FIB3
0.027890524174612526,Fibroblast 4,Expanded,FIB4
0.08813828652913477,Fibroblast 2,Expanded,FIB2
-0.1382213293247132,Fibroblast 3,Expanded,FIB3
-0.04758545825912354,Fibroblast 1,Expanded,FIB1
-0.030434056907308937,Fibroblast 4,Expanded,FIB4
0.05481637658002651,Fibroblast 3,Expanded,FIB3
0.04559255735006558,Fibroblast 1,Expanded,FIB1
-0.029398800837562467,Fibroblast 1,Expanded,FIB1
0.09281309445798007,Fibroblast 4,Expanded,FIB4
0.08518386174171388,Fibroblast 4,Expanded,FIB4
0.07848921856033082,Fibroblast 1,Expanded,FIB1
0.015275810413577784,Fibroblast 4,Expanded,FIB4
-0.1025743125156866,Fibroblast 3,Expanded,FIB3
0.10691929483553111,Fibroblast 4,Expanded,FIB4
0.12323867944507026,Fibroblast 4,Expanded,FIB4
0.11835247484994858,Fibroblast 3,Expanded,FIB3
0.012275038270365503,Fibroblast 3,Expanded,FIB3
0.027833678519107174,Fibroblast 3,Expanded,FIB3
0.057641306680282445,Fibroblast 3,Expanded,FIB3
0.03237354878574254,Fibroblast 3,Expanded,FIB3
0.1298837578418299,Fibroblast 4,Expanded,FIB4
0.13845065463101247,Fibroblast 1,Expanded,FIB1
0.0091627037538759,Fibroblast 4,Expanded,FIB4
0.15849189293599486,Fibroblast 4,Expanded,FIB4
-0.014664471188035216,Fibroblast 3,Expanded,FIB3
0.17008298152418427,Fibroblast 2,Expanded,FIB2
0.045524617635367304,Fibroblast 1,Expanded,FIB1
0.07750382776029363,Fibroblast 1,Expanded,FIB1
-0.029312610977423742,Fibroblast 1,Expanded,FIB1
0.01386493108705699,Fibroblast 3,Expanded,FIB3
-0.032957225660131394,Fibroblast 3,Expanded,FIB3
0.0792792403054145,Fibroblast 3,Expanded,FIB3
0.16054127354761086,Fibroblast 3,Expanded,FIB3
0.017848521526811073,Fibroblast 1,Expanded,FIB1
-0.06838995503482817,Fibroblast 3,Expanded,FIB3
0.036659988042386876,Fibroblast 4,Expanded,FIB4
-0.051058861771619515,Fibroblast 4,Expanded,FIB4
0.17543522997139932,Fibroblast 4,Expanded,FIB4
0.021489845660759205,Fibroblast 3,Expanded,FIB3
0.04931660588693232,Fibroblast 2,Expanded,FIB2
-0.03147082530352238,Fibroblast 2,Expanded,FIB2
-0.0072539502838978726,Fibroblast 4,Expanded,FIB4
0.03508167414110232,Fibroblast 1,Expanded,FIB1
0.08941999837628696,Fibroblast 3,Expanded,FIB3
0.08144410820622698,Fibroblast 4,Expanded,FIB4
0.017704261215731834,Fibroblast 3,Expanded,FIB3
-0.0025632558081071163,Fibroblast 4,Expanded,FIB4
0.05169079368706693,Fibroblast 1,Expanded,FIB1
0.14101098706032586,Fibroblast 3,Expanded,FIB3
0.1283840973315602,Fibroblast 4,Expanded,FIB4
0.0471267514451737,Fibroblast 2,Expanded,FIB2
0.10575811590675256,Fibroblast 3,Expanded,FIB3
0.08409460015132236,Fibroblast 3,Expanded,FIB3
0.045288749708691615,Fibroblast 1,Expanded,FIB1
0.07380056024942569,Fibroblast 3,Expanded,FIB3
0.10299475439135508,Fibroblast 3,Expanded,FIB3
0.1223558201415353,Fibroblast 4,Expanded,FIB4
-0.019828144804086543,Fibroblast 1,Expanded,FIB1
0.10181212860900055,Fibroblast 1,Expanded,FIB1
-0.011022036702729172,Fibroblast 4,Expanded,FIB4
0.10606004042012596,Fibroblast 4,Expanded,FIB4
0.14112536817120133,Fibroblast 1,Expanded,FIB1
-0.06422997226324617,Fibroblast 3,Expanded,FIB3
0.0037594056267057016,Fibroblast 3,Expanded,FIB3
0.05855861876546846,Fibroblast 3,Expanded,FIB3
-0.11933252043228412,Fibroblast 2,Control,FIB2
-0.08345117987113938,Fibroblast 2,Control,FIB2
-0.0923057478275129,Fibroblast 2,Control,FIB2
-0.09346190844865652,Fibroblast 3,Control,FIB3
-0.049049006039674284,Fibroblast 1,Control,FIB1
-0.04658211744854715,Fibroblast 1,Control,FIB1
0.013997306038310828,Fibroblast 3,Control,FIB3
-0.02019179636590806,Fibroblast 3,Control,FIB3
-0.05543988072670857,Fibroblast 2,Control,FIB2
-0.011484990202978718,Fibroblast 3,Control,FIB3
-0.061105299926469014,Fibroblast 3,Control,FIB3
-0.05842883459482688,Fibroblast 3,Control,FIB3
-0.024502386475940482,Fibroblast 3,Control,FIB3
-0.0920643422130209,Fibroblast 2,Control,FIB2
-0.133077192554183,Fibroblast 2,Control,FIB2
-0.04349722169639803,Fibroblast 3,Control,FIB3
-0.1185486279452621,Fibroblast 2,Control,FIB2
-0.04724252870402442,Fibroblast 3,Control,FIB3
-0.09783817717977338,Fibroblast 3,Control,FIB3
-0.08686075475551727,Fibroblast 3,Control,FIB3
-0.031981808096733705,Fibroblast 3,Control,FIB3
-0.06866867879591879,Fibroblast 1,Control,FIB1
-0.08632014616778391,Fibroblast 2,Control,FIB2
-0.03964504371978859,Fibroblast 1,Control,FIB1
-0.03893886692042685,Fibroblast 1,Control,FIB1
-0.08033333435160527,Fibroblast 2,Control,FIB2
-0.14081898554521705,Fibroblast 3,Control,FIB3
-0.08939652169128585,Fibroblast 2,Control,FIB2
-0.01827067170269088,Fibroblast 1,Control,FIB1
-0.004603186852977155,Fibroblast 3,Control,FIB3
-0.07575406922663364,Fibroblast 2,Control,FIB2
-0.12194400257581589,Fibroblast 3,Control,FIB3
0.04609965657316316,Fibroblast 1,Control,FIB1
-0.10641725702540653,Fibroblast 2,Control,FIB2
-0.08498702189619309,Fibroblast 3,Control,FIB3
-0.04887566459872583,Fibroblast 3,Control,FIB3
-0.035181396670563726,Fibroblast 3,Control,FIB3
-0.10087428657570682,Fibroblast 2,Control,FIB2
-0.06104001020220891,Fibroblast 3,Control,FIB3
-0.040601234770403075,Fibroblast 1,Control,FIB1
-0.09955516002736571,Fibroblast 2,Control,FIB2
-0.07575415170237301,Fibroblast 3,Control,FIB3
0.023228720751321492,Fibroblast 1,Control,FIB1
-0.169814899576921,Fibroblast 2,Control,FIB2
0.13663907625306865,Fibroblast 1,Control,FIB1
-0.11721843497810822,Fibroblast 2,Control,FIB2
-0.09596974146698373,Fibroblast 2,Control,FIB2
-0.04642465454119234,Fibroblast 3,Control,FIB3
-0.08089638186575704,Fibroblast 3,Control,FIB3
-0.00021715804026148366,Fibroblast 3,Control,FIB3
0.045898663317084795,Fibroblast 1,Control,FIB1
-0.04316375298814025,Fibroblast 2,Control,FIB2
-0.13565261418851612,Fibroblast 2,Control,FIB2
-0.05369901911180579,Fibroblast 1,Control,FIB1
0.01441562623325067,Fibroblast 2,Control,FIB2
0.04678453038429735,Fibroblast 1,Control,FIB1
-0.35507993276260785,Fibroblast 2,Control,FIB2
-0.043168099142534166,Fibroblast 3,Control,FIB3
-0.04038989382668631,Fibroblast 1,Control,FIB1
0.007870608687941885,Fibroblast 1,Control,FIB1
0.049721457456810975,Fibroblast 1,Control,FIB1
0.011496277728334593,Fibroblast 1,Control,FIB1
-0.0012923063404565033,Fibroblast 2,Control,FIB2
-0.045884062150183716,Fibroblast 1,Control,FIB1
-0.09797772714297608,Fibroblast 2,Control,FIB2
-0.10218101421590878,Fibroblast 3,Control,FIB3
-0.07998569274035472,Fibroblast 2,Control,FIB2
-0.09817933249242121,Fibroblast 2,Control,FIB2
-0.12336332797091078,Fibroblast 2,Control,FIB2
-0.16614307488637553,Fibroblast 3,Control,FIB3
-0.03745745172208874,Fibroblast 2,Control,FIB2
-0.07174025142631842,Fibroblast 1,Control,FIB1
-0.11631360655175686,Fibroblast 2,Control,FIB2
-0.11379063918904865,Fibroblast 2,Control,FIB2
-0.061455558066749474,Fibroblast 3,Control,FIB3
-0.053386662274273994,Fibroblast 1,Control,FIB1
-0.0742841076817091,Fibroblast 3,Control,FIB3
-0.07626372152705252,Fibroblast 2,Control,FIB2
0.18073442551977395,Fibroblast 1,Control,FIB1
0.020267371541200598,Fibroblast 2,Control,FIB2
-0.08467541021875925,Fibroblast 3,Control,FIB3
-0.1051251050128309,Fibroblast 2,Control,FIB2
-0.07766805237412747,Fibroblast 1,Control,FIB1
-0.10279906320225599,Fibroblast 3,Control,FIB3
-0.08951051716449351,Fibroblast 2,Control,FIB2
-0.10780192969988063,Fibroblast 1,Control,FIB1
-0.04859014365733255,Fibroblast 1,Control,FIB1
-0.0009170207144436407,Fibroblast 3,Control,FIB3
-0.14095299739529213,Fibroblast 2,Control,FIB2
-0.05934126919136156,Fibroblast 4,Control,FIB4
-0.02258657306891898,Fibroblast 2,Control,FIB2
-0.021368556488595456,Fibroblast 2,Control,FIB2
-0.003682491748968843,Fibroblast 1,Control,FIB1
-0.03442632628193214,Fibroblast 3,Control,FIB3
-0.11283804639154607,Fibroblast 3,Control,FIB3
-0.10889962416113469,Fibroblast 3,Control,FIB3
-0.06481145247950208,Fibroblast 2,Control,FIB2
-0.017925907320379166,Fibroblast 3,Control,FIB3
0.15181133968162672,Fibroblast 1,Control,FIB1
-0.18284066110053177,Fibroblast 3,Control,FIB3
-0.07996151102601114,Fibroblast 3,Control,FIB3
-0.08132440863030746,Fibroblast 3,Control,FIB3
-0.2473787441609449,Fibroblast 3,Control,FIB3
-0.09692308704332075,Fibroblast 3,Control,FIB3
0.03173179797283747,Fibroblast 1,Control,FIB1
0.02829471756096631,Fibroblast 1,Control,FIB1
-0.04716778090499808,Fibroblast 2,Control,FIB2
-0.06098590728319794,Fibroblast 2,Control,FIB2
0.011681385287957521,Fibroblast 3,Control,FIB3
-0.08718628230602028,Fibroblast 3,Control,FIB3
0.09427605700907371,Fibroblast 1,Control,FIB1
-0.1527346789338576,Fibroblast 3,Control,FIB3
-0.17154671730985346,Fibroblast 3,Control,FIB3
-0.17301273122379449,Fibroblast 3,Control,FIB3
0.019434540568765653,Fibroblast 1,Control,FIB1
-0.025555334998651428,Fibroblast 1,Control,FIB1
-0.06719185615328363,Fibroblast 3,Control,FIB3
-0.05657205586451895,Fibroblast 2,Control,FIB2
-0.033876537950768684,Fibroblast 3,Control,FIB3
0.15708268105959255,Fibroblast 1,Control,FIB1
-0.19294950229848445,Fibroblast 2,Control,FIB2
-0.04079113851938418,Fibroblast 2,Control,FIB2
-0.15675294727435282,Fibroblast 2,Control,FIB2
-0.10700271313743238,Fibroblast 2,Control,FIB2
0.024385636240388052,Fibroblast 1,Control,FIB1
-0.04130498106615805,Fibroblast 3,Control,FIB3
-0.10546068220231992,Fibroblast 2,Control,FIB2
-0.16594942761469886,Fibroblast 3,Control,FIB3
-0.0948544137250607,Fibroblast 2,Control,FIB2
-0.0333176959030676,Fibroblast 1,Control,FIB1
0.09900965899905732,Fibroblast 3,Control,FIB3
-0.0348730371884939,Fibroblast 1,Control,FIB1
-0.06946725502855058,Fibroblast 3,Control,FIB3
-0.029723370370963544,Fibroblast 2,Control,FIB2
-0.0704394772751164,Fibroblast 1,Control,FIB1
-0.05200205323008582,Fibroblast 2,Control,FIB2
0.021770932451270354,Fibroblast 2,Control,FIB2
-0.01681935544816702,Fibroblast 1,Control,FIB1
0.09606152564022681,Fibroblast 1,Control,FIB1
-0.07634967166811218,Fibroblast 2,Control,FIB2
-0.06868745291441887,Fibroblast 1,Control,FIB1
-0.06390909572369552,Fibroblast 2,Control,FIB2
0.02069291921233294,Fibroblast 3,Control,FIB3
-0.05586632735883514,Fibroblast 1,Control,FIB1
-0.13362150579173251,Fibroblast 3,Control,FIB3
0.03649116718309601,Fibroblast 3,Control,FIB3
0.00919993556552492,Fibroblast 1,Control,FIB1
-0.1052457707038133,Fibroblast 2,Control,FIB2
-0.09962902678872015,Fibroblast 2,Control,FIB2
-0.08477254317614974,Fibroblast 3,Control,FIB3
-0.021366222308481196,Fibroblast 3,Control,FIB3
0.047710281963687026,Fibroblast 2,Control,FIB2
0.007876669487527164,Fibroblast 4,Control,FIB4
0.18833984730042583,Fibroblast 1,Control,FIB1
0.028785270674359216,Fibroblast 3,Control,FIB3
-0.042073414121110105,Fibroblast 1,Control,FIB1
-0.14809932884309143,Fibroblast 2,Control,FIB2
0.1483304866687145,Fibroblast 1,Control,FIB1
0.022825540902670638,Fibroblast 1,Control,FIB1
-0.055529139560134486,Fibroblast 2,Control,FIB2
-0.0024428382297453696,Fibroblast 3,Control,FIB3
-0.133598363204824,Fibroblast 3,Control,FIB3
0.2232820864568682,Fibroblast 1,Control,FIB1
-0.0683839515415943,Fibroblast 3,Control,FIB3
-0.07013577569423993,Fibroblast 1,Control,FIB1
0.013059376043607821,Fibroblast 3,Control,FIB3
0.019764798288146278,Fibroblast 3,Control,FIB3
-0.03154285320526656,Fibroblast 1,Control,FIB1
-0.014592568684066023,Fibroblast 1,Control,FIB1
-0.07523824147410113,Fibroblast 3,Control,FIB3
0.0015933754792896299,Fibroblast 2,Control,FIB2
-0.1267580042477558,Fibroblast 2,Control,FIB2
0.14053429877266463,Fibroblast 1,Control,FIB1
-0.07890801063066173,Fibroblast 2,Control,FIB2
0.037551204964969886,Fibroblast 1,Control,FIB1
-0.08284363166265381,Fibroblast 3,Control,FIB3
0.09268961259193949,Fibroblast 1,Control,FIB1
-0.060823988434564984,Fibroblast 3,Control,FIB3
-0.08885906726653606,Fibroblast 2,Control,FIB2
-0.06016410877766503,Fibroblast 3,Control,FIB3
-0.052039766288013684,Fibroblast 2,Control,FIB2
-0.10151847991193555,Fibroblast 3,Control,FIB3
-0.04902537272522166,Fibroblast 3,Control,FIB3
0.04621995045734276,Fibroblast 1,Control,FIB1
-0.0202238182081623,Fibroblast 1,Control,FIB1
-0.06471141460066786,Fibroblast 2,Control,FIB2
-0.03955982999462656,Fibroblast 2,Control,FIB2
-0.009671730412182203,Fibroblast 3,Control,FIB3
-0.07904103514236317,Fibroblast 1,Control,FIB1
-0.12077544482276732,Fibroblast 2,Control,FIB2
-0.06523341597369743,Fibroblast 3,Control,FIB3
-0.16969413546832857,Fibroblast 3,Control,FIB3
-0.0933836873721642,Fibroblast 3,Control,FIB3
-0.05708632303907216,Fibroblast 3,Control,FIB3
0.04111843040943448,Fibroblast 1,Control,FIB1
-0.09071985480479812,Fibroblast 3,Control,FIB3
-0.011404358415382584,Fibroblast 3,Control,FIB3
-0.0718711070498025,Fibroblast 3,Control,FIB3
-0.06975161279446374,Fibroblast 3,Control,FIB3
-0.13270566457239188,Fibroblast 3,Control,FIB3
-0.14932236925261183,Fibroblast 2,Control,FIB2
0.007942290929449619,Fibroblast 1,Control,FIB1
0.03451582008983156,Fibroblast 3,Control,FIB3
-0.11656305041352658,Fibroblast 3,Control,FIB3
0.0949514719874423,Fibroblast 3,Control,FIB3
0.050461644797684516,Fibroblast 1,Control,FIB1
-0.1428716870975299,Fibroblast 2,Control,FIB2
-0.015120197019708778,Fibroblast 1,Control,FIB1
-0.0125629616045253,Fibroblast 2,Control,FIB2
-0.12121308623412494,Fibroblast 2,Control,FIB2
-0.08841387464183813,Fibroblast 2,Control,FIB2
-0.15522982614688907,Fibroblast 3,Control,FIB3
0.045648367702729925,Fibroblast 1,Control,FIB1
-0.0033622873608130377,Fibroblast 4,Control,FIB4
-0.03522563716430031,Fibroblast 2,Control,FIB2
-0.14757928274250987,Fibroblast 3,Control,FIB3
0.10193360794959683,Fibroblast 1,Control,FIB1
-0.04312489459571546,Fibroblast 2,Control,FIB2
-0.1404317962332697,Fibroblast 3,Control,FIB3
-0.11409222695039403,Fibroblast 1,Control,FIB1
0.03189092532697977,Fibroblast 2,Control,FIB2
-0.051751997723572744,Fibroblast 3,Control,FIB3
0.004671755606483063,Fibroblast 1,Control,FIB1
-0.029895190801781962,Fibroblast 2,Control,FIB2
0.02548579678971141,Fibroblast 3,Control,FIB3
-0.05972746391520771,Fibroblast 2,Control,FIB2
0.0019336016830404368,Fibroblast 3,Control,FIB3
0.048176088533972566,Fibroblast 3,Control,FIB3
-0.06862410092862431,Fibroblast 3,Control,FIB3
-0.12603121382868576,Fibroblast 3,Control,FIB3
0.005436193764293651,Fibroblast 1,Control,FIB1
-0.04211879653769452,Fibroblast 2,Control,FIB2
-0.023629423148500552,Fibroblast 3,Control,FIB3
-0.052089057407819814,Fibroblast 2,Control,FIB2
-0.16802919425887342,Fibroblast 3,Control,FIB3
-0.03724438778146597,Fibroblast 3,Control,FIB3
0.11711357885559087,Fibroblast 1,Control,FIB1
-0.060816964629062435,Fibroblast 3,Control,FIB3
-0.09831694514371417,Fibroblast 1,Control,FIB1
-0.10829102360265955,Fibroblast 3,Control,FIB3
-0.04024888536138635,Fibroblast 2,Control,FIB2
0.07869671355153222,Fibroblast 1,Control,FIB1
-0.05892867640486329,Fibroblast 1,Control,FIB1
-0.042165408381624955,Fibroblast 3,Control,FIB3
-0.16530531770515156,Fibroblast 1,Control,FIB1
-0.09494715523174113,Fibroblast 3,Control,FIB3
-0.11334222508036275,Fibroblast 2,Control,FIB2
-0.09990350830529446,Fibroblast 2,Control,FIB2
-0.08511727254303654,Fibroblast 3,Control,FIB3
0.14387192432851362,Fibroblast 1,Control,FIB1
-0.07091405984555484,Fibroblast 2,Control,FIB2
-0.08991086018946048,Fibroblast 2,Control,FIB2
-0.11165800083909373,Fibroblast 3,Control,FIB3
-0.10369176612853798,Fibroblast 2,Control,FIB2
-0.19159873210569725,Fibroblast 3,Control,FIB3
-0.009535499802272121,Fibroblast 1,Control,FIB1
-0.04513821745681226,Fibroblast 2,Control,FIB2
-0.03179421048656127,Fibroblast 3,Control,FIB3
-0.11148837773037966,Fibroblast 2,Control,FIB2
-0.16027097941260365,Fibroblast 3,Control,FIB3
-0.07005440261315843,Fibroblast 3,Control,FIB3
-0.0008161847701948222,Fibroblast 3,Control,FIB3
-0.23769980732459986,Fibroblast 2,Control,FIB2
-0.1467994263404675,Fibroblast 1,Control,FIB1
0.0336551424866554,Fibroblast 1,Control,FIB1
-0.11540011902159375,Fibroblast 3,Control,FIB3
-0.11355728125471082,Fibroblast 3,Control,FIB3
-0.008112789981226852,Fibroblast 3,Control,FIB3
-0.11740676307658283,Fibroblast 2,Control,FIB2
-0.07383884022144342,Fibroblast 2,Control,FIB2
-0.10596469046952933,Fibroblast 2,Control,FIB2
-0.054945652825752485,Fibroblast 2,Control,FIB2
-0.10746102127314991,Fibroblast 2,Control,FIB2
-0.05529773231712647,Fibroblast 3,Control,FIB3
-0.04893729976353697,Fibroblast 1,Control,FIB1
-0.03574991669400723,Fibroblast 1,Control,FIB1
0.12818812249183786,Fibroblast 1,Control,FIB1
-0.03635361202036064,Fibroblast 3,Control,FIB3
0.10602752634086789,Fibroblast 1,Control,FIB1
-0.11129351892983996,Fibroblast 2,Control,FIB2
-0.043719579740006384,Fibroblast 3,Control,FIB3
-0.11163569413370815,Fibroblast 2,Control,FIB2
-0.0803414832771322,Fibroblast 3,Control,FIB3
0.025711959761349663,Fibroblast 3,Control,FIB3
0.10733022255187682,Fibroblast 1,Control,FIB1
-0.017484300721574822,Fibroblast 3,Control,FIB3
-0.055031207560285164,Fibroblast 3,Control,FIB3
-0.050763213964020476,Fibroblast 3,Control,FIB3
-0.12034890263139461,Fibroblast 2,Control,FIB2
-0.1915367561656406,Fibroblast 3,Control,FIB3
-0.08762939822863859,Fibroblast 3,Control,FIB3
-0.060146341701391735,Fibroblast 3,Control,FIB3
-0.08791494391117737,Fibroblast 1,Control,FIB1
-0.0461226428329415,Fibroblast 2,Control,FIB2
0.11660662057816316,Fibroblast 1,Control,FIB1
-0.003464262690366555,Fibroblast 3,Control,FIB3
0.0503634453291793,Fibroblast 1,Control,FIB1
0.006973649747876372,Fibroblast 3,Control,FIB3
-0.06298977963011992,Fibroblast 3,Control,FIB3
-0.16410063833469285,Fibroblast 3,Control,FIB3
-0.0643643382470626,Fibroblast 1,Control,FIB1
-0.035401546428515396,Fibroblast 2,Control,FIB2
-0.07175502310798264,Fibroblast 2,Control,FIB2
-0.07914271641692754,Fibroblast 3,Control,FIB3
-0.0926633164368913,Fibroblast 3,Control,FIB3
-0.0690702664265709,Fibroblast 2,Control,FIB2
-0.02259556927834462,Fibroblast 3,Control,FIB3
-0.09616236392238708,Fibroblast 3,Control,FIB3
-0.13720527982318848,Fibroblast 3,Control,FIB3
0.062069883891483296,Fibroblast 1,Control,FIB1
-0.015988720297454857,Fibroblast 1,Control,FIB1
-0.05952390989972507,Fibroblast 2,Control,FIB2
-0.08605666211360523,Fibroblast 2,Control,FIB2
-0.09404889613913518,Fibroblast 3,Control,FIB3
-0.10483868770196474,Fibroblast 3,Control,FIB3
-0.0979678997109819,Fibroblast 2,Control,FIB2
-0.28962612445418645,Fibroblast 3,Control,FIB3
-0.15731930729465712,Fibroblast 3,Control,FIB3
-0.07505775396039652,Fibroblast 2,Control,FIB2
-0.09074326818638699,Fibroblast 2,Control,FIB2
-0.061698330903074035,Fibroblast 3,Control,FIB3
-0.03583800519075435,Fibroblast 3,Control,FIB3
-0.04152545407716551,Fibroblast 2,Control,FIB2
0.059344018633950224,Fibroblast 1,Control,FIB1
-0.05496455910394788,Fibroblast 2,Control,FIB2
-0.05824353576042095,Fibroblast 3,Control,FIB3
-0.041322486789703905,Fibroblast 3,Control,FIB3
-0.07266752179380473,Fibroblast 1,Control,FIB1
0.027695672828637632,Fibroblast 3,Control,FIB3
-0.09132562040338428,Fibroblast 3,Control,FIB3
-0.1158016853757799,Fibroblast 2,Control,FIB2
0.012915554274134562,Fibroblast 1,Control,FIB1
-0.29532142548995166,Fibroblast 3,Control,FIB3
-0.08015688686032926,Fibroblast 1,Control,FIB1
-0.039492905469376546,Fibroblast 2,Control,FIB2
-0.10526553988936024,Fibroblast 3,Control,FIB3
-0.06618038673243205,Fibroblast 1,Control,FIB1
0.18165893314372114,Fibroblast 1,Control,FIB1
-0.1454391118552022,Fibroblast 2,Control,FIB2
-0.07222366814816528,Fibroblast 2,Control,FIB2
0.01704405994467381,Fibroblast 1,Control,FIB1
0.039446448175643856,Fibroblast 1,Control,FIB1
-0.07456494066284393,Fibroblast 1,Control,FIB1
-0.15720304125521753,Fibroblast 3,Control,FIB3
-0.16738224919483213,Fibroblast 2,Control,FIB2
-0.05629326350491641,Fibroblast 3,Control,FIB3
-0.048877518217901136,Fibroblast 3,Control,FIB3
-0.10452660847123141,Fibroblast 1,Control,FIB1
-0.07422087114614395,Fibroblast 2,Control,FIB2
-0.048886344239604876,Fibroblast 3,Control,FIB3
-0.0957374987806334,Fibroblast 2,Control,FIB2
-0.06377317116426995,Fibroblast 2,Control,FIB2
-0.15156901503273246,Fibroblast 3,Control,FIB3
-0.01969160516965593,Fibroblast 4,Control,FIB4
-0.06203957412925297,Fibroblast 2,Control,FIB2
-0.06366763859679148,Fibroblast 2,Control,FIB2
-0.02600439956965114,Fibroblast 3,Control,FIB3
-0.04513617909699967,Fibroblast 1,Control,FIB1
-0.08830829373794395,Fibroblast 2,Control,FIB2
-0.030177729380816188,Fibroblast 2,Control,FIB2
-0.041230697776660635,Fibroblast 3,Control,FIB3
-0.32381604398270913,Fibroblast 3,Control,FIB3
-0.035674450449003345,Fibroblast 3,Control,FIB3
-0.025866070066599686,Fibroblast 2,Control,FIB2
0.1263721136329799,Fibroblast 3,Control,FIB3
-0.05145175162573647,Fibroblast 3,Control,FIB3
-0.001185800749179556,Fibroblast 2,Control,FIB2
-0.021687743455809157,Fibroblast 3,Control,FIB3
-0.10837222283975584,Fibroblast 2,Control,FIB2
-0.10133587867744531,Fibroblast 3,Control,FIB3
-0.03802385276824821,Fibroblast 2,Control,FIB2
-0.044891910512082876,Fibroblast 3,Control,FIB3
-0.12346930954132057,Fibroblast 3,Control,FIB3
-0.05531343284194453,Fibroblast 3,Control,FIB3
0.05755643149237515,Fibroblast 1,Control,FIB1
-0.03533613472289138,Fibroblast 2,Control,FIB2
-0.02682323966791482,Fibroblast 3,Control,FIB3
-0.014314446291771993,Fibroblast 1,Control,FIB1
-0.10073514430909078,Fibroblast 2,Control,FIB2
-0.0669562663576656,Fibroblast 3,Control,FIB3
-0.027386773378059077,Fibroblast 3,Control,FIB3
0.08746811477775285,Fibroblast 1,Control,FIB1
0.06903922273087308,Fibroblast 1,Control,FIB1
-0.09157021292840739,Fibroblast 1,Control,FIB1
0.02984451280663476,Fibroblast 3,Control,FIB3
-0.1414650166921233,Fibroblast 3,Control,FIB3
-0.06432201835551882,Fibroblast 3,Control,FIB3
-0.09712759134156024,Fibroblast 2,Control,FIB2
-0.05323313778204679,Fibroblast 2,Control,FIB2
0.056258999701032764,Fibroblast 1,Control,FIB1
-0.11959486235962144,Fibroblast 3,Control,FIB3
-0.017566548379056846,Fibroblast 3,Control,FIB3
-0.09234303830842253,Fibroblast 3,Control,FIB3
-0.11169108963137502,Fibroblast 3,Control,FIB3
-0.0643352323055198,Fibroblast 2,Control,FIB2
-0.07086853376984815,Fibroblast 3,Control,FIB3
-0.13170497029046557,Fibroblast 3,Control,FIB3
-0.03709668274621708,Fibroblast 2,Control,FIB2
-0.08968764322582329,Fibroblast 2,Control,FIB2
-0.043136512098884375,Fibroblast 2,Control,FIB2
0.05039498096324194,Fibroblast 1,Control,FIB1
-0.05816212198326796,Fibroblast 2,Control,FIB2
0.08811693610491966,Fibroblast 1,Control,FIB1
-0.02222934285247042,Fibroblast 3,Control,FIB3
0.06544763129981004,Fibroblast 3,Control,FIB3
-0.05938827927749633,Fibroblast 2,Control,FIB2
-0.0861005717692036,Fibroblast 3,Control,FIB3
-0.13968769659358263,Fibroblast 3,Control,FIB3
-0.038515855595956015,Fibroblast 1,Control,FIB1
0.01176096522679813,Fibroblast 1,Control,FIB1
-0.04296399522812869,Fibroblast 1,Control,FIB1
0.032558129044204326,Fibroblast 1,Control,FIB1
-0.03558141425099911,Fibroblast 2,Control,FIB2
-0.11761078895262099,Fibroblast 3,Control,FIB3
-0.02176623542141329,Fibroblast 3,Control,FIB3
0.05981743793471939,Fibroblast 1,Control,FIB1
-0.0019893304372004,Fibroblast 1,Control,FIB1
0.0073965174359719565,Fibroblast 1,Control,FIB1
-0.0454911218561942,Fibroblast 2,Control,FIB2
-0.11756885681006553,Fibroblast 2,Control,FIB2
-0.045640466508336405,Fibroblast 1,Control,FIB1
-0.0755454653219471,Fibroblast 3,Control,FIB3
0.005138648206656306,Fibroblast 2,Control,FIB2
-0.023085572180835956,Fibroblast 1,Control,FIB1
-0.10479758902409522,Fibroblast 3,Control,FIB3
-0.09275713566876605,Fibroblast 2,Control,FIB2
-0.12213167168987535,Fibroblast 2,Control,FIB2
-0.005196847670703739,Fibroblast 3,Control,FIB3
-0.036616879629565606,Fibroblast 3,Control,FIB3
-0.06919013425147656,Fibroblast 2,Control,FIB2
-0.12810302716201594,Fibroblast 2,Control,FIB2
-0.06124401164777182,Fibroblast 3,Control,FIB3
0.14368931678905744,Fibroblast 4,Expanded,FIB4
0.19084397127225738,Fibroblast 1,Expanded,FIB1
0.10362011151242757,Fibroblast 4,Expanded,FIB4
0.05603028033289605,Fibroblast 2,Expanded,FIB2
0.11156949007273433,Fibroblast 1,Expanded,FIB1
0.16641007342772943,Fibroblast 1,Expanded,FIB1
0.03743773048292586,Fibroblast 3,Expanded,FIB3
0.10748247894207998,Fibroblast 4,Expanded,FIB4
0.1456988953492884,Fibroblast 2,Expanded,FIB2
0.1680725661797242,Fibroblast 1,Expanded,FIB1
0.07378255641646593,Fibroblast 3,Expanded,FIB3
0.08542059745223445,Fibroblast 1,Expanded,FIB1
0.13954128026917337,Fibroblast 1,Expanded,FIB1
0.04636458399087949,Fibroblast 1,Expanded,FIB1
0.10061575209003791,Fibroblast 1,Expanded,FIB1
0.10662440941958148,Fibroblast 3,Expanded,FIB3
0.11887784634143955,Fibroblast 3,Expanded,FIB3
0.07757679436153837,Fibroblast 1,Expanded,FIB1
0.04544709865333139,Fibroblast 2,Expanded,FIB2
0.19160094921378873,Fibroblast 1,Expanded,FIB1
0.15885482304027354,Fibroblast 1,Expanded,FIB1
0.0575419551918388,Fibroblast 3,Expanded,FIB3
0.21266751065595474,Fibroblast 4,Expanded,FIB4
0.06453002693586113,Fibroblast 1,Expanded,FIB1
0.07257024969852524,Fibroblast 1,Expanded,FIB1
0.20286444484892477,Fibroblast 4,Expanded,FIB4
0.04905317802979585,Fibroblast 4,Expanded,FIB4
0.18166406642257324,Fibroblast 1,Expanded,FIB1
0.011369683260623126,Fibroblast 4,Expanded,FIB4
0.11067018610320122,Fibroblast 4,Expanded,FIB4
0.10568440986396317,Fibroblast 1,Expanded,FIB1
0.12366703366944247,Fibroblast 1,Expanded,FIB1
0.1051325117527035,Fibroblast 2,Expanded,FIB2
0.09348655125958419,Fibroblast 4,Expanded,FIB4
0.14039261669427708,Fibroblast 2,Expanded,FIB2
0.11693152838408782,Fibroblast 3,Expanded,FIB3
0.1573733755824395,Fibroblast 4,Expanded,FIB4
0.07066527990118072,Fibroblast 4,Expanded,FIB4
0.08574690063940142,Fibroblast 2,Expanded,FIB2
0.022404721337197675,Fibroblast 1,Expanded,FIB1
0.11508193856532484,Fibroblast 1,Expanded,FIB1
0.04408495504517379,Fibroblast 1,Expanded,FIB1
0.25717865674821366,Fibroblast 1,Expanded,FIB1
0.11562865622809888,Fibroblast 3,Expanded,FIB3
-0.009760918299373776,Fibroblast 2,Expanded,FIB2
0.05118132314124032,Fibroblast 3,Expanded,FIB3
0.11022475388206367,Fibroblast 3,Expanded,FIB3
0.18800435033712548,Fibroblast 3,Expanded,FIB3
0.017351868674655366,Fibroblast 2,Expanded,FIB2
0.12517175642586045,Fibroblast 3,Expanded,FIB3
0.055619145379479845,Fibroblast 4,Expanded,FIB4
0.1566092751518319,Fibroblast 4,Expanded,FIB4
0.4748908986799391,Fibroblast 1,Expanded,FIB1
-0.055328003636207324,Fibroblast 4,Expanded,FIB4
0.14718957123141824,Fibroblast 1,Expanded,FIB1
0.23024464442579862,Fibroblast 4,Expanded,FIB4
0.0645372375525659,Fibroblast 4,Expanded,FIB4
0.16528564654221387,Fibroblast 1,Expanded,FIB1
0.08136610783878555,Fibroblast 1,Expanded,FIB1
0.14894661034147139,Fibroblast 3,Expanded,FIB3
0.15252978369037823,Fibroblast 1,Expanded,FIB1
0.0929926221257329,Fibroblast 3,Expanded,FIB3
0.009166412092543333,Fibroblast 2,Expanded,FIB2
0.0746076274055567,Fibroblast 1,Expanded,FIB1
0.11078845811570173,Fibroblast 1,Expanded,FIB1
0.14495077488564276,Fibroblast 4,Expanded,FIB4
-0.15782086263034914,Fibroblast 3,Expanded,FIB3
0.170570216666747,Fibroblast 1,Expanded,FIB1
0.07703511405261773,Fibroblast 2,Expanded,FIB2
0.17935066342282546,Fibroblast 4,Expanded,FIB4
0.07215555434183511,Fibroblast 1,Expanded,FIB1
0.06966813272499298,Fibroblast 3,Expanded,FIB3
0.014726746583837672,Fibroblast 3,Expanded,FIB3
0.04415840649872388,Fibroblast 4,Expanded,FIB4
0.1912888431302377,Fibroblast 4,Expanded,FIB4
-0.016697481346165877,Fibroblast 2,Expanded,FIB2
0.15753745628407886,Fibroblast 1,Expanded,FIB1
0.07330317776623223,Fibroblast 3,Expanded,FIB3
-0.019715312113249825,Fibroblast 3,Expanded,FIB3
0.12774284263156674,Fibroblast 4,Expanded,FIB4
0.23254865335927305,Fibroblast 3,Expanded,FIB3
0.055212721293516814,Fibroblast 1,Expanded,FIB1
0.04184192751530941,Fibroblast 3,Expanded,FIB3
0.12329222945286517,Fibroblast 3,Expanded,FIB3
0.3341820600447801,Fibroblast 4,Expanded,FIB4
0.020947258178845116,Fibroblast 4,Expanded,FIB4
0.08606114853356576,Fibroblast 3,Expanded,FIB3
0.08870169756730024,Fibroblast 1,Expanded,FIB1
0.05753936688874632,Fibroblast 3,Expanded,FIB3
0.12019206522156667,Fibroblast 4,Expanded,FIB4
0.029942148571630668,Fibroblast 1,Expanded,FIB1
0.09394519500449235,Fibroblast 2,Expanded,FIB2
0.012562336200476285,Fibroblast 4,Expanded,FIB4
0.11220736546065053,Fibroblast 4,Expanded,FIB4
0.13202830072291702,Fibroblast 2,Expanded,FIB2
0.1625845415266666,Fibroblast 3,Expanded,FIB3
0.06438651071066157,Fibroblast 2,Expanded,FIB2
0.1276966899239674,Fibroblast 4,Expanded,FIB4
0.054374878751923844,Fibroblast 2,Expanded,FIB2
0.08918622706787757,Fibroblast 4,Expanded,FIB4
0.17080215555969994,Fibroblast 1,Expanded,FIB1
0.17229520237147375,Fibroblast 4,Expanded,FIB4
0.10938539490987861,Fibroblast 1,Expanded,FIB1
0.028525399833889478,Fibroblast 3,Expanded,FIB3
-0.08571237771189572,Fibroblast 2,Expanded,FIB2
0.10727935814768352,Fibroblast 1,Expanded,FIB1
0.04126667012007375,Fibroblast 1,Expanded,FIB1
0.13703453210702685,Fibroblast 4,Expanded,FIB4
0.8256873303451241,Fibroblast 3,Expanded,FIB3
0.11981122245419577,Fibroblast 1,Expanded,FIB1
0.15130650590460845,Fibroblast 1,Expanded,FIB1
0.14561246793168348,Fibroblast 1,Expanded,FIB1
0.08689325910801396,Fibroblast 4,Expanded,FIB4
0.10079237572569232,Fibroblast 1,Expanded,FIB1
0.1966331292726492,Fibroblast 1,Expanded,FIB1
0.025334916945122375,Fibroblast 3,Expanded,FIB3
0.005721052113115452,Fibroblast 3,Expanded,FIB3
0.19491265262910143,Fibroblast 1,Expanded,FIB1
0.17922373952853687,Fibroblast 1,Expanded,FIB1
0.04538554619609132,Fibroblast 1,Expanded,FIB1
0.16628578888617707,Fibroblast 1,Expanded,FIB1
0.11652714937206789,Fibroblast 1,Expanded,FIB1
-0.006556672040042875,Fibroblast 3,Expanded,FIB3
0.08572474400643028,Fibroblast 1,Expanded,FIB1
0.07443025717549599,Fibroblast 4,Expanded,FIB4
0.10112555763578375,Fibroblast 4,Expanded,FIB4
0.19076512537840326,Fibroblast 1,Expanded,FIB1
0.06619392487183082,Fibroblast 2,Expanded,FIB2
-0.0357379333301327,Fibroblast 1,Expanded,FIB1
-0.03019913662318811,Fibroblast 3,Expanded,FIB3
0.1536141449583562,Fibroblast 3,Expanded,FIB3
-0.07829049509124678,Fibroblast 3,Expanded,FIB3
0.2447444157460016,Fibroblast 4,Expanded,FIB4
0.028026984889410904,Fibroblast 3,Expanded,FIB3
-0.04208704868874009,Fibroblast 4,Expanded,FIB4
0.571705184290203,Fibroblast 1,Expanded,FIB1
-0.016437279637805828,Fibroblast 3,Expanded,FIB3
0.20847791412789177,Fibroblast 4,Expanded,FIB4
0.18452640122885572,Fibroblast 1,Expanded,FIB1
-0.0708536566073685,Fibroblast 2,Expanded,FIB2
0.1282893060494422,Fibroblast 4,Expanded,FIB4
0.12000528116377875,Fibroblast 1,Expanded,FIB1
0.12185028288879245,Fibroblast 1,Expanded,FIB1
0.10259461327421618,Fibroblast 4,Expanded,FIB4
0.08890829482029357,Fibroblast 3,Expanded,FIB3
0.11657673272255976,Fibroblast 2,Expanded,FIB2
0.15448000111103505,Fibroblast 4,Expanded,FIB4
0.08460782843397768,Fibroblast 3,Expanded,FIB3
0.14481588613888705,Fibroblast 4,Expanded,FIB4
0.20953897165890725,Fibroblast 4,Expanded,FIB4
-0.04533475863897665,Fibroblast 4,Expanded,FIB4
0.09793791152565803,Fibroblast 4,Expanded,FIB4
0.1247698212497959,Fibroblast 1,Expanded,FIB1
0.03726619675212891,Fibroblast 3,Expanded,FIB3
0.09700539956643743,Fibroblast 1,Expanded,FIB1
0.10027488751031464,Fibroblast 1,Expanded,FIB1
0.1124410163423558,Fibroblast 4,Expanded,FIB4
0.10451855285586784,Fibroblast 4,Expanded,FIB4
0.12519901505220324,Fibroblast 2,Expanded,FIB2
0.06342634532892458,Fibroblast 4,Expanded,FIB4
0.03643844474940218,Fibroblast 2,Expanded,FIB2
0.19106595150323502,Fibroblast 4,Expanded,FIB4
0.06830861657132174,Fibroblast 3,Expanded,FIB3
0.09517093172077162,Fibroblast 2,Expanded,FIB2
-0.010520321848784995,Fibroblast 2,Expanded,FIB2
0.12131619430390587,Fibroblast 1,Expanded,FIB1
0.09703859448836688,Fibroblast 3,Expanded,FIB3
0.10753032318779518,Fibroblast 4,Expanded,FIB4
0.11820134212075248,Fibroblast 2,Expanded,FIB2
0.01560378805643358,Fibroblast 3,Expanded,FIB3
0.14353618730948,Fibroblast 4,Expanded,FIB4
0.08675919649956379,Fibroblast 1,Expanded,FIB1
0.0693070173654712,Fibroblast 3,Expanded,FIB3
0.06743249175664656,Fibroblast 1,Expanded,FIB1
0.04438676531148085,Fibroblast 1,Expanded,FIB1
0.040141976011790564,Fibroblast 3,Expanded,FIB3
0.14688427359246548,Fibroblast 4,Expanded,FIB4
0.14646306877333487,Fibroblast 1,Expanded,FIB1
0.08766422390286818,Fibroblast 3,Expanded,FIB3
0.13743589236352766,Fibroblast 1,Expanded,FIB1
0.1151075519500721,Fibroblast 4,Expanded,FIB4
0.06025582092498052,Fibroblast 4,Expanded,FIB4
-0.0028537932859050083,Fibroblast 3,Expanded,FIB3
0.06398468803017893,Fibroblast 4,Expanded,FIB4
0.2283162579096504,Fibroblast 4,Expanded,FIB4
0.1660062354715913,Fibroblast 1,Expanded,FIB1
0.13703102177539375,Fibroblast 1,Expanded,FIB1
-0.1069731906789358,Fibroblast 3,Expanded,FIB3
-0.01808018711223125,Fibroblast 1,Expanded,FIB1
0.05258182737180635,Fibroblast 3,Expanded,FIB3
0.012863471729890998,Fibroblast 2,Expanded,FIB2
-0.016260004873626374,Fibroblast 4,Expanded,FIB4
0.8426068252779223,Fibroblast 1,Expanded,FIB1
0.0446731368237561,Fibroblast 3,Expanded,FIB3
-0.007709765352655962,Fibroblast 2,Expanded,FIB2
0.10589928604468891,Fibroblast 4,Expanded,FIB4
0.3541626706609804,Fibroblast 2,Expanded,FIB2
-0.07320852721477243,Fibroblast 4,Expanded,FIB4
-0.05731477054620942,Fibroblast 3,Expanded,FIB3
0.06647160473860421,Fibroblast 1,Expanded,FIB1
0.0951397167587065,Fibroblast 2,Expanded,FIB2
0.06856839536176806,Fibroblast 2,Expanded,FIB2
0.0516313004294712,Fibroblast 3,Expanded,FIB3
0.10093598430093592,Fibroblast 3,Expanded,FIB3
0.0626067649955588,Fibroblast 4,Expanded,FIB4
0.282100164363116,Fibroblast 4,Expanded,FIB4
0.07812494631542748,Fibroblast 3,Expanded,FIB3
0.09264634907343242,Fibroblast 1,Expanded,FIB1
0.024836639991595216,Fibroblast 3,Expanded,FIB3
0.05218368729728978,Fibroblast 4,Expanded,FIB4
0.005803479599484483,Fibroblast 4,Expanded,FIB4
0.1302268358024689,Fibroblast 3,Expanded,FIB3
0.12738517886685152,Fibroblast 3,Expanded,FIB3
0.07025804504566854,Fibroblast 3,Expanded,FIB3
0.22101171012358944,Fibroblast 1,Expanded,FIB1
0.027407718534836173,Fibroblast 2,Expanded,FIB2
-0.05306884577320099,Fibroblast 3,Expanded,FIB3
0.23282461451060119,Fibroblast 1,Expanded,FIB1
0.043118281165852354,Fibroblast 3,Expanded,FIB3
0.049883044321761924,Fibroblast 4,Expanded,FIB4
0.066556537605527,Fibroblast 4,Expanded,FIB4
0.17456566703860563,Fibroblast 3,Expanded,FIB3
0.11700193439457587,Fibroblast 3,Control,FIB3
0.008994990096265807,Fibroblast 2,Control,FIB2
-0.06382610257761684,Fibroblast 2,Control,FIB2
-0.0685366111946197,Fibroblast 4,Control,FIB4
0.01790691914658707,Fibroblast 3,Control,FIB3
-0.0352336452155929,Fibroblast 1,Control,FIB1
-0.09577746078408968,Fibroblast 4,Control,FIB4
-0.03655809354005212,Fibroblast 4,Control,FIB4
-0.09491168740775577,Fibroblast 3,Control,FIB3
-0.0851918777626651,Fibroblast 2,Control,FIB2
-0.104548311822277,Fibroblast 3,Control,FIB3
-0.006150781207924724,Fibroblast 3,Control,FIB3
-0.011037694749479392,Fibroblast 1,Control,FIB1
0.042159581712131786,Fibroblast 3,Control,FIB3
-0.06392698197971308,Fibroblast 2,Control,FIB2
0.0601966971653821,Fibroblast 3,Control,FIB3
-0.011586053328041815,Fibroblast 2,Control,FIB2
-0.0467258934441549,Fibroblast 3,Control,FIB3
0.05610244554538451,Fibroblast 1,Control,FIB1
-0.020581949127551534,Fibroblast 3,Control,FIB3
-0.043229293447547966,Fibroblast 2,Control,FIB2
-0.04302818586990688,Fibroblast 2,Control,FIB2
0.003126435393995014,Fibroblast 2,Control,FIB2
0.07386613026056466,Fibroblast 2,Control,FIB2
0.14371695717657829,Fibroblast 1,Control,FIB1
-0.034737986830070115,Fibroblast 3,Control,FIB3
-0.15716502634066126,Fibroblast 2,Control,FIB2
0.012883000091576044,Fibroblast 2,Control,FIB2
0.02936568435532927,Fibroblast 2,Control,FIB2
0.019893003122952654,Fibroblast 3,Control,FIB3
0.2280761015938773,Fibroblast 1,Control,FIB1
-0.06542882393719669,Fibroblast 1,Control,FIB1
0.01803391756080394,Fibroblast 3,Control,FIB3
0.012840181921628984,Fibroblast 4,Control,FIB4
0.07537334038005254,Fibroblast 1,Control,FIB1
-0.1335587402582909,Fibroblast 3,Control,FIB3
0.0025109356197006646,Fibroblast 3,Control,FIB3
-0.13838039545558223,Fibroblast 3,Control,FIB3
-0.06259589359005605,Fibroblast 3,Control,FIB3
-0.12039699980435112,Fibroblast 3,Control,FIB3
-0.016303398375000312,Fibroblast 2,Control,FIB2
-0.045249569221358664,Fibroblast 3,Control,FIB3
-0.008912002319381995,Fibroblast 2,Control,FIB2
-0.004588987590984014,Fibroblast 2,Control,FIB2
-0.019233422149359435,Fibroblast 1,Control,FIB1
0.1391705469143971,Fibroblast 4,Control,FIB4
-0.002803129928957237,Fibroblast 3,Control,FIB3
-0.1384892841413604,Fibroblast 2,Control,FIB2
-0.05325430012258147,Fibroblast 3,Control,FIB3
0.010092088956847062,Fibroblast 1,Control,FIB1
0.03310782859840539,Fibroblast 2,Control,FIB2
-0.09206094382094435,Fibroblast 3,Control,FIB3
-0.08262771972936317,Fibroblast 1,Control,FIB1
-0.11808846253238685,Fibroblast 3,Control,FIB3
0.03412514303217622,Fibroblast 1,Control,FIB1
-0.019589656324605798,Fibroblast 2,Control,FIB2
-0.030927874302422692,Fibroblast 1,Control,FIB1
-0.08411508785669407,Fibroblast 3,Control,FIB3
0.029711488358517744,Fibroblast 2,Control,FIB2
0.018398639551414464,Fibroblast 1,Control,FIB1
-0.0062061473527424554,Fibroblast 1,Control,FIB1
-0.06131582587645504,Fibroblast 2,Control,FIB2
-0.02982703624662834,Fibroblast 3,Control,FIB3
0.059569686364143476,Fibroblast 3,Control,FIB3
0.048511588532201805,Fibroblast 1,Control,FIB1
-0.06004406734601736,Fibroblast 2,Control,FIB2
-0.08059811672194797,Fibroblast 3,Control,FIB3
-0.054041478827151795,Fibroblast 3,Control,FIB3
-0.11708669505681554,Fibroblast 3,Control,FIB3
0.0372483518808708,Fibroblast 1,Control,FIB1
-0.11885010932719452,Fibroblast 2,Control,FIB2
0.11344960949595315,Fibroblast 1,Control,FIB1
-0.0433213608811076,Fibroblast 2,Control,FIB2
-0.04273312538675234,Fibroblast 2,Control,FIB2
-0.05644846023750304,Fibroblast 4,Control,FIB4
-0.005063947905709302,Fibroblast 2,Control,FIB2
0.07043330442177483,Fibroblast 3,Control,FIB3
0.13873831111939536,Fibroblast 1,Control,FIB1
-0.039017703295612625,Fibroblast 1,Control,FIB1
-0.03140219699762955,Fibroblast 4,Control,FIB4
0.05322283845090219,Fibroblast 1,Control,FIB1
-0.046362265711631975,Fibroblast 3,Control,FIB3
-0.10699980373468483,Fibroblast 3,Control,FIB3
0.07605692602283808,Fibroblast 1,Control,FIB1
-0.03637668269935327,Fibroblast 3,Control,FIB3
-0.12864128943324743,Fibroblast 2,Control,FIB2
-0.05798839943091122,Fibroblast 2,Control,FIB2
-0.08055151662278956,Fibroblast 2,Control,FIB2
-0.03446555458769168,Fibroblast 2,Control,FIB2
0.030079179560889,Fibroblast 3,Control,FIB3
-0.1567992484503462,Fibroblast 3,Control,FIB3
-0.03756567241312192,Fibroblast 3,Control,FIB3
0.005855318990558447,Fibroblast 1,Control,FIB1
0.000307862299849658,Fibroblast 3,Control,FIB3
-0.04896810961932689,Fibroblast 2,Control,FIB2
-0.10913416626656507,Fibroblast 2,Control,FIB2
-0.10031907509907091,Fibroblast 2,Control,FIB2
-0.08199946561258722,Fibroblast 4,Control,FIB4
-0.22586163109322752,Fibroblast 3,Control,FIB3
0.06997031562756854,Fibroblast 1,Control,FIB1
-0.039827918032837875,Fibroblast 2,Control,FIB2
-0.09742019739820323,Fibroblast 2,Control,FIB2
-0.10382506111939946,Fibroblast 3,Control,FIB3
-0.057996363128117304,Fibroblast 3,Control,FIB3
-0.08587691840151913,Fibroblast 3,Control,FIB3
-0.059398560458529315,Fibroblast 3,Control,FIB3
0.031053697613283922,Fibroblast 1,Control,FIB1
-0.05265429974488578,Fibroblast 2,Control,FIB2
-0.04080241396727033,Fibroblast 2,Control,FIB2
-0.10161944256875778,Fibroblast 2,Control,FIB2
-0.04400992789455634,Fibroblast 2,Control,FIB2
-0.054081437126882126,Fibroblast 2,Control,FIB2
-0.03340741265149468,Fibroblast 3,Control,FIB3
-0.015149527073415877,Fibroblast 4,Control,FIB4
0.012604380509908433,Fibroblast 2,Control,FIB2
-0.021266508149225975,Fibroblast 3,Control,FIB3
-0.11983090580229665,Fibroblast 3,Control,FIB3
0.08887057147432799,Fibroblast 1,Control,FIB1
-0.027628622157064884,Fibroblast 2,Control,FIB2
0.04970340713633865,Fibroblast 4,Control,FIB4
-0.06422223854658483,Fibroblast 2,Control,FIB2
-0.04637703923321933,Fibroblast 1,Control,FIB1
-0.008413953070337299,Fibroblast 3,Control,FIB3
-0.0036769349635325937,Fibroblast 1,Control,FIB1
0.016441987101425713,Fibroblast 1,Control,FIB1
-0.08289761055093173,Fibroblast 3,Control,FIB3
-0.01811562943263831,Fibroblast 3,Control,FIB3
-0.031868202287753826,Fibroblast 2,Control,FIB2
0.012494847963725186,Fibroblast 3,Control,FIB3
-0.03494515032765433,Fibroblast 4,Control,FIB4
-0.11981142460130331,Fibroblast 2,Control,FIB2
-0.006337094805778362,Fibroblast 4,Control,FIB4
0.07764879740422193,Fibroblast 1,Control,FIB1
0.03522934284988422,Fibroblast 1,Control,FIB1
-0.039349085393504214,Fibroblast 2,Control,FIB2
-0.08737642735396159,Fibroblast 3,Control,FIB3
-0.050660053714891844,Fibroblast 2,Control,FIB2
0.02114411548479913,Fibroblast 1,Control,FIB1
-0.11740730767342622,Fibroblast 2,Control,FIB2
0.01398444496003464,Fibroblast 1,Control,FIB1
-0.06088814093741782,Fibroblast 2,Control,FIB2
0.014879716422069913,Fibroblast 3,Control,FIB3
-0.005321276263819428,Fibroblast 1,Control,FIB1
0.01418302537379825,Fibroblast 3,Control,FIB3
0.053474777394835186,Fibroblast 3,Control,FIB3
-0.06569056757735085,Fibroblast 3,Control,FIB3
-0.0683909914003983,Fibroblast 4,Control,FIB4
-0.004639870916052084,Fibroblast 3,Control,FIB3
-0.06980760648809786,Fibroblast 3,Control,FIB3
0.057026998829540806,Fibroblast 1,Control,FIB1
-0.033836756442776186,Fibroblast 3,Control,FIB3
-0.10950071823378876,Fibroblast 2,Control,FIB2
0.07646089315266821,Fibroblast 4,Control,FIB4
-0.021520318932783125,Fibroblast 3,Control,FIB3
0.0732734753779589,Fibroblast 1,Control,FIB1
-0.08777301562186879,Fibroblast 2,Control,FIB2
-0.048762154554760365,Fibroblast 3,Control,FIB3
-0.057494810637649545,Fibroblast 1,Control,FIB1
-0.04263031686948563,Fibroblast 2,Control,FIB2
0.00022419160223369206,Fibroblast 1,Control,FIB1
-0.0075042765033670605,Fibroblast 1,Control,FIB1
0.1446382299328676,Fibroblast 1,Control,FIB1
-0.023832403634632758,Fibroblast 3,Control,FIB3
-0.06204705558024984,Fibroblast 3,Control,FIB3
0.09062750189917705,Fibroblast 1,Control,FIB1
-0.0961912869268347,Fibroblast 3,Control,FIB3
-0.06281199347970592,Fibroblast 3,Control,FIB3
-0.0691774889611677,Fibroblast 3,Control,FIB3
-0.019685881529920943,Fibroblast 2,Control,FIB2
-0.006345076833325825,Fibroblast 2,Control,FIB2
-0.02916338023595693,Fibroblast 1,Control,FIB1
-0.06581860629181535,Fibroblast 3,Control,FIB3
-0.02426569047572908,Fibroblast 2,Control,FIB2
-0.05797083501628328,Fibroblast 3,Control,FIB3
-0.11884075741041121,Fibroblast 1,Control,FIB1
-0.10167817324800234,Fibroblast 1,Control,FIB1
-0.01202747579739935,Fibroblast 3,Control,FIB3
-0.11026653888596459,Fibroblast 3,Control,FIB3
-0.027508290088093072,Fibroblast 2,Control,FIB2
-0.040274468201536205,Fibroblast 3,Control,FIB3
0.08420488990907579,Fibroblast 3,Control,FIB3
-0.06955903759039953,Fibroblast 2,Control,FIB2
0.07915447856135234,Fibroblast 1,Control,FIB1
-0.11417264072214262,Fibroblast 2,Control,FIB2
-0.04427751645851261,Fibroblast 3,Control,FIB3
-0.11597872341904093,Fibroblast 3,Control,FIB3
0.0026802000214578743,Fibroblast 3,Control,FIB3
-0.12549205823853057,Fibroblast 3,Control,FIB3
0.0031347703069883846,Fibroblast 2,Control,FIB2
-0.01819492272404919,Fibroblast 3,Control,FIB3
-0.05882358693845344,Fibroblast 3,Control,FIB3
-0.06038499203049441,Fibroblast 1,Control,FIB1
0.019577276562573166,Fibroblast 3,Control,FIB3
0.10035105173133554,Fibroblast 3,Control,FIB3
0.07531229168166337,Fibroblast 1,Control,FIB1
-0.036153581009524434,Fibroblast 1,Control,FIB1
0.016645392931564675,Fibroblast 4,Control,FIB4
-0.04076693143564725,Fibroblast 2,Control,FIB2
0.027103057992711874,Fibroblast 3,Control,FIB3
-0.03829404311445794,Fibroblast 1,Control,FIB1
-0.10217730228020082,Fibroblast 3,Control,FIB3
0.10490373526281946,Fibroblast 3,Control,FIB3
0.08794851563024028,Fibroblast 1,Control,FIB1
-0.02765930953940853,Fibroblast 3,Control,FIB3
-0.05026990099350817,Fibroblast 3,Control,FIB3
0.09923266468507698,Fibroblast 4,Control,FIB4
-0.03902000328813003,Fibroblast 1,Control,FIB1
-0.09099181002118124,Fibroblast 2,Control,FIB2
0.013742720609037438,Fibroblast 1,Control,FIB1
0.04135313911029449,Fibroblast 4,Control,FIB4
-0.03450344063949006,Fibroblast 3,Control,FIB3
-0.09168755623804589,Fibroblast 3,Control,FIB3
-0.0017737736648226823,Fibroblast 1,Control,FIB1
-0.11069686620528912,Fibroblast 3,Control,FIB3
-0.007543424713515004,Fibroblast 3,Control,FIB3
-0.08768441095427294,Fibroblast 4,Control,FIB4
-0.12751476778839677,Fibroblast 2,Control,FIB2
-0.048500193732891,Fibroblast 2,Control,FIB2
-0.007095954593831125,Fibroblast 3,Control,FIB3
0.018415488701329488,Fibroblast 1,Control,FIB1
-0.02714122815443941,Fibroblast 1,Control,FIB1
0.05995699216800167,Fibroblast 1,Control,FIB1
-0.0004986434295165612,Fibroblast 3,Control,FIB3
-0.02447595123906554,Fibroblast 1,Control,FIB1
0.033444063484459906,Fibroblast 3,Control,FIB3
-0.07295153900235854,Fibroblast 3,Control,FIB3
-0.10661526541954724,Fibroblast 3,Control,FIB3
-0.041595161012454196,Fibroblast 2,Control,FIB2
-0.06911298155670147,Fibroblast 2,Control,FIB2
-0.06938108533644022,Fibroblast 2,Control,FIB2
-0.10807461265764058,Fibroblast 2,Control,FIB2
0.05374122289841565,Fibroblast 1,Control,FIB1
0.002025858263197261,Fibroblast 1,Control,FIB1
0.1303393838045556,Fibroblast 4,Control,FIB4
-0.06251703199497603,Fibroblast 2,Control,FIB2
0.16265817957646078,Fibroblast 1,Control,FIB1
-0.16355188457856323,Fibroblast 3,Control,FIB3
-0.0584997285979879,Fibroblast 2,Control,FIB2
0.012979016651809703,Fibroblast 3,Control,FIB3
-0.023822805854454336,Fibroblast 1,Control,FIB1
-0.10124312916735229,Fibroblast 3,Control,FIB3
0.035902955611042,Fibroblast 1,Control,FIB1
0.09012591478893586,Fibroblast 1,Control,FIB1
-0.057894357067463875,Fibroblast 1,Control,FIB1
-0.04239670319254742,Fibroblast 3,Control,FIB3
-0.05165192892454292,Fibroblast 3,Control,FIB3
-0.08756115748034572,Fibroblast 2,Control,FIB2
-0.07414078079196784,Fibroblast 2,Control,FIB2
0.052364176342805116,Fibroblast 3,Control,FIB3
0.040066464183811254,Fibroblast 2,Control,FIB2
0.05259141905338208,Fibroblast 4,Control,FIB4
-0.09636228366923984,Fibroblast 2,Control,FIB2
0.03184821784126203,Fibroblast 2,Control,FIB2
0.07088399650442603,Fibroblast 3,Control,FIB3
-0.1350117148569579,Fibroblast 2,Control,FIB2
-0.09067990211641255,Fibroblast 2,Control,FIB2
0.05485998094025336,Fibroblast 3,Control,FIB3
0.08622092790598546,Fibroblast 1,Control,FIB1
0.4485613286833575,Fibroblast 4,Control,FIB4
-0.003932211320494445,Fibroblast 4,Control,FIB4
0.01372487543664096,Fibroblast 4,Control,FIB4
-0.05653202763068102,Fibroblast 2,Control,FIB2
0.0014449305142726493,Fibroblast 3,Control,FIB3
-0.06323636785230763,Fibroblast 2,Control,FIB2
0.024707689079232313,Fibroblast 2,Control,FIB2
-0.03239462385164303,Fibroblast 2,Control,FIB2
-0.021212123075065294,Fibroblast 3,Control,FIB3
-0.0607451929518793,Fibroblast 3,Control,FIB3
-0.05880665674952327,Fibroblast 2,Control,FIB2
0.031199293286913343,Fibroblast 3,Control,FIB3
-0.08197096099386779,Fibroblast 3,Control,FIB3
0.05882390843235981,Fibroblast 1,Control,FIB1
0.064500720370123,Fibroblast 4,Control,FIB4
-0.0004806822047970401,Fibroblast 3,Control,FIB3
0.08427753386224433,Fibroblast 1,Control,FIB1
-0.06889457682924727,Fibroblast 2,Control,FIB2
0.0032161596787348774,Fibroblast 1,Control,FIB1
-0.07197036805376336,Fibroblast 3,Control,FIB3
-0.05489949059925937,Fibroblast 3,Control,FIB3
-0.06907546088220345,Fibroblast 2,Control,FIB2
0.009037898953129522,Fibroblast 1,Control,FIB1
-0.004149413455175768,Fibroblast 3,Control,FIB3
0.013423145584047454,Fibroblast 1,Control,FIB1
0.001682981883666182,Fibroblast 3,Control,FIB3
-0.006113583221190759,Fibroblast 3,Control,FIB3
-0.03710086022741974,Fibroblast 3,Control,FIB3
-0.12992388096637772,Fibroblast 2,Control,FIB2
-0.024526090716684445,Fibroblast 3,Control,FIB3
0.02571916969390739,Fibroblast 2,Control,FIB2
-0.00018776310139165947,Fibroblast 4,Control,FIB4
-0.040382109605431336,Fibroblast 4,Control,FIB4
0.021264824303603203,Fibroblast 1,Control,FIB1
-0.059734852627661025,Fibroblast 2,Control,FIB2
0.039703243926053775,Fibroblast 1,Control,FIB1
-0.06910763697278773,Fibroblast 3,Control,FIB3
0.11168116213281681,Fibroblast 1,Control,FIB1
0.030832310302193862,Fibroblast 1,Control,FIB1
-0.028001848593918556,Fibroblast 2,Control,FIB2
-0.0879520553842825,Fibroblast 3,Control,FIB3
0.05001253707575234,Fibroblast 1,Control,FIB1
-0.016834255366723685,Fibroblast 1,Control,FIB1
-0.06386948672639998,Fibroblast 2,Control,FIB2
-0.039768622467594286,Fibroblast 3,Control,FIB3
-0.06328015681398112,Fibroblast 2,Control,FIB2
-0.07454527216065937,Fibroblast 3,Control,FIB3
0.0871552895715689,Fibroblast 3,Control,FIB3
-0.08206105269536468,Fibroblast 3,Control,FIB3
0.036693768031463174,Fibroblast 3,Control,FIB3
-0.08266552555578474,Fibroblast 2,Control,FIB2
-0.12906951126388178,Fibroblast 2,Control,FIB2
-0.09673492586934172,Fibroblast 2,Control,FIB2
-0.10387535025480102,Fibroblast 2,Control,FIB2
-0.11810721006585026,Fibroblast 2,Control,FIB2
0.014927537197504441,Fibroblast 2,Control,FIB2
-0.09393771495376926,Fibroblast 2,Control,FIB2
-0.07751347011969373,Fibroblast 3,Control,FIB3
-0.049479960070888895,Fibroblast 1,Control,FIB1
-0.036086223074303064,Fibroblast 2,Control,FIB2
-0.05785907971790889,Fibroblast 3,Control,FIB3
-0.014719138221558792,Fibroblast 3,Control,FIB3
-0.1069697856648772,Fibroblast 3,Control,FIB3
-0.03551406169800178,Fibroblast 2,Control,FIB2
-0.19678716430856644,Fibroblast 3,Control,FIB3
-0.027690461627443617,Fibroblast 4,Control,FIB4
-0.03812882959175957,Fibroblast 3,Control,FIB3
-0.09623393774659803,Fibroblast 3,Control,FIB3
-0.003595795174651764,Fibroblast 3,Control,FIB3
-0.041261733079634114,Fibroblast 2,Control,FIB2
-0.014505712312051479,Fibroblast 3,Control,FIB3
0.0015261900970445653,Fibroblast 2,Control,FIB2
-0.010281504635588815,Fibroblast 3,Control,FIB3
-0.011881295713651447,Fibroblast 2,Control,FIB2
-0.02112857322775476,Fibroblast 2,Control,FIB2
0.09421285735256812,Fibroblast 3,Control,FIB3
-0.0006425432870726827,Fibroblast 2,Control,FIB2
-0.0047575205252990554,Fibroblast 3,Control,FIB3
-0.009563024921700473,Fibroblast 2,Control,FIB2
-0.1146180079754435,Fibroblast 3,Control,FIB3
-2.0500884727468055e-05,Fibroblast 3,Control,FIB3
-0.03142107883851398,Fibroblast 4,Control,FIB4
-0.030864854341829225,Fibroblast 2,Control,FIB2
-0.022938595688791905,Fibroblast 4,Control,FIB4
0.032229605583332176,Fibroblast 3,Control,FIB3
0.04887293330328439,Fibroblast 1,Control,FIB1
0.00963474237502137,Fibroblast 3,Control,FIB3
0.002282191563996963,Fibroblast 1,Control,FIB1
-0.016527412311870653,Fibroblast 3,Control,FIB3
-0.08672264488864764,Fibroblast 3,Control,FIB3
-0.12409427693297381,Fibroblast 3,Control,FIB3
-0.06393615670176439,Fibroblast 2,Control,FIB2
0.080335260576265,Fibroblast 4,Control,FIB4
-0.017023806546785727,Fibroblast 3,Control,FIB3
0.01949088323080345,Fibroblast 3,Control,FIB3
-0.1153004653639422,Fibroblast 2,Control,FIB2
-0.004851739228966635,Fibroblast 3,Control,FIB3
0.0567611025672446,Fibroblast 1,Control,FIB1
0.025495401936596593,Fibroblast 1,Control,FIB1
0.06489695519236541,Fibroblast 1,Control,FIB1
-0.07908554835783557,Fibroblast 2,Control,FIB2
-0.0022255474376950794,Fibroblast 3,Control,FIB3
0.07143285490592984,Fibroblast 3,Control,FIB3
0.06778987374552747,Fibroblast 1,Control,FIB1
-0.03382786065302656,Fibroblast 1,Control,FIB1
0.11877138030265663,Fibroblast 1,Control,FIB1
0.0914393941343627,Fibroblast 1,Control,FIB1
-0.10384218240995771,Fibroblast 3,Control,FIB3
0.06853122001009695,Fibroblast 3,Control,FIB3
0.019876441458555112,Fibroblast 2,Control,FIB2
-0.0974318083380401,Fibroblast 3,Control,FIB3
0.07041628488873289,Fibroblast 1,Control,FIB1
0.02951383702297168,Fibroblast 3,Control,FIB3
0.03971141267160485,Fibroblast 1,Control,FIB1
-0.034348136762262976,Fibroblast 2,Control,FIB2
-0.036585407911498724,Fibroblast 3,Control,FIB3
0.019369931628450125,Fibroblast 1,Control,FIB1
0.013698179240081952,Fibroblast 3,Control,FIB3
0.026705401189021323,Fibroblast 3,Control,FIB3
-0.11581709070951993,Fibroblast 2,Control,FIB2
0.0030608467890164345,Fibroblast 3,Control,FIB3
0.020640661881990454,Fibroblast 1,Control,FIB1
0.059568475169475346,Fibroblast 1,Control,FIB1
-0.016630257069858163,Fibroblast 2,Control,FIB2
-0.03543730431285665,Fibroblast 2,Control,FIB2
0.0019924264547020037,Fibroblast 2,Control,FIB2
-0.04813910741433574,Fibroblast 3,Control,FIB3
-0.023778329832015103,Fibroblast 3,Control,FIB3
0.011189346607801777,Fibroblast 4,Control,FIB4
-0.150000511239373,Fibroblast 2,Control,FIB2
-0.044857923340576894,Fibroblast 2,Control,FIB2
-0.029458782359952546,Fibroblast 1,Control,FIB1
-0.04517179229451701,Fibroblast 3,Control,FIB3
-0.04080737508007848,Fibroblast 1,Control,FIB1
-0.0010655614791219778,Fibroblast 3,Control,FIB3
0.017567184090451663,Fibroblast 3,Control,FIB3
0.015594150448788577,Fibroblast 1,Control,FIB1
-0.03970095040613662,Fibroblast 2,Control,FIB2
0.04696446260001788,Fibroblast 1,Control,FIB1
-0.040744295696090574,Fibroblast 2,Control,FIB2
-0.11351444136566746,Fibroblast 4,Control,FIB4
0.1361375067882472,Fibroblast 4,Control,FIB4
-0.11809763928667834,Fibroblast 2,Control,FIB2
0.03453967464084308,Fibroblast 3,Control,FIB3
0.047847983770931315,Fibroblast 1,Control,FIB1
-0.09955148543417781,Fibroblast 3,Control,FIB3
-0.024874982051020525,Fibroblast 2,Control,FIB2
0.036030542631598675,Fibroblast 2,Control,FIB2
0.050785742762248565,Fibroblast 3,Control,FIB3
-0.06549435259131063,Fibroblast 1,Control,FIB1
0.12259834579508092,Fibroblast 1,Control,FIB1
-0.04719079571686413,Fibroblast 3,Control,FIB3
-0.03752103845383514,Fibroblast 2,Control,FIB2
-0.16323187239807552,Fibroblast 3,Control,FIB3
0.009011278056566319,Fibroblast 1,Control,FIB1
-0.09228879191109761,Fibroblast 1,Control,FIB1
-0.05610205929812288,Fibroblast 2,Control,FIB2
0.03307504492443852,Fibroblast 1,Control,FIB1
-0.07800884982075865,Fibroblast 1,Control,FIB1
0.02696135535019602,Fibroblast 2,Control,FIB2
-0.015768948348910912,Fibroblast 3,Control,FIB3
0.03971993323588516,Fibroblast 1,Control,FIB1
-0.07452739228405657,Fibroblast 3,Control,FIB3
-0.10873565029876307,Fibroblast 2,Control,FIB2
-0.10650446570269861,Fibroblast 3,Control,FIB3
0.021302789401420573,Fibroblast 1,Control,FIB1
-0.10727272149259173,Fibroblast 2,Control,FIB2
0.03948990911998656,Fibroblast 1,Control,FIB1
0.0659686414144491,Fibroblast 4,Control,FIB4
-0.053224327247872155,Fibroblast 2,Control,FIB2
-0.0038270666454830356,Fibroblast 2,Control,FIB2
-0.08741109355277123,Fibroblast 2,Control,FIB2
0.009097094830627109,Fibroblast 2,Control,FIB2
0.12801559836622828,Fibroblast 4,Control,FIB4
-0.061065987510372205,Fibroblast 1,Control,FIB1
0.08965211787953,Fibroblast 3,Control,FIB3
-0.051436782709363,Fibroblast 2,Control,FIB2
-0.05185796707438415,Fibroblast 1,Control,FIB1
-0.008411306760450654,Fibroblast 2,Control,FIB2
-0.0739764677042369,Fibroblast 3,Control,FIB3
0.008586805716195231,Fibroblast 2,Control,FIB2
0.03609970885924005,Fibroblast 3,Control,FIB3
0.0549877987207886,Fibroblast 1,Control,FIB1
0.08913503517263677,Fibroblast 1,Control,FIB1
-0.038974177243646865,Fibroblast 3,Control,FIB3
-0.02806683629889152,Fibroblast 2,Control,FIB2
0.044232670911255434,Fibroblast 3,Control,FIB3
0.14906231511599854,Fibroblast 1,Control,FIB1
-0.0501535902850056,Fibroblast 3,Control,FIB3
0.0074071213265199335,Fibroblast 1,Control,FIB1
0.042019357452905595,Fibroblast 1,Control,FIB1
-0.0019498646728134464,Fibroblast 3,Control,FIB3
-0.1470793402109792,Fibroblast 2,Control,FIB2
0.049648463241447685,Fibroblast 1,Control,FIB1
-0.018527629817615472,Fibroblast 3,Control,FIB3
-0.030824012694676634,Fibroblast 1,Control,FIB1
-0.04460120822029114,Fibroblast 3,Control,FIB3
-0.08334022989621892,Fibroblast 3,Control,FIB3
-0.03123872831860883,Fibroblast 3,Control,FIB3
0.06681606160774427,Fibroblast 1,Control,FIB1
0.048375162933473756,Fibroblast 3,Control,FIB3
-0.05647505833412692,Fibroblast 3,Control,FIB3
-0.08620397913363137,Fibroblast 2,Control,FIB2
0.005703285652372698,Fibroblast 4,Control,FIB4
-0.11452067491048507,Fibroblast 2,Control,FIB2
-0.07222457999490696,Fibroblast 2,Control,FIB2
-0.04104537144965265,Fibroblast 2,Control,FIB2
-0.06404619112296847,Fibroblast 2,Control,FIB2
0.05452846061145911,Fibroblast 1,Control,FIB1
-0.02546035700057301,Fibroblast 1,Control,FIB1
0.09328972780054744,Fibroblast 1,Control,FIB1
-0.15141500870105778,Fibroblast 3,Control,FIB3
-0.1227089407105965,Fibroblast 3,Control,FIB3
0.05003860727801107,Fibroblast 1,Control,FIB1
0.017886081980486218,Fibroblast 3,Control,FIB3
-0.024427084738353765,Fibroblast 1,Control,FIB1
-0.04508839547151803,Fibroblast 2,Control,FIB2
0.05258468362153545,Fibroblast 1,Control,FIB1
0.06189437119666888,Fibroblast 4,Control,FIB4
-0.0552358676987826,Fibroblast 2,Control,FIB2
-0.007263680429849692,Fibroblast 3,Control,FIB3
-0.10825428796227907,Fibroblast 3,Control,FIB3
0.050455388253860346,Fibroblast 2,Control,FIB2
-0.13552734564799956,Fibroblast 2,Control,FIB2
0.005523902608092579,Fibroblast 3,Control,FIB3
-0.14069823491231107,Fibroblast 3,Control,FIB3
0.00808233756258611,Fibroblast 4,Control,FIB4
-0.005407840794932676,Fibroblast 4,Control,FIB4
-0.052279237078537176,Fibroblast 4,Control,FIB4
0.0016022270992087668,Fibroblast 3,Control,FIB3
-0.08851066299525645,Fibroblast 2,Control,FIB2
0.06158303384240478,Fibroblast 1,Control,FIB1
-0.09310013914896065,Fibroblast 2,Control,FIB2
0.08431131659411809,Fibroblast 1,Control,FIB1
-0.05730869912844459,Fibroblast 3,Control,FIB3
-0.0028212187859189414,Fibroblast 2,Control,FIB2
-0.01227838675704055,Fibroblast 3,Control,FIB3
-0.1329187327775505,Fibroblast 3,Control,FIB3
-0.09892665439979881,Fibroblast 2,Control,FIB2
-0.0006008462759764452,Fibroblast 2,Control,FIB2
-0.037765775130242596,Fibroblast 2,Control,FIB2
-0.08136622129216535,Fibroblast 3,Control,FIB3
-0.009273146856714246,Fibroblast 2,Control,FIB2
0.040210715845091616,Fibroblast 4,Control,FIB4
-0.06036279428125069,Fibroblast 3,Control,FIB3
-0.036050748008502845,Fibroblast 3,Control,FIB3
-0.06519999560353154,Fibroblast 3,Control,FIB3
-0.05628794800425097,Fibroblast 2,Control,FIB2
-0.011763766041728487,Fibroblast 2,Control,FIB2
-0.002424465289022352,Fibroblast 1,Control,FIB1
-0.10525076602190368,Fibroblast 3,Control,FIB3
-0.02452290436488585,Fibroblast 3,Control,FIB3
0.019348726266853345,Fibroblast 3,Control,FIB3
-0.06752228501974201,Fibroblast 3,Control,FIB3
0.020639452861535366,Fibroblast 1,Control,FIB1
0.024653145380166178,Fibroblast 1,Control,FIB1
-0.013638768210797354,Fibroblast 2,Control,FIB2
-0.19382788009321905,Fibroblast 3,Control,FIB3
-0.04877355213256061,Fibroblast 1,Control,FIB1
-0.026471006958270746,Fibroblast 2,Control,FIB2
0.12315758944473117,Fibroblast 1,Control,FIB1
-0.11452171224699446,Fibroblast 2,Control,FIB2
0.002533456051745528,Fibroblast 2,Control,FIB2
0.018020562255020474,Fibroblast 1,Control,FIB1
0.008240177304815039,Fibroblast 4,Control,FIB4
-0.06137981763424781,Fibroblast 4,Control,FIB4
-0.040203987384918156,Fibroblast 2,Control,FIB2
-0.02329452526178892,Fibroblast 1,Control,FIB1
-0.07444664274499276,Fibroblast 2,Control,FIB2
0.057444068594998676,Fibroblast 1,Control,FIB1
0.02802861650398894,Fibroblast 2,Control,FIB2
0.005742229023029125,Fibroblast 4,Control,FIB4
-0.022302259084671906,Fibroblast 2,Control,FIB2
0.08194696534426453,Fibroblast 1,Control,FIB1
-0.014945388575808377,Fibroblast 3,Control,FIB3
-0.029307019968630804,Fibroblast 3,Control,FIB3
-0.01361161936692021,Fibroblast 3,Control,FIB3
-0.008319548210952037,Fibroblast 1,Control,FIB1
0.035769484155969526,Fibroblast 1,Control,FIB1
-0.14605854697793125,Fibroblast 1,Control,FIB1
0.08008861966136804,Fibroblast 1,Control,FIB1
-0.15695993590223403,Fibroblast 3,Control,FIB3
-0.06822788211832588,Fibroblast 4,Control,FIB4
-0.1094660901789586,Fibroblast 1,Control,FIB1
-0.05525576537179991,Fibroblast 3,Control,FIB3
-0.08063215881303155,Fibroblast 2,Control,FIB2
-0.04873857034429464,Fibroblast 3,Control,FIB3
-0.13774296870833672,Fibroblast 3,Control,FIB3
-0.09218051408742098,Fibroblast 2,Control,FIB2
0.024398029969644797,Fibroblast 1,Control,FIB1
0.0081987458148656,Fibroblast 1,Control,FIB1
0.0037348568458883758,Fibroblast 2,Control,FIB2
-0.09977268034952042,Fibroblast 1,Control,FIB1
0.09127943238117113,Fibroblast 2,Control,FIB2
0.041935004870111814,Fibroblast 3,Control,FIB3
-0.07337283749520844,Fibroblast 4,Control,FIB4
0.014740037326551537,Fibroblast 2,Control,FIB2
-0.06604369306422396,Fibroblast 3,Control,FIB3
-0.008144013288481022,Fibroblast 1,Control,FIB1
-0.022730081887386837,Fibroblast 2,Control,FIB2
-0.0717807652630098,Fibroblast 3,Control,FIB3
0.0832770093264203,Fibroblast 4,Control,FIB4
0.020678138117918667,Fibroblast 1,Control,FIB1
-0.0123338599441773,Fibroblast 2,Control,FIB2
0.1378487974068136,Fibroblast 1,Control,FIB1
-0.12783829863946813,Fibroblast 2,Control,FIB2
0.01779024745049588,Fibroblast 1,Control,FIB1
0.035244123183715524,Fibroblast 4,Control,FIB4
0.01630340042161267,Fibroblast 1,Control,FIB1
-0.05279943851684424,Fibroblast 4,Control,FIB4
-0.0022238588747070832,Fibroblast 1,Control,FIB1
-0.028788277667545114,Fibroblast 3,Control,FIB3
-0.14041805774283153,Fibroblast 2,Control,FIB2
-0.06301361157915321,Fibroblast 2,Control,FIB2
-0.050041099093152394,Fibroblast 3,Control,FIB3
-0.027592960278779312,Fibroblast 3,Control,FIB3
-0.025814548964816796,Fibroblast 2,Control,FIB2
-0.03269138535088207,Fibroblast 4,Control,FIB4
0.0258943206355419,Fibroblast 3,Control,FIB3
0.10181019428279249,Fibroblast 1,Control,FIB1
0.013486504596208971,Fibroblast 3,Control,FIB3
-0.030729382237664297,Fibroblast 3,Control,FIB3
-0.12027726952719348,Fibroblast 3,Control,FIB3
-0.1224449643110044,Fibroblast 2,Control,FIB2
-0.04819086755093657,Fibroblast 3,Control,FIB3
-0.14315698248569275,Fibroblast 2,Control,FIB2
-0.06882865256892956,Fibroblast 1,Control,FIB1
-0.06442974050940818,Fibroblast 3,Control,FIB3
-0.07006018549707865,Fibroblast 2,Control,FIB2
-0.09534131755876857,Fibroblast 3,Control,FIB3
-0.027519918392731667,Fibroblast 2,Control,FIB2
0.01600765297671433,Fibroblast 3,Control,FIB3
0.01571851777737723,Fibroblast 3,Control,FIB3
-0.031045656772424504,Fibroblast 2,Control,FIB2
-0.13099727661941257,Fibroblast 3,Control,FIB3
0.06802387750800258,Fibroblast 3,Control,FIB3
-0.032461484465443134,Fibroblast 2,Control,FIB2
0.05802537136819753,Fibroblast 4,Control,FIB4
-0.027764134180093866,Fibroblast 2,Control,FIB2
-0.06944952681574425,Fibroblast 3,Control,FIB3
-0.0933667171756059,Fibroblast 3,Control,FIB3
0.02908063805012874,Fibroblast 1,Control,FIB1
-0.07891479822496168,Fibroblast 2,Control,FIB2
-0.030194601018267125,Fibroblast 3,Control,FIB3
0.06056140343664568,Fibroblast 1,Control,FIB1
-0.0629366354145677,Fibroblast 3,Control,FIB3
0.15020766086245332,Fibroblast 1,Control,FIB1
-0.07930251236133065,Fibroblast 2,Control,FIB2
-0.17996581062655687,Fibroblast 2,Control,FIB2
-0.0346075311658591,Fibroblast 2,Control,FIB2
0.07145626131507055,Fibroblast 3,Control,FIB3
0.07556443417634848,Fibroblast 1,Control,FIB1
-0.03209786086582499,Fibroblast 2,Control,FIB2
0.05640753339196558,Fibroblast 1,Control,FIB1
-0.06157992513987809,Fibroblast 1,Control,FIB1
0.06601681171018745,Fibroblast 4,Control,FIB4
-0.05485129132268575,Fibroblast 1,Control,FIB1
-0.09475265239161726,Fibroblast 3,Control,FIB3
0.12548094694419898,Fibroblast 1,Control,FIB1
0.02666041755775067,Fibroblast 3,Control,FIB3
0.061729634322084795,Fibroblast 1,Control,FIB1
-0.05325312144818595,Fibroblast 4,Control,FIB4
0.003497301525593216,Fibroblast 1,Control,FIB1
0.04448046327798221,Fibroblast 4,Control,FIB4
0.011124726468814128,Fibroblast 3,Control,FIB3
-0.01511412909733678,Fibroblast 1,Control,FIB1
-0.007519024907732118,Fibroblast 1,Control,FIB1
-0.03096019286671631,Fibroblast 1,Control,FIB1
0.10430765602198916,Fibroblast 4,Control,FIB4
-0.004528813110224815,Fibroblast 3,Control,FIB3
-0.017527919173517988,Fibroblast 1,Control,FIB1
-0.07431706494919983,Fibroblast 3,Control,FIB3
-0.022804186865732216,Fibroblast 2,Control,FIB2
-0.04625356877574613,Fibroblast 2,Control,FIB2
0.04036749185709232,Fibroblast 3,Control,FIB3
-0.06255265522891208,Fibroblast 1,Control,FIB1
-0.06112049398629603,Fibroblast 2,Control,FIB2
-0.033774137673859755,Fibroblast 2,Control,FIB2
-0.045373485552284334,Fibroblast 2,Control,FIB2
-0.04062672537991151,Fibroblast 3,Control,FIB3
-0.05977070597534764,Fibroblast 2,Control,FIB2
-0.054920253717949334,Fibroblast 3,Control,FIB3
-0.0733758657022218,Fibroblast 2,Control,FIB2
-0.08306021323822486,Fibroblast 1,Control,FIB1
-0.10441768047875848,Fibroblast 2,Control,FIB2
-0.041057727215292536,Fibroblast 3,Control,FIB3
-0.010898071780030869,Fibroblast 3,Control,FIB3
0.004720921491933469,Fibroblast 4,Control,FIB4
0.11459751316199221,Fibroblast 1,Control,FIB1
-0.0024000924504273724,Fibroblast 2,Control,FIB2
0.020082698042398824,Fibroblast 3,Control,FIB3
0.01591053954620761,Fibroblast 3,Control,FIB3
0.015535139972214042,Fibroblast 2,Control,FIB2
0.06053130021323765,Fibroblast 3,Control,FIB3
-0.04205960931377942,Fibroblast 2,Control,FIB2
0.08824726146148967,Fibroblast 3,Control,FIB3
-0.09538834648022598,Fibroblast 3,Control,FIB3
-0.10781451218859928,Fibroblast 3,Control,FIB3
-0.036235466379828475,Fibroblast 3,Control,FIB3
-0.03156415275526522,Fibroblast 3,Control,FIB3
0.0987091594560088,Fibroblast 1,Control,FIB1
-0.08145337089185212,Fibroblast 3,Control,FIB3
-0.007876916563004266,Fibroblast 3,Control,FIB3
-0.04770985226170976,Fibroblast 4,Control,FIB4
-0.026054094027752626,Fibroblast 3,Control,FIB3
-0.04537063957599353,Fibroblast 2,Control,FIB2
-0.15414316817068469,Fibroblast 2,Control,FIB2
-0.10050401519672825,Fibroblast 3,Control,FIB3
0.06355609968895362,Fibroblast 3,Control,FIB3
0.03322627907549664,Fibroblast 3,Control,FIB3
-0.07654334242912739,Fibroblast 3,Control,FIB3
-0.11751992131198617,Fibroblast 2,Control,FIB2
-0.003647457230936957,Fibroblast 3,Control,FIB3
-0.023623467553923833,Fibroblast 3,Control,FIB3
-0.07437983802995578,Fibroblast 3,Control,FIB3
-0.09711992400093741,Fibroblast 2,Control,FIB2
-0.06516765930371576,Fibroblast 2,Control,FIB2
-0.07895315932384041,Fibroblast 3,Control,FIB3
-0.0712122874239996,Fibroblast 4,Control,FIB4
-0.016429033006997246,Fibroblast 3,Control,FIB3
0.0005161399561828366,Fibroblast 4,Control,FIB4
0.011961146269267715,Fibroblast 2,Control,FIB2
0.044192598470418176,Fibroblast 1,Control,FIB1
-0.06793843346858804,Fibroblast 2,Control,FIB2
-0.07762982861452777,Fibroblast 3,Control,FIB3
0.0657815858664532,Fibroblast 4,Control,FIB4
-0.03451816623942283,Fibroblast 2,Control,FIB2
-0.08595647060620981,Fibroblast 3,Control,FIB3
-0.05321217977358456,Fibroblast 2,Control,FIB2
-0.07859952026339764,Fibroblast 2,Control,FIB2
0.01061324036110994,Fibroblast 3,Control,FIB3
-0.07800357274523118,Fibroblast 2,Control,FIB2
0.025398816657788058,Fibroblast 2,Control,FIB2
0.013329416966193816,Fibroblast 1,Control,FIB1
0.036667910786401706,Fibroblast 3,Control,FIB3
-0.03977418232112971,Fibroblast 3,Control,FIB3
0.024089830337898147,Fibroblast 3,Control,FIB3
0.02048612109827441,Fibroblast 2,Control,FIB2
0.06840349550160847,Fibroblast 1,Control,FIB1
-0.009187444456332058,Fibroblast 1,Control,FIB1
-0.11790681102686908,Fibroblast 2,Control,FIB2
-0.07460496261540309,Fibroblast 2,Control,FIB2
-0.09662453524337417,Fibroblast 1,Control,FIB1
0.0082681730424079,Fibroblast 2,Control,FIB2
0.03530293848904976,Fibroblast 3,Control,FIB3
0.02951972860506312,Fibroblast 1,Control,FIB1
-0.08974911619368185,Fibroblast 2,Control,FIB2
0.022670965153124577,Fibroblast 1,Control,FIB1
-0.06174537246940059,Fibroblast 3,Control,FIB3
0.038395313682062185,Fibroblast 4,Control,FIB4
0.04711465357121133,Fibroblast 1,Control,FIB1
0.01600379752873885,Fibroblast 3,Control,FIB3
-0.03056018630818911,Fibroblast 3,Control,FIB3
0.1327265672719316,Fibroblast 1,Control,FIB1
-0.02982170420501662,Fibroblast 2,Control,FIB2
-0.05432073865336811,Fibroblast 2,Control,FIB2
-0.07597148420210545,Fibroblast 2,Control,FIB2
0.08707273785652593,Fibroblast 1,Control,FIB1
-0.04242331521250205,Fibroblast 3,Control,FIB3
0.0261375556381448,Fibroblast 1,Control,FIB1
-0.04602039406793079,Fibroblast 3,Control,FIB3
-0.050581908812942986,Fibroblast 4,Control,FIB4
0.016790915181590184,Fibroblast 1,Control,FIB1
-0.07865369452409549,Fibroblast 3,Control,FIB3
0.011222187967276406,Fibroblast 1,Control,FIB1
0.006336132601166744,Fibroblast 2,Control,FIB2
-0.03250796993456326,Fibroblast 1,Control,FIB1
-0.051075131367649164,Fibroblast 3,Control,FIB3
-0.01374406623133725,Fibroblast 3,Control,FIB3
0.0032627645535695197,Fibroblast 3,Control,FIB3
0.03918914405580645,Fibroblast 1,Control,FIB1
-0.16059558821886685,Fibroblast 4,Control,FIB4
-0.027591572156819896,Fibroblast 2,Control,FIB2
-0.05053484890657378,Fibroblast 2,Control,FIB2
-0.06583365320651416,Fibroblast 3,Control,FIB3
-0.06294263215606387,Fibroblast 3,Control,FIB3
0.021368291514386316,Fibroblast 1,Control,FIB1
0.03486734007409233,Fibroblast 1,Control,FIB1
-0.015563732138344336,Fibroblast 3,Control,FIB3
0.024336558137018367,Fibroblast 3,Control,FIB3
0.1002818192218632,Fibroblast 1,Expanded,FIB1
0.10004482789547126,Fibroblast 2,Expanded,FIB2
-0.007276747177380007,Fibroblast 3,Expanded,FIB3
0.14934117018105472,Fibroblast 4,Expanded,FIB4
0.16474333997621826,Fibroblast 4,Expanded,FIB4
0.123210139867557,Fibroblast 1,Expanded,FIB1
0.159275269365188,Fibroblast 1,Expanded,FIB1
0.05951821096698887,Fibroblast 1,Expanded,FIB1
0.03320442225158493,Fibroblast 1,Expanded,FIB1
0.15863678695024175,Fibroblast 4,Expanded,FIB4
0.12327631970119868,Fibroblast 1,Expanded,FIB1
0.038390350256906375,Fibroblast 4,Expanded,FIB4
0.07206847526941162,Fibroblast 1,Expanded,FIB1
0.08752208186221394,Fibroblast 4,Expanded,FIB4
-0.07794654059628953,Fibroblast 1,Expanded,FIB1
0.09295874006235764,Fibroblast 4,Expanded,FIB4
0.12329373202335678,Fibroblast 1,Expanded,FIB1
0.18948156933677815,Fibroblast 1,Expanded,FIB1
0.1358853490753609,Fibroblast 1,Expanded,FIB1
0.17221752796663303,Fibroblast 4,Expanded,FIB4
-0.09976488213738524,Fibroblast 2,Expanded,FIB2
0.24161547623550975,Fibroblast 1,Expanded,FIB1
0.10393518397083212,Fibroblast 1,Expanded,FIB1
0.16240464330947707,Fibroblast 1,Expanded,FIB1
0.06053976136562163,Fibroblast 4,Expanded,FIB4
-0.012905116642260309,Fibroblast 2,Expanded,FIB2
-0.008862007595649635,Fibroblast 2,Expanded,FIB2
0.03248049622141477,Fibroblast 4,Expanded,FIB4
0.10245712733909879,Fibroblast 4,Expanded,FIB4
0.10020396031007345,Fibroblast 3,Expanded,FIB3
0.04713486386774009,Fibroblast 3,Expanded,FIB3
0.08174604357825867,Fibroblast 2,Expanded,FIB2
0.06757910523563493,Fibroblast 4,Expanded,FIB4
0.033018912450325205,Fibroblast 3,Expanded,FIB3
0.132671781460999,Fibroblast 4,Expanded,FIB4
0.10323833821118455,Fibroblast 4,Expanded,FIB4
0.18720288734188428,Fibroblast 4,Expanded,FIB4
0.10691039183619738,Fibroblast 3,Expanded,FIB3
0.1098079998007649,Fibroblast 4,Expanded,FIB4
0.03965084093428467,Fibroblast 4,Expanded,FIB4
0.1360112055878056,Fibroblast 4,Expanded,FIB4
-0.05493363002675187,Fibroblast 3,Expanded,FIB3
0.1547947472786637,Fibroblast 2,Expanded,FIB2
0.061545360552177866,Fibroblast 3,Expanded,FIB3
0.03710102498796604,Fibroblast 3,Expanded,FIB3
-0.026112254749214865,Fibroblast 3,Expanded,FIB3
0.1139318165228364,Fibroblast 2,Expanded,FIB2
0.08114188691839885,Fibroblast 1,Expanded,FIB1
0.1148913469838153,Fibroblast 3,Expanded,FIB3
0.12943096280935934,Fibroblast 1,Expanded,FIB1
0.13049313388249967,Fibroblast 3,Expanded,FIB3
-0.0010720771467701007,Fibroblast 3,Expanded,FIB3
0.07091484358032579,Fibroblast 4,Expanded,FIB4
0.1299160263913036,Fibroblast 3,Expanded,FIB3
0.0041610943400547384,Fibroblast 3,Expanded,FIB3
0.13063555980657815,Fibroblast 2,Expanded,FIB2
-0.08088679705016219,Fibroblast 3,Expanded,FIB3
0.16425315786912276,Fibroblast 3,Expanded,FIB3
-0.15921387551833777,Fibroblast 4,Expanded,FIB4
0.09936798758292811,Fibroblast 1,Expanded,FIB1
0.11235537419509439,Fibroblast 1,Expanded,FIB1
0.20300697668232773,Fibroblast 1,Expanded,FIB1
0.1844694592760102,Fibroblast 1,Expanded,FIB1
-0.017163447095948244,Fibroblast 3,Expanded,FIB3
0.09806843857031015,Fibroblast 4,Expanded,FIB4
-0.09691629055064466,Fibroblast 2,Control,FIB2
-0.043546051348169156,Fibroblast 2,Control,FIB2
-0.08297782245737334,Fibroblast 3,Control,FIB3
-0.07743632302166091,Fibroblast 2,Control,FIB2
-0.03782999411469127,Fibroblast 3,Control,FIB3
-0.0811290813246671,Fibroblast 3,Control,FIB3
-0.007478187002281936,Fibroblast 3,Control,FIB3
-0.004347400509639287,Fibroblast 1,Control,FIB1
-0.0044224743693053415,Fibroblast 1,Control,FIB1
-0.1304441797728358,Fibroblast 2,Control,FIB2
-0.02940679643912769,Fibroblast 2,Control,FIB2
-0.07485335069171202,Fibroblast 3,Control,FIB3
-0.07259839890797826,Fibroblast 3,Control,FIB3
-0.08602890157643325,Fibroblast 2,Control,FIB2
-0.01903541150788096,Fibroblast 3,Control,FIB3
0.00800465174887448,Fibroblast 1,Control,FIB1
0.09779453165328483,Fibroblast 1,Control,FIB1
-0.029723120997794297,Fibroblast 3,Control,FIB3
-0.05704364980747786,Fibroblast 3,Control,FIB3
-0.09695751367738523,Fibroblast 2,Control,FIB2
-0.06109553930728101,Fibroblast 3,Control,FIB3
-0.15988838568630404,Fibroblast 2,Control,FIB2
-0.10547077979173716,Fibroblast 2,Control,FIB2
-0.07621005386979791,Fibroblast 4,Control,FIB4
-0.14834555172416242,Fibroblast 2,Control,FIB2
0.05835722467634591,Fibroblast 1,Control,FIB1
-0.015503020370034648,Fibroblast 1,Control,FIB1
0.08328918932220938,Fibroblast 2,Control,FIB2
-0.12815110972245625,Fibroblast 3,Control,FIB3
-0.07640095993251989,Fibroblast 3,Control,FIB3
0.10371958402418652,Fibroblast 1,Control,FIB1
0.005889024411449839,Fibroblast 3,Control,FIB3
-0.10720911153385211,Fibroblast 2,Control,FIB2
0.05574453307026324,Fibroblast 3,Control,FIB3
-0.07476326639277463,Fibroblast 2,Control,FIB2
-0.09247742979787973,Fibroblast 1,Control,FIB1
0.036107149900290354,Fibroblast 1,Control,FIB1
-0.024333858941484564,Fibroblast 1,Control,FIB1
-0.10964735046021842,Fibroblast 2,Control,FIB2
0.0775935376163821,Fibroblast 1,Control,FIB1
-0.030836626997239217,Fibroblast 2,Control,FIB2
-0.12058779920309887,Fibroblast 2,Control,FIB2
-0.032156320101064166,Fibroblast 2,Control,FIB2
-0.007570548530065389,Fibroblast 2,Control,FIB2
-0.12060336145697226,Fibroblast 2,Control,FIB2
0.04528435773046775,Fibroblast 1,Control,FIB1
0.0405160108303169,Fibroblast 1,Control,FIB1
-0.09978250530269822,Fibroblast 1,Control,FIB1
-0.055503157713244475,Fibroblast 3,Control,FIB3
0.043503384508891296,Fibroblast 4,Control,FIB4
-0.040460828348935864,Fibroblast 2,Control,FIB2
-0.0681483361594881,Fibroblast 3,Control,FIB3
-0.0698386086549486,Fibroblast 3,Control,FIB3
0.023214875116549353,Fibroblast 1,Control,FIB1
-0.10509256614704207,Fibroblast 3,Control,FIB3
0.095767040664724,Fibroblast 1,Control,FIB1
-0.06163817505084039,Fibroblast 1,Control,FIB1
-0.09262483861894244,Fibroblast 2,Control,FIB2
-0.07406582664883127,Fibroblast 1,Control,FIB1
0.1027654894652958,Fibroblast 1,Control,FIB1
-0.08176407349795667,Fibroblast 2,Control,FIB2
-0.05173470864774658,Fibroblast 3,Control,FIB3
0.4549597170222881,Fibroblast 1,Control,FIB1
-0.1357724566157157,Fibroblast 2,Control,FIB2
-0.04442085134681859,Fibroblast 3,Control,FIB3
-0.0007383607756315073,Fibroblast 3,Control,FIB3
-0.014404509339963803,Fibroblast 3,Control,FIB3
0.0881923500597055,Fibroblast 1,Control,FIB1
-0.0017851720183786057,Fibroblast 1,Control,FIB1
-0.0028474741250322094,Fibroblast 1,Control,FIB1
-0.015840152470515935,Fibroblast 1,Control,FIB1
0.05852472353797499,Fibroblast 1,Control,FIB1
-0.04123294883948633,Fibroblast 2,Control,FIB2
0.004603698610210899,Fibroblast 1,Control,FIB1
-0.11409012683128154,Fibroblast 2,Control,FIB2
-0.060778306252155245,Fibroblast 2,Control,FIB2
0.06090867585555482,Fibroblast 1,Control,FIB1
-0.02736582147270531,Fibroblast 1,Control,FIB1
-0.09877038454405439,Fibroblast 2,Control,FIB2
-0.04515861598184111,Fibroblast 3,Control,FIB3
-0.06536836365462406,Fibroblast 3,Control,FIB3
0.08530269669943025,Fibroblast 1,Control,FIB1
-0.051654891979455525,Fibroblast 1,Control,FIB1
-0.050629619364728665,Fibroblast 2,Control,FIB2
-0.09043456513322688,Fibroblast 2,Control,FIB2
0.0033936640282901855,Fibroblast 3,Control,FIB3
-0.08504648809962695,Fibroblast 3,Control,FIB3
-0.12451762083477463,Fibroblast 2,Control,FIB2
-0.037940263237897134,Fibroblast 3,Control,FIB3
0.11264624086045193,Fibroblast 1,Control,FIB1
-0.11006621931507232,Fibroblast 3,Control,FIB3
-0.07375798471247347,Fibroblast 2,Control,FIB2
0.052827058627268365,Fibroblast 2,Control,FIB2
0.05327558993461796,Fibroblast 1,Control,FIB1
0.08136347742487784,Fibroblast 1,Control,FIB1
-0.1303641350004872,Fibroblast 2,Control,FIB2
-0.1246720951044539,Fibroblast 3,Control,FIB3
-0.09231961325608615,Fibroblast 3,Control,FIB3
0.044884587763615445,Fibroblast 3,Control,FIB3
-0.11987034098245944,Fibroblast 3,Control,FIB3
0.041385205843571554,Fibroblast 2,Control,FIB2
-0.06729977806226078,Fibroblast 3,Control,FIB3
-0.1122589022311629,Fibroblast 2,Control,FIB2
-0.1000514993286759,Fibroblast 2,Control,FIB2
-0.12989176545147374,Fibroblast 3,Control,FIB3
-0.003417279077990769,Fibroblast 1,Control,FIB1
-0.17124477481902112,Fibroblast 2,Control,FIB2
-0.05245869188106263,Fibroblast 3,Control,FIB3
-0.07129376163265908,Fibroblast 2,Control,FIB2
-0.05190225458647324,Fibroblast 2,Control,FIB2
-0.04915761074116734,Fibroblast 3,Control,FIB3
-0.044202561334910045,Fibroblast 3,Control,FIB3
-0.09606004806324474,Fibroblast 2,Control,FIB2
0.06230440242308885,Fibroblast 1,Control,FIB1
-0.03372416699959141,Fibroblast 3,Control,FIB3
0.035460003206397146,Fibroblast 3,Control,FIB3
-0.02431181110638806,Fibroblast 3,Control,FIB3
-0.08146808405819694,Fibroblast 3,Control,FIB3
-0.1456078070550932,Fibroblast 2,Control,FIB2
-0.11043549434404687,Fibroblast 2,Control,FIB2
-0.054752825493111466,Fibroblast 2,Control,FIB2
-0.05569857204471498,Fibroblast 2,Control,FIB2
-0.02721857602829132,Fibroblast 3,Control,FIB3
-0.06856504033249422,Fibroblast 2,Control,FIB2
-0.007973637789299805,Fibroblast 3,Control,FIB3
-0.04294431564567208,Fibroblast 2,Control,FIB2
0.06902952411280296,Fibroblast 1,Control,FIB1
-0.10933105443833466,Fibroblast 3,Control,FIB3
-0.013016387294578977,Fibroblast 3,Control,FIB3
-0.11723702751371744,Fibroblast 1,Control,FIB1
-0.042142125245713105,Fibroblast 1,Control,FIB1
-0.010018359845234436,Fibroblast 4,Control,FIB4
-0.045099099666615974,Fibroblast 2,Control,FIB2
-0.10423209603251035,Fibroblast 2,Control,FIB2
-0.040520191000603126,Fibroblast 2,Control,FIB2
-0.07436496230490289,Fibroblast 3,Control,FIB3
-0.01813999251130463,Fibroblast 1,Control,FIB1
-0.05988836377918125,Fibroblast 3,Control,FIB3
-0.04240491999575498,Fibroblast 3,Control,FIB3
0.04748009954489895,Fibroblast 3,Control,FIB3
0.04654480551995304,Fibroblast 1,Control,FIB1
-0.061703527688458285,Fibroblast 2,Control,FIB2
0.01825286185803439,Fibroblast 3,Control,FIB3
-0.18638435327424407,Fibroblast 2,Control,FIB2
-0.11855694106307982,Fibroblast 2,Control,FIB2
-0.09749827359057874,Fibroblast 2,Control,FIB2
-0.04888031120920627,Fibroblast 1,Control,FIB1
-0.0728903099048201,Fibroblast 3,Control,FIB3
0.1482577745950781,Fibroblast 1,Control,FIB1
-0.11793950639513007,Fibroblast 2,Control,FIB2
0.003688261378897696,Fibroblast 3,Control,FIB3
0.05237940794730823,Fibroblast 4,Control,FIB4
-0.04071708391815589,Fibroblast 2,Control,FIB2
-0.03319145638398742,Fibroblast 1,Control,FIB1
0.009604088696803438,Fibroblast 4,Control,FIB4
-0.02561921234451457,Fibroblast 1,Control,FIB1
0.07291952871381042,Fibroblast 1,Control,FIB1
-0.10318117345121887,Fibroblast 2,Control,FIB2
0.04213991116834176,Fibroblast 1,Control,FIB1
-0.17974835760496105,Fibroblast 1,Control,FIB1
-0.1263350932746164,Fibroblast 2,Control,FIB2
-0.1782800683414335,Fibroblast 2,Control,FIB2
-4.07626903847335e-05,Fibroblast 2,Control,FIB2
-0.09194210114072891,Fibroblast 3,Control,FIB3
-0.103841197506522,Fibroblast 2,Control,FIB2
-0.03425033705738236,Fibroblast 4,Control,FIB4
-0.1119075211298449,Fibroblast 4,Control,FIB4
-0.07987572625994836,Fibroblast 2,Control,FIB2
-0.03896937239882474,Fibroblast 3,Control,FIB3
-0.060392350175379396,Fibroblast 1,Control,FIB1
-0.15008042064745422,Fibroblast 2,Control,FIB2
0.0025303948616181085,Fibroblast 3,Control,FIB3
-0.17858760669971457,Fibroblast 2,Control,FIB2
-0.09335441396434861,Fibroblast 2,Control,FIB2
-0.06645878826820814,Fibroblast 1,Control,FIB1
-0.04763906824161755,Fibroblast 2,Control,FIB2
-0.10076484897208442,Fibroblast 2,Control,FIB2
-0.03475201168625093,Fibroblast 3,Control,FIB3
0.03583248015039153,Fibroblast 1,Control,FIB1
-0.19020851956308812,Fibroblast 2,Control,FIB2
-0.06452125634849429,Fibroblast 3,Control,FIB3
0.11347050361028053,Fibroblast 1,Control,FIB1
-0.10072308253331623,Fibroblast 2,Control,FIB2
-0.07633965633040503,Fibroblast 2,Control,FIB2
-0.048320940587388964,Fibroblast 1,Control,FIB1
0.009013216006137303,Fibroblast 1,Control,FIB1
0.049473430084819095,Fibroblast 1,Control,FIB1
-0.01672858884736058,Fibroblast 3,Control,FIB3
-0.10848333118204012,Fibroblast 3,Control,FIB3
-0.009187154025091505,Fibroblast 1,Control,FIB1
0.0845626024907494,Fibroblast 1,Control,FIB1
-0.03396139326361434,Fibroblast 1,Control,FIB1
-0.16437749507966065,Fibroblast 2,Control,FIB2
-0.004262823400212088,Fibroblast 3,Control,FIB3
-0.048833821275381495,Fibroblast 3,Control,FIB3
-0.13808141299299495,Fibroblast 2,Control,FIB2
-0.1000390562937265,Fibroblast 3,Control,FIB3
-0.15682079789942116,Fibroblast 1,Control,FIB1
0.09653575700607886,Fibroblast 1,Control,FIB1
-0.031190670951741453,Fibroblast 2,Control,FIB2
-0.03959713227137058,Fibroblast 3,Control,FIB3
-0.07932981004099034,Fibroblast 2,Control,FIB2
0.014675278142399849,Fibroblast 2,Control,FIB2
-0.05675440519406748,Fibroblast 3,Control,FIB3
0.030486466501164787,Fibroblast 1,Control,FIB1
-0.051895718901497384,Fibroblast 3,Control,FIB3
0.025229295465898537,Fibroblast 2,Control,FIB2
-0.08059344111402302,Fibroblast 3,Control,FIB3
-0.02978785273428958,Fibroblast 2,Control,FIB2
-0.08671378691722298,Fibroblast 1,Control,FIB1
-0.12356005001216012,Fibroblast 2,Control,FIB2
0.07332901803804712,Fibroblast 1,Control,FIB1
0.058934869843631874,Fibroblast 1,Control,FIB1
-0.12579300599638923,Fibroblast 2,Control,FIB2
-0.09014974121029525,Fibroblast 2,Control,FIB2
0.008494521021512744,Fibroblast 1,Control,FIB1
-0.11070149529822937,Fibroblast 2,Control,FIB2
-0.0580453096718091,Fibroblast 4,Control,FIB4
-0.08571879951196104,Fibroblast 3,Control,FIB3
-0.062392184183452534,Fibroblast 2,Control,FIB2
-0.02331134656465191,Fibroblast 2,Control,FIB2
0.013599919530256986,Fibroblast 3,Control,FIB3
-0.16267215592582857,Fibroblast 3,Control,FIB3
-0.12313711460912494,Fibroblast 2,Control,FIB2
-0.1377468834206604,Fibroblast 3,Control,FIB3
0.052027110096326074,Fibroblast 2,Control,FIB2
-0.01240586361784051,Fibroblast 1,Control,FIB1
-0.022627119108113443,Fibroblast 1,Control,FIB1
-0.11585624523105463,Fibroblast 2,Control,FIB2
0.035929400063796024,Fibroblast 1,Control,FIB1
0.03047252422823376,Fibroblast 3,Control,FIB3
-0.055850823617206294,Fibroblast 3,Control,FIB3
0.12744555238474556,Fibroblast 1,Control,FIB1
-0.048136856410428155,Fibroblast 2,Control,FIB2
-0.16027505534463893,Fibroblast 2,Control,FIB2
-0.0029165453531741145,Fibroblast 3,Control,FIB3
0.017651378727223978,Fibroblast 3,Control,FIB3
-0.0818748951720813,Fibroblast 3,Control,FIB3
-0.01074870225808975,Fibroblast 3,Control,FIB3
-0.056888883862073476,Fibroblast 2,Control,FIB2
-0.1653415093095169,Fibroblast 2,Control,FIB2
0.02966512373816517,Fibroblast 1,Control,FIB1
-0.10836275877138746,Fibroblast 3,Control,FIB3
-0.08437165046687434,Fibroblast 2,Control,FIB2
-0.12298213398689911,Fibroblast 2,Control,FIB2
0.007978828219510563,Fibroblast 3,Control,FIB3
-0.026606651475199226,Fibroblast 3,Control,FIB3
-0.1535476995175126,Fibroblast 2,Control,FIB2
-0.04274818327860367,Fibroblast 1,Control,FIB1
-0.02242577126883314,Fibroblast 3,Control,FIB3
-0.183616724706641,Fibroblast 3,Control,FIB3
-0.07407837276198186,Fibroblast 1,Control,FIB1
-0.045641530427356636,Fibroblast 3,Control,FIB3
-0.1413783392368123,Fibroblast 1,Control,FIB1
0.03812770968263694,Fibroblast 1,Control,FIB1
-0.04295291897993864,Fibroblast 3,Control,FIB3
-0.08924695629699528,Fibroblast 2,Control,FIB2
-0.056536468725333064,Fibroblast 2,Control,FIB2
0.0053167056916082304,Fibroblast 3,Control,FIB3
-0.09640749028347165,Fibroblast 3,Control,FIB3
-0.09938663450060493,Fibroblast 2,Control,FIB2
-0.006870781055655695,Fibroblast 3,Control,FIB3
-0.10464263693860476,Fibroblast 4,Control,FIB4
-0.048345627454376996,Fibroblast 3,Control,FIB3
-0.0276212063279599,Fibroblast 2,Control,FIB2
-0.0006455536311753707,Fibroblast 3,Control,FIB3
-0.011332207365311809,Fibroblast 1,Control,FIB1
-0.22418704186534977,Fibroblast 2,Control,FIB2
-0.0339268989423651,Fibroblast 3,Control,FIB3
-0.01180243120353942,Fibroblast 2,Control,FIB2
-0.018906514133986488,Fibroblast 2,Control,FIB2
-0.05492408286929944,Fibroblast 1,Control,FIB1
-0.02470694546547504,Fibroblast 3,Control,FIB3
-0.03183598794222496,Fibroblast 2,Control,FIB2
-0.15561765885338685,Fibroblast 2,Control,FIB2
-0.12166077967113988,Fibroblast 2,Control,FIB2
0.014265132610847827,Fibroblast 2,Control,FIB2
-0.06955324326963051,Fibroblast 2,Control,FIB2
-0.15607287122781716,Fibroblast 3,Control,FIB3
-0.019504550919886655,Fibroblast 3,Control,FIB3
0.10035813449629008,Fibroblast 1,Control,FIB1
-0.07848542999020613,Fibroblast 2,Control,FIB2
0.09643742433741832,Fibroblast 3,Control,FIB3
-0.10876715322195547,Fibroblast 2,Control,FIB2
0.00864499968579397,Fibroblast 2,Control,FIB2
0.10257540507687088,Fibroblast 1,Control,FIB1
-0.03301785487779076,Fibroblast 3,Control,FIB3
-0.06672074813331513,Fibroblast 3,Control,FIB3
-0.08145396768259243,Fibroblast 2,Control,FIB2
-0.11870077837419715,Fibroblast 2,Control,FIB2
-0.1056815436977251,Fibroblast 3,Control,FIB3
0.039990325671958676,Fibroblast 3,Control,FIB3
-0.1207525683244852,Fibroblast 2,Control,FIB2
-0.07013958920849572,Fibroblast 2,Control,FIB2
-0.028129379340477056,Fibroblast 1,Control,FIB1
-0.03053995846465108,Fibroblast 1,Control,FIB1
-0.09570286620398948,Fibroblast 2,Control,FIB2
0.1025499899804127,Fibroblast 3,Control,FIB3
0.16483514164223806,Fibroblast 1,Control,FIB1
-0.022910499708011706,Fibroblast 3,Control,FIB3
-0.022441764705059535,Fibroblast 1,Control,FIB1
-0.030674732400318625,Fibroblast 3,Control,FIB3
0.02228765405577307,Fibroblast 1,Control,FIB1
-0.11836197583836171,Fibroblast 1,Control,FIB1
-0.004531829671098473,Fibroblast 3,Control,FIB3
0.022491857237791082,Fibroblast 3,Control,FIB3
-0.03286760760197936,Fibroblast 1,Control,FIB1
-0.11564199746425499,Fibroblast 2,Control,FIB2
-0.01128466340675436,Fibroblast 1,Control,FIB1
-0.10750954689538698,Fibroblast 2,Control,FIB2
-0.046023464937908376,Fibroblast 2,Control,FIB2
-0.1456312385483998,Fibroblast 1,Control,FIB1
-0.24761708887421527,Fibroblast 2,Control,FIB2
-0.07827255296770086,Fibroblast 2,Control,FIB2
-0.023806062846361917,Fibroblast 3,Control,FIB3
-0.10348090528577115,Fibroblast 2,Control,FIB2
0.16440750965048578,Fibroblast 1,Control,FIB1
-0.05882185504208522,Fibroblast 1,Control,FIB1
-0.07028720235925584,Fibroblast 2,Control,FIB2
-0.05463689654147984,Fibroblast 1,Control,FIB1
0.020276563339575598,Fibroblast 3,Control,FIB3
-0.11433207789823112,Fibroblast 2,Control,FIB2
-0.12642583646248062,Fibroblast 3,Control,FIB3
-0.03256231784870597,Fibroblast 3,Control,FIB3
0.02373099469096803,Fibroblast 3,Control,FIB3
-0.06848745227246401,Fibroblast 2,Control,FIB2
-0.050606759686837366,Fibroblast 3,Control,FIB3
0.07490977598061932,Fibroblast 1,Control,FIB1
0.049645087803724064,Fibroblast 1,Control,FIB1
0.0558410463846969,Fibroblast 3,Control,FIB3
0.10963270944187722,Fibroblast 1,Control,FIB1
-0.08829762765462654,Fibroblast 2,Control,FIB2
-0.16952160834370106,Fibroblast 3,Control,FIB3
-0.15022039471805554,Fibroblast 2,Control,FIB2
-0.03141340187631324,Fibroblast 3,Control,FIB3
-0.07722776706606392,Fibroblast 2,Control,FIB2
-0.11443327125637091,Fibroblast 2,Control,FIB2
-0.1013692777616962,Fibroblast 2,Control,FIB2
0.015924832912206636,Fibroblast 2,Control,FIB2
-0.024030795965941862,Fibroblast 4,Control,FIB4
0.025085387108443713,Fibroblast 1,Control,FIB1
0.003951008714316523,Fibroblast 4,Control,FIB4
-0.08914711351818724,Fibroblast 3,Control,FIB3
0.03615993829804501,Fibroblast 3,Control,FIB3
-0.08867440821758932,Fibroblast 3,Control,FIB3
-0.030789132185590193,Fibroblast 2,Control,FIB2
-0.08306546695083432,Fibroblast 2,Control,FIB2
0.07868340550390833,Fibroblast 4,Control,FIB4
-0.014856967459838838,Fibroblast 1,Control,FIB1
-0.1188216358728273,Fibroblast 2,Control,FIB2
0.007983472709306324,Fibroblast 3,Control,FIB3
-0.10037691772988676,Fibroblast 2,Control,FIB2
0.024558878539420452,Fibroblast 3,Control,FIB3
-0.067775934323931,Fibroblast 2,Control,FIB2
0.07026053230092948,Fibroblast 1,Control,FIB1
-0.041173213237403035,Fibroblast 2,Control,FIB2
-0.037804777312138146,Fibroblast 2,Control,FIB2
-0.14421111498143582,Fibroblast 3,Control,FIB3
-0.0031014670817455913,Fibroblast 3,Control,FIB3
-0.07298311516657535,Fibroblast 2,Control,FIB2
0.13754658417923182,Fibroblast 1,Control,FIB1
-0.09854021197518739,Fibroblast 2,Control,FIB2
0.00026857621022266,Fibroblast 1,Control,FIB1
-0.12756588825824106,Fibroblast 1,Control,FIB1
0.06966684936450865,Fibroblast 1,Control,FIB1
0.040984432390627316,Fibroblast 1,Control,FIB1
-0.09592072864506498,Fibroblast 2,Control,FIB2
-0.1337746762500772,Fibroblast 3,Control,FIB3
0.007516120083372137,Fibroblast 2,Control,FIB2
-0.09341491792610307,Fibroblast 3,Control,FIB3
-0.0550302543317894,Fibroblast 2,Control,FIB2
0.05325216566588238,Fibroblast 1,Control,FIB1
0.07275267604365036,Fibroblast 1,Control,FIB1
0.12026484838040717,Fibroblast 1,Control,FIB1
-0.08875159978661384,Fibroblast 3,Control,FIB3
0.07293085335771826,Fibroblast 1,Control,FIB1
-0.0760502027621791,Fibroblast 3,Control,FIB3
-0.06730372273834948,Fibroblast 2,Control,FIB2
-0.013721776749499325,Fibroblast 2,Control,FIB2
-0.06559146110606424,Fibroblast 2,Control,FIB2
-0.045451363584911725,Fibroblast 3,Control,FIB3
-0.052280827989554225,Fibroblast 3,Control,FIB3
-0.08441328581355924,Fibroblast 4,Control,FIB4
-0.0920215633594284,Fibroblast 3,Control,FIB3
-0.10389620348723565,Fibroblast 3,Control,FIB3
-0.01196688426671204,Fibroblast 3,Control,FIB3
0.04341959969212354,Fibroblast 3,Control,FIB3
0.005112686719313545,Fibroblast 2,Control,FIB2
0.054673358215194895,Fibroblast 1,Control,FIB1
-0.011543209320622416,Fibroblast 1,Control,FIB1
-0.020084899751210097,Fibroblast 3,Control,FIB3
-0.112369908912745,Fibroblast 2,Control,FIB2
0.49167298928427,Fibroblast 1,Control,FIB1
-0.009879371889380657,Fibroblast 1,Control,FIB1
0.02082340920570864,Fibroblast 1,Control,FIB1
0.14674644369291015,Fibroblast 1,Control,FIB1
-0.020515517772895456,Fibroblast 1,Control,FIB1
-0.05510963722239372,Fibroblast 2,Control,FIB2
-0.07025269935556676,Fibroblast 2,Control,FIB2
-0.039675154218264966,Fibroblast 2,Control,FIB2
-0.09341750013686073,Fibroblast 2,Control,FIB2
-0.05838115258184204,Fibroblast 2,Control,FIB2
-0.031101485501186833,Fibroblast 2,Control,FIB2
-0.11011448789770523,Fibroblast 1,Control,FIB1
-0.11345875372401915,Fibroblast 2,Control,FIB2
-0.07970539046306309,Fibroblast 3,Control,FIB3
-0.10353851457618335,Fibroblast 3,Control,FIB3
-0.016676831322576725,Fibroblast 2,Control,FIB2
-0.16199567039663335,Fibroblast 2,Control,FIB2
-0.030047769982215318,Fibroblast 3,Control,FIB3
0.01565337449236013,Fibroblast 1,Control,FIB1
0.06490690007743959,Fibroblast 1,Control,FIB1
-0.08689844063018842,Fibroblast 3,Control,FIB3
0.052125664078245426,Fibroblast 1,Control,FIB1
-0.11565605722117336,Fibroblast 3,Control,FIB3
0.0399308799461471,Fibroblast 2,Control,FIB2
0.002173484198749881,Fibroblast 3,Control,FIB3
-0.0036638624146509147,Fibroblast 2,Control,FIB2
-0.1222913924104141,Fibroblast 3,Control,FIB3
0.06627443154823265,Fibroblast 1,Control,FIB1
-0.117122694651263,Fibroblast 1,Control,FIB1
0.007334331922438297,Fibroblast 3,Control,FIB3
-0.032615249922918074,Fibroblast 3,Control,FIB3
-0.09517834219887256,Fibroblast 2,Control,FIB2
-0.06585202097669365,Fibroblast 3,Control,FIB3
-0.016681450996961385,Fibroblast 3,Control,FIB3
-0.00015741850110490355,Fibroblast 2,Control,FIB2
-0.025717853831114867,Fibroblast 2,Control,FIB2
0.12594959686237941,Fibroblast 1,Control,FIB1
0.09163484395520832,Fibroblast 1,Control,FIB1
-0.08674981381353107,Fibroblast 2,Control,FIB2
-0.09186346940958122,Fibroblast 2,Control,FIB2
-0.06449058412367792,Fibroblast 2,Control,FIB2
-0.04540585723390421,Fibroblast 1,Control,FIB1
0.02476167350214533,Fibroblast 1,Control,FIB1
-0.06815450862117373,Fibroblast 1,Control,FIB1
-0.059183441522768276,Fibroblast 3,Control,FIB3
-0.042663936899042645,Fibroblast 1,Control,FIB1
-0.07779239651571218,Fibroblast 3,Control,FIB3
-0.038140761880795244,Fibroblast 1,Control,FIB1
-0.03622366286589133,Fibroblast 3,Control,FIB3
0.031263238011109924,Fibroblast 1,Control,FIB1
-0.04037101785994327,Fibroblast 1,Control,FIB1
-0.06973772475635381,Fibroblast 3,Control,FIB3
-0.07261229373104432,Fibroblast 2,Control,FIB2
-0.09491332907958328,Fibroblast 2,Control,FIB2
-0.06383571985867531,Fibroblast 1,Control,FIB1
-0.009575466501492472,Fibroblast 3,Control,FIB3
-0.019227683613502175,Fibroblast 3,Control,FIB3
-0.03791025489915105,Fibroblast 2,Control,FIB2
0.014462818981604002,Fibroblast 1,Control,FIB1
-0.12449472406957472,Fibroblast 1,Control,FIB1
-0.11748079075735776,Fibroblast 3,Control,FIB3
-0.06664622577407414,Fibroblast 2,Control,FIB2
-0.1269737462678185,Fibroblast 2,Control,FIB2
-0.11068675870032187,Fibroblast 3,Control,FIB3
-0.0285641173545391,Fibroblast 2,Control,FIB2
-0.1157915404005723,Fibroblast 2,Control,FIB2
0.04444206421851467,Fibroblast 3,Control,FIB3
-0.19365406489917553,Fibroblast 2,Control,FIB2
-0.060944111053101886,Fibroblast 3,Control,FIB3
-0.04046173238436704,Fibroblast 3,Control,FIB3
-0.13378275928934422,Fibroblast 3,Control,FIB3
-0.0722459556381785,Fibroblast 2,Control,FIB2
-0.02186609214982263,Fibroblast 3,Control,FIB3
-0.01344393263435456,Fibroblast 1,Control,FIB1
-0.05650252107552007,Fibroblast 3,Control,FIB3
-0.016328098904747006,Fibroblast 1,Control,FIB1
-0.05242489669412365,Fibroblast 2,Control,FIB2
-0.13433018756692727,Fibroblast 2,Control,FIB2
-0.12747211713940138,Fibroblast 2,Control,FIB2
0.005553139270347156,Fibroblast 3,Control,FIB3
0.022428972394224977,Fibroblast 1,Control,FIB1
0.025763932954230948,Fibroblast 1,Control,FIB1
-0.08879608533762742,Fibroblast 3,Control,FIB3
-0.045628868732828745,Fibroblast 2,Control,FIB2
-0.08595483038232012,Fibroblast 2,Control,FIB2
-0.05036373082983548,Fibroblast 1,Control,FIB1
0.05490658497439943,Fibroblast 1,Control,FIB1
-0.030897418562351633,Fibroblast 1,Control,FIB1
-0.1432415417063868,Fibroblast 2,Control,FIB2
-0.029648730459881034,Fibroblast 2,Control,FIB2
-0.1480571001620798,Fibroblast 2,Control,FIB2
-0.04128447403047987,Fibroblast 3,Control,FIB3
-0.18291472356276642,Fibroblast 2,Control,FIB2
-0.14219310708183497,Fibroblast 3,Control,FIB3
0.07313777059667811,Fibroblast 2,Control,FIB2
-0.013829237331650444,Fibroblast 2,Control,FIB2
-0.0671329412418155,Fibroblast 2,Control,FIB2
-0.012155598417246193,Fibroblast 1,Control,FIB1
-0.0648833792636736,Fibroblast 3,Control,FIB3
-0.07845923337643773,Fibroblast 3,Control,FIB3
-0.011845614543852315,Fibroblast 3,Control,FIB3
-0.19933322046517474,Fibroblast 3,Control,FIB3
-0.13859445092701356,Fibroblast 2,Control,FIB2
-0.029910184664438587,Fibroblast 2,Control,FIB2
-0.041062253969467145,Fibroblast 3,Control,FIB3
0.02783120289628279,Fibroblast 3,Control,FIB3
-0.079073481737384,Fibroblast 3,Control,FIB3
-0.04755231044470853,Fibroblast 3,Control,FIB3
-0.04970375534466355,Fibroblast 2,Control,FIB2
-0.04223859555517506,Fibroblast 2,Control,FIB2
-0.02285582077630411,Fibroblast 1,Control,FIB1
-0.13061809651141354,Fibroblast 3,Control,FIB3
-0.12285038119585436,Fibroblast 1,Control,FIB1
-0.033921499650284175,Fibroblast 2,Control,FIB2
-0.12503471450764217,Fibroblast 1,Control,FIB1
0.021144035152527677,Fibroblast 1,Control,FIB1
-0.020243989537333248,Fibroblast 3,Control,FIB3
-0.11493835317799242,Fibroblast 2,Control,FIB2
-0.1325428988120329,Fibroblast 2,Control,FIB2
-0.19781182323938565,Fibroblast 3,Control,FIB3
-0.06620286907331405,Fibroblast 2,Control,FIB2
-0.006283025203875722,Fibroblast 3,Control,FIB3
0.015004207240942086,Fibroblast 3,Control,FIB3
-0.06801952433757118,Fibroblast 1,Control,FIB1
-0.05135946783217234,Fibroblast 3,Control,FIB3
-0.07859215770269368,Fibroblast 2,Control,FIB2
0.04677495649881706,Fibroblast 3,Control,FIB3
-0.10957507508236891,Fibroblast 2,Control,FIB2
-0.09171404272658469,Fibroblast 3,Control,FIB3
-0.04550160806597829,Fibroblast 2,Control,FIB2
-0.06400536534143339,Fibroblast 3,Control,FIB3
-0.0815194439449976,Fibroblast 3,Control,FIB3
0.06392522270078488,Fibroblast 1,Control,FIB1
-0.16510887149884307,Fibroblast 2,Control,FIB2
-0.05328666016399256,Fibroblast 1,Control,FIB1
-0.04204797463466836,Fibroblast 2,Control,FIB2
0.47818242882273543,Fibroblast 1,Control,FIB1
-0.07684369613011527,Fibroblast 1,Control,FIB1
-0.022354382818412212,Fibroblast 2,Control,FIB2
0.04194482085721629,Fibroblast 1,Control,FIB1
0.23392121524046436,Fibroblast 1,Control,FIB1
-0.04712726304487929,Fibroblast 2,Control,FIB2
-0.04708846984793986,Fibroblast 3,Control,FIB3
-0.10577418935992297,Fibroblast 3,Control,FIB3
-0.03327308763017596,Fibroblast 3,Control,FIB3
-0.13081794713465705,Fibroblast 3,Control,FIB3
0.029216954981273677,Fibroblast 3,Control,FIB3
-0.0015213900422257412,Fibroblast 3,Control,FIB3
-0.06493273623872321,Fibroblast 4,Control,FIB4
-0.06534258705384934,Fibroblast 1,Control,FIB1
-0.0014396051925371148,Fibroblast 3,Control,FIB3
0.0893909550393123,Fibroblast 3,Control,FIB3
-0.0970550792117174,Fibroblast 1,Control,FIB1
-0.15092174166421338,Fibroblast 1,Control,FIB1
-0.016212628986164997,Fibroblast 2,Control,FIB2
-0.041206169761459854,Fibroblast 3,Control,FIB3
-0.09211824917317121,Fibroblast 3,Control,FIB3
-0.06207211498185012,Fibroblast 2,Control,FIB2
-0.04009914771848429,Fibroblast 3,Control,FIB3
-0.031115524000471503,Fibroblast 3,Control,FIB3
-0.015370249474841884,Fibroblast 1,Control,FIB1
-0.11485637559783242,Fibroblast 2,Control,FIB2
-0.06604040079575378,Fibroblast 2,Control,FIB2
-0.12318661288910909,Fibroblast 1,Control,FIB1
-0.023948328626302983,Fibroblast 1,Control,FIB1
0.032184771113644775,Fibroblast 3,Control,FIB3
-0.056939936798182184,Fibroblast 4,Control,FIB4
0.049051103221781286,Fibroblast 1,Control,FIB1
-0.08414285187228071,Fibroblast 2,Control,FIB2
0.0471327097350822,Fibroblast 2,Control,FIB2
-0.06268774019616162,Fibroblast 3,Control,FIB3
0.0200059868339251,Fibroblast 1,Control,FIB1
0.003165835365784903,Fibroblast 3,Control,FIB3
-0.07089806981594195,Fibroblast 2,Control,FIB2
-0.05291213935755216,Fibroblast 2,Control,FIB2
0.13954071045240934,Fibroblast 1,Control,FIB1
-0.009720461314925904,Fibroblast 2,Control,FIB2
0.017453677463270166,Fibroblast 2,Control,FIB2
-0.05291370473802329,Fibroblast 1,Control,FIB1
0.04609514998191814,Fibroblast 1,Control,FIB1
-0.11108499695351462,Fibroblast 4,Control,FIB4
-0.14280470811040613,Fibroblast 2,Control,FIB2
-0.01775572992359812,Fibroblast 1,Control,FIB1
0.0288690099747961,Fibroblast 1,Control,FIB1
-0.014042905671182764,Fibroblast 3,Control,FIB3
-0.027761355933741825,Fibroblast 2,Control,FIB2
-0.09896494593460643,Fibroblast 2,Control,FIB2
-0.22782911421004712,Fibroblast 3,Control,FIB3
-0.014776397903181894,Fibroblast 2,Control,FIB2
0.12912766012308743,Fibroblast 1,Control,FIB1
-0.1108987979731582,Fibroblast 2,Control,FIB2
-0.05819082813430591,Fibroblast 2,Control,FIB2
0.05318473807828589,Fibroblast 1,Control,FIB1
-0.14169529625338137,Fibroblast 2,Control,FIB2
-0.06164553786541535,Fibroblast 1,Control,FIB1
-0.012007808426101094,Fibroblast 1,Control,FIB1
-0.060200399491285805,Fibroblast 2,Control,FIB2
-0.08000622473535993,Fibroblast 3,Control,FIB3
-0.07272626614562425,Fibroblast 1,Control,FIB1
-0.08179855196885198,Fibroblast 2,Control,FIB2
0.04240711799087824,Fibroblast 1,Control,FIB1
0.04710798822169796,Fibroblast 3,Control,FIB3
-0.10234898707293973,Fibroblast 3,Control,FIB3
-0.1723766366086098,Fibroblast 3,Control,FIB3
0.08669768162479351,Fibroblast 1,Control,FIB1
-0.035079422046741235,Fibroblast 2,Control,FIB2
-0.12498001717994478,Fibroblast 2,Control,FIB2
-0.13862263873120356,Fibroblast 2,Control,FIB2
0.12794474898577773,Fibroblast 3,Control,FIB3
0.04144444679089962,Fibroblast 3,Control,FIB3
-0.047397129521722176,Fibroblast 3,Control,FIB3
-0.1780122656875225,Fibroblast 3,Control,FIB3
-0.011306288032366288,Fibroblast 3,Control,FIB3
-0.11336307090903601,Fibroblast 3,Control,FIB3
-0.012341222745049556,Fibroblast 3,Control,FIB3
0.14463710941427302,Fibroblast 1,Control,FIB1
-0.14482795107606303,Fibroblast 3,Control,FIB3
-0.09939077396797404,Fibroblast 3,Control,FIB3
-0.13272445743679645,Fibroblast 2,Control,FIB2
-0.0036456964741622203,Fibroblast 4,Control,FIB4
0.17501496995135116,Fibroblast 1,Control,FIB1
-0.02810577157211116,Fibroblast 2,Control,FIB2
0.031119219397620426,Fibroblast 3,Control,FIB3
-0.001373078268176859,Fibroblast 1,Control,FIB1
-0.0768743302862745,Fibroblast 2,Control,FIB2
-0.0997903271888771,Fibroblast 2,Control,FIB2
-0.1052089835877395,Fibroblast 2,Control,FIB2
-0.04399268010791513,Fibroblast 3,Control,FIB3
-0.12025171463248,Fibroblast 2,Control,FIB2
-0.08408326115933093,Fibroblast 3,Control,FIB3
-0.06937567995781892,Fibroblast 3,Control,FIB3
-0.023858097325393075,Fibroblast 2,Control,FIB2
0.02264194020194918,Fibroblast 1,Control,FIB1
0.14123846207122262,Fibroblast 1,Control,FIB1
-0.03215525470729784,Fibroblast 1,Control,FIB1
0.00790813219627489,Fibroblast 3,Control,FIB3
0.021075698955097113,Fibroblast 2,Control,FIB2
-0.03443641742941338,Fibroblast 3,Control,FIB3
-0.1277468080462428,Fibroblast 2,Control,FIB2
-0.102474379213598,Fibroblast 3,Control,FIB3
-0.017265368978050047,Fibroblast 3,Control,FIB3
-0.010205867268738279,Fibroblast 2,Control,FIB2
-0.0775444520360254,Fibroblast 3,Control,FIB3
-0.009553237080635879,Fibroblast 3,Control,FIB3
0.13123521633558893,Fibroblast 1,Control,FIB1
-0.03941068697625043,Fibroblast 3,Control,FIB3
-0.1061618857473746,Fibroblast 3,Control,FIB3
0.04953875832349305,Fibroblast 1,Control,FIB1
-0.20005891305030138,Fibroblast 3,Control,FIB3
-0.11472848108240322,Fibroblast 2,Control,FIB2
0.02147610494082664,Fibroblast 1,Control,FIB1
-0.06406051862196373,Fibroblast 3,Control,FIB3
-0.056656884382462414,Fibroblast 2,Control,FIB2
-0.12112084599505299,Fibroblast 2,Control,FIB2
-0.01541238262794032,Fibroblast 3,Control,FIB3
-0.034816517844615515,Fibroblast 2,Control,FIB2
-0.07774001206925787,Fibroblast 3,Control,FIB3
-0.07539429354976014,Fibroblast 2,Control,FIB2
0.034677882626566604,Fibroblast 1,Control,FIB1
0.13369542792036732,Fibroblast 1,Control,FIB1
-0.05321781734949939,Fibroblast 2,Control,FIB2
-0.0683146996119169,Fibroblast 2,Control,FIB2
-0.008094294305782346,Fibroblast 2,Control,FIB2
-0.05156503463829262,Fibroblast 3,Control,FIB3
0.07727129120584508,Fibroblast 2,Control,FIB2
-0.04346793071548447,Fibroblast 2,Control,FIB2
0.00788602873008204,Fibroblast 1,Control,FIB1
-0.1318849811953932,Fibroblast 2,Control,FIB2
0.0687156140231088,Fibroblast 3,Control,FIB3
-0.012253199673060752,Fibroblast 3,Control,FIB3
-0.13064732185736086,Fibroblast 2,Control,FIB2
-0.08687159476106576,Fibroblast 3,Control,FIB3
-0.062168363769572084,Fibroblast 3,Control,FIB3
-0.1307092026070892,Fibroblast 1,Control,FIB1
-0.06934714905158222,Fibroblast 2,Control,FIB2
-0.08703698884718074,Fibroblast 3,Control,FIB3
-0.08171695284695553,Fibroblast 2,Control,FIB2
-0.09058695731042159,Fibroblast 3,Control,FIB3
-0.12039189303738135,Fibroblast 3,Control,FIB3
-0.05111093716100448,Fibroblast 3,Control,FIB3
0.027776800253699944,Fibroblast 1,Control,FIB1
0.007202992027815192,Fibroblast 3,Control,FIB3
-0.1477745994211009,Fibroblast 2,Control,FIB2
-0.00700995343027026,Fibroblast 3,Control,FIB3
0.034938819760682305,Fibroblast 1,Control,FIB1
-0.014443992528808142,Fibroblast 3,Control,FIB3
-0.08102998236853472,Fibroblast 2,Control,FIB2
-0.0008730669780298607,Fibroblast 1,Control,FIB1
-0.039061725569223264,Fibroblast 3,Control,FIB3
-0.06884423618819202,Fibroblast 3,Control,FIB3
-0.010065393940415297,Fibroblast 4,Control,FIB4
-0.03740777627729102,Fibroblast 3,Control,FIB3
-0.10288859579417418,Fibroblast 2,Control,FIB2
-0.08823166641967262,Fibroblast 3,Control,FIB3
-0.06521636960585267,Fibroblast 2,Control,FIB2
-0.060439210674994026,Fibroblast 2,Control,FIB2
-0.0510395690238185,Fibroblast 2,Control,FIB2
-0.09748694612621936,Fibroblast 2,Control,FIB2
-0.15443681331497527,Fibroblast 3,Control,FIB3
-0.02341009540803331,Fibroblast 4,Control,FIB4
-0.020183028622541916,Fibroblast 3,Control,FIB3
0.03264493296118076,Fibroblast 3,Control,FIB3
0.05903540782442916,Fibroblast 1,Control,FIB1
-0.07396180363673127,Fibroblast 3,Control,FIB3
-0.10895341770505301,Fibroblast 2,Control,FIB2
0.13622762729362314,Fibroblast 1,Control,FIB1
-0.11081074549657956,Fibroblast 3,Control,FIB3
-0.06680388549542582,Fibroblast 2,Control,FIB2
-0.031595989426591364,Fibroblast 3,Control,FIB3
-0.17085595786337404,Fibroblast 3,Control,FIB3
-0.13206409136942912,Fibroblast 2,Control,FIB2
-0.03449767959268453,Fibroblast 2,Control,FIB2
-0.04935559336093728,Fibroblast 2,Control,FIB2
-0.014557998127810313,Fibroblast 3,Control,FIB3
0.006060801719970334,Fibroblast 3,Control,FIB3
-0.09993431349101084,Fibroblast 2,Control,FIB2
-0.016441762474966395,Fibroblast 3,Control,FIB3
0.05672989586493029,Fibroblast 1,Control,FIB1
-0.0030097317116474474,Fibroblast 2,Control,FIB2
-0.059995194648597656,Fibroblast 2,Control,FIB2
-0.02663168499995664,Fibroblast 1,Control,FIB1
0.01260973575609859,Fibroblast 3,Control,FIB3
0.09280413034260329,Fibroblast 1,Control,FIB1
0.42034158123513093,Fibroblast 1,Control,FIB1
-0.029216020450621712,Fibroblast 3,Control,FIB3
-0.12474181707751862,Fibroblast 3,Control,FIB3
-0.017949506594434544,Fibroblast 2,Control,FIB2
-0.05405438715227658,Fibroblast 3,Control,FIB3
-0.033734322519026104,Fibroblast 3,Control,FIB3
-0.003576690672123052,Fibroblast 3,Control,FIB3
-0.008577175829496783,Fibroblast 1,Control,FIB1
-0.14346586805580633,Fibroblast 1,Control,FIB1
-0.09109017625690909,Fibroblast 3,Control,FIB3
0.03988021713723677,Fibroblast 1,Control,FIB1
0.02541999864548236,Fibroblast 2,Control,FIB2
-0.05546712367375868,Fibroblast 1,Control,FIB1
-0.0036511512969234876,Fibroblast 3,Control,FIB3
-0.1535102621672678,Fibroblast 3,Control,FIB3
0.011075563551497379,Fibroblast 3,Control,FIB3
0.12756044345300713,Fibroblast 1,Control,FIB1
-0.002344177695485613,Fibroblast 3,Control,FIB3
0.04118329627852612,Fibroblast 3,Control,FIB3
-0.029988683131158822,Fibroblast 1,Control,FIB1
0.04128794376762644,Fibroblast 1,Control,FIB1
-0.06862355567779693,Fibroblast 3,Control,FIB3
-0.12318502397519636,Fibroblast 2,Control,FIB2
0.21456599614103322,Fibroblast 1,Control,FIB1
-0.05715855790950109,Fibroblast 2,Control,FIB2
0.06748922067790762,Fibroblast 1,Control,FIB1
-0.09862493253830276,Fibroblast 3,Control,FIB3
0.06546708285322066,Fibroblast 1,Control,FIB1
-0.04322561276914187,Fibroblast 3,Control,FIB3
-0.03991803562733964,Fibroblast 2,Control,FIB2
-0.04593301823275495,Fibroblast 2,Control,FIB2
0.06165391135462356,Fibroblast 3,Control,FIB3
0.04802778398447708,Fibroblast 1,Control,FIB1
-0.10086420400237148,Fibroblast 2,Control,FIB2
-0.08563507351683171,Fibroblast 3,Control,FIB3
-0.01676631211146121,Fibroblast 1,Control,FIB1
-0.074839026103432,Fibroblast 2,Control,FIB2
-0.09712812542841766,Fibroblast 2,Control,FIB2
0.10166553568858017,Fibroblast 1,Control,FIB1
0.0031721983665061668,Fibroblast 1,Control,FIB1
0.04470650820718394,Fibroblast 3,Control,FIB3
-0.07479279633324416,Fibroblast 3,Control,FIB3
-0.06300636476668971,Fibroblast 4,Control,FIB4
-0.12192033935214161,Fibroblast 1,Control,FIB1
-0.10716352762004822,Fibroblast 3,Control,FIB3
-0.019708418725705123,Fibroblast 3,Control,FIB3
-0.00025851149812973777,Fibroblast 1,Control,FIB1
0.012730987745069682,Fibroblast 1,Control,FIB1
-0.06680540447823118,Fibroblast 3,Control,FIB3
0.030362310661021907,Fibroblast 3,Control,FIB3
0.11125222795649017,Fibroblast 1,Control,FIB1
-0.01568500713558635,Fibroblast 2,Control,FIB2
-0.1260030190507373,Fibroblast 3,Control,FIB3
0.041259025990716895,Fibroblast 1,Control,FIB1
0.03897031544109499,Fibroblast 1,Control,FIB1
-0.03349304092678477,Fibroblast 2,Control,FIB2
-0.07175362716913869,Fibroblast 3,Control,FIB3
0.08961639655400869,Fibroblast 1,Control,FIB1
-0.22927449910931866,Fibroblast 3,Control,FIB3
-0.09326644912383156,Fibroblast 3,Control,FIB3
-0.13187946442619145,Fibroblast 2,Control,FIB2
-0.030220985918701843,Fibroblast 3,Control,FIB3
-0.14831349529114352,Fibroblast 2,Control,FIB2
0.0030603520813200225,Fibroblast 3,Control,FIB3
0.00968617242743506,Fibroblast 1,Control,FIB1
-0.0418694126412582,Fibroblast 2,Control,FIB2
0.044339358031370735,Fibroblast 1,Control,FIB1
-0.006562910266730627,Fibroblast 1,Control,FIB1
0.06317320764386643,Fibroblast 3,Control,FIB3
0.006916177356571988,Fibroblast 2,Control,FIB2
-0.10001916572384002,Fibroblast 2,Control,FIB2
-0.16873382866844538,Fibroblast 2,Control,FIB2
-0.006472783561179862,Fibroblast 3,Control,FIB3
0.017202558042061368,Fibroblast 1,Control,FIB1
0.06028975728383558,Fibroblast 3,Control,FIB3
-0.0910218196117771,Fibroblast 2,Control,FIB2
-0.07732741304728374,Fibroblast 3,Control,FIB3
-0.03779371294719269,Fibroblast 3,Control,FIB3
-0.1736243436801699,Fibroblast 2,Control,FIB2
-0.04960629227691831,Fibroblast 3,Control,FIB3
-0.04383505392778599,Fibroblast 1,Control,FIB1
-0.05106186990884744,Fibroblast 3,Control,FIB3
0.09335759413674523,Fibroblast 1,Control,FIB1
-0.10133450794480342,Fibroblast 3,Control,FIB3
-0.03027773546103898,Fibroblast 2,Control,FIB2
-0.08095947456371277,Fibroblast 2,Control,FIB2
0.0008057294684361725,Fibroblast 3,Control,FIB3
-0.11335591533104655,Fibroblast 2,Control,FIB2
-0.09380854260930266,Fibroblast 2,Control,FIB2
-0.0930868766973866,Fibroblast 2,Control,FIB2
-0.026720132827094706,Fibroblast 1,Control,FIB1
0.20886772901821724,Fibroblast 1,Control,FIB1
0.008839985844278989,Fibroblast 1,Control,FIB1
-0.06235113808586728,Fibroblast 3,Control,FIB3
-0.13725629026744884,Fibroblast 3,Control,FIB3
-0.06568550105473571,Fibroblast 2,Control,FIB2
-0.13415341492769398,Fibroblast 3,Control,FIB3
-0.1760943319104092,Fibroblast 2,Control,FIB2
-0.005821093035144309,Fibroblast 3,Control,FIB3
-0.1059896577940082,Fibroblast 2,Control,FIB2
-0.018650318601113942,Fibroblast 1,Control,FIB1
0.13974503570733374,Fibroblast 1,Control,FIB1
0.1365573031762578,Fibroblast 1,Control,FIB1
-0.10350665481033833,Fibroblast 3,Control,FIB3
-0.00548631762473108,Fibroblast 3,Control,FIB3
-0.07171597671981254,Fibroblast 3,Control,FIB3
-0.05496886078761208,Fibroblast 2,Control,FIB2
-0.0053329840052898005,Fibroblast 1,Control,FIB1
-0.1634250782610554,Fibroblast 2,Control,FIB2
-0.1228038949553456,Fibroblast 2,Control,FIB2
-0.0030057355011698893,Fibroblast 3,Control,FIB3
-0.21795937640647134,Fibroblast 2,Control,FIB2
0.055572091034855935,Fibroblast 1,Control,FIB1
-0.053669032822114576,Fibroblast 3,Control,FIB3
0.04033266245755536,Fibroblast 1,Control,FIB1
0.03960876921188569,Fibroblast 3,Control,FIB3
-0.04364667729334728,Fibroblast 1,Control,FIB1
-0.07326075532697018,Fibroblast 3,Control,FIB3
-0.07755773721348806,Fibroblast 2,Control,FIB2
0.02998156462633856,Fibroblast 3,Control,FIB3
-0.018401733863978507,Fibroblast 2,Control,FIB2
-0.10976251463747907,Fibroblast 2,Control,FIB2
-0.05925395041918067,Fibroblast 2,Control,FIB2
-0.033651950596660346,Fibroblast 3,Control,FIB3
0.017872116576366805,Fibroblast 3,Control,FIB3
-0.04060609747357434,Fibroblast 2,Control,FIB2
-0.03569464976108503,Fibroblast 3,Control,FIB3
-0.14355175861682948,Fibroblast 3,Control,FIB3
-0.05723225010094589,Fibroblast 3,Control,FIB3
-0.06760508860855459,Fibroblast 3,Control,FIB3
-0.09953329429484986,Fibroblast 2,Control,FIB2
-0.05880148083215393,Fibroblast 2,Control,FIB2
0.035214321682402114,Fibroblast 2,Control,FIB2
-0.0601168418610836,Fibroblast 3,Control,FIB3
-0.08351553205636587,Fibroblast 2,Control,FIB2
-0.08241442419383968,Fibroblast 3,Control,FIB3
0.010578686810268492,Fibroblast 1,Control,FIB1
-0.11065017967538143,Fibroblast 2,Control,FIB2
-0.059605162683233875,Fibroblast 3,Control,FIB3
-0.08813905086355718,Fibroblast 3,Control,FIB3
-0.05979331103747704,Fibroblast 3,Control,FIB3
-0.09161726203503581,Fibroblast 3,Control,FIB3
0.07923042865882106,Fibroblast 1,Control,FIB1
-0.1214871374389258,Fibroblast 2,Control,FIB2
-0.026213820959202563,Fibroblast 2,Control,FIB2
-0.061627268158072054,Fibroblast 3,Control,FIB3
-0.1377646615862002,Fibroblast 3,Control,FIB3
-0.11679062874819379,Fibroblast 2,Control,FIB2
-0.10889360957320757,Fibroblast 3,Control,FIB3
-0.1052631813053192,Fibroblast 1,Control,FIB1
-0.17852727788145029,Fibroblast 2,Control,FIB2
-0.08532265089872831,Fibroblast 2,Control,FIB2
-0.16964726725064572,Fibroblast 3,Control,FIB3
-0.08223943830662075,Fibroblast 3,Control,FIB3
-0.04646187408517345,Fibroblast 2,Control,FIB2
-0.08601939905140998,Fibroblast 2,Control,FIB2
-0.11750240337694531,Fibroblast 3,Control,FIB3
0.0331884437242298,Fibroblast 1,Control,FIB1
0.04546622852739574,Fibroblast 1,Control,FIB1
-0.06560822435201692,Fibroblast 2,Control,FIB2
-0.22728999064576258,Fibroblast 3,Control,FIB3
0.05713422982109012,Fibroblast 1,Control,FIB1
-0.03337257754576321,Fibroblast 1,Control,FIB1
-0.038300444773839065,Fibroblast 2,Control,FIB2
0.004397690086749326,Fibroblast 2,Control,FIB2
-0.06459888190354234,Fibroblast 3,Control,FIB3
-0.1806925005689789,Fibroblast 3,Control,FIB3
-0.0241622007585571,Fibroblast 2,Control,FIB2
-0.12214544380320488,Fibroblast 3,Control,FIB3
-0.08872115386384008,Fibroblast 2,Control,FIB2
-0.016971662165638585,Fibroblast 1,Control,FIB1
-0.2515957137619972,Fibroblast 2,Control,FIB2
0.036484953869785536,Fibroblast 2,Control,FIB2
0.02767322773638683,Fibroblast 3,Control,FIB3
0.08630581730218098,Fibroblast 1,Control,FIB1
-0.053877147458884264,Fibroblast 1,Control,FIB1
-0.01684404647115718,Fibroblast 3,Control,FIB3
-0.04341054539269475,Fibroblast 3,Control,FIB3
-0.11978464077114764,Fibroblast 2,Control,FIB2
0.024449554216964032,Fibroblast 1,Control,FIB1
-0.020437079437679386,Fibroblast 3,Control,FIB3
0.18183179133240196,Fibroblast 1,Control,FIB1
-0.05825815394020782,Fibroblast 3,Control,FIB3
0.0012847653233116624,Fibroblast 2,Control,FIB2
-0.13936481324080935,Fibroblast 3,Control,FIB3
0.12693207089243191,Fibroblast 1,Control,FIB1
0.022174457922766892,Fibroblast 2,Control,FIB2
-0.09604924411144172,Fibroblast 3,Control,FIB3
-0.04413582682392745,Fibroblast 1,Control,FIB1
-0.12155838414883026,Fibroblast 3,Control,FIB3
-0.10681699233493486,Fibroblast 2,Control,FIB2
-0.05153624904749886,Fibroblast 3,Control,FIB3
-0.07977623128669319,Fibroblast 2,Control,FIB2
0.007592201849965469,Fibroblast 1,Control,FIB1
-0.06604349166358588,Fibroblast 2,Control,FIB2
-0.06505782273406573,Fibroblast 1,Control,FIB1
0.01867658323625911,Fibroblast 1,Control,FIB1
-0.04375709942464209,Fibroblast 2,Control,FIB2
-0.066958867098687,Fibroblast 2,Control,FIB2
-0.09098326282003902,Fibroblast 2,Control,FIB2
0.04605472328615308,Fibroblast 1,Control,FIB1
-0.013003666104035388,Fibroblast 3,Control,FIB3
0.12000820874660693,Fibroblast 1,Control,FIB1
0.019242174984342657,Fibroblast 3,Control,FIB3
0.0053931290159752315,Fibroblast 1,Control,FIB1
-0.02848343839030311,Fibroblast 3,Control,FIB3
-0.12096667253278576,Fibroblast 2,Control,FIB2
0.02438214172221577,Fibroblast 3,Control,FIB3
-0.05492811899038747,Fibroblast 2,Control,FIB2
0.1453860894448244,Fibroblast 1,Control,FIB1
0.0676782777816206,Fibroblast 4,Control,FIB4
0.00993752144106931,Fibroblast 1,Control,FIB1
0.0274902107636683,Fibroblast 2,Control,FIB2
-0.0749157520050511,Fibroblast 2,Control,FIB2
0.18452983774876464,Fibroblast 1,Control,FIB1
-0.11141132573697039,Fibroblast 3,Control,FIB3
-0.02817220182818713,Fibroblast 1,Control,FIB1
-0.07466347277788304,Fibroblast 1,Control,FIB1
0.08838168028145252,Fibroblast 3,Control,FIB3
-0.010329969752733002,Fibroblast 3,Control,FIB3
-0.017497077085127988,Fibroblast 3,Control,FIB3
-0.09086008239210697,Fibroblast 3,Control,FIB3
-0.05531787513574617,Fibroblast 2,Control,FIB2
0.033734987105310824,Fibroblast 1,Control,FIB1
0.1124526578896735,Fibroblast 1,Control,FIB1
0.10479381278812587,Fibroblast 1,Control,FIB1
-0.05384494185930931,Fibroblast 3,Control,FIB3
-0.08952920260467265,Fibroblast 1,Control,FIB1
-0.056813362206167596,Fibroblast 2,Control,FIB2
0.09701663809276288,Fibroblast 3,Control,FIB3
-0.03364571532955542,Fibroblast 2,Control,FIB2
-0.11632993172347189,Fibroblast 2,Control,FIB2
-0.06556723697719248,Fibroblast 1,Control,FIB1
-0.1341774432880008,Fibroblast 3,Control,FIB3
0.03513795879500307,Fibroblast 1,Control,FIB1
-0.1400624350670141,Fibroblast 3,Control,FIB3
-0.11020473707092915,Fibroblast 2,Control,FIB2
0.02255831943741613,Fibroblast 3,Control,FIB3
0.20883400253394307,Fibroblast 4,Control,FIB4
0.03646222863528485,Fibroblast 3,Control,FIB3
-0.05231594409160865,Fibroblast 3,Control,FIB3
-0.04642117569096506,Fibroblast 2,Control,FIB2
-0.06950404516993405,Fibroblast 1,Control,FIB1
-0.11961449344893663,Fibroblast 2,Control,FIB2
-0.14434429071283678,Fibroblast 2,Control,FIB2
0.0002518108351681303,Fibroblast 1,Control,FIB1
0.06544172960215058,Fibroblast 3,Control,FIB3
0.059450941151488815,Fibroblast 1,Control,FIB1
0.06535448020191567,Fibroblast 1,Control,FIB1
-0.04064115130368124,Fibroblast 2,Control,FIB2
-0.10993288833882883,Fibroblast 3,Control,FIB3
-0.06788103763982262,Fibroblast 3,Control,FIB3
-0.1369850457624476,Fibroblast 2,Control,FIB2
-0.011534739093838252,Fibroblast 3,Control,FIB3
-0.047456234968292335,Fibroblast 2,Control,FIB2
-0.14537182064787493,Fibroblast 2,Control,FIB2
-0.05993283902966646,Fibroblast 2,Control,FIB2
-0.0833933856053159,Fibroblast 2,Control,FIB2
0.10712737860301588,Fibroblast 3,Control,FIB3
0.10472942561021613,Fibroblast 1,Control,FIB1
-0.13974851571382685,Fibroblast 2,Control,FIB2
-0.12238380837023573,Fibroblast 3,Control,FIB3
-0.07271599600799056,Fibroblast 3,Control,FIB3
-0.016763902098731444,Fibroblast 2,Control,FIB2
-0.07298163914936447,Fibroblast 3,Control,FIB3
-0.02981245950494728,Fibroblast 3,Control,FIB3
0.0007515646602110834,Fibroblast 3,Control,FIB3
-0.0108967689852051,Fibroblast 1,Control,FIB1
-0.08245653606698664,Fibroblast 3,Control,FIB3
-0.16612059018830858,Fibroblast 3,Control,FIB3
-0.06493829946166374,Fibroblast 1,Control,FIB1
-0.012056766773219166,Fibroblast 3,Control,FIB3
0.03528013309771706,Fibroblast 3,Control,FIB3
0.015501464644293387,Fibroblast 1,Control,FIB1
-0.05768788461922527,Fibroblast 3,Control,FIB3
0.02631193039160873,Fibroblast 3,Control,FIB3
-0.03462342202064611,Fibroblast 3,Control,FIB3
0.03463190187698212,Fibroblast 1,Control,FIB1
-0.12190333322363694,Fibroblast 2,Control,FIB2
-0.03415724748067006,Fibroblast 1,Control,FIB1
-0.04956926563912219,Fibroblast 3,Control,FIB3
-0.06635089014120736,Fibroblast 3,Control,FIB3
-0.05372128500656294,Fibroblast 2,Control,FIB2
-0.06559052136294465,Fibroblast 1,Control,FIB1
-0.12511165653254003,Fibroblast 2,Control,FIB2
-0.034990624170351634,Fibroblast 1,Control,FIB1
0.004639897571892496,Fibroblast 2,Control,FIB2
-0.12834006400420678,Fibroblast 2,Control,FIB2
-0.10629679501705044,Fibroblast 3,Control,FIB3
0.03940628083869743,Fibroblast 2,Control,FIB2
-0.10949263487914557,Fibroblast 3,Control,FIB3
-0.14529243094276503,Fibroblast 3,Control,FIB3
-0.10329196294272554,Fibroblast 3,Control,FIB3
0.0029747250382517257,Fibroblast 4,Control,FIB4
-0.17446030480184876,Fibroblast 2,Control,FIB2
-0.05252848037172542,Fibroblast 3,Control,FIB3
-0.00912150056278274,Fibroblast 1,Control,FIB1
-0.021890565777626467,Fibroblast 3,Control,FIB3
0.10641006529218414,Fibroblast 1,Control,FIB1
-0.061187582122505385,Fibroblast 3,Control,FIB3
0.026051370519558432,Fibroblast 1,Control,FIB1
-0.05537090637447477,Fibroblast 2,Control,FIB2
-0.02909794689756407,Fibroblast 3,Control,FIB3
-0.04598596068003049,Fibroblast 3,Control,FIB3
-0.01985679693659945,Fibroblast 4,Control,FIB4
0.10550265452265772,Fibroblast 1,Control,FIB1
-0.1454467143578715,Fibroblast 2,Control,FIB2
-0.021477463058405727,Fibroblast 2,Control,FIB2
-0.11456027711402739,Fibroblast 1,Control,FIB1
-0.11838780950389166,Fibroblast 2,Control,FIB2
-0.022383703169209575,Fibroblast 2,Control,FIB2
0.04133391856084753,Fibroblast 1,Control,FIB1
-0.049744318669800475,Fibroblast 2,Control,FIB2
-0.12119120192735269,Fibroblast 3,Control,FIB3
-0.02888855708661265,Fibroblast 3,Control,FIB3
-0.02184008456861481,Fibroblast 3,Control,FIB3
-0.10460894263441267,Fibroblast 2,Control,FIB2
-0.05121015446333327,Fibroblast 3,Control,FIB3
-0.06444543266533222,Fibroblast 1,Control,FIB1
-0.10695774632759933,Fibroblast 3,Control,FIB3
-0.03526996052301669,Fibroblast 3,Control,FIB3
-0.18617470154101184,Fibroblast 3,Control,FIB3
-0.001646855714931495,Fibroblast 2,Control,FIB2
-0.0652550542032535,Fibroblast 3,Control,FIB3
-0.09258425448630447,Fibroblast 3,Control,FIB3
-0.04762422379890389,Fibroblast 2,Control,FIB2
0.053465901779905484,Fibroblast 1,Control,FIB1
-0.09127416471220505,Fibroblast 2,Control,FIB2
-0.11585421086750151,Fibroblast 3,Control,FIB3
-0.07820804560935962,Fibroblast 2,Control,FIB2
-0.05467196218756496,Fibroblast 3,Control,FIB3
-0.15615969994751402,Fibroblast 3,Control,FIB3
-0.09689889401543614,Fibroblast 3,Control,FIB3
-0.1698902818213997,Fibroblast 3,Control,FIB3
-0.056454008741468296,Fibroblast 1,Control,FIB1
-0.025006681121795105,Fibroblast 2,Control,FIB2
-0.072738575925895,Fibroblast 3,Control,FIB3
-0.04528031542700565,Fibroblast 2,Control,FIB2
-0.12919776890075643,Fibroblast 3,Control,FIB3
-0.1076318947620017,Fibroblast 2,Control,FIB2
-0.12268617733951447,Fibroblast 2,Control,FIB2
-0.05421314979660521,Fibroblast 4,Control,FIB4
-0.15635168841548397,Fibroblast 2,Control,FIB2
-0.13593497583398223,Fibroblast 2,Control,FIB2
-0.09017243590649716,Fibroblast 3,Control,FIB3
0.06667775835282157,Fibroblast 1,Control,FIB1
-0.12461722926367713,Fibroblast 1,Control,FIB1
0.07704944199913176,Fibroblast 1,Control,FIB1
-0.025529606564412305,Fibroblast 1,Control,FIB1
-0.0758001490624676,Fibroblast 3,Control,FIB3
-0.047834337395231574,Fibroblast 2,Control,FIB2
-0.07232556228250347,Fibroblast 2,Control,FIB2
0.014874266730233652,Fibroblast 1,Control,FIB1
0.029046398709359336,Fibroblast 3,Control,FIB3
-0.020131652125474877,Fibroblast 3,Control,FIB3
-0.13952779779576804,Fibroblast 2,Control,FIB2
0.13018487795634895,Fibroblast 1,Control,FIB1
-0.06974627663133992,Fibroblast 3,Control,FIB3
-0.060002684527520556,Fibroblast 3,Control,FIB3
-0.06882434396365356,Fibroblast 2,Control,FIB2
0.04086718488467093,Fibroblast 1,Control,FIB1
-0.10522598840362765,Fibroblast 3,Control,FIB3
-0.0128876093524402,Fibroblast 2,Control,FIB2
0.007142077638195438,Fibroblast 3,Control,FIB3
-0.0085725246456878,Fibroblast 2,Control,FIB2
-0.12000139609294291,Fibroblast 3,Control,FIB3
0.008037327052764887,Fibroblast 3,Control,FIB3
-0.12985869120459184,Fibroblast 2,Control,FIB2
-0.09466564688793283,Fibroblast 3,Control,FIB3
-0.015260580457270544,Fibroblast 1,Control,FIB1
-0.17654748415392987,Fibroblast 3,Control,FIB3
0.1324684963517062,Fibroblast 1,Control,FIB1
-0.06353214890026158,Fibroblast 1,Control,FIB1
-0.09458479119188337,Fibroblast 2,Control,FIB2
-0.09590177007020603,Fibroblast 3,Control,FIB3
-0.07862968144647776,Fibroblast 2,Control,FIB2
-0.09709015805185486,Fibroblast 2,Control,FIB2
0.012276374076507699,Fibroblast 1,Control,FIB1
-0.07439976193170872,Fibroblast 1,Control,FIB1
-0.07507200268811438,Fibroblast 3,Control,FIB3
-0.05762584642107715,Fibroblast 2,Control,FIB2
-0.06467189590108573,Fibroblast 2,Control,FIB2
0.037202207613869755,Fibroblast 1,Control,FIB1
-0.09313436635463673,Fibroblast 3,Control,FIB3
0.00044769517223105376,Fibroblast 1,Control,FIB1
-0.06734786682935037,Fibroblast 2,Control,FIB2
-0.08428181987316681,Fibroblast 2,Control,FIB2
0.0061380629189709155,Fibroblast 3,Control,FIB3
0.015912003773657604,Fibroblast 1,Control,FIB1
-0.08999020735995962,Fibroblast 1,Control,FIB1
-0.04687568288740953,Fibroblast 3,Control,FIB3
-0.03882545203773796,Fibroblast 2,Control,FIB2
0.003910225687966895,Fibroblast 1,Control,FIB1
-0.06748973837707486,Fibroblast 2,Control,FIB2
-0.006794739663901962,Fibroblast 3,Control,FIB3
-0.09493089691465889,Fibroblast 2,Control,FIB2
-0.13751664123869864,Fibroblast 3,Control,FIB3
-0.08158581835002209,Fibroblast 3,Control,FIB3
0.021390218655177727,Fibroblast 4,Control,FIB4
-0.05107270584482485,Fibroblast 2,Control,FIB2
-0.06435169949413966,Fibroblast 2,Control,FIB2
-0.11656708095839236,Fibroblast 3,Control,FIB3
0.07127527846580341,Fibroblast 3,Control,FIB3
-0.13944916173624627,Fibroblast 2,Control,FIB2
0.05624296224520248,Fibroblast 3,Control,FIB3
-0.026393622249544505,Fibroblast 3,Control,FIB3
-0.05090483809434066,Fibroblast 3,Control,FIB3
-0.044561272933086156,Fibroblast 3,Control,FIB3
-0.0892081333109196,Fibroblast 3,Control,FIB3
-0.031145105791795538,Fibroblast 2,Control,FIB2
0.06722522412978903,Fibroblast 1,Control,FIB1
0.018675685060249404,Fibroblast 3,Control,FIB3
-0.03498980626648094,Fibroblast 3,Control,FIB3
-0.0875288073188558,Fibroblast 2,Control,FIB2
-0.09822948401839651,Fibroblast 1,Control,FIB1
-0.008915312332123587,Fibroblast 3,Control,FIB3
0.011013051715400807,Fibroblast 4,Control,FIB4
-0.024152237833638804,Fibroblast 3,Control,FIB3
-0.11102127362575312,Fibroblast 2,Control,FIB2
-0.10316446935299801,Fibroblast 1,Control,FIB1
-0.0021520707602586155,Fibroblast 1,Control,FIB1
-0.05979558891282163,Fibroblast 2,Control,FIB2
-0.12229338446188555,Fibroblast 2,Control,FIB2
-0.06738166198036954,Fibroblast 2,Control,FIB2
0.1319105031088754,Fibroblast 1,Control,FIB1
-0.11773151903526391,Fibroblast 2,Control,FIB2
-0.14398729101311952,Fibroblast 3,Control,FIB3
-0.08834660011157969,Fibroblast 1,Control,FIB1
-0.11511742469804823,Fibroblast 3,Control,FIB3
-0.09218983550923378,Fibroblast 3,Control,FIB3
-0.06557504382608766,Fibroblast 2,Control,FIB2
0.024721342447908447,Fibroblast 1,Control,FIB1
-0.04073475736140286,Fibroblast 3,Control,FIB3
-0.07563397105016756,Fibroblast 2,Control,FIB2
-0.0682007901705655,Fibroblast 3,Control,FIB3
-0.13446344110748537,Fibroblast 3,Control,FIB3
0.15915836941151512,Fibroblast 1,Control,FIB1
0.024359934221544952,Fibroblast 1,Control,FIB1
-0.07388169508112283,Fibroblast 2,Control,FIB2
0.13607084820333948,Fibroblast 1,Control,FIB1
0.010588480371184449,Fibroblast 3,Control,FIB3
-0.008970638746219546,Fibroblast 1,Control,FIB1
-0.030245995968231992,Fibroblast 2,Control,FIB2
0.006744517599243431,Fibroblast 3,Control,FIB3
-0.17271275864537286,Fibroblast 3,Control,FIB3
0.044763004883605045,Fibroblast 3,Control,FIB3
-0.19958635398487357,Fibroblast 2,Control,FIB2
-0.04594884082705084,Fibroblast 1,Control,FIB1
0.00714839299172897,Fibroblast 1,Control,FIB1
-0.015469049345844747,Fibroblast 2,Control,FIB2
0.09289158583799619,Fibroblast 1,Control,FIB1
-0.0403035963853064,Fibroblast 3,Control,FIB3
-0.16190243040019192,Fibroblast 3,Control,FIB3
-0.06355513566575965,Fibroblast 2,Control,FIB2
0.015620334086223663,Fibroblast 3,Control,FIB3
-0.09107030452396292,Fibroblast 2,Control,FIB2
-0.0062330657401657285,Fibroblast 4,Control,FIB4
-0.12491802848547895,Fibroblast 2,Control,FIB2
0.002944217062111995,Fibroblast 3,Control,FIB3
-0.04427128557031524,Fibroblast 2,Control,FIB2
-0.11580600686837533,Fibroblast 3,Control,FIB3
-0.13439588828352542,Fibroblast 2,Control,FIB2
-0.008367879410716856,Fibroblast 2,Control,FIB2
-0.058288783194519384,Fibroblast 2,Control,FIB2
-0.015613433671600958,Fibroblast 4,Control,FIB4
-0.07062506633924906,Fibroblast 3,Control,FIB3
-0.033616328608321464,Fibroblast 2,Control,FIB2
-0.08481153651124429,Fibroblast 2,Control,FIB2
0.1266261434068303,Fibroblast 1,Control,FIB1
0.005119971364832397,Fibroblast 1,Control,FIB1
-0.032015031628431646,Fibroblast 3,Control,FIB3
-0.050045719969757055,Fibroblast 3,Control,FIB3
-0.03954539605478534,Fibroblast 3,Control,FIB3
-0.10828090450632744,Fibroblast 3,Control,FIB3
0.09369576691927144,Fibroblast 1,Control,FIB1
0.06474522081464028,Fibroblast 1,Control,FIB1
-0.09959675834028184,Fibroblast 3,Control,FIB3
-0.060763081818644996,Fibroblast 3,Control,FIB3
-0.016973925595500497,Fibroblast 4,Control,FIB4
-0.0055394054345306795,Fibroblast 1,Control,FIB1
-0.10104299464535657,Fibroblast 2,Control,FIB2
-0.040021643625396536,Fibroblast 3,Control,FIB3
-0.11599370992131774,Fibroblast 2,Control,FIB2
-0.09742092813152403,Fibroblast 3,Control,FIB3
-0.05664984113929286,Fibroblast 4,Control,FIB4
-0.04209942183128605,Fibroblast 2,Control,FIB2
0.0333780719936876,Fibroblast 1,Control,FIB1
0.04592156802113773,Fibroblast 1,Control,FIB1
-0.05886032535329428,Fibroblast 2,Control,FIB2
-0.0809426198827979,Fibroblast 2,Control,FIB2
-0.13480553084176478,Fibroblast 3,Control,FIB3
-0.017283298238869343,Fibroblast 3,Control,FIB3
-0.02491117680164607,Fibroblast 3,Control,FIB3
-0.12381803848087498,Fibroblast 3,Control,FIB3
-0.16655568216364805,Fibroblast 2,Control,FIB2
-0.04225589357419168,Fibroblast 3,Control,FIB3
-0.037306533520094304,Fibroblast 2,Control,FIB2
-0.006040967722182752,Fibroblast 2,Control,FIB2
-0.08596816402596767,Fibroblast 2,Control,FIB2
-0.09574647650707581,Fibroblast 2,Control,FIB2
-0.11925401200665944,Fibroblast 3,Control,FIB3
-0.0778685329560503,Fibroblast 3,Control,FIB3
-0.06784996979223741,Fibroblast 1,Control,FIB1
-0.0973353240105646,Fibroblast 2,Control,FIB2
-0.10704085473027428,Fibroblast 3,Control,FIB3
0.0012586721331180016,Fibroblast 3,Control,FIB3
-0.01964200206488124,Fibroblast 1,Control,FIB1
-0.021617294926269327,Fibroblast 1,Control,FIB1
-0.07233120335358813,Fibroblast 1,Control,FIB1
0.005372639529469651,Fibroblast 4,Control,FIB4
-0.03533160904689271,Fibroblast 1,Control,FIB1
-0.05764033725788557,Fibroblast 2,Control,FIB2
-0.0489427593467322,Fibroblast 3,Control,FIB3
-0.060264774572940986,Fibroblast 2,Control,FIB2
-0.02817366378728925,Fibroblast 2,Control,FIB2
-0.029029552049243908,Fibroblast 3,Control,FIB3
-0.020830263717041962,Fibroblast 3,Control,FIB3
-0.07431408773156917,Fibroblast 2,Control,FIB2
-0.13143813022215842,Fibroblast 3,Control,FIB3
-0.05428122199826152,Fibroblast 3,Control,FIB3
0.019482038937379712,Fibroblast 2,Control,FIB2
-0.03383451448945978,Fibroblast 3,Control,FIB3
0.018446582742256995,Fibroblast 2,Control,FIB2
-0.0031468266283339874,Fibroblast 1,Control,FIB1
-0.04103767087649146,Fibroblast 3,Control,FIB3
-0.06841916645116834,Fibroblast 2,Control,FIB2
0.037293546830833774,Fibroblast 1,Control,FIB1
-0.05092398199330152,Fibroblast 3,Control,FIB3
0.06810805884050926,Fibroblast 1,Control,FIB1
-0.02211684862197162,Fibroblast 3,Control,FIB3
-0.04507420141928602,Fibroblast 2,Control,FIB2
-0.05188912554931106,Fibroblast 2,Control,FIB2
-0.1112978003112811,Fibroblast 2,Control,FIB2
-0.0053770494252773,Fibroblast 2,Control,FIB2
-0.0750635611859146,Fibroblast 2,Control,FIB2
-0.07498385352538016,Fibroblast 3,Control,FIB3
-0.056798484087834326,Fibroblast 2,Control,FIB2
0.0016843868078251709,Fibroblast 3,Control,FIB3
-0.0883300928023053,Fibroblast 3,Control,FIB3
-0.018220834912591393,Fibroblast 3,Control,FIB3
-0.16128896916263388,Fibroblast 3,Control,FIB3
0.03229953567428884,Fibroblast 1,Control,FIB1
-0.13692627235504368,Fibroblast 3,Control,FIB3
0.007790690537507243,Fibroblast 4,Control,FIB4
-0.11320467455479626,Fibroblast 2,Control,FIB2
-0.07582378662237614,Fibroblast 1,Control,FIB1
-0.030363631216116873,Fibroblast 2,Control,FIB2
-0.05122408435579424,Fibroblast 1,Control,FIB1
-0.006539027117958729,Fibroblast 1,Control,FIB1
-0.05804390940044939,Fibroblast 2,Control,FIB2
0.12333684169172264,Fibroblast 1,Control,FIB1
0.01579927618584739,Fibroblast 1,Control,FIB1
-0.10441347874412614,Fibroblast 3,Control,FIB3
-0.1030151035528559,Fibroblast 1,Control,FIB1
0.07145248700755441,Fibroblast 1,Control,FIB1
0.00044492352824678644,Fibroblast 2,Control,FIB2
0.007272829384978305,Fibroblast 1,Control,FIB1
0.0017167678291509735,Fibroblast 1,Control,FIB1
0.029001240081016975,Fibroblast 1,Control,FIB1
-0.024942769773600985,Fibroblast 2,Control,FIB2
-0.03597876368765732,Fibroblast 2,Control,FIB2
-0.08517730174561679,Fibroblast 3,Control,FIB3
-0.14905542507658734,Fibroblast 2,Control,FIB2
-0.12501149731706188,Fibroblast 4,Control,FIB4
-0.1295442316390686,Fibroblast 3,Control,FIB3
0.0316047929925016,Fibroblast 1,Control,FIB1
-0.1873225837047186,Fibroblast 3,Control,FIB3
-0.1432098843643776,Fibroblast 3,Control,FIB3
-0.022913326808306673,Fibroblast 3,Control,FIB3
-0.07711884428309317,Fibroblast 2,Control,FIB2
0.02269643330217939,Fibroblast 1,Control,FIB1
-0.09202486996515105,Fibroblast 3,Control,FIB3
-0.09537794642164055,Fibroblast 1,Control,FIB1
-0.021482203588711883,Fibroblast 4,Control,FIB4
-0.04336550029537044,Fibroblast 1,Control,FIB1
0.006926615567020598,Fibroblast 1,Control,FIB1
0.0811604037185747,Fibroblast 1,Control,FIB1
-0.09445969616333566,Fibroblast 3,Control,FIB3
-0.07728162083745178,Fibroblast 2,Control,FIB2
-0.06197752475436814,Fibroblast 1,Control,FIB1
-0.009989576344328574,Fibroblast 3,Control,FIB3
-0.018508690356516498,Fibroblast 3,Control,FIB3
-0.005124328061221553,Fibroblast 1,Control,FIB1
-0.13197808657320864,Fibroblast 1,Control,FIB1
-0.08073490713542017,Fibroblast 3,Control,FIB3
0.06720447554945796,Fibroblast 1,Control,FIB1
-0.05845945913989056,Fibroblast 3,Control,FIB3
-0.047364794199439814,Fibroblast 3,Control,FIB3
-0.05998171991416927,Fibroblast 2,Control,FIB2
0.06464462631884134,Fibroblast 1,Control,FIB1
-0.06270391650039056,Fibroblast 3,Control,FIB3
-0.09303355329250355,Fibroblast 2,Control,FIB2
-0.07272576138576786,Fibroblast 3,Control,FIB3
-0.005625300140539351,Fibroblast 1,Control,FIB1
-0.02894191723454366,Fibroblast 2,Control,FIB2
-0.013765219321606393,Fibroblast 1,Control,FIB1
-0.06789958847562122,Fibroblast 2,Control,FIB2
-0.04555477520218743,Fibroblast 3,Control,FIB3
-0.06112449753496755,Fibroblast 3,Control,FIB3
-0.08740749404714601,Fibroblast 1,Control,FIB1
-0.03599987798632372,Fibroblast 2,Control,FIB2
-0.028072288938214757,Fibroblast 3,Control,FIB3
-0.08204207568150906,Fibroblast 1,Control,FIB1
-0.025527703439009355,Fibroblast 3,Control,FIB3
-0.050796398473322506,Fibroblast 1,Control,FIB1
-0.009120411733494795,Fibroblast 1,Control,FIB1
-0.018929207261736823,Fibroblast 2,Control,FIB2
0.03374559836268622,Fibroblast 1,Control,FIB1
0.04790245932510277,Fibroblast 1,Control,FIB1
-0.12802195263709332,Fibroblast 2,Control,FIB2
0.2572772687009053,Fibroblast 1,Control,FIB1
0.024753845777845035,Fibroblast 1,Control,FIB1
0.030794096346193817,Fibroblast 3,Control,FIB3
0.12524088733146732,Fibroblast 1,Control,FIB1
-0.1271814803046913,Fibroblast 3,Control,FIB3
-0.15696858501781052,Fibroblast 3,Control,FIB3
-0.08813546326570942,Fibroblast 3,Control,FIB3
-0.09698762171809441,Fibroblast 3,Control,FIB3
-0.013894974760699907,Fibroblast 1,Control,FIB1
-0.16395600401493535,Fibroblast 3,Control,FIB3
-0.09174466969337759,Fibroblast 1,Control,FIB1
-0.0475725522329814,Fibroblast 1,Control,FIB1
-0.04539804025923401,Fibroblast 3,Control,FIB3
-0.03102226991103548,Fibroblast 3,Control,FIB3
-0.003793946996358745,Fibroblast 3,Control,FIB3
0.10561960140823012,Fibroblast 1,Control,FIB1
-0.02236922823812524,Fibroblast 1,Control,FIB1
-0.0716873706137895,Fibroblast 3,Control,FIB3
0.026783468356144605,Fibroblast 1,Control,FIB1
-0.117672654756613,Fibroblast 2,Control,FIB2
0.002818501184940177,Fibroblast 4,Control,FIB4
0.04097673620595342,Fibroblast 1,Control,FIB1
-0.1450784472017872,Fibroblast 2,Control,FIB2
-0.07654160209961021,Fibroblast 3,Control,FIB3
-0.15098047790132565,Fibroblast 2,Control,FIB2
-0.10563759268427807,Fibroblast 2,Control,FIB2
-0.129990251906188,Fibroblast 2,Control,FIB2
-0.1424976204185835,Fibroblast 3,Control,FIB3
-0.15081727138145648,Fibroblast 3,Control,FIB3
-0.10500086676453402,Fibroblast 2,Control,FIB2
-0.13528305232346693,Fibroblast 2,Control,FIB2
-0.0377822183205741,Fibroblast 1,Control,FIB1
-0.06474974589848544,Fibroblast 3,Control,FIB3
-0.06858031602728856,Fibroblast 2,Control,FIB2
-0.08446018262718435,Fibroblast 2,Control,FIB2
-0.0008318225788520317,Fibroblast 1,Control,FIB1
0.12221187601549173,Fibroblast 1,Control,FIB1
-0.05170599953484689,Fibroblast 2,Control,FIB2
-0.1331183869645047,Fibroblast 2,Control,FIB2
-0.044725306986806795,Fibroblast 2,Control,FIB2
-0.02819457445814641,Fibroblast 1,Control,FIB1
-0.003726730759292335,Fibroblast 2,Control,FIB2
-0.07577090551668095,Fibroblast 3,Control,FIB3
-0.12114407816378565,Fibroblast 2,Control,FIB2
-0.07870326135306284,Fibroblast 2,Control,FIB2
-0.14772761742792564,Fibroblast 3,Control,FIB3
-0.04784805746629134,Fibroblast 1,Control,FIB1
-0.032723286590024256,Fibroblast 2,Control,FIB2
-0.02498839724136576,Fibroblast 1,Control,FIB1
0.0414697964259397,Fibroblast 4,Control,FIB4
0.008448227001564286,Fibroblast 2,Control,FIB2
-0.017280094550254164,Fibroblast 2,Control,FIB2
-0.04306566046202909,Fibroblast 2,Control,FIB2
0.0922762282874665,Fibroblast 1,Control,FIB1
-0.028088826594015258,Fibroblast 4,Control,FIB4
0.0692630305334103,Fibroblast 1,Control,FIB1
0.038143053375978786,Fibroblast 2,Control,FIB2
-0.03290587759344938,Fibroblast 3,Control,FIB3
-0.008717503347402514,Fibroblast 1,Control,FIB1
-0.11806125705115111,Fibroblast 3,Control,FIB3
0.061369670493397734,Fibroblast 1,Control,FIB1
0.03690396199107325,Fibroblast 3,Control,FIB3
-0.008430093239829455,Fibroblast 3,Control,FIB3
0.04353353277570537,Fibroblast 1,Control,FIB1
0.03960909567170398,Fibroblast 3,Control,FIB3
-0.06167004403277408,Fibroblast 4,Control,FIB4
-0.11018468049531625,Fibroblast 2,Control,FIB2
-0.06194338936332091,Fibroblast 3,Control,FIB3
-0.12242493284254574,Fibroblast 1,Control,FIB1
-0.0920921204095507,Fibroblast 3,Control,FIB3
-0.0155434929178105,Fibroblast 2,Control,FIB2
-0.012933576161754189,Fibroblast 1,Control,FIB1
-0.035157102511393236,Fibroblast 3,Control,FIB3
0.10671490675088711,Fibroblast 1,Control,FIB1
-0.08445421178435616,Fibroblast 3,Control,FIB3
-0.007153877653098883,Fibroblast 3,Control,FIB3
-0.122231449492072,Fibroblast 3,Control,FIB3
-0.03860202614901661,Fibroblast 2,Control,FIB2
-0.00833853990142956,Fibroblast 1,Control,FIB1
-0.01719811273026879,Fibroblast 3,Control,FIB3
-0.0001401225948267637,Fibroblast 3,Control,FIB3
-0.12575297325993173,Fibroblast 3,Control,FIB3
-0.07955943752257709,Fibroblast 2,Control,FIB2
-0.21108096492068013,Fibroblast 1,Control,FIB1
-0.11869584960935274,Fibroblast 2,Control,FIB2
-0.028219131558735348,Fibroblast 3,Control,FIB3
-0.06796374486311496,Fibroblast 3,Control,FIB3
0.053621392769597716,Fibroblast 1,Control,FIB1
0.04852847777379486,Fibroblast 1,Control,FIB1
-0.08179729087305271,Fibroblast 2,Control,FIB2
-0.12822998409753847,Fibroblast 3,Control,FIB3
0.062129584453687714,Fibroblast 1,Control,FIB1
0.14214783128098987,Fibroblast 1,Control,FIB1
0.01743451932149173,Fibroblast 3,Control,FIB3
-0.13478265873318138,Fibroblast 3,Control,FIB3
-0.047005786364287275,Fibroblast 3,Control,FIB3
-0.1051601930250948,Fibroblast 3,Control,FIB3
-0.02522447299193227,Fibroblast 3,Control,FIB3
-0.12202260091637732,Fibroblast 2,Control,FIB2
-0.09721948527887324,Fibroblast 3,Control,FIB3
-0.05181612151407994,Fibroblast 1,Control,FIB1
-0.09880288880623998,Fibroblast 2,Control,FIB2
0.07651325394169807,Fibroblast 1,Control,FIB1
0.09959163487674808,Fibroblast 1,Control,FIB1
-0.10321511056126118,Fibroblast 2,Control,FIB2
-0.13540068143010053,Fibroblast 3,Control,FIB3
-0.13045244665799716,Fibroblast 2,Control,FIB2
-0.1464065109761812,Fibroblast 2,Control,FIB2
-0.07292950214634787,Fibroblast 3,Control,FIB3
-0.007260569488412479,Fibroblast 3,Control,FIB3
-0.0730272501949191,Fibroblast 3,Control,FIB3
-0.0658271478039563,Fibroblast 2,Control,FIB2
-0.02809341486275615,Fibroblast 3,Control,FIB3
0.06730318532915334,Fibroblast 1,Control,FIB1
-0.036112305916215365,Fibroblast 1,Control,FIB1
0.0060716153348500945,Fibroblast 3,Control,FIB3
-0.12145400652699453,Fibroblast 2,Control,FIB2
-0.07209252790189521,Fibroblast 3,Control,FIB3
0.02366047046935217,Fibroblast 1,Control,FIB1
0.09411648437756838,Fibroblast 1,Control,FIB1
0.06482291599853596,Fibroblast 1,Control,FIB1
-0.04180993408130768,Fibroblast 3,Control,FIB3
-0.112051403057651,Fibroblast 1,Control,FIB1
-0.09436938065381119,Fibroblast 2,Control,FIB2
-0.18440051988917472,Fibroblast 1,Control,FIB1
-0.16390889766674194,Fibroblast 3,Control,FIB3
0.006597610225187241,Fibroblast 1,Control,FIB1
-0.07597510458301329,Fibroblast 3,Control,FIB3
-0.08703875097573502,Fibroblast 3,Control,FIB3
-0.13024823369172056,Fibroblast 3,Control,FIB3
-0.006903399952850868,Fibroblast 1,Control,FIB1
-0.058887425888264545,Fibroblast 3,Control,FIB3
-0.02562715263087143,Fibroblast 2,Control,FIB2
-0.07907995768974498,Fibroblast 3,Control,FIB3
-0.11843001830557959,Fibroblast 3,Control,FIB3
-0.09897280176355684,Fibroblast 3,Control,FIB3
-0.13257025807649397,Fibroblast 2,Control,FIB2
-0.0305433937276506,Fibroblast 1,Control,FIB1
-0.12942439786276988,Fibroblast 2,Control,FIB2
-0.10617133349447622,Fibroblast 2,Control,FIB2
-0.03842983157653365,Fibroblast 3,Control,FIB3
-0.15447296542064767,Fibroblast 2,Control,FIB2
-0.005713441600064361,Fibroblast 1,Control,FIB1
-0.05932192849377533,Fibroblast 2,Control,FIB2
-0.1629359688114887,Fibroblast 2,Control,FIB2
0.04924484951921208,Fibroblast 4,Expanded,FIB4
0.1342776333457402,Fibroblast 3,Expanded,FIB3
0.03770691325871231,Fibroblast 3,Expanded,FIB3
0.07081253383479076,Fibroblast 4,Expanded,FIB4
0.04469772089213858,Fibroblast 3,Expanded,FIB3
0.7909221085294229,Fibroblast 3,Expanded,FIB3
0.2782225485392321,Fibroblast 3,Expanded,FIB3
0.05254388160331449,Fibroblast 3,Expanded,FIB3
0.07662537930075067,Fibroblast 3,Expanded,FIB3
0.12419729430081519,Fibroblast 3,Expanded,FIB3
0.08190991407054325,Fibroblast 4,Expanded,FIB4
0.671874015666377,Fibroblast 1,Expanded,FIB1
-0.023348564863690958,Fibroblast 3,Expanded,FIB3
-0.012189011302003276,Fibroblast 4,Expanded,FIB4
-0.040033089116422546,Fibroblast 3,Expanded,FIB3
-0.03281472864344172,Fibroblast 3,Expanded,FIB3
0.1579610858228604,Fibroblast 1,Expanded,FIB1
-0.15779105630479515,Fibroblast 4,Expanded,FIB4
0.02516658392192471,Fibroblast 3,Expanded,FIB3
-0.07757312492435486,Fibroblast 3,Expanded,FIB3
0.12483171529792507,Fibroblast 2,Expanded,FIB2
0.15929396322108277,Fibroblast 3,Expanded,FIB3
-0.02066553502539897,Fibroblast 4,Expanded,FIB4
0.08446490454083869,Fibroblast 4,Expanded,FIB4
0.09292896025853205,Fibroblast 3,Expanded,FIB3
0.1466771844364339,Fibroblast 1,Expanded,FIB1
0.35916729135151915,Fibroblast 3,Expanded,FIB3
0.03548364763786045,Fibroblast 3,Expanded,FIB3
0.09027772743036733,Fibroblast 1,Expanded,FIB1
0.8796938623838494,Fibroblast 3,Expanded,FIB3
0.0654739368438729,Fibroblast 3,Expanded,FIB3
0.1983617777922383,Fibroblast 4,Expanded,FIB4
0.1061299488428113,Fibroblast 1,Expanded,FIB1
0.11133066938112163,Fibroblast 3,Expanded,FIB3
0.15532114463883848,Fibroblast 1,Expanded,FIB1
0.003678017169911091,Fibroblast 1,Expanded,FIB1
0.040246494932759114,Fibroblast 2,Expanded,FIB2
0.012733442212612106,Fibroblast 4,Expanded,FIB4
0.07604620788146253,Fibroblast 4,Expanded,FIB4
-0.03968695240460538,Fibroblast 2,Expanded,FIB2
0.08196550038875222,Fibroblast 3,Expanded,FIB3
0.7268146467425032,Fibroblast 2,Expanded,FIB2
0.08586108615430046,Fibroblast 1,Expanded,FIB1
0.29786741670313716,Fibroblast 4,Expanded,FIB4
0.09908592490018057,Fibroblast 3,Expanded,FIB3
0.14653355271011073,Fibroblast 4,Expanded,FIB4
0.10272106834066265,Fibroblast 4,Expanded,FIB4
0.13552904533842947,Fibroblast 2,Expanded,FIB2
0.14594004090428853,Fibroblast 4,Expanded,FIB4
0.08560250304407617,Fibroblast 4,Expanded,FIB4
0.04603553079475088,Fibroblast 3,Expanded,FIB3
0.21328143230893062,Fibroblast 3,Expanded,FIB3
0.032722244364496646,Fibroblast 3,Expanded,FIB3
0.056460753812829424,Fibroblast 3,Expanded,FIB3
0.1946654464366619,Fibroblast 1,Expanded,FIB1
0.06582989278690284,Fibroblast 4,Expanded,FIB4
0.16566641092616588,Fibroblast 4,Expanded,FIB4
0.08208207833012615,Fibroblast 3,Expanded,FIB3
-0.11621215410329752,Fibroblast 3,Expanded,FIB3
0.09061908351466906,Fibroblast 3,Expanded,FIB3
0.5931986006770417,Fibroblast 4,Expanded,FIB4
0.009257187965901068,Fibroblast 3,Expanded,FIB3
0.08972131794938765,Fibroblast 4,Expanded,FIB4
0.8890338802899629,Fibroblast 2,Expanded,FIB2
0.12671241699322625,Fibroblast 4,Expanded,FIB4
0.12873510465687119,Fibroblast 4,Expanded,FIB4
0.08978571051197413,Fibroblast 3,Expanded,FIB3
0.12133672923504073,Fibroblast 3,Expanded,FIB3
0.10433273381311764,Fibroblast 1,Expanded,FIB1
0.21760941094895633,Fibroblast 4,Expanded,FIB4
0.06478295447578367,Fibroblast 4,Expanded,FIB4
0.252245866999425,Fibroblast 4,Expanded,FIB4
0.30699235580959183,Fibroblast 1,Expanded,FIB1
0.05574871739234787,Fibroblast 4,Expanded,FIB4
0.22042445807183078,Fibroblast 4,Expanded,FIB4
0.17129054537971583,Fibroblast 1,Expanded,FIB1
0.1705628848194385,Fibroblast 1,Expanded,FIB1
0.15707927601214156,Fibroblast 2,Expanded,FIB2
-0.04941380217398613,Fibroblast 3,Expanded,FIB3
0.14162014715813342,Fibroblast 4,Expanded,FIB4
0.04718411962376735,Fibroblast 3,Expanded,FIB3
0.08918252442306937,Fibroblast 4,Expanded,FIB4
0.006653992581937326,Fibroblast 2,Expanded,FIB2
0.4827926799089154,Fibroblast 4,Expanded,FIB4
0.11543124852823997,Fibroblast 1,Expanded,FIB1
0.12343028023998213,Fibroblast 4,Expanded,FIB4
-0.017263033940728492,Fibroblast 3,Expanded,FIB3
-0.04771105254871726,Fibroblast 3,Expanded,FIB3
0.07373688554477191,Fibroblast 3,Expanded,FIB3
0.5720814686064001,Fibroblast 4,Expanded,FIB4
0.039510737878736206,Fibroblast 4,Expanded,FIB4
0.08174153426606326,Fibroblast 1,Expanded,FIB1
0.10373805183042939,Fibroblast 4,Expanded,FIB4
-0.02563174800381371,Fibroblast 4,Expanded,FIB4
0.05980188318471962,Fibroblast 2,Expanded,FIB2
0.038505453596541894,Fibroblast 1,Expanded,FIB1
0.1200410707839717,Fibroblast 4,Expanded,FIB4
0.23275378565612334,Fibroblast 3,Expanded,FIB3
0.15257190540024881,Fibroblast 1,Expanded,FIB1
0.014065161414771418,Fibroblast 3,Expanded,FIB3
-0.043688642850355446,Fibroblast 1,Expanded,FIB1
0.19672130966650975,Fibroblast 1,Expanded,FIB1
0.16604327503194025,Fibroblast 1,Expanded,FIB1
0.24390952692120194,Fibroblast 4,Expanded,FIB4
0.11737321896477523,Fibroblast 1,Expanded,FIB1
-0.07113433274533978,Fibroblast 3,Expanded,FIB3
0.10701291596623927,Fibroblast 2,Expanded,FIB2
0.665290690417539,Fibroblast 3,Expanded,FIB3
0.2949178924195397,Fibroblast 4,Expanded,FIB4
0.030430141011424598,Fibroblast 3,Expanded,FIB3
0.08962390818348911,Fibroblast 2,Expanded,FIB2
0.030979456556372187,Fibroblast 3,Expanded,FIB3
0.1388258566675112,Fibroblast 4,Expanded,FIB4
0.02727078153182734,Fibroblast 3,Expanded,FIB3
0.12247485077070393,Fibroblast 3,Expanded,FIB3
0.20513878732705942,Fibroblast 1,Expanded,FIB1
0.1066588543680127,Fibroblast 1,Expanded,FIB1
0.05430756228045496,Fibroblast 1,Expanded,FIB1
0.13225821120040962,Fibroblast 1,Expanded,FIB1
0.2188097371956615,Fibroblast 4,Expanded,FIB4
0.06388701626970675,Fibroblast 4,Expanded,FIB4
-0.011936278501524514,Fibroblast 2,Expanded,FIB2
0.16792245929220526,Fibroblast 1,Expanded,FIB1
0.043529999216908755,Fibroblast 3,Expanded,FIB3
0.03085105348022602,Fibroblast 2,Expanded,FIB2
0.13956517450253084,Fibroblast 4,Expanded,FIB4
0.13635354498763066,Fibroblast 2,Expanded,FIB2
0.16123062892511938,Fibroblast 4,Expanded,FIB4
0.26841055069577824,Fibroblast 4,Expanded,FIB4
0.6693730124525963,Fibroblast 3,Expanded,FIB3
0.011823353026397532,Fibroblast 4,Expanded,FIB4
0.16457960307973907,Fibroblast 1,Expanded,FIB1
0.1515441642568772,Fibroblast 1,Expanded,FIB1
-0.042037444513094824,Fibroblast 4,Expanded,FIB4
0.08582607520137678,Fibroblast 3,Expanded,FIB3
0.08256098516021618,Fibroblast 2,Expanded,FIB2
0.1806325049993691,Fibroblast 1,Expanded,FIB1
-0.004961991984520318,Fibroblast 2,Expanded,FIB2
0.6750307055116894,Fibroblast 3,Expanded,FIB3
0.3006392655482293,Fibroblast 1,Expanded,FIB1
0.08456939612392479,Fibroblast 2,Expanded,FIB2
0.09843908759627312,Fibroblast 1,Expanded,FIB1
-0.010505784386063324,Fibroblast 4,Expanded,FIB4
0.05919472156603507,Fibroblast 4,Expanded,FIB4
0.4266725971006518,Fibroblast 4,Expanded,FIB4
0.09227240840690591,Fibroblast 3,Expanded,FIB3
0.034100394021110814,Fibroblast 3,Expanded,FIB3
-0.006957752784131008,Fibroblast 3,Expanded,FIB3
0.05522403082131833,Fibroblast 3,Expanded,FIB3
0.03905662290642732,Fibroblast 3,Expanded,FIB3
0.1691626407093455,Fibroblast 4,Expanded,FIB4
0.1631098920960482,Fibroblast 4,Expanded,FIB4
0.09703907408385119,Fibroblast 1,Expanded,FIB1
0.10162152052496873,Fibroblast 3,Expanded,FIB3
0.011570221865063124,Fibroblast 4,Expanded,FIB4
0.04096997861940291,Fibroblast 3,Expanded,FIB3
-0.062260475083502596,Fibroblast 3,Expanded,FIB3
-0.07301231804915587,Fibroblast 4,Expanded,FIB4
0.14386908764891393,Embryonic fibroblasts,Embryonic,EMB
0.22615404402073655,Embryonic fibroblasts,Embryonic,EMB
0.05235373801887213,Embryonic fibroblasts,Embryonic,EMB
0.2529169731489852,Embryonic fibroblasts,Embryonic,EMB
0.22292407359909572,Embryonic fibroblasts,Embryonic,EMB
0.22393557821390384,Embryonic fibroblasts,Embryonic,EMB
0.12535751352449048,Embryonic fibroblasts,Embryonic,EMB
0.18577926692027316,Embryonic fibroblasts,Embryonic,EMB
0.31740667883796303,Embryonic fibroblasts,Embryonic,EMB
0.21766624812011992,Embryonic fibroblasts,Embryonic,EMB
0.012148103797700469,Embryonic fibroblasts,Embryonic,EMB
0.13978387810520193,Embryonic fibroblasts,Embryonic,EMB
0.18565656091547256,Embryonic fibroblasts,Embryonic,EMB
0.3006774756498019,Embryonic fibroblasts,Embryonic,EMB
0.07160265763805647,Embryonic fibroblasts,Embryonic,EMB
0.23464739621005418,Embryonic fibroblasts,Embryonic,EMB
0.13982154259130725,Embryonic fibroblasts,Embryonic,EMB
0.1402407446873587,Embryonic fibroblasts,Embryonic,EMB
0.026259122003401768,Embryonic fibroblasts,Embryonic,EMB
0.26226095237384606,Embryonic fibroblasts,Embryonic,EMB
0.16590198825268887,Embryonic fibroblasts,Embryonic,EMB
0.28106411181089025,Embryonic fibroblasts,Embryonic,EMB
0.34789947842240715,Embryonic fibroblasts,Embryonic,EMB
0.15303016094864894,Embryonic fibroblasts,Embryonic,EMB
0.1615470491037418,Embryonic fibroblasts,Embryonic,EMB
-0.17454793072243954,Embryonic fibroblasts,Embryonic,EMB
0.18111264765024104,Embryonic fibroblasts,Embryonic,EMB
0.17894285587459668,Embryonic fibroblasts,Embryonic,EMB
0.15399629052975156,Embryonic fibroblasts,Embryonic,EMB
0.2317693752596816,Embryonic fibroblasts,Embryonic,EMB
0.16583985450336974,Embryonic fibroblasts,Embryonic,EMB
0.06746299482045667,Embryonic fibroblasts,Embryonic,EMB
0.2577586153330716,Embryonic fibroblasts,Embryonic,EMB
0.18707833292242507,Embryonic fibroblasts,Embryonic,EMB
0.35147779562514797,Embryonic fibroblasts,Embryonic,EMB
0.07481137210588541,Embryonic fibroblasts,Embryonic,EMB
0.18309931092017503,Embryonic fibroblasts,Embryonic,EMB
0.22548693002199097,Embryonic fibroblasts,Embryonic,EMB
0.13672872163734628,Embryonic fibroblasts,Embryonic,EMB
0.24797057921696009,Embryonic fibroblasts,Embryonic,EMB
0.21484866167105215,Embryonic fibroblasts,Embryonic,EMB
0.3029590886695968,Embryonic fibroblasts,Embryonic,EMB
0.30824909349969154,Embryonic fibroblasts,Embryonic,EMB
0.11705954985654558,Embryonic fibroblasts,Embryonic,EMB
0.4046312209013869,Embryonic fibroblasts,Embryonic,EMB
0.3073713631327182,Embryonic fibroblasts,Embryonic,EMB
0.1994066064991798,Embryonic fibroblasts,Embryonic,EMB
0.15334247339128515,Embryonic fibroblasts,Embryonic,EMB
0.23391039530734595,Embryonic fibroblasts,Embryonic,EMB
0.163556459157659,Embryonic fibroblasts,Embryonic,EMB
0.4282495940952299,Embryonic fibroblasts,Embryonic,EMB
0.36006274952628586,Embryonic fibroblasts,Embryonic,EMB
0.19675947757556983,Embryonic fibroblasts,Embryonic,EMB
0.2950147086799593,Embryonic fibroblasts,Embryonic,EMB
0.19346939080221395,Embryonic fibroblasts,Embryonic,EMB
0.1903815933660157,Embryonic fibroblasts,Embryonic,EMB
0.2253343392890616,Embryonic fibroblasts,Embryonic,EMB
0.35135150421513955,Embryonic fibroblasts,Embryonic,EMB
0.20238034829798085,Embryonic fibroblasts,Embryonic,EMB
0.1627186320007302,Embryonic fibroblasts,Embryonic,EMB
0.3506670866931777,Embryonic fibroblasts,Embryonic,EMB
0.19356531802655816,Embryonic fibroblasts,Embryonic,EMB
0.2602161576027944,Embryonic fibroblasts,Embryonic,EMB
0.17889801832412475,Embryonic fibroblasts,Embryonic,EMB
0.22299625547640886,Embryonic fibroblasts,Embryonic,EMB
0.05838128288013275,Embryonic fibroblasts,Embryonic,EMB
0.1696776368061869,Embryonic fibroblasts,Embryonic,EMB
0.1645363764747963,Embryonic fibroblasts,Embryonic,EMB
0.1330451373851048,Embryonic fibroblasts,Embryonic,EMB
0.18814041482976582,Embryonic fibroblasts,Embryonic,EMB
0.22260690158332144,Embryonic fibroblasts,Embryonic,EMB
0.04174441296872854,Embryonic fibroblasts,Embryonic,EMB
0.17010192465328053,Embryonic fibroblasts,Embryonic,EMB
0.13940925891951503,Embryonic fibroblasts,Embryonic,EMB
0.21140910743942415,Embryonic fibroblasts,Embryonic,EMB
0.05216530404234407,Embryonic fibroblasts,Embryonic,EMB
0.04992265547856847,Embryonic fibroblasts,Embryonic,EMB
0.20085692274226563,Embryonic fibroblasts,Embryonic,EMB
0.2826916689490655,Embryonic fibroblasts,Embryonic,EMB
0.05324146077054274,Embryonic fibroblasts,Embryonic,EMB
0.2352304191336481,Embryonic fibroblasts,Embryonic,EMB
0.23914984727732808,Embryonic fibroblasts,Embryonic,EMB
0.40625122453133944,Embryonic fibroblasts,Embryonic,EMB
0.05625660111482126,Embryonic fibroblasts,Embryonic,EMB
0.3031122619615456,Embryonic fibroblasts,Embryonic,EMB
0.2872923714718812,Embryonic fibroblasts,Embryonic,EMB
0.38063651139352794,Embryonic fibroblasts,Embryonic,EMB
0.2544123301805451,Embryonic fibroblasts,Embryonic,EMB
0.19555541604739513,Embryonic fibroblasts,Embryonic,EMB
0.18609056657275488,Embryonic fibroblasts,Embryonic,EMB
0.14734544400024335,Embryonic fibroblasts,Embryonic,EMB
0.07935956291527599,Embryonic fibroblasts,Embryonic,EMB
0.10026874337827382,Embryonic fibroblasts,Embryonic,EMB
0.1466125798211453,Embryonic fibroblasts,Embryonic,EMB
0.19946435954752473,Embryonic fibroblasts,Embryonic,EMB
0.0775383204125314,Embryonic fibroblasts,Embryonic,EMB
0.02699347147494133,Embryonic fibroblasts,Embryonic,EMB
0.20301967977651508,Embryonic fibroblasts,Embryonic,EMB
0.17685564611248336,Embryonic fibroblasts,Embryonic,EMB
0.18843521464774043,Embryonic fibroblasts,Embryonic,EMB
0.19891158712643778,Embryonic fibroblasts,Embryonic,EMB
0.017243260074786215,Embryonic fibroblasts,Embryonic,EMB
0.20846055345521142,Embryonic fibroblasts,Embryonic,EMB
0.21550585329310903,Embryonic fibroblasts,Embryonic,EMB
0.2955916572496454,Embryonic fibroblasts,Embryonic,EMB
0.20410092570525823,Embryonic fibroblasts,Embryonic,EMB
0.1611952146434686,Embryonic fibroblasts,Embryonic,EMB
0.06457091218812254,Embryonic fibroblasts,Embryonic,EMB
0.1879339629201179,Embryonic fibroblasts,Embryonic,EMB
0.22899174454859658,Embryonic fibroblasts,Embryonic,EMB
0.1628328553420402,Embryonic fibroblasts,Embryonic,EMB
0.247476339961352,Embryonic fibroblasts,Embryonic,EMB
0.08810861663762744,Embryonic fibroblasts,Embryonic,EMB
0.38769417165371395,Embryonic fibroblasts,Embryonic,EMB
0.33721945304332784,Embryonic fibroblasts,Embryonic,EMB
0.2583483334644484,Embryonic fibroblasts,Embryonic,EMB
0.2276818200963685,Embryonic fibroblasts,Embryonic,EMB
0.21569612155300058,Embryonic fibroblasts,Embryonic,EMB
0.04095931001324198,Embryonic fibroblasts,Embryonic,EMB
0.32001860623405787,Embryonic fibroblasts,Embryonic,EMB
0.40157574709477967,Embryonic fibroblasts,Embryonic,EMB
0.27331903235668437,Embryonic fibroblasts,Embryonic,EMB
0.2336618959901075,Embryonic fibroblasts,Embryonic,EMB
0.34876311436333063,Embryonic fibroblasts,Embryonic,EMB
0.21969752208278764,Embryonic fibroblasts,Embryonic,EMB
0.10444994948453172,Embryonic fibroblasts,Embryonic,EMB
-0.03336799834398809,Embryonic fibroblasts,Embryonic,EMB
0.26195954741744065,Embryonic fibroblasts,Embryonic,EMB
0.1822380534684329,Embryonic fibroblasts,Embryonic,EMB
0.11228198851565994,Embryonic fibroblasts,Embryonic,EMB
0.23455942261972695,Embryonic fibroblasts,Embryonic,EMB
0.22110299461488508,Embryonic fibroblasts,Embryonic,EMB
0.3376831487014469,Embryonic fibroblasts,Embryonic,EMB
0.25436702982977843,Embryonic fibroblasts,Embryonic,EMB
0.28537319056079646,Embryonic fibroblasts,Embryonic,EMB
0.2785925985263484,Embryonic fibroblasts,Embryonic,EMB
0.2506291891105891,Embryonic fibroblasts,Embryonic,EMB
0.15813682738368917,Embryonic fibroblasts,Embryonic,EMB
0.07962006491694817,Embryonic fibroblasts,Embryonic,EMB
0.07875836755102,Embryonic fibroblasts,Embryonic,EMB
0.05936798095343096,Embryonic fibroblasts,Embryonic,EMB
0.13750326435184912,Embryonic fibroblasts,Embryonic,EMB
0.3154245683687343,Embryonic fibroblasts,Embryonic,EMB
0.18493873294675522,Embryonic fibroblasts,Embryonic,EMB
0.10441451454341628,Embryonic fibroblasts,Embryonic,EMB
0.2673012017515041,Embryonic fibroblasts,Embryonic,EMB
0.19230547865580278,Embryonic fibroblasts,Embryonic,EMB
0.4160686101140141,Embryonic fibroblasts,Embryonic,EMB
0.1563790598547736,Embryonic fibroblasts,Embryonic,EMB
0.29586995950347766,Embryonic fibroblasts,Embryonic,EMB
0.08652543550370333,Embryonic fibroblasts,Embryonic,EMB
0.1531895334972662,Embryonic fibroblasts,Embryonic,EMB
0.31094751961288114,Embryonic fibroblasts,Embryonic,EMB
0.17915400240497767,Embryonic fibroblasts,Embryonic,EMB
0.23435204693693645,Embryonic fibroblasts,Embryonic,EMB
0.08195090278166389,Embryonic fibroblasts,Embryonic,EMB
0.07727028711029749,Embryonic fibroblasts,Embryonic,EMB
0.1695881537169579,Embryonic fibroblasts,Embryonic,EMB
0.1466769863323861,Embryonic fibroblasts,Embryonic,EMB
0.0005741637407083375,Embryonic fibroblasts,Embryonic,EMB
0.24605865100615293,Embryonic fibroblasts,Embryonic,EMB
0.16425120334316956,Embryonic fibroblasts,Embryonic,EMB
0.2239271162002922,Embryonic fibroblasts,Embryonic,EMB
0.343368073625341,Embryonic fibroblasts,Embryonic,EMB
0.188095429013507,Embryonic fibroblasts,Embryonic,EMB
0.15685772561530079,Embryonic fibroblasts,Embryonic,EMB
0.1581654493618517,Embryonic fibroblasts,Embryonic,EMB
0.3279749875971878,Embryonic fibroblasts,Embryonic,EMB
0.049028712074749875,Embryonic fibroblasts,Embryonic,EMB
0.24584791166409548,Embryonic fibroblasts,Embryonic,EMB
0.19974547648163093,Embryonic fibroblasts,Embryonic,EMB
0.20733952071781905,Embryonic fibroblasts,Embryonic,EMB
0.20619697847174326,Embryonic fibroblasts,Embryonic,EMB
0.27847284760931024,Embryonic fibroblasts,Embryonic,EMB
0.050707268314562515,Embryonic fibroblasts,Embryonic,EMB
0.17538983261749683,Embryonic fibroblasts,Embryonic,EMB
0.09439412777886066,Embryonic fibroblasts,Embryonic,EMB
0.21137826640331026,Embryonic fibroblasts,Embryonic,EMB
0.2537723594626665,Embryonic fibroblasts,Embryonic,EMB
0.1552245956183228,Embryonic fibroblasts,Embryonic,EMB
0.1348572000616362,Embryonic fibroblasts,Embryonic,EMB
-0.01633230280983821,Embryonic fibroblasts,Embryonic,EMB
0.35028635240717904,Embryonic fibroblasts,Embryonic,EMB
0.23839297329597323,Embryonic fibroblasts,Embryonic,EMB
0.19079438646571353,Embryonic fibroblasts,Embryonic,EMB
0.24442463778924628,Embryonic fibroblasts,Embryonic,EMB
0.19526555219915645,Embryonic fibroblasts,Embryonic,EMB
0.2670759756201122,Embryonic fibroblasts,Embryonic,EMB
0.1416949151960632,Embryonic fibroblasts,Embryonic,EMB
0.36564817845041575,Embryonic fibroblasts,Embryonic,EMB
0.2194402479395166,Embryonic fibroblasts,Embryonic,EMB
0.3210963767503039,Embryonic fibroblasts,Embryonic,EMB
0.22072735537903249,Embryonic fibroblasts,Embryonic,EMB
0.2720543019811862,Embryonic fibroblasts,Embryonic,EMB
0.1394322471103459,Embryonic fibroblasts,Embryonic,EMB
0.2501884154110827,Embryonic fibroblasts,Embryonic,EMB
0.18645836931133977,Embryonic fibroblasts,Embryonic,EMB
0.13715998865932533,Embryonic fibroblasts,Embryonic,EMB
0.24706645211056108,Embryonic fibroblasts,Embryonic,EMB
-0.10596335450462026,Embryonic fibroblasts,Embryonic,EMB
0.07377374028418446,Embryonic fibroblasts,Embryonic,EMB
0.27165495451680255,Embryonic fibroblasts,Embryonic,EMB
0.16711025389404294,Embryonic fibroblasts,Embryonic,EMB
0.1887218805782993,Embryonic fibroblasts,Embryonic,EMB
0.20461595834141763,Embryonic fibroblasts,Embryonic,EMB
0.19648392647157942,Embryonic fibroblasts,Embryonic,EMB
0.06515101561742118,Embryonic fibroblasts,Embryonic,EMB
-0.04347730732891057,Embryonic fibroblasts,Embryonic,EMB
0.10697040688515727,Embryonic fibroblasts,Embryonic,EMB
0.23498362190706715,Embryonic fibroblasts,Embryonic,EMB
0.19012513634668488,Embryonic fibroblasts,Embryonic,EMB
0.16471654958165657,Embryonic fibroblasts,Embryonic,EMB
0.2424547211505557,Embryonic fibroblasts,Embryonic,EMB
0.3296983897668345,Embryonic fibroblasts,Embryonic,EMB
0.16102229717240352,Embryonic fibroblasts,Embryonic,EMB
0.2318554319972621,Embryonic fibroblasts,Embryonic,EMB
0.28348120445945807,Embryonic fibroblasts,Embryonic,EMB
0.3145140314488662,Embryonic fibroblasts,Embryonic,EMB
0.12212251695193689,Embryonic fibroblasts,Embryonic,EMB
0.23840513534715185,Embryonic fibroblasts,Embryonic,EMB
0.20740624564562243,Embryonic fibroblasts,Embryonic,EMB
0.3944175568758298,Embryonic fibroblasts,Embryonic,EMB
0.15286064817624917,Embryonic fibroblasts,Embryonic,EMB
0.18351934331358727,Embryonic fibroblasts,Embryonic,EMB
0.10911606750804698,Embryonic fibroblasts,Embryonic,EMB
0.2692732313584707,Embryonic fibroblasts,Embryonic,EMB
0.25593067201156444,Embryonic fibroblasts,Embryonic,EMB
0.2694823132134237,Embryonic fibroblasts,Embryonic,EMB
0.34992373141178124,Embryonic fibroblasts,Embryonic,EMB
0.20991469308400298,Embryonic fibroblasts,Embryonic,EMB
0.15598564356872727,Embryonic fibroblasts,Embryonic,EMB
0.07520487389859283,Embryonic fibroblasts,Embryonic,EMB
0.1747662153870812,Embryonic fibroblasts,Embryonic,EMB
0.21864450731682122,Embryonic fibroblasts,Embryonic,EMB
0.15582095396196005,Embryonic fibroblasts,Embryonic,EMB
0.23148135298780526,Embryonic fibroblasts,Embryonic,EMB
0.08730987341415394,Embryonic fibroblasts,Embryonic,EMB
0.12256495091726241,Embryonic fibroblasts,Embryonic,EMB
0.1907946741841189,Embryonic fibroblasts,Embryonic,EMB
0.11691107235008627,Embryonic fibroblasts,Embryonic,EMB
0.18324325419535337,Embryonic fibroblasts,Embryonic,EMB
0.2654962435398439,Embryonic fibroblasts,Embryonic,EMB
0.2944332707531496,Embryonic fibroblasts,Embryonic,EMB
0.2509328725637398,Embryonic fibroblasts,Embryonic,EMB
0.19701067176786752,Embryonic fibroblasts,Embryonic,EMB
0.09836080957449268,Embryonic fibroblasts,Embryonic,EMB
0.1736868480208023,Embryonic fibroblasts,Embryonic,EMB
0.05990087354607912,Embryonic fibroblasts,Embryonic,EMB
0.1857263967955877,Embryonic fibroblasts,Embryonic,EMB
0.17449877684292003,Embryonic fibroblasts,Embryonic,EMB
0.17763905808467048,Embryonic fibroblasts,Embryonic,EMB
0.30358967792159003,Embryonic fibroblasts,Embryonic,EMB
0.24339256796322592,Embryonic fibroblasts,Embryonic,EMB
0.2545633482857799,Embryonic fibroblasts,Embryonic,EMB
0.19295108548827716,Embryonic fibroblasts,Embryonic,EMB
0.2554094990993363,Embryonic fibroblasts,Embryonic,EMB
0.2473592456540615,Embryonic fibroblasts,Embryonic,EMB
0.18081019346329358,Embryonic fibroblasts,Embryonic,EMB
0.13770806887844106,Embryonic fibroblasts,Embryonic,EMB
0.23359625003520615,Embryonic fibroblasts,Embryonic,EMB
0.06629320919687975,Embryonic fibroblasts,Embryonic,EMB
0.26967084170301614,Embryonic fibroblasts,Embryonic,EMB
0.05090755527488255,Embryonic fibroblasts,Embryonic,EMB
0.010829137303567618,Embryonic fibroblasts,Embryonic,EMB
0.19557983405433574,Embryonic fibroblasts,Embryonic,EMB
0.2251945788263225,Embryonic fibroblasts,Embryonic,EMB
0.22144280833373117,Embryonic fibroblasts,Embryonic,EMB
0.09113000674168475,Embryonic fibroblasts,Embryonic,EMB
0.12993545665165684,Embryonic fibroblasts,Embryonic,EMB
0.14579250184003498,Embryonic fibroblasts,Embryonic,EMB
0.1422158262193589,Embryonic fibroblasts,Embryonic,EMB
0.2727542762972921,Embryonic fibroblasts,Embryonic,EMB
0.3287827166902323,Embryonic fibroblasts,Embryonic,EMB
0.25255772870613813,Embryonic fibroblasts,Embryonic,EMB
0.05791626068472563,Embryonic fibroblasts,Embryonic,EMB
0.3656593781386439,Embryonic fibroblasts,Embryonic,EMB
0.14261150644492596,Embryonic fibroblasts,Embryonic,EMB
0.20274230090143955,Embryonic fibroblasts,Embryonic,EMB
0.24789825057242926,Embryonic fibroblasts,Embryonic,EMB
0.2235322712595138,Embryonic fibroblasts,Embryonic,EMB
0.24578436348644597,Embryonic fibroblasts,Embryonic,EMB
0.17497440824726326,Embryonic fibroblasts,Embryonic,EMB
0.25386875422149596,Embryonic fibroblasts,Embryonic,EMB
0.2688601192465874,Embryonic fibroblasts,Embryonic,EMB
0.1405071401699079,Embryonic fibroblasts,Embryonic,EMB
0.3540131164358661,Embryonic fibroblasts,Embryonic,EMB
0.25211197333665336,Embryonic fibroblasts,Embryonic,EMB
0.2737592089729507,Embryonic fibroblasts,Embryonic,EMB
0.11154697372503436,Embryonic fibroblasts,Embryonic,EMB
0.13848983869538747,Embryonic fibroblasts,Embryonic,EMB
0.11200562877513354,Embryonic fibroblasts,Embryonic,EMB
0.08736510831324373,Embryonic fibroblasts,Embryonic,EMB
0.34878301781026333,Embryonic fibroblasts,Embryonic,EMB
0.22744141139123542,Embryonic fibroblasts,Embryonic,EMB
0.1313489556063337,Embryonic fibroblasts,Embryonic,EMB
0.16904013046076344,Embryonic fibroblasts,Embryonic,EMB
0.1492909441504407,Embryonic fibroblasts,Embryonic,EMB
0.15670744617456153,Embryonic fibroblasts,Embryonic,EMB
0.23309152249124304,Embryonic fibroblasts,Embryonic,EMB
0.27001603270943836,Embryonic fibroblasts,Embryonic,EMB
0.16176375068319115,Embryonic fibroblasts,Embryonic,EMB
0.23313945524421104,Embryonic fibroblasts,Embryonic,EMB
0.29950902449402045,Embryonic fibroblasts,Embryonic,EMB
0.30145807879616804,Embryonic fibroblasts,Embryonic,EMB
0.15435934752304867,Embryonic fibroblasts,Embryonic,EMB
0.25119789516535124,Embryonic fibroblasts,Embryonic,EMB
0.18717626858413144,Embryonic fibroblasts,Embryonic,EMB
0.15987332753428318,Embryonic fibroblasts,Embryonic,EMB
0.24216252136552985,Embryonic fibroblasts,Embryonic,EMB
0.17426042871956526,Embryonic fibroblasts,Embryonic,EMB
0.3052923722981128,Embryonic fibroblasts,Embryonic,EMB
0.1879300945702335,Embryonic fibroblasts,Embryonic,EMB
0.21432640562391056,Embryonic fibroblasts,Embryonic,EMB
0.160880562306228,Embryonic fibroblasts,Embryonic,EMB
0.1683604959187469,Embryonic fibroblasts,Embryonic,EMB
0.25415258182479006,Embryonic fibroblasts,Embryonic,EMB
0.1977953007390959,Embryonic fibroblasts,Embryonic,EMB
0.3429761399294747,Embryonic fibroblasts,Embryonic,EMB
0.17961004096138983,Embryonic fibroblasts,Embryonic,EMB
0.23470760675990907,Embryonic fibroblasts,Embryonic,EMB
0.14830954821728137,Embryonic fibroblasts,Embryonic,EMB
0.2319964882531921,Embryonic fibroblasts,Embryonic,EMB
0.14108760021904496,Embryonic fibroblasts,Embryonic,EMB
0.1882761810070835,Embryonic fibroblasts,Embryonic,EMB
0.12462215474534966,Embryonic fibroblasts,Embryonic,EMB
0.1144371725671203,Embryonic fibroblasts,Embryonic,EMB
0.12462016400524722,Embryonic fibroblasts,Embryonic,EMB
0.35758258604611276,Embryonic fibroblasts,Embryonic,EMB
0.39970886773614384,Embryonic fibroblasts,Embryonic,EMB
0.17152160257271715,Embryonic fibroblasts,Embryonic,EMB
0.22916331985716773,Embryonic fibroblasts,Embryonic,EMB
0.24976719489424204,Embryonic fibroblasts,Embryonic,EMB
0.18422181116566108,Embryonic fibroblasts,Embryonic,EMB
0.14390259167343283,Embryonic fibroblasts,Embryonic,EMB
0.3677025469828974,Embryonic fibroblasts,Embryonic,EMB
0.21575022914028935,Embryonic fibroblasts,Embryonic,EMB
-0.005219505361489074,Embryonic fibroblasts,Embryonic,EMB
0.14424105706389362,Embryonic fibroblasts,Embryonic,EMB
0.19599747604684506,Embryonic fibroblasts,Embryonic,EMB
0.04710708660522413,Embryonic fibroblasts,Embryonic,EMB
-0.02587971764813072,Embryonic fibroblasts,Embryonic,EMB
0.10504211942094756,Embryonic fibroblasts,Embryonic,EMB
0.13278978015126194,Embryonic fibroblasts,Embryonic,EMB
0.20871350883877376,Embryonic fibroblasts,Embryonic,EMB
0.4291216392815377,Embryonic fibroblasts,Embryonic,EMB
-0.006498969183916764,Embryonic fibroblasts,Embryonic,EMB
0.18849933504775834,Embryonic fibroblasts,Embryonic,EMB
0.15248385430479175,Embryonic fibroblasts,Embryonic,EMB
0.18997113748976877,Embryonic fibroblasts,Embryonic,EMB
0.1857295905483295,Embryonic fibroblasts,Embryonic,EMB
0.14404119939099488,Embryonic fibroblasts,Embryonic,EMB
0.161081031613115,Embryonic fibroblasts,Embryonic,EMB
0.2618730192886579,Embryonic fibroblasts,Embryonic,EMB
0.1435802070666061,Embryonic fibroblasts,Embryonic,EMB
0.24015071014934178,Embryonic fibroblasts,Embryonic,EMB
0.10260395417664701,Embryonic fibroblasts,Embryonic,EMB
0.12147557677546866,Embryonic fibroblasts,Embryonic,EMB
0.196995556606525,Embryonic fibroblasts,Embryonic,EMB
0.18252724932279452,Embryonic fibroblasts,Embryonic,EMB
0.15722306076678444,Embryonic fibroblasts,Embryonic,EMB
0.07600981921678371,Embryonic fibroblasts,Embryonic,EMB
0.33641493334865846,Embryonic fibroblasts,Embryonic,EMB
0.16931715226900423,Embryonic fibroblasts,Embryonic,EMB
0.30097405222282,Embryonic fibroblasts,Embryonic,EMB
0.18832884328029967,Embryonic fibroblasts,Embryonic,EMB
0.2378340051146083,Embryonic fibroblasts,Embryonic,EMB
0.29300087833404365,Embryonic fibroblasts,Embryonic,EMB
0.23511692893530883,Embryonic fibroblasts,Embryonic,EMB
0.32166941279575445,Embryonic fibroblasts,Embryonic,EMB
0.2018416738065205,Embryonic fibroblasts,Embryonic,EMB
0.1838473558068001,Embryonic fibroblasts,Embryonic,EMB
0.3806266761558043,Embryonic fibroblasts,Embryonic,EMB
0.22220285131226547,Embryonic fibroblasts,Embryonic,EMB
0.07952533082587371,Embryonic fibroblasts,Embryonic,EMB
0.22545224401477731,Embryonic fibroblasts,Embryonic,EMB
0.15214911653241295,Embryonic fibroblasts,Embryonic,EMB
0.15259496795614436,Embryonic fibroblasts,Embryonic,EMB
0.13836083061894375,Embryonic fibroblasts,Embryonic,EMB
0.3022389641602366,Embryonic fibroblasts,Embryonic,EMB
0.061617687160091146,Embryonic fibroblasts,Embryonic,EMB
0.1306263558124251,Embryonic fibroblasts,Embryonic,EMB
0.3631226464319682,Embryonic fibroblasts,Embryonic,EMB
0.19583868186717537,Embryonic fibroblasts,Embryonic,EMB
0.3040532489641272,Embryonic fibroblasts,Embryonic,EMB
0.1715099035374114,Embryonic fibroblasts,Embryonic,EMB
0.29987732859312993,Embryonic fibroblasts,Embryonic,EMB
0.1394654008125916,Embryonic fibroblasts,Embryonic,EMB
0.31171014323263907,Embryonic fibroblasts,Embryonic,EMB
0.30328853850037696,Embryonic fibroblasts,Embryonic,EMB
0.19430456101487564,Embryonic fibroblasts,Embryonic,EMB
0.1309320789719237,Embryonic fibroblasts,Embryonic,EMB
0.20685927495066492,Embryonic fibroblasts,Embryonic,EMB
0.2116537604001428,Embryonic fibroblasts,Embryonic,EMB
0.09726164163616059,Embryonic fibroblasts,Embryonic,EMB
0.2802623419681402,Embryonic fibroblasts,Embryonic,EMB
0.19001649979636648,Embryonic fibroblasts,Embryonic,EMB
0.13479258355166357,Embryonic fibroblasts,Embryonic,EMB
0.24646683356567778,Embryonic fibroblasts,Embryonic,EMB
0.280591868922073,Embryonic fibroblasts,Embryonic,EMB
0.0990037121405541,Embryonic fibroblasts,Embryonic,EMB
0.21303071318492403,Embryonic fibroblasts,Embryonic,EMB
0.18315892945154616,Embryonic fibroblasts,Embryonic,EMB
0.21241750470208215,Embryonic fibroblasts,Embryonic,EMB
0.30765495673124493,Embryonic fibroblasts,Embryonic,EMB
0.16222871936834932,Embryonic fibroblasts,Embryonic,EMB
0.26072103736565266,Embryonic fibroblasts,Embryonic,EMB
0.1059455514439578,Embryonic fibroblasts,Embryonic,EMB
0.300183588282325,Embryonic fibroblasts,Embryonic,EMB
0.2926939464436346,Embryonic fibroblasts,Embryonic,EMB
0.13650975142305485,Embryonic fibroblasts,Embryonic,EMB
0.2744152899585423,Embryonic fibroblasts,Embryonic,EMB
0.051151449248371866,Embryonic fibroblasts,Embryonic,EMB
0.19641370441584438,Embryonic fibroblasts,Embryonic,EMB
0.11592697035256068,Embryonic fibroblasts,Embryonic,EMB
0.2620484999587877,Embryonic fibroblasts,Embryonic,EMB
0.16905684220556544,Embryonic fibroblasts,Embryonic,EMB
0.24105639463802725,Embryonic fibroblasts,Embryonic,EMB
0.36809885179259205,Embryonic fibroblasts,Embryonic,EMB
0.18952720310638968,Embryonic fibroblasts,Embryonic,EMB
0.382235160181636,Embryonic fibroblasts,Embryonic,EMB
0.10482617827779298,Embryonic fibroblasts,Embryonic,EMB
0.17809767387596478,Embryonic fibroblasts,Embryonic,EMB
0.2308413647978851,Embryonic fibroblasts,Embryonic,EMB
0.1818752877545873,Embryonic fibroblasts,Embryonic,EMB
0.19959541148868654,Embryonic fibroblasts,Embryonic,EMB
0.2396501497348135,Embryonic fibroblasts,Embryonic,EMB
0.17931648908481626,Embryonic fibroblasts,Embryonic,EMB
0.16643168769417724,Embryonic fibroblasts,Embryonic,EMB
0.13194990262140563,Embryonic fibroblasts,Embryonic,EMB
0.3690900040105823,Embryonic fibroblasts,Embryonic,EMB
0.18918152852652348,Embryonic fibroblasts,Embryonic,EMB
0.3043142650535573,Embryonic fibroblasts,Embryonic,EMB
0.15195480178720105,Embryonic fibroblasts,Embryonic,EMB
0.1682601993877247,Embryonic fibroblasts,Embryonic,EMB
0.21431030830215178,Embryonic fibroblasts,Embryonic,EMB
0.3888760016736617,Embryonic fibroblasts,Embryonic,EMB
0.31614904454574533,Embryonic fibroblasts,Embryonic,EMB
0.21905258171282974,Embryonic fibroblasts,Embryonic,EMB
0.25533227569834477,Embryonic fibroblasts,Embryonic,EMB
0.1726568670672604,Embryonic fibroblasts,Embryonic,EMB
0.30691559065305,Embryonic fibroblasts,Embryonic,EMB
0.2798787628990579,Embryonic fibroblasts,Embryonic,EMB
0.17258055121146768,Embryonic fibroblasts,Embryonic,EMB
0.055471642210901985,Embryonic fibroblasts,Embryonic,EMB
0.37559092654332066,Embryonic fibroblasts,Embryonic,EMB
0.1645712771302508,Embryonic fibroblasts,Embryonic,EMB
0.30145638759761767,Embryonic fibroblasts,Embryonic,EMB
0.24039334558154876,Embryonic fibroblasts,Embryonic,EMB
0.10275406149459633,Embryonic fibroblasts,Embryonic,EMB
0.10910558795767972,Embryonic fibroblasts,Embryonic,EMB
0.14314426927561466,Embryonic fibroblasts,Embryonic,EMB
0.2659867927641275,Embryonic fibroblasts,Embryonic,EMB
0.24927955042255098,Embryonic fibroblasts,Embryonic,EMB
0.1284723398890629,Embryonic fibroblasts,Embryonic,EMB
0.18397512399368945,Embryonic fibroblasts,Embryonic,EMB
0.29066295852083707,Embryonic fibroblasts,Embryonic,EMB
0.1879912382578722,Embryonic fibroblasts,Embryonic,EMB
0.21039987371204907,Embryonic fibroblasts,Embryonic,EMB
0.19540039483435212,Embryonic fibroblasts,Embryonic,EMB
0.12131940667748176,Embryonic fibroblasts,Embryonic,EMB
0.24370849839988012,Embryonic fibroblasts,Embryonic,EMB
0.22671203495464837,Embryonic fibroblasts,Embryonic,EMB
0.14423104544611123,Embryonic fibroblasts,Embryonic,EMB
0.36547096127917134,Embryonic fibroblasts,Embryonic,EMB
0.17444266867961977,Embryonic fibroblasts,Embryonic,EMB
0.2667257055576594,Embryonic fibroblasts,Embryonic,EMB
0.31535015161242236,Embryonic fibroblasts,Embryonic,EMB
0.21265438988842073,Embryonic fibroblasts,Embryonic,EMB
0.1449854535958851,Embryonic fibroblasts,Embryonic,EMB
0.24153713956384937,Embryonic fibroblasts,Embryonic,EMB
0.1099438173100538,Embryonic fibroblasts,Embryonic,EMB
0.2051986197648723,Embryonic fibroblasts,Embryonic,EMB
0.08479254727833554,Embryonic fibroblasts,Embryonic,EMB
0.267533676693029,Embryonic fibroblasts,Embryonic,EMB
0.18799573618049475,Embryonic fibroblasts,Embryonic,EMB
0.04676812596318721,Embryonic fibroblasts,Embryonic,EMB
0.08842853299502715,Embryonic fibroblasts,Embryonic,EMB
0.2640596732473596,Embryonic fibroblasts,Embryonic,EMB
0.20186199704601088,Embryonic fibroblasts,Embryonic,EMB
0.19035237438609395,Embryonic fibroblasts,Embryonic,EMB
0.2813453327422285,Embryonic fibroblasts,Embryonic,EMB
0.26498018033873894,Embryonic fibroblasts,Embryonic,EMB
0.15772981867558242,Embryonic fibroblasts,Embryonic,EMB
0.21578173920946797,Embryonic fibroblasts,Embryonic,EMB
0.12344273326004909,Embryonic fibroblasts,Embryonic,EMB
0.07929634292146709,Embryonic fibroblasts,Embryonic,EMB
0.21734457039931293,Embryonic fibroblasts,Embryonic,EMB
0.18568172505586242,Embryonic fibroblasts,Embryonic,EMB
0.1886935115610886,Embryonic fibroblasts,Embryonic,EMB
0.07217312028498651,Embryonic fibroblasts,Embryonic,EMB
0.15178675833846977,Embryonic fibroblasts,Embryonic,EMB
0.22620080579991936,Embryonic fibroblasts,Embryonic,EMB
0.17392743506543942,Embryonic fibroblasts,Embryonic,EMB
0.07761001479257618,Embryonic fibroblasts,Embryonic,EMB
0.2016029047994272,Embryonic fibroblasts,Embryonic,EMB
0.24348477581108874,Embryonic fibroblasts,Embryonic,EMB
0.36778136178179055,Embryonic fibroblasts,Embryonic,EMB
0.30923652415767355,Embryonic fibroblasts,Embryonic,EMB
0.18361961946940353,Embryonic fibroblasts,Embryonic,EMB
0.2683796136981911,Embryonic fibroblasts,Embryonic,EMB
0.20121790090039274,Embryonic fibroblasts,Embryonic,EMB
0.007104545240894012,Embryonic fibroblasts,Embryonic,EMB
0.09020536334255481,Embryonic fibroblasts,Embryonic,EMB
0.307591092291324,Embryonic fibroblasts,Embryonic,EMB
0.1609016542389051,Embryonic fibroblasts,Embryonic,EMB
0.09238010097304801,Embryonic fibroblasts,Embryonic,EMB
0.19520564184786732,Embryonic fibroblasts,Embryonic,EMB
0.11584875606471381,Embryonic fibroblasts,Embryonic,EMB
0.3552764426607399,Embryonic fibroblasts,Embryonic,EMB
0.27375123036701027,Embryonic fibroblasts,Embryonic,EMB
0.190661023831537,Embryonic fibroblasts,Embryonic,EMB
0.29145883098659986,Embryonic fibroblasts,Embryonic,EMB
0.18041724200358317,Embryonic fibroblasts,Embryonic,EMB
0.10968930038709773,Embryonic fibroblasts,Embryonic,EMB
0.07948298772558861,Embryonic fibroblasts,Embryonic,EMB
0.22290566226860334,Embryonic fibroblasts,Embryonic,EMB
0.19373053124553458,Embryonic fibroblasts,Embryonic,EMB
0.39528880566878644,Embryonic fibroblasts,Embryonic,EMB
0.1527482783642187,Embryonic fibroblasts,Embryonic,EMB
0.18069512938206442,Embryonic fibroblasts,Embryonic,EMB
0.22521519083963856,Embryonic fibroblasts,Embryonic,EMB
0.22710656893336267,Embryonic fibroblasts,Embryonic,EMB
0.09842261294990967,Embryonic fibroblasts,Embryonic,EMB
0.33560945306156,Embryonic fibroblasts,Embryonic,EMB
0.2360657595540076,Embryonic fibroblasts,Embryonic,EMB
0.14392018573939122,Embryonic fibroblasts,Embryonic,EMB
0.29760808149777673,Embryonic fibroblasts,Embryonic,EMB
0.1629126438217793,Embryonic fibroblasts,Embryonic,EMB
0.24597881246513784,Embryonic fibroblasts,Embryonic,EMB
0.29793431639978124,Embryonic fibroblasts,Embryonic,EMB
0.1830655019226965,Embryonic fibroblasts,Embryonic,EMB
0.19791074648258022,Embryonic fibroblasts,Embryonic,EMB
0.14472812324719728,Embryonic fibroblasts,Embryonic,EMB
0.23194066857173903,Embryonic fibroblasts,Embryonic,EMB
0.21979321955617323,Embryonic fibroblasts,Embryonic,EMB
0.1256575133426475,Embryonic fibroblasts,Embryonic,EMB
0.2651962278125596,Embryonic fibroblasts,Embryonic,EMB
0.34914651378116507,Embryonic fibroblasts,Embryonic,EMB
0.2236418766796338,Embryonic fibroblasts,Embryonic,EMB
-0.0689797478582492,Embryonic fibroblasts,Embryonic,EMB
0.23925779871968403,Embryonic fibroblasts,Embryonic,EMB
0.26423805610204276,Embryonic fibroblasts,Embryonic,EMB
0.1617825788286552,Embryonic fibroblasts,Embryonic,EMB
0.29003314508314215,Embryonic fibroblasts,Embryonic,EMB
0.18909661503646003,Embryonic fibroblasts,Embryonic,EMB
0.27303411240193476,Embryonic fibroblasts,Embryonic,EMB
0.31015435336362085,Embryonic fibroblasts,Embryonic,EMB
0.19400291101226597,Embryonic fibroblasts,Embryonic,EMB
0.27260731867830706,Embryonic fibroblasts,Embryonic,EMB
0.15935039310417776,Embryonic fibroblasts,Embryonic,EMB
0.1452283128099727,Embryonic fibroblasts,Embryonic,EMB
0.12078183705871469,Embryonic fibroblasts,Embryonic,EMB
0.0574673149647529,Embryonic fibroblasts,Embryonic,EMB
0.08049742847206384,Embryonic fibroblasts,Embryonic,EMB
0.2385435988734337,Embryonic fibroblasts,Embryonic,EMB
0.03731632410225043,Embryonic fibroblasts,Embryonic,EMB
0.23508815506389957,Embryonic fibroblasts,Embryonic,EMB
0.05901943178922106,Embryonic fibroblasts,Embryonic,EMB
0.21360308085413265,Embryonic fibroblasts,Embryonic,EMB
0.2092585940620782,Embryonic fibroblasts,Embryonic,EMB
0.27119593881963105,Embryonic fibroblasts,Embryonic,EMB
0.21436909589285646,Embryonic fibroblasts,Embryonic,EMB
0.21580243947610891,Embryonic fibroblasts,Embryonic,EMB
0.34068989304972097,Embryonic fibroblasts,Embryonic,EMB
0.22434405982253028,Embryonic fibroblasts,Embryonic,EMB
0.23732086724660081,Embryonic fibroblasts,Embryonic,EMB
0.24777280329810253,Embryonic fibroblasts,Embryonic,EMB
0.15479809973690403,Embryonic fibroblasts,Embryonic,EMB
0.07626508379674818,Embryonic fibroblasts,Embryonic,EMB
0.15579610517792727,Embryonic fibroblasts,Embryonic,EMB
0.25576234012620236,Embryonic fibroblasts,Embryonic,EMB
0.08042729705656662,Embryonic fibroblasts,Embryonic,EMB
0.17811234661545797,Embryonic fibroblasts,Embryonic,EMB
0.04385815728127255,Embryonic fibroblasts,Embryonic,EMB
0.010106964030550059,Embryonic fibroblasts,Embryonic,EMB
0.11567182042112341,Embryonic fibroblasts,Embryonic,EMB
0.2655622870735484,Embryonic fibroblasts,Embryonic,EMB
0.22319038114720097,Embryonic fibroblasts,Embryonic,EMB
0.3210441362140853,Embryonic fibroblasts,Embryonic,EMB
0.13743753816700682,Embryonic fibroblasts,Embryonic,EMB
0.1544661485508592,Embryonic fibroblasts,Embryonic,EMB
0.18037845273002015,Embryonic fibroblasts,Embryonic,EMB
0.14512532238335374,Embryonic fibroblasts,Embryonic,EMB
0.2308978700525211,Embryonic fibroblasts,Embryonic,EMB
0.05951960043683304,Embryonic fibroblasts,Embryonic,EMB
0.12005524394101794,Embryonic fibroblasts,Embryonic,EMB
0.12373965709197612,Embryonic fibroblasts,Embryonic,EMB
0.3034628940649322,Embryonic fibroblasts,Embryonic,EMB
0.20000616561291704,Embryonic fibroblasts,Embryonic,EMB
0.12907630467657502,Embryonic fibroblasts,Embryonic,EMB
0.19823645017247293,Embryonic fibroblasts,Embryonic,EMB
0.18409287010170383,Embryonic fibroblasts,Embryonic,EMB
0.3248095017202481,Embryonic fibroblasts,Embryonic,EMB
0.2705741427936728,Embryonic fibroblasts,Embryonic,EMB
0.36761582742388094,Embryonic fibroblasts,Embryonic,EMB
0.19499313140127048,Embryonic fibroblasts,Embryonic,EMB
0.17526331277123947,Embryonic fibroblasts,Embryonic,EMB
0.15308478052241117,Embryonic fibroblasts,Embryonic,EMB
0.10508210153834269,Embryonic fibroblasts,Embryonic,EMB
0.34512209636059676,Embryonic fibroblasts,Embryonic,EMB
0.15909853633568272,Embryonic fibroblasts,Embryonic,EMB
0.2299463033175279,Embryonic fibroblasts,Embryonic,EMB
0.09066676241087286,Embryonic fibroblasts,Embryonic,EMB
0.20837610641411097,Embryonic fibroblasts,Embryonic,EMB
0.4013064950634346,Embryonic fibroblasts,Embryonic,EMB
0.21528515097954387,Embryonic fibroblasts,Embryonic,EMB
0.44551255303685894,Embryonic fibroblasts,Embryonic,EMB
0.2891057258421705,Embryonic fibroblasts,Embryonic,EMB
0.1305621815791208,Embryonic fibroblasts,Embryonic,EMB
0.2538850100158742,Embryonic fibroblasts,Embryonic,EMB
0.25400048193433294,Embryonic fibroblasts,Embryonic,EMB
0.28300540071912333,Embryonic fibroblasts,Embryonic,EMB
0.2743727389465058,Embryonic fibroblasts,Embryonic,EMB
0.21453465669964622,Embryonic fibroblasts,Embryonic,EMB
0.26780026251812683,Embryonic fibroblasts,Embryonic,EMB
0.2300861239480381,Embryonic fibroblasts,Embryonic,EMB
0.11400218132800549,Embryonic fibroblasts,Embryonic,EMB
0.128840060018638,Embryonic fibroblasts,Embryonic,EMB
0.17275012233742773,Embryonic fibroblasts,Embryonic,EMB
0.16528924643861326,Embryonic fibroblasts,Embryonic,EMB
0.2993108183375449,Embryonic fibroblasts,Embryonic,EMB
0.26993950833319713,Embryonic fibroblasts,Embryonic,EMB
0.17298719990949005,Embryonic fibroblasts,Embryonic,EMB
0.12011965894171849,Embryonic fibroblasts,Embryonic,EMB
0.29296106126084964,Embryonic fibroblasts,Embryonic,EMB
0.18298028019399715,Embryonic fibroblasts,Embryonic,EMB
0.20747403640045203,Embryonic fibroblasts,Embryonic,EMB
0.14640266280926284,Embryonic fibroblasts,Embryonic,EMB
0.14157375728198376,Embryonic fibroblasts,Embryonic,EMB
0.1532163341515979,Embryonic fibroblasts,Embryonic,EMB
0.14615978748876834,Embryonic fibroblasts,Embryonic,EMB
0.18897616672228124,Embryonic fibroblasts,Embryonic,EMB
0.3693275565899317,Embryonic fibroblasts,Embryonic,EMB
0.16513558104878157,Embryonic fibroblasts,Embryonic,EMB
0.08477282249432957,Embryonic fibroblasts,Embryonic,EMB
0.4264871314333656,Embryonic fibroblasts,Embryonic,EMB
0.16297306024087765,Embryonic fibroblasts,Embryonic,EMB
0.14241295656882286,Embryonic fibroblasts,Embryonic,EMB
0.26868051709696283,Embryonic fibroblasts,Embryonic,EMB
0.2492167249456321,Embryonic fibroblasts,Embryonic,EMB
0.23167716254538717,Embryonic fibroblasts,Embryonic,EMB
0.12089247197836805,Embryonic fibroblasts,Embryonic,EMB
0.2845903407336982,Embryonic fibroblasts,Embryonic,EMB
0.23000983358983768,Embryonic fibroblasts,Embryonic,EMB
0.19791082217805045,Embryonic fibroblasts,Embryonic,EMB
0.20929492725830687,Embryonic fibroblasts,Embryonic,EMB
0.1368769768953349,Embryonic fibroblasts,Embryonic,EMB
0.22759005565347348,Embryonic fibroblasts,Embryonic,EMB
0.23890850241272504,Embryonic fibroblasts,Embryonic,EMB
0.13883183201847762,Embryonic fibroblasts,Embryonic,EMB
0.14997529843632984,Embryonic fibroblasts,Embryonic,EMB
0.19477477626075915,Embryonic fibroblasts,Embryonic,EMB
0.2136922821028865,Embryonic fibroblasts,Embryonic,EMB
0.19423119237817374,Embryonic fibroblasts,Embryonic,EMB
0.21370875753786797,Embryonic fibroblasts,Embryonic,EMB
0.2070319577593463,Embryonic fibroblasts,Embryonic,EMB
0.24699464346394,Embryonic fibroblasts,Embryonic,EMB
0.036557464062973485,Embryonic fibroblasts,Embryonic,EMB
0.32274122107676206,Embryonic fibroblasts,Embryonic,EMB
0.1416048910269915,Embryonic fibroblasts,Embryonic,EMB
0.3426086684530141,Embryonic fibroblasts,Embryonic,EMB
0.17103792629653175,Embryonic fibroblasts,Embryonic,EMB
0.30375032041023187,Embryonic fibroblasts,Embryonic,EMB
0.18609420084843067,Embryonic fibroblasts,Embryonic,EMB
0.1350372143912867,Embryonic fibroblasts,Embryonic,EMB
0.1205011705295616,Embryonic fibroblasts,Embryonic,EMB
0.1592759039570361,Embryonic fibroblasts,Embryonic,EMB
0.3132429709983746,Embryonic fibroblasts,Embryonic,EMB
0.16638747826160022,Embryonic fibroblasts,Embryonic,EMB
0.22064195855029156,Embryonic fibroblasts,Embryonic,EMB
0.14924536488460996,Embryonic fibroblasts,Embryonic,EMB
0.3435857555663256,Embryonic fibroblasts,Embryonic,EMB
0.2718658798012137,Embryonic fibroblasts,Embryonic,EMB
0.1336866523243425,Embryonic fibroblasts,Embryonic,EMB
0.2414021941279525,Embryonic fibroblasts,Embryonic,EMB
0.14132049675392738,Embryonic fibroblasts,Embryonic,EMB
0.21355173805540498,Embryonic fibroblasts,Embryonic,EMB
0.13860049402219649,Embryonic fibroblasts,Embryonic,EMB
0.13455402350765266,Embryonic fibroblasts,Embryonic,EMB
0.3355252898196551,Embryonic fibroblasts,Embryonic,EMB
0.135526570510951,Embryonic fibroblasts,Embryonic,EMB
0.18553921597437828,Embryonic fibroblasts,Embryonic,EMB
0.3365724327695438,Embryonic fibroblasts,Embryonic,EMB
0.16622769468702464,Embryonic fibroblasts,Embryonic,EMB
0.20924226075911095,Embryonic fibroblasts,Embryonic,EMB
0.20874867804141894,Embryonic fibroblasts,Embryonic,EMB
0.22416218085817707,Embryonic fibroblasts,Embryonic,EMB
0.16631705177224307,Embryonic fibroblasts,Embryonic,EMB
0.35593406655447674,Embryonic fibroblasts,Embryonic,EMB
0.20964851467032677,Embryonic fibroblasts,Embryonic,EMB
0.1869274016927925,Embryonic fibroblasts,Embryonic,EMB
0.21204252942213486,Embryonic fibroblasts,Embryonic,EMB
0.23427314161021795,Embryonic fibroblasts,Embryonic,EMB
0.22862658026237603,Embryonic fibroblasts,Embryonic,EMB
0.28795639027882236,Embryonic fibroblasts,Embryonic,EMB
0.2804472988943515,Embryonic fibroblasts,Embryonic,EMB
0.11341144126605635,Embryonic fibroblasts,Embryonic,EMB
0.22822330431198587,Embryonic fibroblasts,Embryonic,EMB
0.16304211796034251,Embryonic fibroblasts,Embryonic,EMB
0.26820663545814305,Embryonic fibroblasts,Embryonic,EMB
0.18135947217944412,Embryonic fibroblasts,Embryonic,EMB
-0.018879350600208976,Embryonic fibroblasts,Embryonic,EMB
0.21931173384145203,Embryonic fibroblasts,Embryonic,EMB
0.17710594779749764,Embryonic fibroblasts,Embryonic,EMB
0.25858418420722473,Embryonic fibroblasts,Embryonic,EMB
0.22617737448704633,Embryonic fibroblasts,Embryonic,EMB
0.2633428517167213,Embryonic fibroblasts,Embryonic,EMB
0.20730967285880947,Embryonic fibroblasts,Embryonic,EMB
0.19149684399203332,Embryonic fibroblasts,Embryonic,EMB
0.23630736401480837,Embryonic fibroblasts,Embryonic,EMB
0.0771225143526507,Embryonic fibroblasts,Embryonic,EMB
0.16130446539801097,Embryonic fibroblasts,Embryonic,EMB
0.3050335714862303,Embryonic fibroblasts,Embryonic,EMB
0.15512663049414066,Embryonic fibroblasts,Embryonic,EMB
0.1673755913248467,Embryonic fibroblasts,Embryonic,EMB
0.22167977956189835,Embryonic fibroblasts,Embryonic,EMB
0.18143026401855106,Embryonic fibroblasts,Embryonic,EMB
0.4282835447997097,Embryonic fibroblasts,Embryonic,EMB
0.2592103765875335,Embryonic fibroblasts,Embryonic,EMB
0.09015058519324337,Embryonic fibroblasts,Embryonic,EMB
0.0933135689004224,Embryonic fibroblasts,Embryonic,EMB
0.01816577810578409,Embryonic fibroblasts,Embryonic,EMB
0.26854948230237735,Embryonic fibroblasts,Embryonic,EMB
0.08533557531331351,Embryonic fibroblasts,Embryonic,EMB
0.3922507470059822,Embryonic fibroblasts,Embryonic,EMB
0.30765717702593715,Embryonic fibroblasts,Embryonic,EMB
0.1698881703175037,Embryonic fibroblasts,Embryonic,EMB
0.2719263459317849,Embryonic fibroblasts,Embryonic,EMB
0.2505976221425039,Embryonic fibroblasts,Embryonic,EMB
0.17794586443329746,Embryonic fibroblasts,Embryonic,EMB
-0.02199843668059564,Embryonic fibroblasts,Embryonic,EMB
0.2775157560832427,Embryonic fibroblasts,Embryonic,EMB
0.20236002450017268,Embryonic fibroblasts,Embryonic,EMB
0.1502342792714909,Embryonic fibroblasts,Embryonic,EMB
0.40906367436887214,Embryonic fibroblasts,Embryonic,EMB
0.20439872241381685,Embryonic fibroblasts,Embryonic,EMB
0.31484784479722333,Embryonic fibroblasts,Embryonic,EMB
0.20214952625114707,Embryonic fibroblasts,Embryonic,EMB
0.3678818321232954,Embryonic fibroblasts,Embryonic,EMB
0.2552176472607929,Embryonic fibroblasts,Embryonic,EMB
0.1499579499126866,Embryonic fibroblasts,Embryonic,EMB
0.18784771088142882,Embryonic fibroblasts,Embryonic,EMB
0.12780255253894426,Embryonic fibroblasts,Embryonic,EMB
0.17974142793202844,Embryonic fibroblasts,Embryonic,EMB
0.3341550128102505,Embryonic fibroblasts,Embryonic,EMB
0.20909518398091032,Embryonic fibroblasts,Embryonic,EMB
0.15317613954162532,Embryonic fibroblasts,Embryonic,EMB
0.2128941905167315,Embryonic fibroblasts,Embryonic,EMB
0.2308899934940319,Embryonic fibroblasts,Embryonic,EMB
0.12060380148372529,Embryonic fibroblasts,Embryonic,EMB
0.17542002698045359,Embryonic fibroblasts,Embryonic,EMB
0.295415932077393,Embryonic fibroblasts,Embryonic,EMB
0.36306691374978933,Embryonic fibroblasts,Embryonic,EMB
0.1665938021169467,Embryonic fibroblasts,Embryonic,EMB
0.3173092072949644,Embryonic fibroblasts,Embryonic,EMB
0.1848963808079353,Embryonic fibroblasts,Embryonic,EMB
0.24946040653328497,Embryonic fibroblasts,Embryonic,EMB
0.1467127490769537,Embryonic fibroblasts,Embryonic,EMB
0.22067565144491394,Embryonic fibroblasts,Embryonic,EMB
0.30268420113067973,Embryonic fibroblasts,Embryonic,EMB
0.14105979284781134,Embryonic fibroblasts,Embryonic,EMB
0.19177201782693062,Embryonic fibroblasts,Embryonic,EMB
0.15365385276450802,Embryonic fibroblasts,Embryonic,EMB
0.17768436787806363,Embryonic fibroblasts,Embryonic,EMB
0.2689461731958668,Embryonic fibroblasts,Embryonic,EMB
0.2386396876172185,Embryonic fibroblasts,Embryonic,EMB
0.2684088244295324,Embryonic fibroblasts,Embryonic,EMB
0.34290530594042834,Embryonic fibroblasts,Embryonic,EMB
0.23529031292681793,Embryonic fibroblasts,Embryonic,EMB
0.22739281850542595,Embryonic fibroblasts,Embryonic,EMB
0.24105267858481258,Embryonic fibroblasts,Embryonic,EMB
0.1574491922872945,Embryonic fibroblasts,Embryonic,EMB
0.2835973693257682,Embryonic fibroblasts,Embryonic,EMB
0.12633155159566753,Embryonic fibroblasts,Embryonic,EMB
0.2219062211780893,Embryonic fibroblasts,Embryonic,EMB
0.1338510855836879,Embryonic fibroblasts,Embryonic,EMB
0.14001461887211292,Embryonic fibroblasts,Embryonic,EMB
0.09858021287664655,Embryonic fibroblasts,Embryonic,EMB
0.11703000219626564,Embryonic fibroblasts,Embryonic,EMB
0.19270679555235556,Embryonic fibroblasts,Embryonic,EMB
0.26358364153468977,Embryonic fibroblasts,Embryonic,EMB
0.1233456770135296,Embryonic fibroblasts,Embryonic,EMB
0.25803586927236744,Embryonic fibroblasts,Embryonic,EMB
0.1359145353679735,Embryonic fibroblasts,Embryonic,EMB
0.19450344330975472,Embryonic fibroblasts,Embryonic,EMB
0.24863503324822298,Embryonic fibroblasts,Embryonic,EMB
0.3008768594929742,Embryonic fibroblasts,Embryonic,EMB
0.29455166067912986,Embryonic fibroblasts,Embryonic,EMB
0.22526701771681745,Embryonic fibroblasts,Embryonic,EMB
0.2126594200390999,Embryonic fibroblasts,Embryonic,EMB
0.10198151356030369,Embryonic fibroblasts,Embryonic,EMB
0.18030193131189481,Embryonic fibroblasts,Embryonic,EMB
0.24056456698372428,Embryonic fibroblasts,Embryonic,EMB
0.12624540520155064,Embryonic fibroblasts,Embryonic,EMB
0.12757707815423575,Embryonic fibroblasts,Embryonic,EMB
0.28897585692536903,Embryonic fibroblasts,Embryonic,EMB
0.0776564606529507,Embryonic fibroblasts,Embryonic,EMB
0.2735312662751065,Embryonic fibroblasts,Embryonic,EMB
0.21365996294307646,Embryonic fibroblasts,Embryonic,EMB
0.3227693382303697,Embryonic fibroblasts,Embryonic,EMB
0.24803814626035092,Embryonic fibroblasts,Embryonic,EMB
0.10517408298597104,Embryonic fibroblasts,Embryonic,EMB
0.21766339923159256,Embryonic fibroblasts,Embryonic,EMB
0.11771239868835195,Embryonic fibroblasts,Embryonic,EMB
0.27488228748637045,Embryonic fibroblasts,Embryonic,EMB
0.28836217704555167,Embryonic fibroblasts,Embryonic,EMB
0.21030359451150935,Embryonic fibroblasts,Embryonic,EMB
0.15162611387383879,Embryonic fibroblasts,Embryonic,EMB
0.24107329011670334,Embryonic fibroblasts,Embryonic,EMB
0.14481961836058063,Embryonic fibroblasts,Embryonic,EMB
0.14923157288731564,Embryonic fibroblasts,Embryonic,EMB
0.07263144479003353,Embryonic fibroblasts,Embryonic,EMB
0.16568399840457437,Embryonic fibroblasts,Embryonic,EMB
0.09128903959747355,Embryonic fibroblasts,Embryonic,EMB
0.22253705294601334,Embryonic fibroblasts,Embryonic,EMB
0.1751561057456618,Embryonic fibroblasts,Embryonic,EMB
0.24038847022618806,Embryonic fibroblasts,Embryonic,EMB
0.2534535507295506,Embryonic fibroblasts,Embryonic,EMB
0.16759182584047394,Embryonic fibroblasts,Embryonic,EMB
0.1644251713521924,Embryonic fibroblasts,Embryonic,EMB
0.1803510731589274,Embryonic fibroblasts,Embryonic,EMB
0.4350883700652524,Embryonic fibroblasts,Embryonic,EMB
0.279569685469809,Embryonic fibroblasts,Embryonic,EMB
0.24825440232408724,Embryonic fibroblasts,Embryonic,EMB
0.21340026775750842,Embryonic fibroblasts,Embryonic,EMB
0.18626465155942845,Embryonic fibroblasts,Embryonic,EMB
0.21573970232874304,Embryonic fibroblasts,Embryonic,EMB
0.2668969006438324,Embryonic fibroblasts,Embryonic,EMB
0.13218316032306798,Embryonic fibroblasts,Embryonic,EMB
0.21679797699408151,Embryonic fibroblasts,Embryonic,EMB
0.1105213371059918,Embryonic fibroblasts,Embryonic,EMB
0.15698614189052695,Embryonic fibroblasts,Embryonic,EMB
0.038425576088397265,Embryonic fibroblasts,Embryonic,EMB
0.1740255609078882,Embryonic fibroblasts,Embryonic,EMB
0.14551251400069926,Embryonic fibroblasts,Embryonic,EMB
0.25703385304403575,Embryonic fibroblasts,Embryonic,EMB
0.1528011923802549,Embryonic fibroblasts,Embryonic,EMB
0.10532186233123182,Embryonic fibroblasts,Embryonic,EMB
0.4387274127166021,Embryonic fibroblasts,Embryonic,EMB
0.23475141421242854,Embryonic fibroblasts,Embryonic,EMB
0.07163265429201482,Embryonic fibroblasts,Embryonic,EMB
0.09084029158325238,Embryonic fibroblasts,Embryonic,EMB
0.13949361497561075,Embryonic fibroblasts,Embryonic,EMB
0.3435713263436524,Embryonic fibroblasts,Embryonic,EMB
0.38778218679139365,Embryonic fibroblasts,Embryonic,EMB
0.2985051873426111,Embryonic fibroblasts,Embryonic,EMB
0.33075343913063115,Embryonic fibroblasts,Embryonic,EMB
0.1543646833290418,Embryonic fibroblasts,Embryonic,EMB
0.30482464179625773,Embryonic fibroblasts,Embryonic,EMB
0.09427704605634865,Embryonic fibroblasts,Embryonic,EMB
0.27552975756977294,Embryonic fibroblasts,Embryonic,EMB
0.3113073935371566,Embryonic fibroblasts,Embryonic,EMB
0.25568620714954676,Embryonic fibroblasts,Embryonic,EMB
0.20086184522938555,Embryonic fibroblasts,Embryonic,EMB
0.30853698310068983,Embryonic fibroblasts,Embryonic,EMB
0.21436264498197205,Embryonic fibroblasts,Embryonic,EMB
0.23753674172892467,Embryonic fibroblasts,Embryonic,EMB
0.06253431905547474,Embryonic fibroblasts,Embryonic,EMB
0.23613074825508212,Embryonic fibroblasts,Embryonic,EMB
0.342606302181288,Embryonic fibroblasts,Embryonic,EMB
0.036277572486759536,Embryonic fibroblasts,Embryonic,EMB
0.2768446948586506,Embryonic fibroblasts,Embryonic,EMB
0.20038249346966566,Embryonic fibroblasts,Embryonic,EMB
0.15154651674108582,Embryonic fibroblasts,Embryonic,EMB
-0.00044817585014905736,Embryonic fibroblasts,Embryonic,EMB
0.20919779822219672,Embryonic fibroblasts,Embryonic,EMB
0.24940397887656232,Embryonic fibroblasts,Embryonic,EMB
0.26017836897970115,Embryonic fibroblasts,Embryonic,EMB
0.29071979015245775,Embryonic fibroblasts,Embryonic,EMB
0.12238021730572338,Embryonic fibroblasts,Embryonic,EMB
0.1969878389923658,Embryonic fibroblasts,Embryonic,EMB
0.11227237278498757,Embryonic fibroblasts,Embryonic,EMB
0.14770649946819234,Embryonic fibroblasts,Embryonic,EMB
0.23034617817918157,Embryonic fibroblasts,Embryonic,EMB
0.44680629901978647,Embryonic fibroblasts,Embryonic,EMB
0.1805399906191798,Embryonic fibroblasts,Embryonic,EMB
0.09394023026467095,Embryonic fibroblasts,Embryonic,EMB
0.26781209378163634,Embryonic fibroblasts,Embryonic,EMB
0.28997315016847236,Embryonic fibroblasts,Embryonic,EMB
0.21213553323583068,Embryonic fibroblasts,Embryonic,EMB
0.04515966672898088,Embryonic fibroblasts,Embryonic,EMB
0.24014373665539024,Embryonic fibroblasts,Embryonic,EMB
0.2062697484518281,Embryonic fibroblasts,Embryonic,EMB
0.1985159820730124,Embryonic fibroblasts,Embryonic,EMB
0.21656584691197003,Embryonic fibroblasts,Embryonic,EMB
0.36580756222116023,Embryonic fibroblasts,Embryonic,EMB
0.06474900320204659,Embryonic fibroblasts,Embryonic,EMB
0.06696579756108159,Embryonic fibroblasts,Embryonic,EMB
0.17331460677759308,Embryonic fibroblasts,Embryonic,EMB
0.04521467682124803,Embryonic fibroblasts,Embryonic,EMB
0.08188728758175544,Embryonic fibroblasts,Embryonic,EMB
0.32912330977637083,Embryonic fibroblasts,Embryonic,EMB
0.27526478887166905,Embryonic fibroblasts,Embryonic,EMB
0.28630434996920184,Embryonic fibroblasts,Embryonic,EMB
0.1681436138892943,Embryonic fibroblasts,Embryonic,EMB
0.30601716148671093,Embryonic fibroblasts,Embryonic,EMB
0.2299671110384815,Embryonic fibroblasts,Embryonic,EMB
0.168303594725221,Embryonic fibroblasts,Embryonic,EMB
0.08830211889753352,Embryonic fibroblasts,Embryonic,EMB
0.33749913397971887,Embryonic fibroblasts,Embryonic,EMB
0.09052616754011736,Embryonic fibroblasts,Embryonic,EMB
0.21964108198495869,Embryonic fibroblasts,Embryonic,EMB
0.21920213017071674,Embryonic fibroblasts,Embryonic,EMB
-0.07586472709572681,Embryonic fibroblasts,Embryonic,EMB
0.2338241445827783,Embryonic fibroblasts,Embryonic,EMB
0.2732366575802159,Embryonic fibroblasts,Embryonic,EMB
0.2260254281456645,Embryonic fibroblasts,Embryonic,EMB
0.29793459307328524,Embryonic fibroblasts,Embryonic,EMB
0.2134703575742679,Embryonic fibroblasts,Embryonic,EMB
0.2325490741260591,Embryonic fibroblasts,Embryonic,EMB
-0.019895937768225874,Embryonic fibroblasts,Embryonic,EMB
0.34326411062115597,Embryonic fibroblasts,Embryonic,EMB
0.08332704098032184,Embryonic fibroblasts,Embryonic,EMB
0.22825523903484335,Embryonic fibroblasts,Embryonic,EMB
0.19082241119041995,Embryonic fibroblasts,Embryonic,EMB
0.2660704699359674,Embryonic fibroblasts,Embryonic,EMB
0.18242292479453498,Embryonic fibroblasts,Embryonic,EMB
0.16925292948509768,Embryonic fibroblasts,Embryonic,EMB
0.21540405120850692,Embryonic fibroblasts,Embryonic,EMB
0.3112204613775518,Embryonic fibroblasts,Embryonic,EMB
0.18329198055219506,Embryonic fibroblasts,Embryonic,EMB
0.16159869026657164,Embryonic fibroblasts,Embryonic,EMB
0.14188463272566773,Embryonic fibroblasts,Embryonic,EMB
0.029989684583598755,Embryonic fibroblasts,Embryonic,EMB
0.18246717540505486,Embryonic fibroblasts,Embryonic,EMB
0.28999768224455785,Embryonic fibroblasts,Embryonic,EMB
0.2637259618796282,Embryonic fibroblasts,Embryonic,EMB
0.1735131960082421,Embryonic fibroblasts,Embryonic,EMB
0.2550907887814803,Embryonic fibroblasts,Embryonic,EMB
0.1856177326318627,Embryonic fibroblasts,Embryonic,EMB
0.14023263024983687,Embryonic fibroblasts,Embryonic,EMB
0.21897290015821333,Embryonic fibroblasts,Embryonic,EMB
0.11462063199523212,Embryonic fibroblasts,Embryonic,EMB
0.21984826233434965,Embryonic fibroblasts,Embryonic,EMB
0.4069886071219467,Embryonic fibroblasts,Embryonic,EMB
0.2550506172952629,Embryonic fibroblasts,Embryonic,EMB
0.07958348506102597,Embryonic fibroblasts,Embryonic,EMB
0.1670859908045037,Embryonic fibroblasts,Embryonic,EMB
0.0912137439751959,Embryonic fibroblasts,Embryonic,EMB
0.191742729720471,Embryonic fibroblasts,Embryonic,EMB
0.05747674240384537,Embryonic fibroblasts,Embryonic,EMB
0.12504345918899892,Embryonic fibroblasts,Embryonic,EMB
0.24342472605617757,Embryonic fibroblasts,Embryonic,EMB
0.27246573858761497,Embryonic fibroblasts,Embryonic,EMB
0.3555306204281593,Embryonic fibroblasts,Embryonic,EMB
0.19188346369803416,Embryonic fibroblasts,Embryonic,EMB
0.10870137574291006,Embryonic fibroblasts,Embryonic,EMB
0.11045212448140221,Embryonic fibroblasts,Embryonic,EMB
0.21068378945568156,Embryonic fibroblasts,Embryonic,EMB
0.1420011054823554,Embryonic fibroblasts,Embryonic,EMB
0.08086600349217479,Embryonic fibroblasts,Embryonic,EMB
0.17432928531554553,Embryonic fibroblasts,Embryonic,EMB
0.0906822093994861,Embryonic fibroblasts,Embryonic,EMB
0.16377547992031666,Embryonic fibroblasts,Embryonic,EMB
0.32198547955780416,Embryonic fibroblasts,Embryonic,EMB
0.21754740579031143,Embryonic fibroblasts,Embryonic,EMB
0.18278829461514431,Embryonic fibroblasts,Embryonic,EMB
0.2886497025032761,Embryonic fibroblasts,Embryonic,EMB
0.2699305727823081,Embryonic fibroblasts,Embryonic,EMB
0.09117794870952074,Embryonic fibroblasts,Embryonic,EMB
0.3439095254351896,Embryonic fibroblasts,Embryonic,EMB
0.16553216038936516,Embryonic fibroblasts,Embryonic,EMB
0.17576149558752,Embryonic fibroblasts,Embryonic,EMB
0.2676180100668045,Embryonic fibroblasts,Embryonic,EMB
0.22368764031241017,Embryonic fibroblasts,Embryonic,EMB
0.13303388074395983,Embryonic fibroblasts,Embryonic,EMB
0.2445919916006373,Embryonic fibroblasts,Embryonic,EMB
0.19249525269289572,Embryonic fibroblasts,Embryonic,EMB
0.21288852010253762,Embryonic fibroblasts,Embryonic,EMB
0.26316664609860635,Embryonic fibroblasts,Embryonic,EMB
0.2616426062721358,Embryonic fibroblasts,Embryonic,EMB
0.08123567218856964,Embryonic fibroblasts,Embryonic,EMB
0.184609226187814,Embryonic fibroblasts,Embryonic,EMB
0.28920423171170656,Embryonic fibroblasts,Embryonic,EMB
0.23458922686525818,Embryonic fibroblasts,Embryonic,EMB
0.06952054371484859,Embryonic fibroblasts,Embryonic,EMB
0.21807428559379918,Embryonic fibroblasts,Embryonic,EMB
0.26048170691303224,Embryonic fibroblasts,Embryonic,EMB
0.256013229544009,Embryonic fibroblasts,Embryonic,EMB
0.20105478873310945,Embryonic fibroblasts,Embryonic,EMB
0.13729975108016906,Embryonic fibroblasts,Embryonic,EMB
0.2092700640055687,Embryonic fibroblasts,Embryonic,EMB
0.08208223498781506,Embryonic fibroblasts,Embryonic,EMB
0.06576088727566444,Embryonic fibroblasts,Embryonic,EMB
0.19357967384275496,Embryonic fibroblasts,Embryonic,EMB
0.36860257912713207,Embryonic fibroblasts,Embryonic,EMB
0.1409935199582862,Embryonic fibroblasts,Embryonic,EMB
0.25468630971094564,Embryonic fibroblasts,Embryonic,EMB
0.18757065676622045,Embryonic fibroblasts,Embryonic,EMB
0.21652861957675998,Embryonic fibroblasts,Embryonic,EMB
0.27270620261103,Embryonic fibroblasts,Embryonic,EMB
0.23316077728617646,Embryonic fibroblasts,Embryonic,EMB
0.1600794716095894,Embryonic fibroblasts,Embryonic,EMB
0.2777710113755911,Embryonic fibroblasts,Embryonic,EMB
0.39909594906164847,Embryonic fibroblasts,Embryonic,EMB
0.22004055863804034,Embryonic fibroblasts,Embryonic,EMB
0.15415577764515942,Embryonic fibroblasts,Embryonic,EMB
0.193506027293357,Embryonic fibroblasts,Embryonic,EMB
0.13955682196985233,Embryonic fibroblasts,Embryonic,EMB
0.31883171234830043,Embryonic fibroblasts,Embryonic,EMB
0.34626704811095066,Embryonic fibroblasts,Embryonic,EMB
0.34376767185610924,Embryonic fibroblasts,Embryonic,EMB
0.21143678178381525,Embryonic fibroblasts,Embryonic,EMB
0.0987021908280001,Embryonic fibroblasts,Embryonic,EMB
0.08129725307350788,Embryonic fibroblasts,Embryonic,EMB
0.12014062350416338,Embryonic fibroblasts,Embryonic,EMB
0.16658329889967252,Embryonic fibroblasts,Embryonic,EMB
0.0951305468189066,Embryonic fibroblasts,Embryonic,EMB
0.357210178382794,Embryonic fibroblasts,Embryonic,EMB
0.17665941874550234,Embryonic fibroblasts,Embryonic,EMB
0.27431414357014505,Embryonic fibroblasts,Embryonic,EMB
0.17998689507146068,Embryonic fibroblasts,Embryonic,EMB
0.13024622031962194,Embryonic fibroblasts,Embryonic,EMB
0.19030101135192343,Embryonic fibroblasts,Embryonic,EMB
0.20334012650254718,Embryonic fibroblasts,Embryonic,EMB
0.2731682990233633,Embryonic fibroblasts,Embryonic,EMB
0.24002047358708753,Embryonic fibroblasts,Embryonic,EMB
0.04140501408402006,Embryonic fibroblasts,Embryonic,EMB
0.2829954327922687,Embryonic fibroblasts,Embryonic,EMB
0.1810136529491746,Embryonic fibroblasts,Embryonic,EMB
0.20217393679895487,Embryonic fibroblasts,Embryonic,EMB
0.2672148256345079,Embryonic fibroblasts,Embryonic,EMB
0.25751112203170334,Embryonic fibroblasts,Embryonic,EMB
0.23621726799263498,Embryonic fibroblasts,Embryonic,EMB
0.18300270888908082,Embryonic fibroblasts,Embryonic,EMB
0.13732459738633354,Embryonic fibroblasts,Embryonic,EMB
0.21399725117775836,Embryonic fibroblasts,Embryonic,EMB
0.18278246464207304,Embryonic fibroblasts,Embryonic,EMB
0.2009752280111796,Embryonic fibroblasts,Embryonic,EMB
0.07118750021125989,Embryonic fibroblasts,Embryonic,EMB
0.015178740476429878,Embryonic fibroblasts,Embryonic,EMB
0.028852288396172966,Embryonic fibroblasts,Embryonic,EMB
0.19127477195716736,Embryonic fibroblasts,Embryonic,EMB
0.0996137654813315,Embryonic fibroblasts,Embryonic,EMB
0.14639840331650525,Embryonic fibroblasts,Embryonic,EMB
0.17388638303011733,Embryonic fibroblasts,Embryonic,EMB
0.1519425745724055,Embryonic fibroblasts,Embryonic,EMB
0.25206213603367955,Embryonic fibroblasts,Embryonic,EMB
0.1529812901027344,Embryonic fibroblasts,Embryonic,EMB
0.14881877974321758,Embryonic fibroblasts,Embryonic,EMB
0.48097147151383857,Embryonic fibroblasts,Embryonic,EMB
0.15797317888006196,Embryonic fibroblasts,Embryonic,EMB
0.13772979539485528,Embryonic fibroblasts,Embryonic,EMB
0.12977669164969363,Embryonic fibroblasts,Embryonic,EMB
0.22665672161160386,Embryonic fibroblasts,Embryonic,EMB
0.2931677595148001,Embryonic fibroblasts,Embryonic,EMB
0.2905486300585795,Embryonic fibroblasts,Embryonic,EMB
0.11566479285750278,Embryonic fibroblasts,Embryonic,EMB
0.41232196679371613,Embryonic fibroblasts,Embryonic,EMB
0.20041745208631281,Embryonic fibroblasts,Embryonic,EMB
0.18704764383072603,Embryonic fibroblasts,Embryonic,EMB
0.18802989039873602,Embryonic fibroblasts,Embryonic,EMB
0.22968232190607119,Embryonic fibroblasts,Embryonic,EMB
0.3519831179461509,Embryonic fibroblasts,Embryonic,EMB
0.19227858399448333,Embryonic fibroblasts,Embryonic,EMB
0.20376784340059256,Embryonic fibroblasts,Embryonic,EMB
0.4000105535194778,Embryonic fibroblasts,Embryonic,EMB
0.07609027439430043,Embryonic fibroblasts,Embryonic,EMB
0.29900149433037493,Embryonic fibroblasts,Embryonic,EMB
0.31468327252875644,Embryonic fibroblasts,Embryonic,EMB
0.20675187434196415,Embryonic fibroblasts,Embryonic,EMB
0.1594698539079967,Embryonic fibroblasts,Embryonic,EMB
0.1830887891463433,Embryonic fibroblasts,Embryonic,EMB
0.23934170921525064,Embryonic fibroblasts,Embryonic,EMB
0.13111363418751587,Embryonic fibroblasts,Embryonic,EMB
0.07743417068240346,Embryonic fibroblasts,Embryonic,EMB
0.336952746640188,Embryonic fibroblasts,Embryonic,EMB
0.3443463087540743,Embryonic fibroblasts,Embryonic,EMB
0.2434251952817853,Embryonic fibroblasts,Embryonic,EMB
0.18739021483831303,Embryonic fibroblasts,Embryonic,EMB
0.16077229325080553,Embryonic fibroblasts,Embryonic,EMB
0.10816341932918032,Embryonic fibroblasts,Embryonic,EMB
0.09929783361646773,Embryonic fibroblasts,Embryonic,EMB
0.252208627168549,Embryonic fibroblasts,Embryonic,EMB
0.2126441440572719,Embryonic fibroblasts,Embryonic,EMB
0.3150617531190716,Embryonic fibroblasts,Embryonic,EMB
0.31553622907621526,Embryonic fibroblasts,Embryonic,EMB
0.25567681718560614,Embryonic fibroblasts,Embryonic,EMB
0.20186562153243534,Embryonic fibroblasts,Embryonic,EMB
0.11367665154499931,Embryonic fibroblasts,Embryonic,EMB
0.19440105775968955,Embryonic fibroblasts,Embryonic,EMB
0.14794745743473864,Embryonic fibroblasts,Embryonic,EMB
0.39035589821419603,Embryonic fibroblasts,Embryonic,EMB
0.2935652292547216,Embryonic fibroblasts,Embryonic,EMB
0.19114109079478794,Embryonic fibroblasts,Embryonic,EMB
0.23613970450514904,Embryonic fibroblasts,Embryonic,EMB
-0.08503936497112355,Embryonic fibroblasts,Embryonic,EMB
0.2352372233968599,Embryonic fibroblasts,Embryonic,EMB
0.17259769384521373,Embryonic fibroblasts,Embryonic,EMB
0.10244831062250272,Embryonic fibroblasts,Embryonic,EMB
0.1383202058230362,Embryonic fibroblasts,Embryonic,EMB
0.23194868296343432,Embryonic fibroblasts,Embryonic,EMB
0.21406128800707114,Embryonic fibroblasts,Embryonic,EMB
0.31979109559480845,Embryonic fibroblasts,Embryonic,EMB
0.17276646198713744,Embryonic fibroblasts,Embryonic,EMB
0.23348371784583738,Embryonic fibroblasts,Embryonic,EMB
0.05749038227386374,Embryonic fibroblasts,Embryonic,EMB
0.09965055174550384,Embryonic fibroblasts,Embryonic,EMB
0.3102738964449555,Embryonic fibroblasts,Embryonic,EMB
0.21884742367331633,Embryonic fibroblasts,Embryonic,EMB
0.3129928498886734,Embryonic fibroblasts,Embryonic,EMB
0.374506784272177,Embryonic fibroblasts,Embryonic,EMB
0.20187505937675815,Embryonic fibroblasts,Embryonic,EMB
0.17220439501929488,Embryonic fibroblasts,Embryonic,EMB
0.32253894910949693,Embryonic fibroblasts,Embryonic,EMB
0.43259092885192496,Embryonic fibroblasts,Embryonic,EMB
0.3943697765144788,Embryonic fibroblasts,Embryonic,EMB
0.11204623536938602,Embryonic fibroblasts,Embryonic,EMB
0.22494218342314887,Embryonic fibroblasts,Embryonic,EMB
0.3188083285581596,Embryonic fibroblasts,Embryonic,EMB
0.28384071567903524,Embryonic fibroblasts,Embryonic,EMB
0.22490931072807724,Embryonic fibroblasts,Embryonic,EMB
0.15574246103627104,Embryonic fibroblasts,Embryonic,EMB
0.2899770299666415,Embryonic fibroblasts,Embryonic,EMB
0.27936138514511843,Embryonic fibroblasts,Embryonic,EMB
0.2751018692155746,Embryonic fibroblasts,Embryonic,EMB
0.22114991068565365,Embryonic fibroblasts,Embryonic,EMB
0.31843261626423275,Embryonic fibroblasts,Embryonic,EMB
0.29418249290491766,Embryonic fibroblasts,Embryonic,EMB
0.2811008595771977,Embryonic fibroblasts,Embryonic,EMB
0.18643105795920226,Embryonic fibroblasts,Embryonic,EMB
0.20610879796478193,Embryonic fibroblasts,Embryonic,EMB
0.11949868428320001,Embryonic fibroblasts,Embryonic,EMB
0.13945326395007815,Embryonic fibroblasts,Embryonic,EMB
0.12874691110688197,Embryonic fibroblasts,Embryonic,EMB
0.1895983898262517,Embryonic fibroblasts,Embryonic,EMB
0.31262473526608536,Embryonic fibroblasts,Embryonic,EMB
0.33396934691646196,Embryonic fibroblasts,Embryonic,EMB
0.1451404990637019,Embryonic fibroblasts,Embryonic,EMB
0.2821644694578333,Embryonic fibroblasts,Embryonic,EMB
0.16245671563614503,Embryonic fibroblasts,Embryonic,EMB
0.25807899310721905,Embryonic fibroblasts,Embryonic,EMB
-0.1366852342179857,Embryonic fibroblasts,Embryonic,EMB
0.3229437048750614,Embryonic fibroblasts,Embryonic,EMB
0.08468653853625016,Embryonic fibroblasts,Embryonic,EMB
0.24936561448769756,Embryonic fibroblasts,Embryonic,EMB
0.2590465877034154,Embryonic fibroblasts,Embryonic,EMB
0.23791442290869563,Embryonic fibroblasts,Embryonic,EMB
0.18834830242410155,Embryonic fibroblasts,Embryonic,EMB
0.2571890596036888,Embryonic fibroblasts,Embryonic,EMB
0.234494937281134,Embryonic fibroblasts,Embryonic,EMB
0.09977557793163323,Embryonic fibroblasts,Embryonic,EMB
0.31723502919384544,Embryonic fibroblasts,Embryonic,EMB
0.13774548121899732,Embryonic fibroblasts,Embryonic,EMB
0.20247041161885568,Embryonic fibroblasts,Embryonic,EMB
0.1833453731592703,Embryonic fibroblasts,Embryonic,EMB
0.3382911235317729,Embryonic fibroblasts,Embryonic,EMB
0.10513298619475542,Embryonic fibroblasts,Embryonic,EMB
0.12730847434348913,Embryonic fibroblasts,Embryonic,EMB
0.2695408106180179,Embryonic fibroblasts,Embryonic,EMB
0.24511172915207652,Embryonic fibroblasts,Embryonic,EMB
0.10932845747821324,Embryonic fibroblasts,Embryonic,EMB
0.4320456873854863,Embryonic fibroblasts,Embryonic,EMB
0.18535002696588376,Embryonic fibroblasts,Embryonic,EMB
0.2085219445743116,Embryonic fibroblasts,Embryonic,EMB
0.3059770498455819,Embryonic fibroblasts,Embryonic,EMB
0.3309662982670728,Embryonic fibroblasts,Embryonic,EMB
0.32039117521869703,Embryonic fibroblasts,Embryonic,EMB
0.379945420147199,Embryonic fibroblasts,Embryonic,EMB
0.09191466389161385,Embryonic fibroblasts,Embryonic,EMB
0.1984765963206068,Embryonic fibroblasts,Embryonic,EMB
0.18724255803920403,Embryonic fibroblasts,Embryonic,EMB
0.08950566994780879,Embryonic fibroblasts,Embryonic,EMB
0.16463751499759757,Embryonic fibroblasts,Embryonic,EMB
0.275734982126433,Embryonic fibroblasts,Embryonic,EMB
0.13542813687721866,Embryonic fibroblasts,Embryonic,EMB
0.269920693615278,Embryonic fibroblasts,Embryonic,EMB
0.2768218466194205,Embryonic fibroblasts,Embryonic,EMB
0.10943539830545873,Embryonic fibroblasts,Embryonic,EMB
0.32966626901733903,Embryonic fibroblasts,Embryonic,EMB
0.16553987221799168,Embryonic fibroblasts,Embryonic,EMB
0.3090290691771848,Embryonic fibroblasts,Embryonic,EMB
0.24246059354672453,Embryonic fibroblasts,Embryonic,EMB
0.31983737847332727,Embryonic fibroblasts,Embryonic,EMB
0.13190574215396028,Embryonic fibroblasts,Embryonic,EMB
0.2688466264896853,Embryonic fibroblasts,Embryonic,EMB
0.13197479227257947,Embryonic fibroblasts,Embryonic,EMB
0.2343720599242194,Embryonic fibroblasts,Embryonic,EMB
0.17093018349957945,Embryonic fibroblasts,Embryonic,EMB
0.20015113125786532,Embryonic fibroblasts,Embryonic,EMB
0.10410596200187958,Embryonic fibroblasts,Embryonic,EMB
0.22343866516880584,Embryonic fibroblasts,Embryonic,EMB
0.10562574142729056,Embryonic fibroblasts,Embryonic,EMB
0.05956408253864333,Embryonic fibroblasts,Embryonic,EMB
0.023339558571557395,Embryonic fibroblasts,Embryonic,EMB
0.1182783259727514,Embryonic fibroblasts,Embryonic,EMB
0.09948170274754581,Embryonic fibroblasts,Embryonic,EMB
0.20985817414086588,Embryonic fibroblasts,Embryonic,EMB
0.20345554221354306,Embryonic fibroblasts,Embryonic,EMB
0.12081810073671938,Embryonic fibroblasts,Embryonic,EMB
0.3641326475480546,Embryonic fibroblasts,Embryonic,EMB
0.05850936549398125,Embryonic fibroblasts,Embryonic,EMB
0.1659179872374867,Embryonic fibroblasts,Embryonic,EMB
0.2623491194661655,Embryonic fibroblasts,Embryonic,EMB
0.33063809156971824,Embryonic fibroblasts,Embryonic,EMB
0.1255002811323512,Embryonic fibroblasts,Embryonic,EMB
0.20786345282879015,Embryonic fibroblasts,Embryonic,EMB
0.15278367995353442,Embryonic fibroblasts,Embryonic,EMB
0.19218300591136603,Embryonic fibroblasts,Embryonic,EMB
0.29274643606626716,Embryonic fibroblasts,Embryonic,EMB
0.18864411971882128,Embryonic fibroblasts,Embryonic,EMB
0.18644100756141158,Embryonic fibroblasts,Embryonic,EMB
0.2744808031073527,Embryonic fibroblasts,Embryonic,EMB
0.21281962705944416,Embryonic fibroblasts,Embryonic,EMB
0.2079174162485828,Embryonic fibroblasts,Embryonic,EMB
0.09922863070569461,Embryonic fibroblasts,Embryonic,EMB
0.21255364352232817,Embryonic fibroblasts,Embryonic,EMB
0.26039268976747876,Embryonic fibroblasts,Embryonic,EMB
0.20758321124399357,Embryonic fibroblasts,Embryonic,EMB
0.35596487403205385,Embryonic fibroblasts,Embryonic,EMB
0.23623532821387333,Embryonic fibroblasts,Embryonic,EMB
0.1382208156070217,Embryonic fibroblasts,Embryonic,EMB
0.38318304276625714,Embryonic fibroblasts,Embryonic,EMB
0.37570991583502095,Embryonic fibroblasts,Embryonic,EMB
0.36472656131790615,Embryonic fibroblasts,Embryonic,EMB
0.1384780870275664,Embryonic fibroblasts,Embryonic,EMB
0.21087526331878126,Embryonic fibroblasts,Embryonic,EMB
0.20900605457816065,Embryonic fibroblasts,Embryonic,EMB
0.17979807526376723,Embryonic fibroblasts,Embryonic,EMB
0.14699641311554784,Embryonic fibroblasts,Embryonic,EMB
0.09196530114983786,Embryonic fibroblasts,Embryonic,EMB
0.29824592224226665,Embryonic fibroblasts,Embryonic,EMB
-0.014741632207790262,Embryonic fibroblasts,Embryonic,EMB
0.33468334604346883,Embryonic fibroblasts,Embryonic,EMB
0.16179907241405794,Embryonic fibroblasts,Embryonic,EMB
0.06677806882835828,Embryonic fibroblasts,Embryonic,EMB
0.21054193302897178,Embryonic fibroblasts,Embryonic,EMB
0.24860158463650817,Embryonic fibroblasts,Embryonic,EMB
0.23794812647282018,Embryonic fibroblasts,Embryonic,EMB
0.11440637885071764,Embryonic fibroblasts,Embryonic,EMB
0.07302916675569715,Embryonic fibroblasts,Embryonic,EMB
0.30364349142419966,Embryonic fibroblasts,Embryonic,EMB
0.04636625207041653,Embryonic fibroblasts,Embryonic,EMB
0.1228476843931477,Embryonic fibroblasts,Embryonic,EMB
0.2296011585750408,Embryonic fibroblasts,Embryonic,EMB
0.3853475120857287,Embryonic fibroblasts,Embryonic,EMB
0.1380780600836441,Embryonic fibroblasts,Embryonic,EMB
0.016782046054022802,Embryonic fibroblasts,Embryonic,EMB
0.27662513074503536,Embryonic fibroblasts,Embryonic,EMB
0.21151375854888316,Embryonic fibroblasts,Embryonic,EMB
0.23815264930327915,Embryonic fibroblasts,Embryonic,EMB
0.07377694087776948,Embryonic fibroblasts,Embryonic,EMB
0.18409112363368396,Embryonic fibroblasts,Embryonic,EMB
0.20025168209373947,Embryonic fibroblasts,Embryonic,EMB
0.2829626982205861,Embryonic fibroblasts,Embryonic,EMB
0.14382478187521408,Embryonic fibroblasts,Embryonic,EMB
0.267561475918778,Embryonic fibroblasts,Embryonic,EMB
0.11994853305308821,Embryonic fibroblasts,Embryonic,EMB
0.13506562210571596,Embryonic fibroblasts,Embryonic,EMB
0.17623912123822222,Embryonic fibroblasts,Embryonic,EMB
0.22243165484720118,Embryonic fibroblasts,Embryonic,EMB
0.22828061779051792,Embryonic fibroblasts,Embryonic,EMB
0.33463638104409527,Embryonic fibroblasts,Embryonic,EMB
0.25590455762079845,Embryonic fibroblasts,Embryonic,EMB
0.2029920614847797,Embryonic fibroblasts,Embryonic,EMB
0.13785165806169714,Embryonic fibroblasts,Embryonic,EMB
0.16246525044006896,Embryonic fibroblasts,Embryonic,EMB
0.351906576189852,Embryonic fibroblasts,Embryonic,EMB
0.24032818685393825,Embryonic fibroblasts,Embryonic,EMB
0.2679959741515703,Embryonic fibroblasts,Embryonic,EMB
0.22480635007865757,Embryonic fibroblasts,Embryonic,EMB
0.22315632677919606,Embryonic fibroblasts,Embryonic,EMB
0.270000250843522,Embryonic fibroblasts,Embryonic,EMB
0.29025272517435324,Embryonic fibroblasts,Embryonic,EMB
0.2823332031686782,Embryonic fibroblasts,Embryonic,EMB
0.2721017979765915,Embryonic fibroblasts,Embryonic,EMB
0.32089278985893804,Embryonic fibroblasts,Embryonic,EMB
0.16435129252159453,Embryonic fibroblasts,Embryonic,EMB
0.2586125189209533,Embryonic fibroblasts,Embryonic,EMB
0.18700787901966207,Embryonic fibroblasts,Embryonic,EMB
0.24990326093137116,Embryonic fibroblasts,Embryonic,EMB
0.11406997035295327,Embryonic fibroblasts,Embryonic,EMB
0.2587398632460281,Embryonic fibroblasts,Embryonic,EMB
0.13050710102342372,Embryonic fibroblasts,Embryonic,EMB
0.2862146466496949,Embryonic fibroblasts,Embryonic,EMB
0.15817739698303315,Embryonic fibroblasts,Embryonic,EMB
0.1048383752170744,Embryonic fibroblasts,Embryonic,EMB
0.2099678953725099,Embryonic fibroblasts,Embryonic,EMB
0.12171570594674179,Embryonic fibroblasts,Embryonic,EMB
0.24179707946490708,Embryonic fibroblasts,Embryonic,EMB
0.04911947849951283,Embryonic fibroblasts,Embryonic,EMB
0.18533089848117398,Embryonic fibroblasts,Embryonic,EMB
0.2312734430036742,Embryonic fibroblasts,Embryonic,EMB
0.2720627605321146,Embryonic fibroblasts,Embryonic,EMB
0.1808538791539789,Embryonic fibroblasts,Embryonic,EMB
0.26880192468332237,Embryonic fibroblasts,Embryonic,EMB
0.3062777055239708,Embryonic fibroblasts,Embryonic,EMB
0.2490624591285271,Embryonic fibroblasts,Embryonic,EMB
0.1043878641360889,Embryonic fibroblasts,Embryonic,EMB
0.3032010744345832,Embryonic fibroblasts,Embryonic,EMB
0.2143660972913954,Embryonic fibroblasts,Embryonic,EMB
0.21069517733762355,Embryonic fibroblasts,Embryonic,EMB
0.12976292377183274,Embryonic fibroblasts,Embryonic,EMB
0.14911450230929174,Embryonic fibroblasts,Embryonic,EMB
0.005747361393984768,Embryonic fibroblasts,Embryonic,EMB
0.2607244123017484,Embryonic fibroblasts,Embryonic,EMB
0.16658786030398332,Embryonic fibroblasts,Embryonic,EMB
0.20033353454823633,Embryonic fibroblasts,Embryonic,EMB
0.2522964142326138,Embryonic fibroblasts,Embryonic,EMB
0.25085769889848497,Embryonic fibroblasts,Embryonic,EMB
0.0870827259991126,Embryonic fibroblasts,Embryonic,EMB
0.22276339825882996,Embryonic fibroblasts,Embryonic,EMB
0.521112232301836,Embryonic fibroblasts,Embryonic,EMB
0.3093984950906772,Embryonic fibroblasts,Embryonic,EMB
-0.018093207949330576,Embryonic fibroblasts,Embryonic,EMB
0.39274633769035866,Embryonic fibroblasts,Embryonic,EMB
0.2182864454798028,Embryonic fibroblasts,Embryonic,EMB
0.22208612660889707,Embryonic fibroblasts,Embryonic,EMB
0.06432519509424131,Embryonic fibroblasts,Embryonic,EMB
0.1906052496633142,Embryonic fibroblasts,Embryonic,EMB
0.06964185223679004,Embryonic fibroblasts,Embryonic,EMB
0.16072929425201185,Embryonic fibroblasts,Embryonic,EMB
0.31052537983704154,Embryonic fibroblasts,Embryonic,EMB
0.15075690136001962,Embryonic fibroblasts,Embryonic,EMB
0.21023925339058677,Embryonic fibroblasts,Embryonic,EMB
0.22136723402426428,Embryonic fibroblasts,Embryonic,EMB
0.1349132862835457,Embryonic fibroblasts,Embryonic,EMB
0.2210821236962895,Embryonic fibroblasts,Embryonic,EMB
0.27701741611156866,Embryonic fibroblasts,Embryonic,EMB
0.1869035304517863,Embryonic fibroblasts,Embryonic,EMB
0.2111692691071075,Embryonic fibroblasts,Embryonic,EMB
0.18282081770109718,Embryonic fibroblasts,Embryonic,EMB
0.31391778973832496,Embryonic fibroblasts,Embryonic,EMB
0.21810387262586356,Embryonic fibroblasts,Embryonic,EMB
0.22073704369946,Embryonic fibroblasts,Embryonic,EMB
0.20097835904596895,Embryonic fibroblasts,Embryonic,EMB
0.24083131539421668,Embryonic fibroblasts,Embryonic,EMB
0.14060311399146072,Embryonic fibroblasts,Embryonic,EMB
0.17218379898963768,Embryonic fibroblasts,Embryonic,EMB
0.2284024644314382,Embryonic fibroblasts,Embryonic,EMB
0.2851059376845435,Embryonic fibroblasts,Embryonic,EMB
0.3004531493132171,Embryonic fibroblasts,Embryonic,EMB
0.2576009536718591,Embryonic fibroblasts,Embryonic,EMB
0.22595581799437542,Embryonic fibroblasts,Embryonic,EMB
0.20075251500628055,Embryonic fibroblasts,Embryonic,EMB
0.14340983451945474,Embryonic fibroblasts,Embryonic,EMB
0.2601070770341026,Embryonic fibroblasts,Embryonic,EMB
0.08847785804873441,Embryonic fibroblasts,Embryonic,EMB
0.2946372105995939,Embryonic fibroblasts,Embryonic,EMB
0.2809196591332116,Embryonic fibroblasts,Embryonic,EMB
0.16624170624490123,Embryonic fibroblasts,Embryonic,EMB
0.10965426078270772,Embryonic fibroblasts,Embryonic,EMB
0.26193729986076025,Embryonic fibroblasts,Embryonic,EMB
0.18017781808028013,Embryonic fibroblasts,Embryonic,EMB
0.12423243730542134,Embryonic fibroblasts,Embryonic,EMB
0.38163318841034816,Embryonic fibroblasts,Embryonic,EMB
0.1307258324477725,Embryonic fibroblasts,Embryonic,EMB
0.046768035316465825,Embryonic fibroblasts,Embryonic,EMB
0.2369076921407893,Embryonic fibroblasts,Embryonic,EMB
0.21404280580107926,Embryonic fibroblasts,Embryonic,EMB
0.30073394943675136,Embryonic fibroblasts,Embryonic,EMB
0.024224902467619228,Embryonic fibroblasts,Embryonic,EMB
0.17172104349419717,Embryonic fibroblasts,Embryonic,EMB
0.16489983817542644,Embryonic fibroblasts,Embryonic,EMB
0.08010723900123302,Embryonic fibroblasts,Embryonic,EMB
0.3280167611651264,Embryonic fibroblasts,Embryonic,EMB
0.2540108741042443,Embryonic fibroblasts,Embryonic,EMB
0.3117065953406741,Embryonic fibroblasts,Embryonic,EMB
0.270198235782662,Embryonic fibroblasts,Embryonic,EMB
0.13747523683214288,Embryonic fibroblasts,Embryonic,EMB
0.23894427290351244,Embryonic fibroblasts,Embryonic,EMB
0.03457928233409763,Embryonic fibroblasts,Embryonic,EMB
0.2220015169183645,Embryonic fibroblasts,Embryonic,EMB
0.23898196057200063,Embryonic fibroblasts,Embryonic,EMB
0.3000959615777361,Embryonic fibroblasts,Embryonic,EMB
0.2524794772846287,Embryonic fibroblasts,Embryonic,EMB
0.1501738021580923,Embryonic fibroblasts,Embryonic,EMB
0.40161654984715467,Embryonic fibroblasts,Embryonic,EMB
0.25321162270828196,Embryonic fibroblasts,Embryonic,EMB
0.16897670676052326,Embryonic fibroblasts,Embryonic,EMB
0.1512420100831015,Embryonic fibroblasts,Embryonic,EMB
0.23604464677573261,Embryonic fibroblasts,Embryonic,EMB
0.2315117872430549,Embryonic fibroblasts,Embryonic,EMB
0.17364105313753536,Embryonic fibroblasts,Embryonic,EMB
0.11452905336618355,Embryonic fibroblasts,Embryonic,EMB
0.33318354191502425,Embryonic fibroblasts,Embryonic,EMB
0.17287810647786325,Embryonic fibroblasts,Embryonic,EMB
0.2725622779164458,Embryonic fibroblasts,Embryonic,EMB
0.21171866529992614,Embryonic fibroblasts,Embryonic,EMB
0.20079236422164534,Embryonic fibroblasts,Embryonic,EMB
0.12323618746647667,Embryonic fibroblasts,Embryonic,EMB
0.20190597953333497,Embryonic fibroblasts,Embryonic,EMB
0.16362538620274159,Embryonic fibroblasts,Embryonic,EMB
0.0851534004843717,Embryonic fibroblasts,Embryonic,EMB
0.08200655043491786,Embryonic fibroblasts,Embryonic,EMB
0.1315860731857036,Embryonic fibroblasts,Embryonic,EMB
0.22680593440876148,Embryonic fibroblasts,Embryonic,EMB
0.14513907067042184,Embryonic fibroblasts,Embryonic,EMB
0.14583423009958868,Embryonic fibroblasts,Embryonic,EMB
0.14507637480432875,Embryonic fibroblasts,Embryonic,EMB
0.2621971392950898,Embryonic fibroblasts,Embryonic,EMB
0.2428782638253313,Embryonic fibroblasts,Embryonic,EMB
0.14329974916643803,Embryonic fibroblasts,Embryonic,EMB
0.15256852000061727,Embryonic fibroblasts,Embryonic,EMB
0.1536962867785407,Embryonic fibroblasts,Embryonic,EMB
0.09113298658537608,Embryonic fibroblasts,Embryonic,EMB
0.12733206753918885,Embryonic fibroblasts,Embryonic,EMB
0.1777274160546514,Embryonic fibroblasts,Embryonic,EMB
0.08528764352999346,Embryonic fibroblasts,Embryonic,EMB
0.1971646874661666,Embryonic fibroblasts,Embryonic,EMB
0.17470513314099453,Embryonic fibroblasts,Embryonic,EMB
0.21617996067114606,Embryonic fibroblasts,Embryonic,EMB
0.23711471021377642,Embryonic fibroblasts,Embryonic,EMB
-0.02295170757267987,Embryonic fibroblasts,Embryonic,EMB
0.2731887357956787,Embryonic fibroblasts,Embryonic,EMB
0.20495990021656796,Embryonic fibroblasts,Embryonic,EMB
0.2071896210655709,Embryonic fibroblasts,Embryonic,EMB
0.10622684451060929,Embryonic fibroblasts,Embryonic,EMB
0.04788466736638786,Embryonic fibroblasts,Embryonic,EMB
0.3182736755107875,Embryonic fibroblasts,Embryonic,EMB
0.05111231304199279,Embryonic fibroblasts,Embryonic,EMB
0.12489607541082107,Embryonic fibroblasts,Embryonic,EMB
0.17912788983992392,Embryonic fibroblasts,Embryonic,EMB
0.1884232776654987,Embryonic fibroblasts,Embryonic,EMB
0.1048465623745301,Embryonic fibroblasts,Embryonic,EMB
0.14713557189577053,Embryonic fibroblasts,Embryonic,EMB
0.29749602358037247,Embryonic fibroblasts,Embryonic,EMB
0.08043925723754451,Embryonic fibroblasts,Embryonic,EMB
0.13053772124752167,Embryonic fibroblasts,Embryonic,EMB
0.131239375707362,Embryonic fibroblasts,Embryonic,EMB
0.305240531497349,Embryonic fibroblasts,Embryonic,EMB
0.29950955308675303,Embryonic fibroblasts,Embryonic,EMB
0.23855073367107185,Embryonic fibroblasts,Embryonic,EMB
0.1569053381707603,Embryonic fibroblasts,Embryonic,EMB
0.19964449888257912,Embryonic fibroblasts,Embryonic,EMB
0.0645067200859985,Embryonic fibroblasts,Embryonic,EMB
0.15437483071165742,Embryonic fibroblasts,Embryonic,EMB
0.005533715173785175,Embryonic fibroblasts,Embryonic,EMB
0.14168952525749048,Embryonic fibroblasts,Embryonic,EMB
0.1173157478104826,Embryonic fibroblasts,Embryonic,EMB
0.18258331573954156,Embryonic fibroblasts,Embryonic,EMB
0.15407168486859946,Embryonic fibroblasts,Embryonic,EMB
0.18424116309639685,Embryonic fibroblasts,Embryonic,EMB
0.19025030315633223,Embryonic fibroblasts,Embryonic,EMB
0.19232986420802806,Embryonic fibroblasts,Embryonic,EMB
0.21856221392967373,Embryonic fibroblasts,Embryonic,EMB
0.21731387446530864,Embryonic fibroblasts,Embryonic,EMB
0.22819661627472645,Embryonic fibroblasts,Embryonic,EMB
0.052643591326012665,Embryonic fibroblasts,Embryonic,EMB
0.13759510586349574,Embryonic fibroblasts,Embryonic,EMB
0.29823333840327204,Embryonic fibroblasts,Embryonic,EMB
0.10843340125266102,Embryonic fibroblasts,Embryonic,EMB
0.19738879181065128,Embryonic fibroblasts,Embryonic,EMB
0.10751858485865413,Embryonic fibroblasts,Embryonic,EMB
0.2018014925394543,Embryonic fibroblasts,Embryonic,EMB
0.13792643977457175,Embryonic fibroblasts,Embryonic,EMB
0.1510462489560361,Embryonic fibroblasts,Embryonic,EMB
0.07966850149337058,Embryonic fibroblasts,Embryonic,EMB
0.2197126244795019,Embryonic fibroblasts,Embryonic,EMB
0.3180566261688247,Embryonic fibroblasts,Embryonic,EMB
0.21436768888802957,Embryonic fibroblasts,Embryonic,EMB
0.34089290646494597,Embryonic fibroblasts,Embryonic,EMB
0.3270003555704992,Embryonic fibroblasts,Embryonic,EMB
0.16821635786306224,Embryonic fibroblasts,Embryonic,EMB
0.30661040750157464,Embryonic fibroblasts,Embryonic,EMB
0.37572594071444865,Embryonic fibroblasts,Embryonic,EMB
0.2831903519815188,Embryonic fibroblasts,Embryonic,EMB
0.17724102286742754,Embryonic fibroblasts,Embryonic,EMB
0.11213873825279183,Embryonic fibroblasts,Embryonic,EMB
0.3497980888427211,Embryonic fibroblasts,Embryonic,EMB
0.23222505847133618,Embryonic fibroblasts,Embryonic,EMB
0.19214724737875877,Embryonic fibroblasts,Embryonic,EMB
0.20846111836029685,Embryonic fibroblasts,Embryonic,EMB
0.20367451663843686,Embryonic fibroblasts,Embryonic,EMB
0.2436920736946718,Embryonic fibroblasts,Embryonic,EMB
0.1896805557730472,Embryonic fibroblasts,Embryonic,EMB
0.16350767357387,Embryonic fibroblasts,Embryonic,EMB
0.4160356984090285,Embryonic fibroblasts,Embryonic,EMB
0.045722654544377836,Embryonic fibroblasts,Embryonic,EMB
0.30390715016279707,Embryonic fibroblasts,Embryonic,EMB
0.11531557078513086,Embryonic fibroblasts,Embryonic,EMB
0.08219103546054378,Embryonic fibroblasts,Embryonic,EMB
0.1793024476758937,Embryonic fibroblasts,Embryonic,EMB
0.21108620702106975,Embryonic fibroblasts,Embryonic,EMB
0.24569471620139788,Embryonic fibroblasts,Embryonic,EMB
0.2034989113674544,Embryonic fibroblasts,Embryonic,EMB
0.17614453069508348,Embryonic fibroblasts,Embryonic,EMB
0.07845184948669527,Embryonic fibroblasts,Embryonic,EMB
0.3152400270248193,Embryonic fibroblasts,Embryonic,EMB
0.14413952707263042,Embryonic fibroblasts,Embryonic,EMB
0.2831018706284639,Embryonic fibroblasts,Embryonic,EMB
0.3353080106054389,Embryonic fibroblasts,Embryonic,EMB
0.2079871247272205,Embryonic fibroblasts,Embryonic,EMB
0.2074642750177759,Embryonic fibroblasts,Embryonic,EMB
0.22329386559035028,Embryonic fibroblasts,Embryonic,EMB
0.4127897597922668,Embryonic fibroblasts,Embryonic,EMB
0.1981202867781952,Embryonic fibroblasts,Embryonic,EMB
0.2124511947592036,Embryonic fibroblasts,Embryonic,EMB
0.17677527296579465,Embryonic fibroblasts,Embryonic,EMB
0.22366704880597227,Embryonic fibroblasts,Embryonic,EMB
0.13740644446854058,Embryonic fibroblasts,Embryonic,EMB
0.20761458587178477,Embryonic fibroblasts,Embryonic,EMB
0.2692789336180437,Embryonic fibroblasts,Embryonic,EMB
0.2402027321014062,Embryonic fibroblasts,Embryonic,EMB
0.1774993033678339,Embryonic fibroblasts,Embryonic,EMB
0.24677849151823947,Embryonic fibroblasts,Embryonic,EMB
0.24498015236041942,Embryonic fibroblasts,Embryonic,EMB
0.09289816098741555,Embryonic fibroblasts,Embryonic,EMB
0.07262721137391531,Embryonic fibroblasts,Embryonic,EMB
0.3049625104911876,Embryonic fibroblasts,Embryonic,EMB
0.15243376618087284,Embryonic fibroblasts,Embryonic,EMB
0.10146249470545694,Embryonic fibroblasts,Embryonic,EMB
0.1589168822171765,Embryonic fibroblasts,Embryonic,EMB
0.1887512400102991,Embryonic fibroblasts,Embryonic,EMB
0.22393622187890233,Embryonic fibroblasts,Embryonic,EMB
0.12278545499205423,Embryonic fibroblasts,Embryonic,EMB
0.17775626699208472,Embryonic fibroblasts,Embryonic,EMB
0.3828578756057869,Embryonic fibroblasts,Embryonic,EMB
0.21969683598727735,Embryonic fibroblasts,Embryonic,EMB
0.17341166815685222,Embryonic fibroblasts,Embryonic,EMB
0.21171987715709017,Embryonic fibroblasts,Embryonic,EMB
-0.03510300475006938,Embryonic fibroblasts,Embryonic,EMB
0.04304154902255618,Embryonic fibroblasts,Embryonic,EMB
0.16638512748561732,Embryonic fibroblasts,Embryonic,EMB
0.18762021967308576,Embryonic fibroblasts,Embryonic,EMB
0.07485485036415163,Embryonic fibroblasts,Embryonic,EMB
0.26165951219684536,Embryonic fibroblasts,Embryonic,EMB
0.3100087471247134,Embryonic fibroblasts,Embryonic,EMB
0.1308800412177567,Embryonic fibroblasts,Embryonic,EMB
0.2593690506515165,Embryonic fibroblasts,Embryonic,EMB
0.22460444566586815,Embryonic fibroblasts,Embryonic,EMB
0.15866105500434793,Embryonic fibroblasts,Embryonic,EMB
0.09602651466077018,Embryonic fibroblasts,Embryonic,EMB
0.305491068883534,Embryonic fibroblasts,Embryonic,EMB
0.28356924998294125,Embryonic fibroblasts,Embryonic,EMB
0.24907875762355589,Embryonic fibroblasts,Embryonic,EMB
0.2698320806174811,Embryonic fibroblasts,Embryonic,EMB
0.1524634341644209,Embryonic fibroblasts,Embryonic,EMB
0.24687066028156737,Embryonic fibroblasts,Embryonic,EMB
0.2945127957363284,Embryonic fibroblasts,Embryonic,EMB
0.17960489661341875,Embryonic fibroblasts,Embryonic,EMB
0.18134926890662778,Embryonic fibroblasts,Embryonic,EMB
0.15888545534229903,Embryonic fibroblasts,Embryonic,EMB
0.2189885234660726,Embryonic fibroblasts,Embryonic,EMB
0.012394141980055569,Embryonic fibroblasts,Embryonic,EMB
0.10440239967140398,Embryonic fibroblasts,Embryonic,EMB
0.21502375068264779,Embryonic fibroblasts,Embryonic,EMB
0.30076458019523605,Embryonic fibroblasts,Embryonic,EMB
0.37235498074573314,Embryonic fibroblasts,Embryonic,EMB
0.19786026814892138,Embryonic fibroblasts,Embryonic,EMB
0.1565691991097457,Embryonic fibroblasts,Embryonic,EMB
0.23483559123191214,Embryonic fibroblasts,Embryonic,EMB
0.1615866739981014,Embryonic fibroblasts,Embryonic,EMB
0.06562050385745594,Embryonic fibroblasts,Embryonic,EMB
0.13738390388032393,Embryonic fibroblasts,Embryonic,EMB
0.12723970764143822,Embryonic fibroblasts,Embryonic,EMB
0.3159022619518735,Embryonic fibroblasts,Embryonic,EMB
0.13992675598503612,Embryonic fibroblasts,Embryonic,EMB
0.267392500838615,Embryonic fibroblasts,Embryonic,EMB
0.1529085915539621,Embryonic fibroblasts,Embryonic,EMB
0.24183569356747875,Embryonic fibroblasts,Embryonic,EMB
0.13742254078763017,Embryonic fibroblasts,Embryonic,EMB
0.03735022962670645,Embryonic fibroblasts,Embryonic,EMB
0.22169707852679768,Embryonic fibroblasts,Embryonic,EMB
0.10221333687730928,Embryonic fibroblasts,Embryonic,EMB
-0.025984853143521044,Embryonic fibroblasts,Embryonic,EMB
0.11271622370105497,Embryonic fibroblasts,Embryonic,EMB
0.14369567398917196,Embryonic fibroblasts,Embryonic,EMB
0.13890332005585024,Embryonic fibroblasts,Embryonic,EMB
0.11409206411329338,Embryonic fibroblasts,Embryonic,EMB
0.3282828241329022,Embryonic fibroblasts,Embryonic,EMB
0.21230001225127657,Embryonic fibroblasts,Embryonic,EMB
0.1613880469709743,Embryonic fibroblasts,Embryonic,EMB
0.2514728202206303,Embryonic fibroblasts,Embryonic,EMB
0.2422525247026866,Embryonic fibroblasts,Embryonic,EMB
0.19327748731911293,Embryonic fibroblasts,Embryonic,EMB
0.19484991329442183,Embryonic fibroblasts,Embryonic,EMB
0.3403263968643435,Embryonic fibroblasts,Embryonic,EMB
0.16814582825805438,Embryonic fibroblasts,Embryonic,EMB
0.31963240896086487,Embryonic fibroblasts,Embryonic,EMB
0.2351036210702161,Embryonic fibroblasts,Embryonic,EMB
0.22709857604064665,Embryonic fibroblasts,Embryonic,EMB
0.20918880284989558,Embryonic fibroblasts,Embryonic,EMB
0.12902050544277496,Embryonic fibroblasts,Embryonic,EMB
0.19332923563368423,Embryonic fibroblasts,Embryonic,EMB
0.2703595946409257,Embryonic fibroblasts,Embryonic,EMB
0.28888090757647805,Embryonic fibroblasts,Embryonic,EMB
0.13954540365042203,Embryonic fibroblasts,Embryonic,EMB
0.1790230707534186,Embryonic fibroblasts,Embryonic,EMB
0.22036073364190836,Embryonic fibroblasts,Embryonic,EMB
0.20447559088049552,Embryonic fibroblasts,Embryonic,EMB
0.1499015263857974,Embryonic fibroblasts,Embryonic,EMB
0.29644131148928166,Embryonic fibroblasts,Embryonic,EMB
0.22719088584313105,Embryonic fibroblasts,Embryonic,EMB
0.13832360143329814,Embryonic fibroblasts,Embryonic,EMB
0.10587568645509701,Embryonic fibroblasts,Embryonic,EMB
0.26039994314664,Embryonic fibroblasts,Embryonic,EMB
0.2655756182851861,Embryonic fibroblasts,Embryonic,EMB
0.1523623403088361,Embryonic fibroblasts,Embryonic,EMB
0.2038327962932104,Embryonic fibroblasts,Embryonic,EMB
0.21174269455300918,Embryonic fibroblasts,Embryonic,EMB
0.14845797884113926,Embryonic fibroblasts,Embryonic,EMB
0.0005969933849581006,Embryonic fibroblasts,Embryonic,EMB
0.26102378006301646,Embryonic fibroblasts,Embryonic,EMB
0.07172338844673914,Embryonic fibroblasts,Embryonic,EMB
0.26702350433451344,Embryonic fibroblasts,Embryonic,EMB
0.31379011407814605,Embryonic fibroblasts,Embryonic,EMB
0.08180870045699132,Embryonic fibroblasts,Embryonic,EMB
0.33086941566209793,Embryonic fibroblasts,Embryonic,EMB
0.21823314096177543,Embryonic fibroblasts,Embryonic,EMB
0.23723120385964164,Embryonic fibroblasts,Embryonic,EMB
0.08745149350638223,Embryonic fibroblasts,Embryonic,EMB
0.06078434633255814,Embryonic fibroblasts,Embryonic,EMB
0.21197068582354273,Embryonic fibroblasts,Embryonic,EMB
0.1532690501616826,Embryonic fibroblasts,Embryonic,EMB
0.11742127810961361,Embryonic fibroblasts,Embryonic,EMB
0.15661415907418497,Embryonic fibroblasts,Embryonic,EMB
0.13761669151874564,Embryonic fibroblasts,Embryonic,EMB
0.3212174849814112,Embryonic fibroblasts,Embryonic,EMB
0.2372349903894228,Embryonic fibroblasts,Embryonic,EMB
0.2400163713966603,Embryonic fibroblasts,Embryonic,EMB
0.28895650840039006,Embryonic fibroblasts,Embryonic,EMB
0.2254379315615549,Embryonic fibroblasts,Embryonic,EMB
0.20479561525342047,Embryonic fibroblasts,Embryonic,EMB
0.29563005799568925,Embryonic fibroblasts,Embryonic,EMB
0.14188889038033928,Embryonic fibroblasts,Embryonic,EMB
0.27479789359677953,Embryonic fibroblasts,Embryonic,EMB
0.30385925960434457,Embryonic fibroblasts,Embryonic,EMB
0.25568414514027815,Embryonic fibroblasts,Embryonic,EMB
0.17531030659207614,Embryonic fibroblasts,Embryonic,EMB
0.18016687307108986,Embryonic fibroblasts,Embryonic,EMB
0.14052783862788384,Embryonic fibroblasts,Embryonic,EMB
0.20258394030309676,Embryonic fibroblasts,Embryonic,EMB
0.009481004746753556,Embryonic fibroblasts,Embryonic,EMB
0.13406214882006454,Embryonic fibroblasts,Embryonic,EMB
0.3332184870904098,Embryonic fibroblasts,Embryonic,EMB
0.289723380308921,Embryonic fibroblasts,Embryonic,EMB
0.24638939945166569,Embryonic fibroblasts,Embryonic,EMB
0.2559379848628919,Embryonic fibroblasts,Embryonic,EMB
0.17756843623625032,Embryonic fibroblasts,Embryonic,EMB
0.2972345810280162,Embryonic fibroblasts,Embryonic,EMB
0.2307399037801392,Embryonic fibroblasts,Embryonic,EMB
0.19229149017711966,Embryonic fibroblasts,Embryonic,EMB
0.20719095284785066,Embryonic fibroblasts,Embryonic,EMB
0.11929772709531408,Embryonic fibroblasts,Embryonic,EMB
0.13649170959595205,Embryonic fibroblasts,Embryonic,EMB
0.37408441079329263,Embryonic fibroblasts,Embryonic,EMB
0.20979003054312662,Embryonic fibroblasts,Embryonic,EMB
0.1495953018971566,Embryonic fibroblasts,Embryonic,EMB
0.2658978333326654,Embryonic fibroblasts,Embryonic,EMB
0.2165690232140845,Embryonic fibroblasts,Embryonic,EMB
0.19919699776858252,Embryonic fibroblasts,Embryonic,EMB
0.09276286839008707,Embryonic fibroblasts,Embryonic,EMB
0.25394125236729737,Embryonic fibroblasts,Embryonic,EMB
0.37686307306172573,Embryonic fibroblasts,Embryonic,EMB
0.04145172770438256,Embryonic fibroblasts,Embryonic,EMB
0.2784382894255539,Embryonic fibroblasts,Embryonic,EMB
0.218577533337639,Embryonic fibroblasts,Embryonic,EMB
0.03978651695547983,Embryonic fibroblasts,Embryonic,EMB
0.01768046990571344,Embryonic fibroblasts,Embryonic,EMB
0.12919608384624973,Embryonic fibroblasts,Embryonic,EMB
0.2897421020613077,Embryonic fibroblasts,Embryonic,EMB
0.15298922790402486,Embryonic fibroblasts,Embryonic,EMB
0.1595758943165501,Embryonic fibroblasts,Embryonic,EMB
0.305655310224793,Embryonic fibroblasts,Embryonic,EMB
0.27824885606888466,Embryonic fibroblasts,Embryonic,EMB
0.10736259804351142,Embryonic fibroblasts,Embryonic,EMB
0.30870683464789267,Embryonic fibroblasts,Embryonic,EMB
0.13274040962608333,Embryonic fibroblasts,Embryonic,EMB
0.2872757751476191,Embryonic fibroblasts,Embryonic,EMB
0.21446828207353785,Embryonic fibroblasts,Embryonic,EMB
0.1586301787838614,Embryonic fibroblasts,Embryonic,EMB
0.1550877814109208,Embryonic fibroblasts,Embryonic,EMB
0.2048389329630711,Embryonic fibroblasts,Embryonic,EMB
0.10439262450782777,Embryonic fibroblasts,Embryonic,EMB
0.12803423682798745,Embryonic fibroblasts,Embryonic,EMB
0.1514603833905181,Embryonic fibroblasts,Embryonic,EMB
0.22453773681860487,Embryonic fibroblasts,Embryonic,EMB
0.06753022421644946,Embryonic fibroblasts,Embryonic,EMB
0.09856027660984257,Embryonic fibroblasts,Embryonic,EMB
0.17545121224199947,Embryonic fibroblasts,Embryonic,EMB
0.28641307380522313,Embryonic fibroblasts,Embryonic,EMB
0.15148660539926384,Embryonic fibroblasts,Embryonic,EMB
0.22054011327409476,Embryonic fibroblasts,Embryonic,EMB
0.20540935344445158,Embryonic fibroblasts,Embryonic,EMB
0.11871837086422718,Embryonic fibroblasts,Embryonic,EMB
0.3264408813052105,Embryonic fibroblasts,Embryonic,EMB
0.16779876293635126,Embryonic fibroblasts,Embryonic,EMB
0.20612530519298267,Embryonic fibroblasts,Embryonic,EMB
0.1487809324579955,Embryonic fibroblasts,Embryonic,EMB
0.2967134288112409,Embryonic fibroblasts,Embryonic,EMB
0.15897037583329726,Embryonic fibroblasts,Embryonic,EMB
-0.006573465905796896,Embryonic fibroblasts,Embryonic,EMB
0.2410706259668825,Embryonic fibroblasts,Embryonic,EMB
0.2390602802597744,Embryonic fibroblasts,Embryonic,EMB
0.16402429786543937,Embryonic fibroblasts,Embryonic,EMB
0.32039794473519767,Embryonic fibroblasts,Embryonic,EMB
0.1527201092879973,Embryonic fibroblasts,Embryonic,EMB
0.19819357116143754,Embryonic fibroblasts,Embryonic,EMB
0.13257470778628677,Embryonic fibroblasts,Embryonic,EMB
0.2819943724053651,Embryonic fibroblasts,Embryonic,EMB
0.41037807670641147,Embryonic fibroblasts,Embryonic,EMB
0.24282217484742624,Embryonic fibroblasts,Embryonic,EMB
0.2587804918130141,Embryonic fibroblasts,Embryonic,EMB
0.1360987426661637,Embryonic fibroblasts,Embryonic,EMB
0.31345315364165166,Embryonic fibroblasts,Embryonic,EMB
0.20485943007058147,Embryonic fibroblasts,Embryonic,EMB
0.161207886720599,Embryonic fibroblasts,Embryonic,EMB
0.19151090700905526,Embryonic fibroblasts,Embryonic,EMB
0.23357838682571389,Embryonic fibroblasts,Embryonic,EMB
0.11684021051281288,Embryonic fibroblasts,Embryonic,EMB
0.22925319043204428,Embryonic fibroblasts,Embryonic,EMB
0.07561867003135336,Embryonic fibroblasts,Embryonic,EMB
0.1528029589910469,Embryonic fibroblasts,Embryonic,EMB
0.18101153027195827,Embryonic fibroblasts,Embryonic,EMB
0.2869729030963286,Embryonic fibroblasts,Embryonic,EMB
0.280483773120429,Embryonic fibroblasts,Embryonic,EMB
0.1985975423957243,Embryonic fibroblasts,Embryonic,EMB
0.02338605904415706,Embryonic fibroblasts,Embryonic,EMB
0.24348565390525873,Embryonic fibroblasts,Embryonic,EMB
0.16233955954365872,Embryonic fibroblasts,Embryonic,EMB
0.20702989124607696,Embryonic fibroblasts,Embryonic,EMB
0.224883878150556,Embryonic fibroblasts,Embryonic,EMB
0.15933620626398598,Embryonic fibroblasts,Embryonic,EMB
0.18713482485274593,Embryonic fibroblasts,Embryonic,EMB
0.08915974033268284,Embryonic fibroblasts,Embryonic,EMB
0.268974355708075,Embryonic fibroblasts,Embryonic,EMB
0.19933130294719023,Embryonic fibroblasts,Embryonic,EMB
0.21775569288054353,Embryonic fibroblasts,Embryonic,EMB
0.24474642663822224,Embryonic fibroblasts,Embryonic,EMB
0.251124981961528,Embryonic fibroblasts,Embryonic,EMB
0.11590115331464836,Embryonic fibroblasts,Embryonic,EMB
0.13735997004143194,Embryonic fibroblasts,Embryonic,EMB
0.10682245674372032,Embryonic fibroblasts,Embryonic,EMB
0.4432613550671843,Embryonic fibroblasts,Embryonic,EMB
0.14330349132992914,Embryonic fibroblasts,Embryonic,EMB
0.19952712626822397,Embryonic fibroblasts,Embryonic,EMB
0.16061841311725034,Embryonic fibroblasts,Embryonic,EMB
0.166307826358923,Embryonic fibroblasts,Embryonic,EMB
0.1729628504868115,Embryonic fibroblasts,Embryonic,EMB
0.230516403123577,Embryonic fibroblasts,Embryonic,EMB
0.25196196824827044,Embryonic fibroblasts,Embryonic,EMB
0.26121122818607073,Embryonic fibroblasts,Embryonic,EMB
0.36450324445856835,Embryonic fibroblasts,Embryonic,EMB
0.1398932624598833,Embryonic fibroblasts,Embryonic,EMB
0.11798413739046791,Embryonic fibroblasts,Embryonic,EMB
0.20722656503961517,Embryonic fibroblasts,Embryonic,EMB
0.27464906548869344,Embryonic fibroblasts,Embryonic,EMB
0.3318885227383977,Embryonic fibroblasts,Embryonic,EMB
0.1693246692625401,Embryonic fibroblasts,Embryonic,EMB
0.15815358284549694,Embryonic fibroblasts,Embryonic,EMB
0.19549102270829025,Embryonic fibroblasts,Embryonic,EMB
0.12521376155253372,Embryonic fibroblasts,Embryonic,EMB
0.21961984646816773,Embryonic fibroblasts,Embryonic,EMB
0.13230253581106835,Embryonic fibroblasts,Embryonic,EMB
0.14489113983866697,Embryonic fibroblasts,Embryonic,EMB
0.04697579764979122,Embryonic fibroblasts,Embryonic,EMB
0.11030214713838862,Embryonic fibroblasts,Embryonic,EMB
0.06329966752879199,Embryonic fibroblasts,Embryonic,EMB
0.1832469914907967,Embryonic fibroblasts,Embryonic,EMB
0.27935351425363325,Embryonic fibroblasts,Embryonic,EMB
0.3536511575139395,Embryonic fibroblasts,Embryonic,EMB
0.32006081694098076,Embryonic fibroblasts,Embryonic,EMB
0.23367747985866053,Embryonic fibroblasts,Embryonic,EMB
0.2567860183936179,Embryonic fibroblasts,Embryonic,EMB
0.1414151896898035,Embryonic fibroblasts,Embryonic,EMB
0.27588185242360885,Embryonic fibroblasts,Embryonic,EMB
0.17590281398384694,Embryonic fibroblasts,Embryonic,EMB
0.17166945342547868,Embryonic fibroblasts,Embryonic,EMB
0.23014660438904158,Embryonic fibroblasts,Embryonic,EMB
0.290016571419903,Embryonic fibroblasts,Embryonic,EMB
0.3110359793492685,Embryonic fibroblasts,Embryonic,EMB
0.09393424634272898,Embryonic fibroblasts,Embryonic,EMB
0.07659550206988347,Embryonic fibroblasts,Embryonic,EMB
0.3014887412005494,Embryonic fibroblasts,Embryonic,EMB
0.2900345917731374,Embryonic fibroblasts,Embryonic,EMB
0.3518851396013288,Embryonic fibroblasts,Embryonic,EMB
0.2656961887733177,Embryonic fibroblasts,Embryonic,EMB
0.13020115715606376,Embryonic fibroblasts,Embryonic,EMB
0.2243693280199642,Embryonic fibroblasts,Embryonic,EMB
0.21131402950751685,Embryonic fibroblasts,Embryonic,EMB
0.366634584443735,Embryonic fibroblasts,Embryonic,EMB
0.1053086363728497,Embryonic fibroblasts,Embryonic,EMB
0.13438648715165763,Embryonic fibroblasts,Embryonic,EMB
0.14289440292984038,Embryonic fibroblasts,Embryonic,EMB
0.1418393099207404,Embryonic fibroblasts,Embryonic,EMB
0.2955680403941631,Embryonic fibroblasts,Embryonic,EMB
0.21098172952481034,Embryonic fibroblasts,Embryonic,EMB
0.2259511644988252,Embryonic fibroblasts,Embryonic,EMB
0.20210690806162435,Embryonic fibroblasts,Embryonic,EMB
0.20220983180177488,Embryonic fibroblasts,Embryonic,EMB
0.08342135527615664,Embryonic fibroblasts,Embryonic,EMB
0.0347089630789926,Embryonic fibroblasts,Embryonic,EMB
0.21577150240349802,Embryonic fibroblasts,Embryonic,EMB
0.21799611487057152,Embryonic fibroblasts,Embryonic,EMB
0.3483393234478275,Embryonic fibroblasts,Embryonic,EMB
0.35512331373116957,Embryonic fibroblasts,Embryonic,EMB
0.07198109771453048,Embryonic fibroblasts,Embryonic,EMB
0.30612779096221476,Embryonic fibroblasts,Embryonic,EMB
0.03151062408514294,Embryonic fibroblasts,Embryonic,EMB
0.17298041314152532,Embryonic fibroblasts,Embryonic,EMB
0.05902645275328639,Embryonic fibroblasts,Embryonic,EMB
0.2521475288321738,Embryonic fibroblasts,Embryonic,EMB
0.05408560846358278,Embryonic fibroblasts,Embryonic,EMB
0.08914660001705305,Embryonic fibroblasts,Embryonic,EMB
0.2771329060377537,Embryonic fibroblasts,Embryonic,EMB
0.20409949046925677,Embryonic fibroblasts,Embryonic,EMB
0.2710267780031319,Embryonic fibroblasts,Embryonic,EMB
0.20469868843022948,Embryonic fibroblasts,Embryonic,EMB
0.31096281074459914,Embryonic fibroblasts,Embryonic,EMB
0.02441820864631583,Embryonic fibroblasts,Embryonic,EMB
0.06331492430990886,Embryonic fibroblasts,Embryonic,EMB
0.20141218563781965,Embryonic fibroblasts,Embryonic,EMB
0.30591160045698085,Embryonic fibroblasts,Embryonic,EMB
0.19887930970235085,Embryonic fibroblasts,Embryonic,EMB
0.2920257230875914,Embryonic fibroblasts,Embryonic,EMB
0.18188703977123366,Embryonic fibroblasts,Embryonic,EMB
0.1373397994746772,Embryonic fibroblasts,Embryonic,EMB
0.11781839616314296,Embryonic fibroblasts,Embryonic,EMB
0.18204510711920088,Embryonic fibroblasts,Embryonic,EMB
0.24423483011698577,Embryonic fibroblasts,Embryonic,EMB
0.28237611212424635,Embryonic fibroblasts,Embryonic,EMB
0.2254532018092902,Embryonic fibroblasts,Embryonic,EMB
0.23659666513728386,Embryonic fibroblasts,Embryonic,EMB
0.33823841431949936,Embryonic fibroblasts,Embryonic,EMB
0.2589077508462669,Embryonic fibroblasts,Embryonic,EMB
0.3917645802580044,Embryonic fibroblasts,Embryonic,EMB
0.2743169012449598,Embryonic fibroblasts,Embryonic,EMB
0.21465823542478205,Embryonic fibroblasts,Embryonic,EMB
0.15982297042437094,Embryonic fibroblasts,Embryonic,EMB
0.1928957828333495,Embryonic fibroblasts,Embryonic,EMB
0.22066187968998907,Embryonic fibroblasts,Embryonic,EMB
0.23464268443781652,Embryonic fibroblasts,Embryonic,EMB
0.1859786679377865,Embryonic fibroblasts,Embryonic,EMB
0.10185588311005078,Embryonic fibroblasts,Embryonic,EMB
0.13272551014251394,Embryonic fibroblasts,Embryonic,EMB
0.27631466560903467,Embryonic fibroblasts,Embryonic,EMB
0.12257024126443818,Embryonic fibroblasts,Embryonic,EMB
0.16660462298845402,Embryonic fibroblasts,Embryonic,EMB
0.25878108076725836,Embryonic fibroblasts,Embryonic,EMB
0.2177124630546316,Embryonic fibroblasts,Embryonic,EMB
0.09003506896781728,Embryonic fibroblasts,Embryonic,EMB
0.2889642359170914,Embryonic fibroblasts,Embryonic,EMB
0.25962663759731014,Embryonic fibroblasts,Embryonic,EMB
0.2730201281278748,Embryonic fibroblasts,Embryonic,EMB
0.20748465169763938,Embryonic fibroblasts,Embryonic,EMB
0.2324430575488809,Embryonic fibroblasts,Embryonic,EMB
0.18537292706824104,Embryonic fibroblasts,Embryonic,EMB
0.23297690076576555,Embryonic fibroblasts,Embryonic,EMB
0.29156665794319725,Embryonic fibroblasts,Embryonic,EMB
0.29607294780556836,Embryonic fibroblasts,Embryonic,EMB
0.2547542548996632,Embryonic fibroblasts,Embryonic,EMB
0.022819943494139787,Embryonic fibroblasts,Embryonic,EMB
0.17069888546443868,Embryonic fibroblasts,Embryonic,EMB
0.19220798676063883,Embryonic fibroblasts,Embryonic,EMB
0.20070683092058544,Embryonic fibroblasts,Embryonic,EMB
0.17689035620475288,Embryonic fibroblasts,Embryonic,EMB
0.2357403047664149,Embryonic fibroblasts,Embryonic,EMB
0.2506179984469182,Embryonic fibroblasts,Embryonic,EMB
0.27638557070860087,Embryonic fibroblasts,Embryonic,EMB
0.26298332505889355,Embryonic fibroblasts,Embryonic,EMB
0.3858230653493694,Embryonic fibroblasts,Embryonic,EMB
0.3554174518774805,Embryonic fibroblasts,Embryonic,EMB
0.35306453707088853,Embryonic fibroblasts,Embryonic,EMB
0.07059473169231206,Embryonic fibroblasts,Embryonic,EMB
0.3441863530902473,Embryonic fibroblasts,Embryonic,EMB
0.1560103262320421,Embryonic fibroblasts,Embryonic,EMB
0.26888252958833736,Embryonic fibroblasts,Embryonic,EMB
0.013812930595271502,Embryonic fibroblasts,Embryonic,EMB
0.1556315152857579,Embryonic fibroblasts,Embryonic,EMB
0.16929335877034546,Embryonic fibroblasts,Embryonic,EMB
0.26620517662992255,Embryonic fibroblasts,Embryonic,EMB
0.3036442151542405,Embryonic fibroblasts,Embryonic,EMB
0.2174242149425587,Embryonic fibroblasts,Embryonic,EMB
0.25275037155305907,Embryonic fibroblasts,Embryonic,EMB
0.23047720934448743,Embryonic fibroblasts,Embryonic,EMB
0.12028443286974538,Embryonic fibroblasts,Embryonic,EMB
0.16657202638975807,Embryonic fibroblasts,Embryonic,EMB
0.18847888090494536,Embryonic fibroblasts,Embryonic,EMB
0.08525994059868013,Embryonic fibroblasts,Embryonic,EMB
0.23435152136541054,Embryonic fibroblasts,Embryonic,EMB
0.4288756792238032,Embryonic fibroblasts,Embryonic,EMB
0.2134582744296221,Embryonic fibroblasts,Embryonic,EMB
0.2770828614837545,Embryonic fibroblasts,Embryonic,EMB
0.1368301074456394,Embryonic fibroblasts,Embryonic,EMB
0.13199828898757332,Embryonic fibroblasts,Embryonic,EMB
0.12766475761992824,Embryonic fibroblasts,Embryonic,EMB
0.34676595723755593,Embryonic fibroblasts,Embryonic,EMB
0.292696400284554,Embryonic fibroblasts,Embryonic,EMB
0.11366071377090983,Embryonic fibroblasts,Embryonic,EMB
0.33499778439658706,Embryonic fibroblasts,Embryonic,EMB
0.07862349526784342,Embryonic fibroblasts,Embryonic,EMB
0.12808031489918104,Embryonic fibroblasts,Embryonic,EMB
0.27095156407336796,Embryonic fibroblasts,Embryonic,EMB
0.06218394356017406,Embryonic fibroblasts,Embryonic,EMB
0.25177143649942024,Embryonic fibroblasts,Embryonic,EMB
0.36298055891872144,Embryonic fibroblasts,Embryonic,EMB
0.30882988195577377,Embryonic fibroblasts,Embryonic,EMB
0.2560439497853924,Embryonic fibroblasts,Embryonic,EMB
-0.032642938121566184,Embryonic fibroblasts,Embryonic,EMB
0.21717294745121085,Embryonic fibroblasts,Embryonic,EMB
0.13770704018554114,Embryonic fibroblasts,Embryonic,EMB
0.213025598320316,Embryonic fibroblasts,Embryonic,EMB
0.05523554777757619,Embryonic fibroblasts,Embryonic,EMB
0.27217068829285174,Embryonic fibroblasts,Embryonic,EMB
0.15102291870651774,Embryonic fibroblasts,Embryonic,EMB
0.14937955929429053,Embryonic fibroblasts,Embryonic,EMB
0.13354939837312776,Embryonic fibroblasts,Embryonic,EMB
0.268120264727278,Embryonic fibroblasts,Embryonic,EMB
0.24113950057092648,Embryonic fibroblasts,Embryonic,EMB
0.09847599231096676,Embryonic fibroblasts,Embryonic,EMB
0.21750411037187106,Embryonic fibroblasts,Embryonic,EMB
0.21112642924435432,Embryonic fibroblasts,Embryonic,EMB
0.1255375655718857,Embryonic fibroblasts,Embryonic,EMB
0.22326724265675146,Embryonic fibroblasts,Embryonic,EMB
0.1736220321933551,Embryonic fibroblasts,Embryonic,EMB
0.28645865860900654,Embryonic fibroblasts,Embryonic,EMB
0.1623799132324734,Embryonic fibroblasts,Embryonic,EMB
0.288639060042946,Embryonic fibroblasts,Embryonic,EMB
0.17421588142246192,Embryonic fibroblasts,Embryonic,EMB
0.15341660722480507,Embryonic fibroblasts,Embryonic,EMB
0.19348209872695935,Embryonic fibroblasts,Embryonic,EMB
0.2616125610222913,Embryonic fibroblasts,Embryonic,EMB
0.13097618437516675,Embryonic fibroblasts,Embryonic,EMB
0.23458468137013228,Embryonic fibroblasts,Embryonic,EMB
0.20181828663755,Embryonic fibroblasts,Embryonic,EMB
0.26947972934486963,Embryonic fibroblasts,Embryonic,EMB
0.21286290061867927,Embryonic fibroblasts,Embryonic,EMB
0.13135718812950345,Embryonic fibroblasts,Embryonic,EMB
0.1894163099794624,Embryonic fibroblasts,Embryonic,EMB
0.17577908514273194,Embryonic fibroblasts,Embryonic,EMB
0.3293340161029035,Embryonic fibroblasts,Embryonic,EMB
0.27726723011310594,Embryonic fibroblasts,Embryonic,EMB
0.2887096420976727,Embryonic fibroblasts,Embryonic,EMB
0.03519230380778359,Embryonic fibroblasts,Embryonic,EMB
0.20689462612302129,Embryonic fibroblasts,Embryonic,EMB
0.21172271294525863,Embryonic fibroblasts,Embryonic,EMB
0.19525742361013315,Embryonic fibroblasts,Embryonic,EMB
0.09485134440425637,Embryonic fibroblasts,Embryonic,EMB
0.2097884266270114,Embryonic fibroblasts,Embryonic,EMB
0.11776057137722669,Embryonic fibroblasts,Embryonic,EMB
0.10500325683528336,Embryonic fibroblasts,Embryonic,EMB
0.2430234822384606,Embryonic fibroblasts,Embryonic,EMB
0.20717941951552105,Embryonic fibroblasts,Embryonic,EMB
0.10979831017015279,Embryonic fibroblasts,Embryonic,EMB
0.28407500852952283,Embryonic fibroblasts,Embryonic,EMB
0.22870989509135892,Embryonic fibroblasts,Embryonic,EMB
0.020067504472139855,Embryonic fibroblasts,Embryonic,EMB
0.10772546470905965,Embryonic fibroblasts,Embryonic,EMB
0.23048000358524298,Embryonic fibroblasts,Embryonic,EMB
0.2795590600088202,Embryonic fibroblasts,Embryonic,EMB
0.2554597940381211,Embryonic fibroblasts,Embryonic,EMB
0.26167755390159486,Embryonic fibroblasts,Embryonic,EMB
0.2663955759217594,Embryonic fibroblasts,Embryonic,EMB
0.28529177463214117,Embryonic fibroblasts,Embryonic,EMB
0.2545960714891728,Embryonic fibroblasts,Embryonic,EMB
0.220024367364457,Embryonic fibroblasts,Embryonic,EMB
0.300016661768676,Embryonic fibroblasts,Embryonic,EMB
0.07729723964436111,Embryonic fibroblasts,Embryonic,EMB
0.15803253626494002,Embryonic fibroblasts,Embryonic,EMB
0.16522365694249597,Embryonic fibroblasts,Embryonic,EMB
0.3215429056746509,Embryonic fibroblasts,Embryonic,EMB
0.3021230988487759,Embryonic fibroblasts,Embryonic,EMB
0.17569259822470204,Embryonic fibroblasts,Embryonic,EMB
0.16414553852004465,Embryonic fibroblasts,Embryonic,EMB
0.09764495422699607,Embryonic fibroblasts,Embryonic,EMB
0.33020568914809706,Embryonic fibroblasts,Embryonic,EMB
0.24120309612153476,Embryonic fibroblasts,Embryonic,EMB
0.057500043882004276,Embryonic fibroblasts,Embryonic,EMB
0.24147258782660444,Embryonic fibroblasts,Embryonic,EMB
0.21379334140462453,Embryonic fibroblasts,Embryonic,EMB
0.2541418565468249,Embryonic fibroblasts,Embryonic,EMB
0.3373473852541693,Embryonic fibroblasts,Embryonic,EMB
0.39456616846752335,Embryonic fibroblasts,Embryonic,EMB
0.18355992171601515,Embryonic fibroblasts,Embryonic,EMB
0.16601938085231643,Embryonic fibroblasts,Embryonic,EMB
0.3477763915251448,Embryonic fibroblasts,Embryonic,EMB
0.2090749869362497,Embryonic fibroblasts,Embryonic,EMB
0.0615446740595019,Embryonic fibroblasts,Embryonic,EMB
0.22731324198444028,Embryonic fibroblasts,Embryonic,EMB
0.08390010722077683,Embryonic fibroblasts,Embryonic,EMB
0.33701850625569907,Embryonic fibroblasts,Embryonic,EMB
0.28834019140731404,Embryonic fibroblasts,Embryonic,EMB
0.20683808984659136,Embryonic fibroblasts,Embryonic,EMB
0.15672257297156597,Embryonic fibroblasts,Embryonic,EMB
0.3603351215692231,Embryonic fibroblasts,Embryonic,EMB
0.29238112432044744,Embryonic fibroblasts,Embryonic,EMB
0.21771940508313836,Embryonic fibroblasts,Embryonic,EMB
0.25444228873984676,Embryonic fibroblasts,Embryonic,EMB
0.2823101964327593,Embryonic fibroblasts,Embryonic,EMB
0.13802471675868577,Embryonic fibroblasts,Embryonic,EMB
0.17721912666611955,Embryonic fibroblasts,Embryonic,EMB
0.24050563978115092,Embryonic fibroblasts,Embryonic,EMB
0.2975942014560917,Embryonic fibroblasts,Embryonic,EMB
0.23443708991379897,Embryonic fibroblasts,Embryonic,EMB
0.14827160961228003,Embryonic fibroblasts,Embryonic,EMB
0.2776573901797802,Embryonic fibroblasts,Embryonic,EMB
0.2161290919084545,Embryonic fibroblasts,Embryonic,EMB
0.08881392243027711,Embryonic fibroblasts,Embryonic,EMB
0.37724373365598995,Embryonic fibroblasts,Embryonic,EMB
0.25303678012495057,Embryonic fibroblasts,Embryonic,EMB
0.20434144815604033,Embryonic fibroblasts,Embryonic,EMB
0.2792204734568978,Embryonic fibroblasts,Embryonic,EMB
0.21143183069155944,Embryonic fibroblasts,Embryonic,EMB
0.26303065326624975,Embryonic fibroblasts,Embryonic,EMB
0.1524004609187641,Embryonic fibroblasts,Embryonic,EMB
0.18281060037138744,Embryonic fibroblasts,Embryonic,EMB
0.325451155940517,Embryonic fibroblasts,Embryonic,EMB
0.07786924728937467,Embryonic fibroblasts,Embryonic,EMB
0.1911726887508836,Embryonic fibroblasts,Embryonic,EMB
0.23808501791628106,Embryonic fibroblasts,Embryonic,EMB
0.3938781678908376,Embryonic fibroblasts,Embryonic,EMB
0.2392933124696605,Embryonic fibroblasts,Embryonic,EMB
0.17963911287001708,Embryonic fibroblasts,Embryonic,EMB
0.3894295663082498,Embryonic fibroblasts,Embryonic,EMB
0.20330974343989974,Embryonic fibroblasts,Embryonic,EMB
0.21390184861856265,Embryonic fibroblasts,Embryonic,EMB
0.2463249695771102,Embryonic fibroblasts,Embryonic,EMB
-0.03682962781717224,Embryonic fibroblasts,Embryonic,EMB
0.40469641846513577,Embryonic fibroblasts,Embryonic,EMB
0.28920353240514035,Embryonic fibroblasts,Embryonic,EMB
0.3131759186587223,Embryonic fibroblasts,Embryonic,EMB
0.1395910286051037,Embryonic fibroblasts,Embryonic,EMB
0.25073945639410034,Embryonic fibroblasts,Embryonic,EMB
0.14417676835693055,Embryonic fibroblasts,Embryonic,EMB
0.18542608264288202,Embryonic fibroblasts,Embryonic,EMB
0.18642986159481237,Embryonic fibroblasts,Embryonic,EMB
0.2795842582318217,Embryonic fibroblasts,Embryonic,EMB
0.1107522985335091,Embryonic fibroblasts,Embryonic,EMB
0.35654011145053466,Embryonic fibroblasts,Embryonic,EMB
0.13811089253054598,Embryonic fibroblasts,Embryonic,EMB
0.2070811603849778,Embryonic fibroblasts,Embryonic,EMB
0.37963158814715464,Embryonic fibroblasts,Embryonic,EMB
0.20930837690537,Embryonic fibroblasts,Embryonic,EMB
0.13638848459254493,Embryonic fibroblasts,Embryonic,EMB
0.27809515063947954,Embryonic fibroblasts,Embryonic,EMB
0.26036393939846253,Embryonic fibroblasts,Embryonic,EMB
0.33413050018770163,Embryonic fibroblasts,Embryonic,EMB
0.19802771317846282,Embryonic fibroblasts,Embryonic,EMB
0.2672997434671424,Embryonic fibroblasts,Embryonic,EMB
0.20871622253308741,Embryonic fibroblasts,Embryonic,EMB
0.21040227447983872,Embryonic fibroblasts,Embryonic,EMB
0.21039647016267365,Embryonic fibroblasts,Embryonic,EMB
0.2414391900040257,Embryonic fibroblasts,Embryonic,EMB
0.15021576626878472,Embryonic fibroblasts,Embryonic,EMB
0.2790175549979352,Embryonic fibroblasts,Embryonic,EMB
0.32471153277451065,Embryonic fibroblasts,Embryonic,EMB
0.2900187447360512,Embryonic fibroblasts,Embryonic,EMB
0.21905532189379076,Embryonic fibroblasts,Embryonic,EMB
0.13432283389804128,Embryonic fibroblasts,Embryonic,EMB
0.3532186561403331,Embryonic fibroblasts,Embryonic,EMB
0.1871470416907053,Embryonic fibroblasts,Embryonic,EMB
0.12051113311387002,Embryonic fibroblasts,Embryonic,EMB
0.2557819046215115,Embryonic fibroblasts,Embryonic,EMB
0.10572126352816597,Embryonic fibroblasts,Embryonic,EMB
0.33851774053417427,Embryonic fibroblasts,Embryonic,EMB
0.18477877746902083,Embryonic fibroblasts,Embryonic,EMB
0.07171138695038073,Embryonic fibroblasts,Embryonic,EMB
0.2815523290942952,Embryonic fibroblasts,Embryonic,EMB
0.13045083044344688,Embryonic fibroblasts,Embryonic,EMB
0.18527597360019474,Embryonic fibroblasts,Embryonic,EMB
0.13480047247229732,Embryonic fibroblasts,Embryonic,EMB
0.22004896697080406,Embryonic fibroblasts,Embryonic,EMB
0.12730254879154385,Embryonic fibroblasts,Embryonic,EMB
0.3057812849425507,Embryonic fibroblasts,Embryonic,EMB
0.1826791159128996,Embryonic fibroblasts,Embryonic,EMB
0.17071642589153094,Embryonic fibroblasts,Embryonic,EMB
0.3229825822073322,Embryonic fibroblasts,Embryonic,EMB
0.13113382383957492,Embryonic fibroblasts,Embryonic,EMB
0.2945831240620898,Embryonic fibroblasts,Embryonic,EMB
0.08539789875227166,Embryonic fibroblasts,Embryonic,EMB
0.32035245056355033,Embryonic fibroblasts,Embryonic,EMB
0.2002212769925161,Embryonic fibroblasts,Embryonic,EMB
0.13925195382239883,Embryonic fibroblasts,Embryonic,EMB
0.24001318579916542,Embryonic fibroblasts,Embryonic,EMB
0.16729968612658414,Embryonic fibroblasts,Embryonic,EMB
0.25597743707759896,Embryonic fibroblasts,Embryonic,EMB
0.3143557762560454,Embryonic fibroblasts,Embryonic,EMB
0.07745790272629888,Embryonic fibroblasts,Embryonic,EMB
0.41677960433557626,Embryonic fibroblasts,Embryonic,EMB
0.3146988642149721,Embryonic fibroblasts,Embryonic,EMB
0.06678301863775625,Embryonic fibroblasts,Embryonic,EMB
0.10524635434886577,Embryonic fibroblasts,Embryonic,EMB
0.28481002457057625,Embryonic fibroblasts,Embryonic,EMB
0.27655346375073303,Embryonic fibroblasts,Embryonic,EMB
0.3351350511748778,Embryonic fibroblasts,Embryonic,EMB
0.20716460204697157,Embryonic fibroblasts,Embryonic,EMB
0.09688866416544138,Embryonic fibroblasts,Embryonic,EMB
0.17009731381100965,Embryonic fibroblasts,Embryonic,EMB
0.30868938514489663,Embryonic fibroblasts,Embryonic,EMB
0.31636922935125766,Embryonic fibroblasts,Embryonic,EMB
0.18827810286550986,Embryonic fibroblasts,Embryonic,EMB
0.03917477261950252,Embryonic fibroblasts,Embryonic,EMB
0.2126404423709275,Embryonic fibroblasts,Embryonic,EMB
0.01015954945415129,Embryonic fibroblasts,Embryonic,EMB
0.29331735322458935,Embryonic fibroblasts,Embryonic,EMB
0.13539092186942903,Embryonic fibroblasts,Embryonic,EMB
0.19024226605928707,Embryonic fibroblasts,Embryonic,EMB
0.2965095344652564,Embryonic fibroblasts,Embryonic,EMB
0.14946811129387771,Embryonic fibroblasts,Embryonic,EMB
0.04963538597952139,Embryonic fibroblasts,Embryonic,EMB
0.038055425307675125,Embryonic fibroblasts,Embryonic,EMB
0.1903343262300207,Embryonic fibroblasts,Embryonic,EMB
0.14844937111137724,Embryonic fibroblasts,Embryonic,EMB
0.2373336010693828,Embryonic fibroblasts,Embryonic,EMB
0.24429951944957468,Embryonic fibroblasts,Embryonic,EMB
0.1856073298545471,Embryonic fibroblasts,Embryonic,EMB
0.18517738677793297,Embryonic fibroblasts,Embryonic,EMB
0.22781870596370352,Embryonic fibroblasts,Embryonic,EMB
0.2836461867187538,Embryonic fibroblasts,Embryonic,EMB
0.20537763830309771,Embryonic fibroblasts,Embryonic,EMB
0.3166939934074018,Embryonic fibroblasts,Embryonic,EMB
0.06828095669106032,Embryonic fibroblasts,Embryonic,EMB
0.23129440992429104,Embryonic fibroblasts,Embryonic,EMB
0.1065886427149462,Embryonic fibroblasts,Embryonic,EMB
0.051956820838126895,Embryonic fibroblasts,Embryonic,EMB
0.4136549727794071,Embryonic fibroblasts,Embryonic,EMB
0.29047902461656394,Embryonic fibroblasts,Embryonic,EMB
0.19384378467734248,Embryonic fibroblasts,Embryonic,EMB
0.20039488527193333,Embryonic fibroblasts,Embryonic,EMB
0.14521316011931706,Embryonic fibroblasts,Embryonic,EMB
0.20128483553212234,Embryonic fibroblasts,Embryonic,EMB
0.0675672362704511,Embryonic fibroblasts,Embryonic,EMB
0.2958500843292547,Embryonic fibroblasts,Embryonic,EMB
0.28054345313486057,Embryonic fibroblasts,Embryonic,EMB
0.36027161657474804,Embryonic fibroblasts,Embryonic,EMB
0.3762365992823796,Embryonic fibroblasts,Embryonic,EMB
0.18816361085076477,Embryonic fibroblasts,Embryonic,EMB
0.15882315481216364,Embryonic fibroblasts,Embryonic,EMB
0.16795983578173612,Embryonic fibroblasts,Embryonic,EMB
0.3119788836557758,Embryonic fibroblasts,Embryonic,EMB
0.36050739237615453,Embryonic fibroblasts,Embryonic,EMB
0.3069564656951283,Embryonic fibroblasts,Embryonic,EMB
0.2130288359977174,Embryonic fibroblasts,Embryonic,EMB
0.25404060290896713,Embryonic fibroblasts,Embryonic,EMB
0.15857958215167828,Embryonic fibroblasts,Embryonic,EMB
0.15424098563008212,Embryonic fibroblasts,Embryonic,EMB
0.15578994474530408,Embryonic fibroblasts,Embryonic,EMB
0.12204452799926821,Embryonic fibroblasts,Embryonic,EMB
0.23859162530387404,Embryonic fibroblasts,Embryonic,EMB
0.04496217170907371,Embryonic fibroblasts,Embryonic,EMB
0.2976653932348316,Embryonic fibroblasts,Embryonic,EMB
0.06759080016115385,Embryonic fibroblasts,Embryonic,EMB
0.2771742367013153,Embryonic fibroblasts,Embryonic,EMB
0.24256723669117053,Embryonic fibroblasts,Embryonic,EMB
0.2081896776733315,Embryonic fibroblasts,Embryonic,EMB
0.3169936369834581,Embryonic fibroblasts,Embryonic,EMB
0.14613302357794994,Embryonic fibroblasts,Embryonic,EMB
0.28316459328038,Embryonic fibroblasts,Embryonic,EMB
0.1239163272153467,Embryonic fibroblasts,Embryonic,EMB
0.11312138816040666,Embryonic fibroblasts,Embryonic,EMB
0.1887924769038823,Embryonic fibroblasts,Embryonic,EMB
0.17454346603389254,Embryonic fibroblasts,Embryonic,EMB
0.2440222041199301,Embryonic fibroblasts,Embryonic,EMB
0.050263215308119294,Embryonic fibroblasts,Embryonic,EMB
0.22250237164707584,Embryonic fibroblasts,Embryonic,EMB
0.0553547418487226,Embryonic fibroblasts,Embryonic,EMB
0.03179460668125417,Embryonic fibroblasts,Embryonic,EMB
0.15259523076460343,Embryonic fibroblasts,Embryonic,EMB
0.27730431713264597,Embryonic fibroblasts,Embryonic,EMB
0.2794159467799652,Embryonic fibroblasts,Embryonic,EMB
0.1937396947086666,Embryonic fibroblasts,Embryonic,EMB
0.05755516938446529,Embryonic fibroblasts,Embryonic,EMB
0.15201968261190094,Embryonic fibroblasts,Embryonic,EMB
0.20947758460081073,Embryonic fibroblasts,Embryonic,EMB
0.13235051599606112,Embryonic fibroblasts,Embryonic,EMB
0.17118904958809494,Embryonic fibroblasts,Embryonic,EMB
0.1254428300238674,Embryonic fibroblasts,Embryonic,EMB
0.28359114529065194,Embryonic fibroblasts,Embryonic,EMB
0.19090923670080728,Embryonic fibroblasts,Embryonic,EMB
0.22339301655435534,Embryonic fibroblasts,Embryonic,EMB
0.22537136230787552,Embryonic fibroblasts,Embryonic,EMB
0.20477363791569683,Embryonic fibroblasts,Embryonic,EMB
0.2545690970877313,Embryonic fibroblasts,Embryonic,EMB
0.20398058600465405,Embryonic fibroblasts,Embryonic,EMB
0.20567521163073893,Embryonic fibroblasts,Embryonic,EMB
0.21045554554027052,Embryonic fibroblasts,Embryonic,EMB
0.11286993468650908,Embryonic fibroblasts,Embryonic,EMB
0.27517356343272525,Embryonic fibroblasts,Embryonic,EMB
0.09735298688904692,Embryonic fibroblasts,Embryonic,EMB
0.11664120342124062,Embryonic fibroblasts,Embryonic,EMB
0.26763152486538466,Embryonic fibroblasts,Embryonic,EMB
0.12784827359142772,Embryonic fibroblasts,Embryonic,EMB
0.248759602025099,Embryonic fibroblasts,Embryonic,EMB
0.22576119340469078,Embryonic fibroblasts,Embryonic,EMB
0.341336769416677,Embryonic fibroblasts,Embryonic,EMB
0.21925163662597824,Embryonic fibroblasts,Embryonic,EMB
0.20203510051364165,Embryonic fibroblasts,Embryonic,EMB
0.3074394971397023,Embryonic fibroblasts,Embryonic,EMB
0.19558684090298298,Embryonic fibroblasts,Embryonic,EMB
0.3071082033891198,Embryonic fibroblasts,Embryonic,EMB
0.14914265773979862,Embryonic fibroblasts,Embryonic,EMB
0.11439127384577737,Embryonic fibroblasts,Embryonic,EMB
0.2280393151984151,Embryonic fibroblasts,Embryonic,EMB
0.154349864314703,Embryonic fibroblasts,Embryonic,EMB
0.22150069928747634,Embryonic fibroblasts,Embryonic,EMB
0.220466209669791,Embryonic fibroblasts,Embryonic,EMB
0.1564598944368305,Embryonic fibroblasts,Embryonic,EMB
0.3707192842712471,Embryonic fibroblasts,Embryonic,EMB
0.16047073577020782,Embryonic fibroblasts,Embryonic,EMB
0.17724457669105276,Embryonic fibroblasts,Embryonic,EMB
0.13833786481261912,Embryonic fibroblasts,Embryonic,EMB
0.17859707237239142,Embryonic fibroblasts,Embryonic,EMB
0.3149224060326471,Embryonic fibroblasts,Embryonic,EMB
0.2881716129085569,Embryonic fibroblasts,Embryonic,EMB
0.22490493416602128,Embryonic fibroblasts,Embryonic,EMB
0.2047118952673037,Embryonic fibroblasts,Embryonic,EMB
0.3856649883239814,Embryonic fibroblasts,Embryonic,EMB
0.27033118657429,Embryonic fibroblasts,Embryonic,EMB
0.07995276462199434,Embryonic fibroblasts,Embryonic,EMB
0.13068814164217704,Embryonic fibroblasts,Embryonic,EMB
0.14314433594962048,Embryonic fibroblasts,Embryonic,EMB
0.20732951340572947,Embryonic fibroblasts,Embryonic,EMB
0.2083191210135223,Embryonic fibroblasts,Embryonic,EMB
0.232830029373652,Embryonic fibroblasts,Embryonic,EMB
0.2825266124788369,Embryonic fibroblasts,Embryonic,EMB
0.2233512038424185,Embryonic fibroblasts,Embryonic,EMB
0.19962600593429458,Embryonic fibroblasts,Embryonic,EMB
0.1839702319922806,Embryonic fibroblasts,Embryonic,EMB
0.28053840687262305,Embryonic fibroblasts,Embryonic,EMB
0.279537784619051,Embryonic fibroblasts,Embryonic,EMB
0.08258947172042064,Embryonic fibroblasts,Embryonic,EMB
0.1606833471157703,Embryonic fibroblasts,Embryonic,EMB
0.18788331906421232,Embryonic fibroblasts,Embryonic,EMB
0.08993606583914068,Embryonic fibroblasts,Embryonic,EMB
0.07618105917637054,Embryonic fibroblasts,Embryonic,EMB
0.21353195197528116,Embryonic fibroblasts,Embryonic,EMB
0.23815866562401053,Embryonic fibroblasts,Embryonic,EMB
0.2326397098041632,Embryonic fibroblasts,Embryonic,EMB
0.33017460002019555,Embryonic fibroblasts,Embryonic,EMB
0.23050194735005147,Embryonic fibroblasts,Embryonic,EMB
0.1991453342559686,Embryonic fibroblasts,Embryonic,EMB
0.10533058000538564,Embryonic fibroblasts,Embryonic,EMB
0.1828031357431599,Embryonic fibroblasts,Embryonic,EMB
0.052543492853342866,Embryonic fibroblasts,Embryonic,EMB
0.2598929447407759,Embryonic fibroblasts,Embryonic,EMB
0.41490220060126587,Embryonic fibroblasts,Embryonic,EMB
0.2193745013838104,Embryonic fibroblasts,Embryonic,EMB
0.21015857840850044,Embryonic fibroblasts,Embryonic,EMB
0.1297414152678613,Embryonic fibroblasts,Embryonic,EMB
0.41026113292149935,Embryonic fibroblasts,Embryonic,EMB
0.19623088582206463,Embryonic fibroblasts,Embryonic,EMB
0.24781491048608845,Embryonic fibroblasts,Embryonic,EMB
0.09864496877917661,Embryonic fibroblasts,Embryonic,EMB
0.22627908419226417,Embryonic fibroblasts,Embryonic,EMB
0.21668684486156614,Embryonic fibroblasts,Embryonic,EMB
0.0221376988307723,Embryonic fibroblasts,Embryonic,EMB
0.27198480864603364,Embryonic fibroblasts,Embryonic,EMB
0.27316791554069925,Embryonic fibroblasts,Embryonic,EMB
0.22106851687266257,Embryonic fibroblasts,Embryonic,EMB
0.3383832390606725,Embryonic fibroblasts,Embryonic,EMB
0.1608911648960671,Embryonic fibroblasts,Embryonic,EMB
0.24486926318185498,Embryonic fibroblasts,Embryonic,EMB
0.1674345899258607,Embryonic fibroblasts,Embryonic,EMB
0.20675721434676025,Embryonic fibroblasts,Embryonic,EMB
0.3135848143719587,Embryonic fibroblasts,Embryonic,EMB
0.0882452265364372,Embryonic fibroblasts,Embryonic,EMB
0.2069826669329615,Embryonic fibroblasts,Embryonic,EMB
0.26716681162233286,Embryonic fibroblasts,Embryonic,EMB
0.22440121201371385,Embryonic fibroblasts,Embryonic,EMB
0.2345072255998466,Embryonic fibroblasts,Embryonic,EMB
0.185465686202679,Embryonic fibroblasts,Embryonic,EMB
0.19118977154994796,Embryonic fibroblasts,Embryonic,EMB
0.2873957135084446,Embryonic fibroblasts,Embryonic,EMB
0.13118259772013582,Embryonic fibroblasts,Embryonic,EMB
0.1435243808543714,Embryonic fibroblasts,Embryonic,EMB
0.2901242621089606,Embryonic fibroblasts,Embryonic,EMB
0.08486984320259922,Embryonic fibroblasts,Embryonic,EMB
0.09498228602059049,Embryonic fibroblasts,Embryonic,EMB
0.24012010408979695,Embryonic fibroblasts,Embryonic,EMB
0.10940756632659081,Embryonic fibroblasts,Embryonic,EMB
0.23204701554073498,Embryonic fibroblasts,Embryonic,EMB
0.2227512907191695,Embryonic fibroblasts,Embryonic,EMB
0.10317081677003516,Embryonic fibroblasts,Embryonic,EMB
0.3181448484051239,Embryonic fibroblasts,Embryonic,EMB
0.1589749432250247,Embryonic fibroblasts,Embryonic,EMB
0.2580095440361343,Embryonic fibroblasts,Embryonic,EMB
0.3092546466946583,Embryonic fibroblasts,Embryonic,EMB
0.0772862190499542,Embryonic fibroblasts,Embryonic,EMB
0.22817032547192706,Embryonic fibroblasts,Embryonic,EMB
0.28286171221563455,Embryonic fibroblasts,Embryonic,EMB
0.10157841755626691,Embryonic fibroblasts,Embryonic,EMB
0.2603585056278936,Embryonic fibroblasts,Embryonic,EMB
0.1469137682428512,Embryonic fibroblasts,Embryonic,EMB
0.1491016321522468,Embryonic fibroblasts,Embryonic,EMB
0.002883410802907627,Embryonic fibroblasts,Embryonic,EMB
0.1417316103019127,Embryonic fibroblasts,Embryonic,EMB
0.2575762282157686,Embryonic fibroblasts,Embryonic,EMB
0.1635953153324389,Embryonic fibroblasts,Embryonic,EMB
0.1435072136476644,Embryonic fibroblasts,Embryonic,EMB
0.34369429655444905,Embryonic fibroblasts,Embryonic,EMB
0.2674385530692371,Embryonic fibroblasts,Embryonic,EMB
0.2651291212408851,Embryonic fibroblasts,Embryonic,EMB
0.2600903919376826,Embryonic fibroblasts,Embryonic,EMB
0.20826610506794346,Embryonic fibroblasts,Embryonic,EMB
0.13092031136641702,Embryonic fibroblasts,Embryonic,EMB
-0.06065164005342493,Embryonic fibroblasts,Embryonic,EMB
0.22608916938003537,Embryonic fibroblasts,Embryonic,EMB
0.23314391224010383,Embryonic fibroblasts,Embryonic,EMB
0.24979389444334554,Embryonic fibroblasts,Embryonic,EMB
0.22647032828783803,Embryonic fibroblasts,Embryonic,EMB
0.37974493749094135,Embryonic fibroblasts,Embryonic,EMB
0.17744868976947925,Embryonic fibroblasts,Embryonic,EMB
0.2850171982694299,Embryonic fibroblasts,Embryonic,EMB
0.2012968522893192,Embryonic fibroblasts,Embryonic,EMB
0.17293848579867865,Embryonic fibroblasts,Embryonic,EMB
0.29762262781468135,Embryonic fibroblasts,Embryonic,EMB
0.3984128389022779,Embryonic fibroblasts,Embryonic,EMB
0.17642125154816662,Embryonic fibroblasts,Embryonic,EMB
0.20356572897498765,Embryonic fibroblasts,Embryonic,EMB
0.11359566366131142,Embryonic fibroblasts,Embryonic,EMB
0.32227173327474334,Embryonic fibroblasts,Embryonic,EMB
0.3149809933989691,Embryonic fibroblasts,Embryonic,EMB
0.07611112936052498,Embryonic fibroblasts,Embryonic,EMB
0.3353353683922025,Embryonic fibroblasts,Embryonic,EMB
0.32671247122262925,Embryonic fibroblasts,Embryonic,EMB
0.23770630214120378,Embryonic fibroblasts,Embryonic,EMB
0.2173219430662755,Embryonic fibroblasts,Embryonic,EMB
0.1909762336946112,Embryonic fibroblasts,Embryonic,EMB
0.21504751470832761,Embryonic fibroblasts,Embryonic,EMB
0.18416495261209645,Embryonic fibroblasts,Embryonic,EMB
0.32290229304431345,Embryonic fibroblasts,Embryonic,EMB
0.2910341373421176,Embryonic fibroblasts,Embryonic,EMB
0.3446348692703164,Embryonic fibroblasts,Embryonic,EMB
0.10356066354737706,Embryonic fibroblasts,Embryonic,EMB
0.19230211587601453,Embryonic fibroblasts,Embryonic,EMB
0.1601492995902762,Embryonic fibroblasts,Embryonic,EMB
0.27577977992642577,Embryonic fibroblasts,Embryonic,EMB
0.3043930987366448,Embryonic fibroblasts,Embryonic,EMB
0.30361117071200533,Embryonic fibroblasts,Embryonic,EMB
0.3935086988509834,Embryonic fibroblasts,Embryonic,EMB
0.12283244078055602,Embryonic fibroblasts,Embryonic,EMB
0.2221182383016222,Embryonic fibroblasts,Embryonic,EMB
0.24914335222120026,Embryonic fibroblasts,Embryonic,EMB
0.1176020298881102,Embryonic fibroblasts,Embryonic,EMB
0.24648065772503996,Embryonic fibroblasts,Embryonic,EMB
-0.0266259667238313,Embryonic fibroblasts,Embryonic,EMB
0.13213152429682148,Embryonic fibroblasts,Embryonic,EMB
0.36319079537979565,Embryonic fibroblasts,Embryonic,EMB
0.38048068407135127,Embryonic fibroblasts,Embryonic,EMB
0.20929122533334862,Embryonic fibroblasts,Embryonic,EMB
0.15294322890269368,Embryonic fibroblasts,Embryonic,EMB
0.14092043630459092,Embryonic fibroblasts,Embryonic,EMB
0.10140261018534429,Embryonic fibroblasts,Embryonic,EMB
0.06439328677066011,Embryonic fibroblasts,Embryonic,EMB
0.15381009124495712,Embryonic fibroblasts,Embryonic,EMB
0.11166404147586746,Embryonic fibroblasts,Embryonic,EMB
0.36353703080385613,Embryonic fibroblasts,Embryonic,EMB
0.32104580163268365,Embryonic fibroblasts,Embryonic,EMB
0.14410714243764006,Embryonic fibroblasts,Embryonic,EMB
0.23243299908067996,Embryonic fibroblasts,Embryonic,EMB
0.19832227447627704,Embryonic fibroblasts,Embryonic,EMB
0.2684008335286058,Embryonic fibroblasts,Embryonic,EMB
0.23675588208868417,Embryonic fibroblasts,Embryonic,EMB
0.12314926048485134,Embryonic fibroblasts,Embryonic,EMB
0.2079604830784676,Embryonic fibroblasts,Embryonic,EMB
0.08906306308412201,Embryonic fibroblasts,Embryonic,EMB
0.15473046392898115,Embryonic fibroblasts,Embryonic,EMB
0.3393976110875767,Embryonic fibroblasts,Embryonic,EMB
0.10137846296489404,Embryonic fibroblasts,Embryonic,EMB
0.1563028259383177,Embryonic fibroblasts,Embryonic,EMB
0.11975741113539,Embryonic fibroblasts,Embryonic,EMB
0.06087889063851466,Embryonic fibroblasts,Embryonic,EMB
0.23073533213428227,Embryonic fibroblasts,Embryonic,EMB
0.16891075940649986,Embryonic fibroblasts,Embryonic,EMB
0.24292784589798114,Embryonic fibroblasts,Embryonic,EMB
0.3101364263351121,Embryonic fibroblasts,Embryonic,EMB
0.16561747127697185,Embryonic fibroblasts,Embryonic,EMB
0.15691496454834938,Embryonic fibroblasts,Embryonic,EMB
0.18697258916575435,Embryonic fibroblasts,Embryonic,EMB
0.11449186607197537,Embryonic fibroblasts,Embryonic,EMB
0.17381074189483475,Embryonic fibroblasts,Embryonic,EMB
0.321207228281586,Embryonic fibroblasts,Embryonic,EMB
0.14666182094894573,Embryonic fibroblasts,Embryonic,EMB
0.15451623020064487,Embryonic fibroblasts,Embryonic,EMB
0.4106821883182544,Embryonic fibroblasts,Embryonic,EMB
0.14746519481865383,Embryonic fibroblasts,Embryonic,EMB
0.1300750968226857,Embryonic fibroblasts,Embryonic,EMB
0.22084543833969833,Embryonic fibroblasts,Embryonic,EMB
0.3499255949836722,Embryonic fibroblasts,Embryonic,EMB
0.06382059130044404,Embryonic fibroblasts,Embryonic,EMB
0.18925405696264688,Embryonic fibroblasts,Embryonic,EMB
0.20361249289439673,Embryonic fibroblasts,Embryonic,EMB
0.1822371670808137,Embryonic fibroblasts,Embryonic,EMB
0.12849417805752888,Embryonic fibroblasts,Embryonic,EMB
0.2703799959923717,Embryonic fibroblasts,Embryonic,EMB
0.16411400351926575,Embryonic fibroblasts,Embryonic,EMB
0.14974983992745813,Embryonic fibroblasts,Embryonic,EMB
0.0743517514356338,Embryonic fibroblasts,Embryonic,EMB
0.15971214872042105,Embryonic fibroblasts,Embryonic,EMB
0.12172509135290002,Embryonic fibroblasts,Embryonic,EMB
0.21433120831532929,Embryonic fibroblasts,Embryonic,EMB
0.20694926530453495,Embryonic fibroblasts,Embryonic,EMB
0.32518947263609904,Embryonic fibroblasts,Embryonic,EMB
0.18488451124475969,Embryonic fibroblasts,Embryonic,EMB
0.3645102601447519,Embryonic fibroblasts,Embryonic,EMB
0.1713747247635427,Embryonic fibroblasts,Embryonic,EMB
0.25704369277850947,Embryonic fibroblasts,Embryonic,EMB
0.1307217387478869,Embryonic fibroblasts,Embryonic,EMB
0.12876317574201157,Embryonic fibroblasts,Embryonic,EMB
0.12735368962119814,Embryonic fibroblasts,Embryonic,EMB
0.04583841966409183,Embryonic fibroblasts,Embryonic,EMB
0.3403479785987711,Embryonic fibroblasts,Embryonic,EMB
0.1784152384713224,Embryonic fibroblasts,Embryonic,EMB
0.1938644917225066,Embryonic fibroblasts,Embryonic,EMB
0.12804361621880955,Embryonic fibroblasts,Embryonic,EMB
0.11919245820362917,Embryonic fibroblasts,Embryonic,EMB
0.24623176787111967,Embryonic fibroblasts,Embryonic,EMB
0.22796399849573334,Embryonic fibroblasts,Embryonic,EMB
0.24385616558600162,Embryonic fibroblasts,Embryonic,EMB
0.18381918869160044,Embryonic fibroblasts,Embryonic,EMB
0.1970429320572017,Embryonic fibroblasts,Embryonic,EMB
0.24110328550223814,Embryonic fibroblasts,Embryonic,EMB
0.3348986619296901,Embryonic fibroblasts,Embryonic,EMB
0.005493391683861294,Embryonic fibroblasts,Embryonic,EMB
0.23869012000548234,Embryonic fibroblasts,Embryonic,EMB
0.11746338540931445,Embryonic fibroblasts,Embryonic,EMB
0.15082214142470132,Embryonic fibroblasts,Embryonic,EMB
0.1389453624043852,Embryonic fibroblasts,Embryonic,EMB
0.128718331267777,Embryonic fibroblasts,Embryonic,EMB
0.28564446348910577,Embryonic fibroblasts,Embryonic,EMB
0.08868460923751369,Embryonic fibroblasts,Embryonic,EMB
0.1811947093002118,Embryonic fibroblasts,Embryonic,EMB
0.1847867372079061,Embryonic fibroblasts,Embryonic,EMB
-0.009060284572280003,Embryonic fibroblasts,Embryonic,EMB
0.3277369295674214,Embryonic fibroblasts,Embryonic,EMB
0.09378160495130272,Embryonic fibroblasts,Embryonic,EMB
0.2083234215010189,Embryonic fibroblasts,Embryonic,EMB
0.15298611294978987,Embryonic fibroblasts,Embryonic,EMB
0.1581581324545918,Embryonic fibroblasts,Embryonic,EMB
0.28229457782775275,Embryonic fibroblasts,Embryonic,EMB
0.33064162851777207,Embryonic fibroblasts,Embryonic,EMB
0.18009615343197213,Embryonic fibroblasts,Embryonic,EMB
0.25175172669564916,Embryonic fibroblasts,Embryonic,EMB
0.16534160080187765,Embryonic fibroblasts,Embryonic,EMB
0.2742532463040537,Embryonic fibroblasts,Embryonic,EMB
0.018737945741164053,Embryonic fibroblasts,Embryonic,EMB
0.12502507580580657,Embryonic fibroblasts,Embryonic,EMB
0.05900360055829372,Embryonic fibroblasts,Embryonic,EMB
0.0592639062416848,Embryonic fibroblasts,Embryonic,EMB
0.2007061932174057,Embryonic fibroblasts,Embryonic,EMB
0.27341258298302085,Embryonic fibroblasts,Embryonic,EMB
0.12441695495111241,Embryonic fibroblasts,Embryonic,EMB
0.17255766624252036,Embryonic fibroblasts,Embryonic,EMB
0.41104151237365505,Embryonic fibroblasts,Embryonic,EMB
0.3485821232501574,Embryonic fibroblasts,Embryonic,EMB
0.12179396993097583,Embryonic fibroblasts,Embryonic,EMB
0.33998945912768913,Embryonic fibroblasts,Embryonic,EMB
0.08887861464815161,Embryonic fibroblasts,Embryonic,EMB
0.21323115839450374,Embryonic fibroblasts,Embryonic,EMB
0.22544534951996187,Embryonic fibroblasts,Embryonic,EMB
0.05658989340243512,Embryonic fibroblasts,Embryonic,EMB
0.028236623320243043,Embryonic fibroblasts,Embryonic,EMB
0.22030093157676928,Embryonic fibroblasts,Embryonic,EMB
0.21897037869641417,Embryonic fibroblasts,Embryonic,EMB
0.22630011404346584,Embryonic fibroblasts,Embryonic,EMB
0.32388947124810663,Embryonic fibroblasts,Embryonic,EMB
0.19207778876374113,Embryonic fibroblasts,Embryonic,EMB
0.21403102960243436,Embryonic fibroblasts,Embryonic,EMB
0.34492115518657146,Embryonic fibroblasts,Embryonic,EMB
0.09173705267546102,Embryonic fibroblasts,Embryonic,EMB
0.2562993946887711,Embryonic fibroblasts,Embryonic,EMB
0.2635477533217125,Embryonic fibroblasts,Embryonic,EMB
0.17184074757853696,Embryonic fibroblasts,Embryonic,EMB
0.10817753773054138,Embryonic fibroblasts,Embryonic,EMB
0.28052010640379166,Embryonic fibroblasts,Embryonic,EMB
0.144699214674381,Embryonic fibroblasts,Embryonic,EMB
0.20764061972004222,Embryonic fibroblasts,Embryonic,EMB
0.22069231548121626,Embryonic fibroblasts,Embryonic,EMB
0.14859263201897088,Embryonic fibroblasts,Embryonic,EMB
0.2173683119765486,Embryonic fibroblasts,Embryonic,EMB
0.18772212199649135,Embryonic fibroblasts,Embryonic,EMB
0.1819611412197636,Embryonic fibroblasts,Embryonic,EMB
0.2144797890112868,Embryonic fibroblasts,Embryonic,EMB
0.21650440916831898,Embryonic fibroblasts,Embryonic,EMB
0.09162341132483912,Embryonic fibroblasts,Embryonic,EMB
0.1171199901944559,Embryonic fibroblasts,Embryonic,EMB
0.277799210930884,Embryonic fibroblasts,Embryonic,EMB
0.275742078417931,Embryonic fibroblasts,Embryonic,EMB
0.312436644822281,Embryonic fibroblasts,Embryonic,EMB
0.26558032834744655,Embryonic fibroblasts,Embryonic,EMB
0.04701966635524086,Embryonic fibroblasts,Embryonic,EMB
0.025630426338660514,Embryonic fibroblasts,Embryonic,EMB
0.11999530740833339,Embryonic fibroblasts,Embryonic,EMB
0.18779864211478464,Embryonic fibroblasts,Embryonic,EMB
0.3749964983783189,Embryonic fibroblasts,Embryonic,EMB
0.3012397273121032,Embryonic fibroblasts,Embryonic,EMB
0.2795432927173545,Embryonic fibroblasts,Embryonic,EMB
0.14889349066667062,Embryonic fibroblasts,Embryonic,EMB
0.21045217256918392,Embryonic fibroblasts,Embryonic,EMB
0.38244720354578315,Embryonic fibroblasts,Embryonic,EMB
0.1100286174647133,Embryonic fibroblasts,Embryonic,EMB
0.3740021383525484,Embryonic fibroblasts,Embryonic,EMB
0.11829907288786635,Embryonic fibroblasts,Embryonic,EMB
0.3434686020194889,Embryonic fibroblasts,Embryonic,EMB
0.10112957816468399,Embryonic fibroblasts,Embryonic,EMB
0.3198534750045131,Embryonic fibroblasts,Embryonic,EMB
0.09860467039697009,Embryonic fibroblasts,Embryonic,EMB
0.21582330576066205,Embryonic fibroblasts,Embryonic,EMB
0.24274080778068532,Embryonic fibroblasts,Embryonic,EMB
0.1421545684639251,Embryonic fibroblasts,Embryonic,EMB
0.26790162304606396,Embryonic fibroblasts,Embryonic,EMB
0.18509432425273878,Embryonic fibroblasts,Embryonic,EMB
0.34424917676716627,Embryonic fibroblasts,Embryonic,EMB
0.18757125453703583,Embryonic fibroblasts,Embryonic,EMB
0.14228644162720658,Embryonic fibroblasts,Embryonic,EMB
0.37359885053160763,Embryonic fibroblasts,Embryonic,EMB
0.3068921996447822,Embryonic fibroblasts,Embryonic,EMB
0.16587647574603187,Embryonic fibroblasts,Embryonic,EMB
0.35714658094395557,Embryonic fibroblasts,Embryonic,EMB
0.12577295532300062,Embryonic fibroblasts,Embryonic,EMB
0.2435967736074749,Embryonic fibroblasts,Embryonic,EMB
0.14545034684813257,Embryonic fibroblasts,Embryonic,EMB
0.22065957058438188,Embryonic fibroblasts,Embryonic,EMB
0.20528728164618829,Embryonic fibroblasts,Embryonic,EMB
0.2235706147741876,Embryonic fibroblasts,Embryonic,EMB
0.3715193759628968,Embryonic fibroblasts,Embryonic,EMB
0.11382740362289534,Embryonic fibroblasts,Embryonic,EMB
0.21550581015793074,Embryonic fibroblasts,Embryonic,EMB
0.40495446575974225,Embryonic fibroblasts,Embryonic,EMB
0.024948741623210792,Embryonic fibroblasts,Embryonic,EMB
0.34343267386339926,Embryonic fibroblasts,Embryonic,EMB
0.32018883283110594,Embryonic fibroblasts,Embryonic,EMB
0.1536746300668439,Embryonic fibroblasts,Embryonic,EMB
0.3051620601957016,Embryonic fibroblasts,Embryonic,EMB
0.4055395317640244,Embryonic fibroblasts,Embryonic,EMB
0.10890501942053657,Embryonic fibroblasts,Embryonic,EMB
0.39287708739559246,Embryonic fibroblasts,Embryonic,EMB
0.28614338321582605,Embryonic fibroblasts,Embryonic,EMB
0.3356504969843737,Embryonic fibroblasts,Embryonic,EMB
0.23648436569836506,Embryonic fibroblasts,Embryonic,EMB
0.198540895586549,Embryonic fibroblasts,Embryonic,EMB
0.16712543618319922,Embryonic fibroblasts,Embryonic,EMB
0.05576310624822638,Embryonic fibroblasts,Embryonic,EMB
0.2894572477255633,Embryonic fibroblasts,Embryonic,EMB
0.25258516827127653,Embryonic fibroblasts,Embryonic,EMB
0.18179081223738458,Embryonic fibroblasts,Embryonic,EMB
0.1949292621509016,Embryonic fibroblasts,Embryonic,EMB
0.22893960646978717,Embryonic fibroblasts,Embryonic,EMB
0.05843677455824669,Embryonic fibroblasts,Embryonic,EMB
0.13559241738272285,Embryonic fibroblasts,Embryonic,EMB
0.2570009557256406,Embryonic fibroblasts,Embryonic,EMB
0.08177256412220568,Embryonic fibroblasts,Embryonic,EMB
0.14709556257588402,Embryonic fibroblasts,Embryonic,EMB
0.20395740661552486,Embryonic fibroblasts,Embryonic,EMB
0.3161919889308405,Embryonic fibroblasts,Embryonic,EMB
0.30029740671602234,Embryonic fibroblasts,Embryonic,EMB
0.06784060080555922,Embryonic fibroblasts,Embryonic,EMB
0.36170083583654916,Embryonic fibroblasts,Embryonic,EMB
0.1360382773542375,Embryonic fibroblasts,Embryonic,EMB
0.06463163195485125,Embryonic fibroblasts,Embryonic,EMB
0.3276742615247099,Embryonic fibroblasts,Embryonic,EMB
0.22996907986523416,Embryonic fibroblasts,Embryonic,EMB
0.2574524160193543,Embryonic fibroblasts,Embryonic,EMB
0.240819953745674,Embryonic fibroblasts,Embryonic,EMB
0.09896768864900005,Embryonic fibroblasts,Embryonic,EMB
0.15451053213766525,Embryonic fibroblasts,Embryonic,EMB
0.2025079986034765,Embryonic fibroblasts,Embryonic,EMB
0.17974023992543897,Embryonic fibroblasts,Embryonic,EMB
0.16569252930549852,Embryonic fibroblasts,Embryonic,EMB
0.11296169558052567,Embryonic fibroblasts,Embryonic,EMB
0.4048325060491033,Embryonic fibroblasts,Embryonic,EMB
0.06931092578721064,Embryonic fibroblasts,Embryonic,EMB
0.07174310321089822,Embryonic fibroblasts,Embryonic,EMB
0.2602734402974653,Embryonic fibroblasts,Embryonic,EMB
0.1887676738001532,Embryonic fibroblasts,Embryonic,EMB
0.23630642774493102,Embryonic fibroblasts,Embryonic,EMB
0.3571573618000473,Embryonic fibroblasts,Embryonic,EMB
0.40948218225179955,Embryonic fibroblasts,Embryonic,EMB
0.11419512417259055,Embryonic fibroblasts,Embryonic,EMB
0.17621716346200222,Embryonic fibroblasts,Embryonic,EMB
0.2132327469039648,Embryonic fibroblasts,Embryonic,EMB
0.2725335384705718,Embryonic fibroblasts,Embryonic,EMB
0.18995595250760455,Embryonic fibroblasts,Embryonic,EMB
0.22483081098377558,Embryonic fibroblasts,Embryonic,EMB
0.14084638922114606,Embryonic fibroblasts,Embryonic,EMB
0.1471595643114261,Embryonic fibroblasts,Embryonic,EMB
0.3436800456373509,Embryonic fibroblasts,Embryonic,EMB
0.22868471576524813,Embryonic fibroblasts,Embryonic,EMB
0.1267678257394805,Embryonic fibroblasts,Embryonic,EMB
0.2219619433885503,Embryonic fibroblasts,Embryonic,EMB
0.23465665610797795,Embryonic fibroblasts,Embryonic,EMB
0.1625934873566555,Embryonic fibroblasts,Embryonic,EMB
0.15566689766796138,Embryonic fibroblasts,Embryonic,EMB
0.2410010585576638,Embryonic fibroblasts,Embryonic,EMB
0.10891941786777402,Embryonic fibroblasts,Embryonic,EMB
0.198527436232244,Embryonic fibroblasts,Embryonic,EMB
0.14295879577707502,Embryonic fibroblasts,Embryonic,EMB
0.1536296289936795,Embryonic fibroblasts,Embryonic,EMB
0.2288142702242943,Embryonic fibroblasts,Embryonic,EMB
0.16846337809885767,Embryonic fibroblasts,Embryonic,EMB
0.1972113350916598,Embryonic fibroblasts,Embryonic,EMB
0.1758371948996537,Embryonic fibroblasts,Embryonic,EMB
0.19799874211182564,Embryonic fibroblasts,Embryonic,EMB
0.1410238601275224,Embryonic fibroblasts,Embryonic,EMB
0.023800422824605455,Embryonic fibroblasts,Embryonic,EMB
0.2457474810168623,Embryonic fibroblasts,Embryonic,EMB
0.16498194286932852,Embryonic fibroblasts,Embryonic,EMB
0.2155247440610244,Embryonic fibroblasts,Embryonic,EMB
0.1791363652305665,Embryonic fibroblasts,Embryonic,EMB
0.15324930487679134,Embryonic fibroblasts,Embryonic,EMB
0.155043850563005,Embryonic fibroblasts,Embryonic,EMB
0.21436691958661122,Embryonic fibroblasts,Embryonic,EMB
0.14832310410126107,Embryonic fibroblasts,Embryonic,EMB
0.03615330228346446,Embryonic fibroblasts,Embryonic,EMB
0.25808392014391907,Embryonic fibroblasts,Embryonic,EMB
0.3676213068968148,Embryonic fibroblasts,Embryonic,EMB
0.2640437521015523,Embryonic fibroblasts,Embryonic,EMB
0.18581447655062844,Embryonic fibroblasts,Embryonic,EMB
0.10132111729032492,Embryonic fibroblasts,Embryonic,EMB
0.02097780450978036,Embryonic fibroblasts,Embryonic,EMB
0.2554562691707754,Embryonic fibroblasts,Embryonic,EMB
0.24756593161085522,Embryonic fibroblasts,Embryonic,EMB
0.19799492817393943,Embryonic fibroblasts,Embryonic,EMB
0.23099394779312354,Embryonic fibroblasts,Embryonic,EMB
0.4351665596572304,Embryonic fibroblasts,Embryonic,EMB
0.34786875704022713,Embryonic fibroblasts,Embryonic,EMB
0.11568319465390517,Embryonic fibroblasts,Embryonic,EMB
0.11420341656993992,Embryonic fibroblasts,Embryonic,EMB
0.4730678215788756,Embryonic fibroblasts,Embryonic,EMB
0.2877204055206581,Embryonic fibroblasts,Embryonic,EMB
0.24972757602303977,Embryonic fibroblasts,Embryonic,EMB
0.2742408287350269,Embryonic fibroblasts,Embryonic,EMB
0.26544153344370747,Embryonic fibroblasts,Embryonic,EMB
0.0678103235457983,Embryonic fibroblasts,Embryonic,EMB
0.20238037035862563,Embryonic fibroblasts,Embryonic,EMB
0.2756009399613202,Embryonic fibroblasts,Embryonic,EMB
0.1164589858003484,Embryonic fibroblasts,Embryonic,EMB
0.35174153290208554,Embryonic fibroblasts,Embryonic,EMB
0.34851062958222856,Embryonic fibroblasts,Embryonic,EMB
0.13289038723477786,Embryonic fibroblasts,Embryonic,EMB
0.13155577205158114,Embryonic fibroblasts,Embryonic,EMB
0.1528089682381505,Embryonic fibroblasts,Embryonic,EMB
0.37860473648203197,Embryonic fibroblasts,Embryonic,EMB
0.46284855050091533,Embryonic fibroblasts,Embryonic,EMB
0.2145582677628955,Embryonic fibroblasts,Embryonic,EMB
0.25146871976329077,Embryonic fibroblasts,Embryonic,EMB
0.21120181783169578,Embryonic fibroblasts,Embryonic,EMB
0.16401445145405893,Embryonic fibroblasts,Embryonic,EMB
0.23558269942117285,Embryonic fibroblasts,Embryonic,EMB
0.3016326252869222,Embryonic fibroblasts,Embryonic,EMB
0.13635337819056942,Embryonic fibroblasts,Embryonic,EMB
0.4407645523884012,Embryonic fibroblasts,Embryonic,EMB
0.24053671052912062,Embryonic fibroblasts,Embryonic,EMB
0.10970662669783074,Embryonic fibroblasts,Embryonic,EMB
0.2501918857410827,Embryonic fibroblasts,Embryonic,EMB
0.14398333839276664,Embryonic fibroblasts,Embryonic,EMB
0.23251840723736958,Embryonic fibroblasts,Embryonic,EMB
0.12245704381986072,Embryonic fibroblasts,Embryonic,EMB
0.27387920076859973,Embryonic fibroblasts,Embryonic,EMB
0.3559172712588036,Embryonic fibroblasts,Embryonic,EMB
0.3164033114452365,Embryonic fibroblasts,Embryonic,EMB
0.17998492748342132,Embryonic fibroblasts,Embryonic,EMB
0.12610866840045093,Embryonic fibroblasts,Embryonic,EMB
0.24100428631763607,Embryonic fibroblasts,Embryonic,EMB
0.3722411157088969,Embryonic fibroblasts,Embryonic,EMB
0.27605231178217854,Embryonic fibroblasts,Embryonic,EMB
0.15488554162669502,Embryonic fibroblasts,Embryonic,EMB
0.21519439778629462,Embryonic fibroblasts,Embryonic,EMB
0.23575653441338779,Embryonic fibroblasts,Embryonic,EMB
0.09523158279383459,Embryonic fibroblasts,Embryonic,EMB
0.13004974109852976,Embryonic fibroblasts,Embryonic,EMB
0.19685733050433538,Embryonic fibroblasts,Embryonic,EMB
-0.02466565386094801,Embryonic fibroblasts,Embryonic,EMB
0.13826399658053914,Embryonic fibroblasts,Embryonic,EMB
0.1171427005370495,Embryonic fibroblasts,Embryonic,EMB
0.10572356786482993,Embryonic fibroblasts,Embryonic,EMB
0.2556492249898755,Embryonic fibroblasts,Embryonic,EMB
0.26767055251300226,Embryonic fibroblasts,Embryonic,EMB
0.07106627599475393,Embryonic fibroblasts,Embryonic,EMB
0.2698223593306939,Embryonic fibroblasts,Embryonic,EMB
0.35143328006466934,Embryonic fibroblasts,Embryonic,EMB
0.30808503060162484,Embryonic fibroblasts,Embryonic,EMB
0.22123923506022292,Embryonic fibroblasts,Embryonic,EMB
0.1624580439013693,Embryonic fibroblasts,Embryonic,EMB
0.19316012077626193,Embryonic fibroblasts,Embryonic,EMB
0.22525931239780675,Embryonic fibroblasts,Embryonic,EMB
0.11326234488541229,Embryonic fibroblasts,Embryonic,EMB
0.39550082050894503,Embryonic fibroblasts,Embryonic,EMB
0.22797331008793323,Embryonic fibroblasts,Embryonic,EMB
0.21950203830900475,Embryonic fibroblasts,Embryonic,EMB
0.2389728011341426,Embryonic fibroblasts,Embryonic,EMB
0.2451345312834369,Embryonic fibroblasts,Embryonic,EMB
0.2754323433387948,Embryonic fibroblasts,Embryonic,EMB
0.06076307866551486,Embryonic fibroblasts,Embryonic,EMB
0.2016423389629733,Embryonic fibroblasts,Embryonic,EMB
0.21084482721315162,Embryonic fibroblasts,Embryonic,EMB
0.2799749532326497,Embryonic fibroblasts,Embryonic,EMB
0.1405090073947089,Embryonic fibroblasts,Embryonic,EMB
0.21916900768610312,Embryonic fibroblasts,Embryonic,EMB
0.10346012842176563,Embryonic fibroblasts,Embryonic,EMB
0.3246487064460312,Embryonic fibroblasts,Embryonic,EMB
0.1991511516567506,Embryonic fibroblasts,Embryonic,EMB
0.17479241111582033,Embryonic fibroblasts,Embryonic,EMB
0.18390675803891318,Embryonic fibroblasts,Embryonic,EMB
0.21755897040657884,Embryonic fibroblasts,Embryonic,EMB
0.05252700439766767,Embryonic fibroblasts,Embryonic,EMB
0.14880911381619302,Embryonic fibroblasts,Embryonic,EMB
0.40575817090494504,Embryonic fibroblasts,Embryonic,EMB
0.154728413905305,Embryonic fibroblasts,Embryonic,EMB
0.12347700482661184,Embryonic fibroblasts,Embryonic,EMB
0.2762822361309774,Embryonic fibroblasts,Embryonic,EMB
0.1360426573574447,Embryonic fibroblasts,Embryonic,EMB
0.2789651935447144,Embryonic fibroblasts,Embryonic,EMB
0.05090248325926189,Embryonic fibroblasts,Embryonic,EMB
0.3394249523142083,Embryonic fibroblasts,Embryonic,EMB
0.2793461655317677,Embryonic fibroblasts,Embryonic,EMB
0.1097457878868299,Embryonic fibroblasts,Embryonic,EMB
0.15419626452639618,Embryonic fibroblasts,Embryonic,EMB
0.3392517412109477,Embryonic fibroblasts,Embryonic,EMB
0.261260740530483,Embryonic fibroblasts,Embryonic,EMB
0.11546596867452685,Embryonic fibroblasts,Embryonic,EMB
0.17617074833152788,Embryonic fibroblasts,Embryonic,EMB
0.369248639220384,Embryonic fibroblasts,Embryonic,EMB
0.1224402528580304,Embryonic fibroblasts,Embryonic,EMB
0.22413081743836996,Embryonic fibroblasts,Embryonic,EMB
0.07754029407637895,Embryonic fibroblasts,Embryonic,EMB
0.245933399394601,Embryonic fibroblasts,Embryonic,EMB
0.27378712615630185,Embryonic fibroblasts,Embryonic,EMB
0.20937320862502812,Embryonic fibroblasts,Embryonic,EMB
0.21477897037111057,Embryonic fibroblasts,Embryonic,EMB
0.2394738404724016,Embryonic fibroblasts,Embryonic,EMB
0.2558623146956026,Embryonic fibroblasts,Embryonic,EMB
0.12631255812598052,Embryonic fibroblasts,Embryonic,EMB
0.24565706009471183,Embryonic fibroblasts,Embryonic,EMB
0.3289490387699425,Embryonic fibroblasts,Embryonic,EMB
0.1708959093975722,Embryonic fibroblasts,Embryonic,EMB
0.1511886209028046,Embryonic fibroblasts,Embryonic,EMB
0.2876645833764767,Embryonic fibroblasts,Embryonic,EMB
0.33535701079476865,Embryonic fibroblasts,Embryonic,EMB
0.2551143806104882,Embryonic fibroblasts,Embryonic,EMB
0.20993771004193496,Embryonic fibroblasts,Embryonic,EMB
0.24070988233808877,Embryonic fibroblasts,Embryonic,EMB
0.30703758434613926,Embryonic fibroblasts,Embryonic,EMB
0.1782683026312572,Embryonic fibroblasts,Embryonic,EMB
0.23940242714017065,Embryonic fibroblasts,Embryonic,EMB
0.23167095378508507,Embryonic fibroblasts,Embryonic,EMB
0.37224745238639584,Embryonic fibroblasts,Embryonic,EMB
0.21440046395944204,Embryonic fibroblasts,Embryonic,EMB
0.20721291189285987,Embryonic fibroblasts,Embryonic,EMB
0.3106108496746711,Embryonic fibroblasts,Embryonic,EMB
0.10976303864258966,Embryonic fibroblasts,Embryonic,EMB
0.3012263685275934,Embryonic fibroblasts,Embryonic,EMB
0.17362090014745452,Embryonic fibroblasts,Embryonic,EMB
0.271903402278567,Embryonic fibroblasts,Embryonic,EMB
0.20025069519044858,Embryonic fibroblasts,Embryonic,EMB
0.3768298382376674,Embryonic fibroblasts,Embryonic,EMB
0.18831573000326599,Embryonic fibroblasts,Embryonic,EMB
0.371075482062366,Embryonic fibroblasts,Embryonic,EMB
0.1463256289976645,Embryonic fibroblasts,Embryonic,EMB
0.07767252109103354,Embryonic fibroblasts,Embryonic,EMB
0.41159308272164485,Embryonic fibroblasts,Embryonic,EMB
0.22816209262658713,Embryonic fibroblasts,Embryonic,EMB
0.3862183118455653,Embryonic fibroblasts,Embryonic,EMB
0.11710048020073456,Embryonic fibroblasts,Embryonic,EMB
0.15005222959567788,Embryonic fibroblasts,Embryonic,EMB
0.1846105701873,Embryonic fibroblasts,Embryonic,EMB
0.2705186895990451,Embryonic fibroblasts,Embryonic,EMB
0.19064318937983193,Embryonic fibroblasts,Embryonic,EMB
0.3560779519193507,Embryonic fibroblasts,Embryonic,EMB
0.201659162164787,Embryonic fibroblasts,Embryonic,EMB
0.09573968006008168,Embryonic fibroblasts,Embryonic,EMB
0.28637767844624595,Embryonic fibroblasts,Embryonic,EMB
0.2703572650297911,Embryonic fibroblasts,Embryonic,EMB
0.2549515046303902,Embryonic fibroblasts,Embryonic,EMB
0.14436792764263767,Embryonic fibroblasts,Embryonic,EMB
0.2719332156373821,Embryonic fibroblasts,Embryonic,EMB
0.10841171627352661,Embryonic fibroblasts,Embryonic,EMB
0.1881438684824538,Embryonic fibroblasts,Embryonic,EMB
0.17854517755278435,Embryonic fibroblasts,Embryonic,EMB
0.2130203576265914,Embryonic fibroblasts,Embryonic,EMB
0.20834651964926468,Embryonic fibroblasts,Embryonic,EMB
0.11255203238393123,Embryonic fibroblasts,Embryonic,EMB
0.30014100398749993,Embryonic fibroblasts,Embryonic,EMB
0.06119666082378235,Embryonic fibroblasts,Embryonic,EMB
0.2343197655941603,Embryonic fibroblasts,Embryonic,EMB
0.13975179728006631,Embryonic fibroblasts,Embryonic,EMB
0.28206783199763574,Embryonic fibroblasts,Embryonic,EMB
0.1366931025104808,Embryonic fibroblasts,Embryonic,EMB
0.2005976572558912,Embryonic fibroblasts,Embryonic,EMB
0.3040712254239102,Embryonic fibroblasts,Embryonic,EMB
0.17996958569762353,Embryonic fibroblasts,Embryonic,EMB
0.14624447055719852,Embryonic fibroblasts,Embryonic,EMB
0.1457934840984499,Embryonic fibroblasts,Embryonic,EMB
0.17942585101999173,Embryonic fibroblasts,Embryonic,EMB
0.09314637167301672,Embryonic fibroblasts,Embryonic,EMB
0.1937722708928163,Embryonic fibroblasts,Embryonic,EMB
0.06985923202569355,Embryonic fibroblasts,Embryonic,EMB
0.26706698045350924,Embryonic fibroblasts,Embryonic,EMB
0.18166917387889125,Embryonic fibroblasts,Embryonic,EMB
0.4271873214009976,Embryonic fibroblasts,Embryonic,EMB
0.4011539166322959,Embryonic fibroblasts,Embryonic,EMB
0.05747813482462391,Embryonic fibroblasts,Embryonic,EMB
0.26218354235536273,Embryonic fibroblasts,Embryonic,EMB
0.22234227104605278,Embryonic fibroblasts,Embryonic,EMB
0.37463333176210933,Embryonic fibroblasts,Embryonic,EMB
0.34263549156283474,Embryonic fibroblasts,Embryonic,EMB
0.21202838581807015,Embryonic fibroblasts,Embryonic,EMB
0.044327851798748166,Embryonic fibroblasts,Embryonic,EMB
0.07571197536712646,Embryonic fibroblasts,Embryonic,EMB
0.33862299853725863,Embryonic fibroblasts,Embryonic,EMB
0.1059540342494369,Embryonic fibroblasts,Embryonic,EMB
0.1523537749538293,Embryonic fibroblasts,Embryonic,EMB
0.3002408627440988,Embryonic fibroblasts,Embryonic,EMB
0.14763927339833846,Embryonic fibroblasts,Embryonic,EMB
0.13582732365790484,Embryonic fibroblasts,Embryonic,EMB
0.20670826796356032,Embryonic fibroblasts,Embryonic,EMB
0.2506888646553769,Embryonic fibroblasts,Embryonic,EMB
0.14419460643359613,Embryonic fibroblasts,Embryonic,EMB
0.1585531498043969,Embryonic fibroblasts,Embryonic,EMB
0.42681646610194124,Embryonic fibroblasts,Embryonic,EMB
0.18850817901559627,Embryonic fibroblasts,Embryonic,EMB
0.11715233852461365,Embryonic fibroblasts,Embryonic,EMB
0.1266670834687434,Embryonic fibroblasts,Embryonic,EMB
0.04934492191796125,Embryonic fibroblasts,Embryonic,EMB
0.1335235836091228,Embryonic fibroblasts,Embryonic,EMB
0.2668830948095754,Embryonic fibroblasts,Embryonic,EMB
0.18852583799268602,Embryonic fibroblasts,Embryonic,EMB
0.37312951455666565,Embryonic fibroblasts,Embryonic,EMB
0.30029425038216023,Embryonic fibroblasts,Embryonic,EMB
0.3300835385913744,Embryonic fibroblasts,Embryonic,EMB
0.060617217886846146,Embryonic fibroblasts,Embryonic,EMB
0.19484686423883762,Embryonic fibroblasts,Embryonic,EMB
-0.043923257369643406,Embryonic fibroblasts,Embryonic,EMB
0.29133625464058577,Embryonic fibroblasts,Embryonic,EMB
0.21982667925160362,Embryonic fibroblasts,Embryonic,EMB
0.15730810655090408,Embryonic fibroblasts,Embryonic,EMB
0.21151010629153424,Embryonic fibroblasts,Embryonic,EMB
0.15322602616219372,Embryonic fibroblasts,Embryonic,EMB
0.2199473284454275,Embryonic fibroblasts,Embryonic,EMB
0.1935280113188868,Embryonic fibroblasts,Embryonic,EMB
0.24017304843762063,Embryonic fibroblasts,Embryonic,EMB
0.13190891515906822,Embryonic fibroblasts,Embryonic,EMB
0.17516360345996512,Embryonic fibroblasts,Embryonic,EMB
0.22733664360314793,Embryonic fibroblasts,Embryonic,EMB
0.22929107171432422,Embryonic fibroblasts,Embryonic,EMB
0.2765888006558141,Embryonic fibroblasts,Embryonic,EMB
0.10155983911322032,Embryonic fibroblasts,Embryonic,EMB
0.12394092149082626,Embryonic fibroblasts,Embryonic,EMB
0.14141767340902858,Embryonic fibroblasts,Embryonic,EMB
0.284924875525237,Embryonic fibroblasts,Embryonic,EMB
0.2364273154540091,Embryonic fibroblasts,Embryonic,EMB
0.292709506521181,Embryonic fibroblasts,Embryonic,EMB
0.20327492796341434,Embryonic fibroblasts,Embryonic,EMB
0.25300259663492247,Embryonic fibroblasts,Embryonic,EMB
0.11622421164378115,Embryonic fibroblasts,Embryonic,EMB
0.28749873880588883,Embryonic fibroblasts,Embryonic,EMB
0.3306712678910643,Embryonic fibroblasts,Embryonic,EMB
0.25974107644558675,Embryonic fibroblasts,Embryonic,EMB
0.12754060430380967,Embryonic fibroblasts,Embryonic,EMB
0.2104211436272903,Embryonic fibroblasts,Embryonic,EMB
0.10023565135093575,Embryonic fibroblasts,Embryonic,EMB
0.17632753955553307,Embryonic fibroblasts,Embryonic,EMB
0.299498560421515,Embryonic fibroblasts,Embryonic,EMB
0.32936665944067367,Embryonic fibroblasts,Embryonic,EMB
0.26738827898637435,Embryonic fibroblasts,Embryonic,EMB
0.0954939715983884,Embryonic fibroblasts,Embryonic,EMB
0.16653884578795378,Embryonic fibroblasts,Embryonic,EMB
0.16652497459894916,Embryonic fibroblasts,Embryonic,EMB
0.302060425822419,Embryonic fibroblasts,Embryonic,EMB
0.378021295795538,Embryonic fibroblasts,Embryonic,EMB
0.20190413076617694,Embryonic fibroblasts,Embryonic,EMB
0.2898969801130166,Embryonic fibroblasts,Embryonic,EMB
0.14125400032078805,Embryonic fibroblasts,Embryonic,EMB
0.5026179651264893,Embryonic fibroblasts,Embryonic,EMB
0.2675374173105267,Embryonic fibroblasts,Embryonic,EMB
0.1859148899791454,Embryonic fibroblasts,Embryonic,EMB
0.16407517106948893,Embryonic fibroblasts,Embryonic,EMB
0.1841696967964216,Embryonic fibroblasts,Embryonic,EMB
0.2549482151305532,Embryonic fibroblasts,Embryonic,EMB
0.40739831882343996,Embryonic fibroblasts,Embryonic,EMB
0.08265215194149213,Embryonic fibroblasts,Embryonic,EMB
0.20121495539199918,Embryonic fibroblasts,Embryonic,EMB
0.2103398032548641,Embryonic fibroblasts,Embryonic,EMB
0.18142976357241275,Embryonic fibroblasts,Embryonic,EMB
0.3829084545347072,Embryonic fibroblasts,Embryonic,EMB
0.2643242648124409,Embryonic fibroblasts,Embryonic,EMB
0.25893336767044256,Embryonic fibroblasts,Embryonic,EMB
0.10958823330167275,Embryonic fibroblasts,Embryonic,EMB
0.35223256171294565,Embryonic fibroblasts,Embryonic,EMB
-0.0068517424508386104,Embryonic fibroblasts,Embryonic,EMB
0.23524983825053572,Embryonic fibroblasts,Embryonic,EMB
0.11618459204858557,Embryonic fibroblasts,Embryonic,EMB
0.14153614854909138,Embryonic fibroblasts,Embryonic,EMB
0.2565887282615686,Embryonic fibroblasts,Embryonic,EMB
0.1055610592969795,Embryonic fibroblasts,Embryonic,EMB
0.2030432257975008,Embryonic fibroblasts,Embryonic,EMB
0.2324026592283377,Embryonic fibroblasts,Embryonic,EMB
0.2155386623007795,Embryonic fibroblasts,Embryonic,EMB
0.11491305553854222,Embryonic fibroblasts,Embryonic,EMB
0.18074819781323548,Embryonic fibroblasts,Embryonic,EMB
0.14355715242261924,Embryonic fibroblasts,Embryonic,EMB
0.3062987379157851,Embryonic fibroblasts,Embryonic,EMB
0.11291725261525112,Embryonic fibroblasts,Embryonic,EMB
0.2942336173050132,Embryonic fibroblasts,Embryonic,EMB
0.23596498288658785,Embryonic fibroblasts,Embryonic,EMB
0.16560813224356088,Embryonic fibroblasts,Embryonic,EMB
0.32785114184347414,Embryonic fibroblasts,Embryonic,EMB
0.08770116817055748,Embryonic fibroblasts,Embryonic,EMB
0.2606756910427929,Embryonic fibroblasts,Embryonic,EMB
0.2125437361755055,Embryonic fibroblasts,Embryonic,EMB
0.2134543991426019,Embryonic fibroblasts,Embryonic,EMB
0.08848681454365288,Embryonic fibroblasts,Embryonic,EMB
0.004036183423655013,Embryonic fibroblasts,Embryonic,EMB
0.041574937528163214,Embryonic fibroblasts,Embryonic,EMB
0.3234867545554549,Embryonic fibroblasts,Embryonic,EMB
0.14861795977116585,Embryonic fibroblasts,Embryonic,EMB
0.21321876366590828,Embryonic fibroblasts,Embryonic,EMB
0.19192723812529897,Embryonic fibroblasts,Embryonic,EMB
0.263238268763957,Embryonic fibroblasts,Embryonic,EMB
0.18639899003871527,Embryonic fibroblasts,Embryonic,EMB
0.17444603762240377,Embryonic fibroblasts,Embryonic,EMB
0.1985733301650247,Embryonic fibroblasts,Embryonic,EMB
0.21203597150917058,Embryonic fibroblasts,Embryonic,EMB
0.3157875939368557,Embryonic fibroblasts,Embryonic,EMB
0.29343073220778737,Embryonic fibroblasts,Embryonic,EMB
0.20013037827659205,Embryonic fibroblasts,Embryonic,EMB
0.2899424829546626,Embryonic fibroblasts,Embryonic,EMB
0.06069882827521026,Embryonic fibroblasts,Embryonic,EMB
0.11813425164021815,Embryonic fibroblasts,Embryonic,EMB
0.08938515989494256,Embryonic fibroblasts,Embryonic,EMB
0.050706363018732506,Embryonic fibroblasts,Embryonic,EMB
0.3697275748764078,Embryonic fibroblasts,Embryonic,EMB
0.16216744595937482,Embryonic fibroblasts,Embryonic,EMB
0.2665221974840455,Embryonic fibroblasts,Embryonic,EMB
0.19656188782541462,Embryonic fibroblasts,Embryonic,EMB
0.23977843040229702,Embryonic fibroblasts,Embryonic,EMB
0.2549293269875433,Embryonic fibroblasts,Embryonic,EMB
0.03591958799129309,Embryonic fibroblasts,Embryonic,EMB
0.13559884119593676,Embryonic fibroblasts,Embryonic,EMB
0.08923809476272326,Embryonic fibroblasts,Embryonic,EMB
0.2564283975270502,Embryonic fibroblasts,Embryonic,EMB
0.11244540045840706,Embryonic fibroblasts,Embryonic,EMB
0.23993351062792362,Embryonic fibroblasts,Embryonic,EMB
0.13742358801035798,Embryonic fibroblasts,Embryonic,EMB
0.39518099787909683,Embryonic fibroblasts,Embryonic,EMB
0.20199605164394224,Embryonic fibroblasts,Embryonic,EMB
0.13164203658691354,Embryonic fibroblasts,Embryonic,EMB
0.298049133866109,Embryonic fibroblasts,Embryonic,EMB
0.13676784666401615,Embryonic fibroblasts,Embryonic,EMB
0.20575480812618197,Embryonic fibroblasts,Embryonic,EMB
0.25839961707791137,Embryonic fibroblasts,Embryonic,EMB
0.10899896485631907,Embryonic fibroblasts,Embryonic,EMB
0.2814081535819856,Embryonic fibroblasts,Embryonic,EMB
0.12420139943958296,Embryonic fibroblasts,Embryonic,EMB
0.23330439876803627,Embryonic fibroblasts,Embryonic,EMB
0.28930940507753394,Embryonic fibroblasts,Embryonic,EMB
0.05163051014699429,Embryonic fibroblasts,Embryonic,EMB
0.3872636372482162,Embryonic fibroblasts,Embryonic,EMB
0.12384110795613326,Embryonic fibroblasts,Embryonic,EMB
0.2878875214113698,Embryonic fibroblasts,Embryonic,EMB
0.49259102177839276,Embryonic fibroblasts,Embryonic,EMB
0.17829483703806437,Embryonic fibroblasts,Embryonic,EMB
0.2070789006627603,Embryonic fibroblasts,Embryonic,EMB
0.22545211203379845,Embryonic fibroblasts,Embryonic,EMB
0.15166042834756158,Embryonic fibroblasts,Embryonic,EMB
0.23994479012712458,Embryonic fibroblasts,Embryonic,EMB
0.3361899505343053,Embryonic fibroblasts,Embryonic,EMB
0.2908655641194473,Embryonic fibroblasts,Embryonic,EMB
0.2811110151856821,Embryonic fibroblasts,Embryonic,EMB
0.09425882130725682,Embryonic fibroblasts,Embryonic,EMB
0.15893687344539256,Embryonic fibroblasts,Embryonic,EMB
0.13078642741851434,Embryonic fibroblasts,Embryonic,EMB
0.23881846556989858,Embryonic fibroblasts,Embryonic,EMB
0.23074892643819844,Embryonic fibroblasts,Embryonic,EMB
0.17889216096173985,Embryonic fibroblasts,Embryonic,EMB
0.24559110840348042,Embryonic fibroblasts,Embryonic,EMB
0.30778691792954455,Embryonic fibroblasts,Embryonic,EMB
0.20470590866733285,Embryonic fibroblasts,Embryonic,EMB
0.2543617459243056,Embryonic fibroblasts,Embryonic,EMB
0.23977131283676797,Embryonic fibroblasts,Embryonic,EMB
0.34907389646480297,Embryonic fibroblasts,Embryonic,EMB
0.12517991336463957,Embryonic fibroblasts,Embryonic,EMB
0.1023789240067846,Embryonic fibroblasts,Embryonic,EMB
0.23325844529377204,Embryonic fibroblasts,Embryonic,EMB
-0.00030799259044511466,Embryonic fibroblasts,Embryonic,EMB
0.2111158717392614,Embryonic fibroblasts,Embryonic,EMB
0.249916788246983,Embryonic fibroblasts,Embryonic,EMB
0.26563268513018956,Embryonic fibroblasts,Embryonic,EMB
0.21399888018392804,Embryonic fibroblasts,Embryonic,EMB
0.22155422957373533,Embryonic fibroblasts,Embryonic,EMB
0.10960818000076565,Embryonic fibroblasts,Embryonic,EMB
0.27847168664986666,Embryonic fibroblasts,Embryonic,EMB
0.18522190613568465,Embryonic fibroblasts,Embryonic,EMB
0.17668006070999134,Embryonic fibroblasts,Embryonic,EMB
0.2457499665316426,Embryonic fibroblasts,Embryonic,EMB
0.16069411151716004,Embryonic fibroblasts,Embryonic,EMB
0.14270190687239753,Embryonic fibroblasts,Embryonic,EMB
0.1567053893528708,Embryonic fibroblasts,Embryonic,EMB
0.2950087224740985,Embryonic fibroblasts,Embryonic,EMB
0.17201185529410085,Embryonic fibroblasts,Embryonic,EMB
0.023866467033676265,Embryonic fibroblasts,Embryonic,EMB
0.18606177974666516,Embryonic fibroblasts,Embryonic,EMB
0.2088540632341152,Embryonic fibroblasts,Embryonic,EMB
0.05212507865133822,Embryonic fibroblasts,Embryonic,EMB
0.2384111195946924,Embryonic fibroblasts,Embryonic,EMB
0.12914972606642192,Embryonic fibroblasts,Embryonic,EMB
0.2963332884186931,Embryonic fibroblasts,Embryonic,EMB
0.2721539578742038,Embryonic fibroblasts,Embryonic,EMB
0.10036007070943084,Embryonic fibroblasts,Embryonic,EMB
0.24249177923281146,Embryonic fibroblasts,Embryonic,EMB
0.18017270258264062,Embryonic fibroblasts,Embryonic,EMB
0.215711509651353,Embryonic fibroblasts,Embryonic,EMB
0.3356956593048884,Embryonic fibroblasts,Embryonic,EMB
0.17921944085245328,Embryonic fibroblasts,Embryonic,EMB
0.23382032266435507,Embryonic fibroblasts,Embryonic,EMB
0.07612706992966559,Embryonic fibroblasts,Embryonic,EMB
0.172227011038163,Embryonic fibroblasts,Embryonic,EMB
0.16492739069701018,Embryonic fibroblasts,Embryonic,EMB
0.19392224823986293,Embryonic fibroblasts,Embryonic,EMB
0.21644096457250311,Embryonic fibroblasts,Embryonic,EMB
0.19497989316259096,Embryonic fibroblasts,Embryonic,EMB
0.3579230925818867,Embryonic fibroblasts,Embryonic,EMB
0.2018378798923409,Embryonic fibroblasts,Embryonic,EMB
0.15074059577796567,Embryonic fibroblasts,Embryonic,EMB
0.12882840861364062,Embryonic fibroblasts,Embryonic,EMB
0.25537146495822305,Embryonic fibroblasts,Embryonic,EMB
0.20005548648455965,Embryonic fibroblasts,Embryonic,EMB
0.333301951389861,Embryonic fibroblasts,Embryonic,EMB
0.29618592726480675,Embryonic fibroblasts,Embryonic,EMB
0.22959253508452068,Embryonic fibroblasts,Embryonic,EMB
0.07325864297279541,Embryonic fibroblasts,Embryonic,EMB
0.17123392699615747,Embryonic fibroblasts,Embryonic,EMB
0.3001544256601136,Embryonic fibroblasts,Embryonic,EMB
0.24650680162269586,Embryonic fibroblasts,Embryonic,EMB
0.31164647622072494,Embryonic fibroblasts,Embryonic,EMB
0.0871978686579051,Embryonic fibroblasts,Embryonic,EMB
0.11833265852799336,Embryonic fibroblasts,Embryonic,EMB
0.3388300535896278,Embryonic fibroblasts,Embryonic,EMB
0.24291922074252184,Embryonic fibroblasts,Embryonic,EMB
0.18809606326179004,Embryonic fibroblasts,Embryonic,EMB
0.14303730868171294,Embryonic fibroblasts,Embryonic,EMB
0.03365390792696583,Embryonic fibroblasts,Embryonic,EMB
0.1360272964573559,Embryonic fibroblasts,Embryonic,EMB
0.11110804453270251,Embryonic fibroblasts,Embryonic,EMB
0.3161277497488221,Embryonic fibroblasts,Embryonic,EMB
0.4312261689188823,Embryonic fibroblasts,Embryonic,EMB
0.2220374190524034,Embryonic fibroblasts,Embryonic,EMB
0.2450605578334343,Embryonic fibroblasts,Embryonic,EMB
0.32367700763695284,Embryonic fibroblasts,Embryonic,EMB
0.27112894602448256,Embryonic fibroblasts,Embryonic,EMB
0.29177453444696155,Embryonic fibroblasts,Embryonic,EMB
0.2103907688064985,Embryonic fibroblasts,Embryonic,EMB
0.17281403896513778,Embryonic fibroblasts,Embryonic,EMB
0.172172163554918,Embryonic fibroblasts,Embryonic,EMB
0.23656465404787483,Embryonic fibroblasts,Embryonic,EMB
0.25682631997171373,Embryonic fibroblasts,Embryonic,EMB
0.09979170946609157,Embryonic fibroblasts,Embryonic,EMB
0.3287415515702096,Embryonic fibroblasts,Embryonic,EMB
0.2964027161045258,Embryonic fibroblasts,Embryonic,EMB
0.17393684085024722,Embryonic fibroblasts,Embryonic,EMB
0.33335866139667447,Embryonic fibroblasts,Embryonic,EMB
0.20095363306311934,Embryonic fibroblasts,Embryonic,EMB
0.11050836272267799,Embryonic fibroblasts,Embryonic,EMB
0.03068695793999275,Embryonic fibroblasts,Embryonic,EMB
0.29367945830407044,Embryonic fibroblasts,Embryonic,EMB
0.17343993198214683,Embryonic fibroblasts,Embryonic,EMB
0.2918103029582206,Embryonic fibroblasts,Embryonic,EMB
0.14047490975814936,Embryonic fibroblasts,Embryonic,EMB
0.22161221270803064,Embryonic fibroblasts,Embryonic,EMB
0.17317498947412813,Embryonic fibroblasts,Embryonic,EMB
0.16342751501456518,Embryonic fibroblasts,Embryonic,EMB
0.221109976538087,Embryonic fibroblasts,Embryonic,EMB
0.25685026754269175,Embryonic fibroblasts,Embryonic,EMB
0.099496615601222,Embryonic fibroblasts,Embryonic,EMB
0.22619720102119578,Embryonic fibroblasts,Embryonic,EMB
0.14742347278869125,Embryonic fibroblasts,Embryonic,EMB
0.20897575456754652,Embryonic fibroblasts,Embryonic,EMB
0.13629650328676823,Embryonic fibroblasts,Embryonic,EMB
-0.00433867940236252,Embryonic fibroblasts,Embryonic,EMB
0.04117490173545188,Embryonic fibroblasts,Embryonic,EMB
0.23205182388895787,Embryonic fibroblasts,Embryonic,EMB
0.20865652125666834,Embryonic fibroblasts,Embryonic,EMB
0.3336296021995425,Embryonic fibroblasts,Embryonic,EMB
0.16369579827661573,Embryonic fibroblasts,Embryonic,EMB
0.2550125401458733,Embryonic fibroblasts,Embryonic,EMB
0.10641203528866817,Embryonic fibroblasts,Embryonic,EMB
0.3187020335268548,Embryonic fibroblasts,Embryonic,EMB
0.20763648978646748,Embryonic fibroblasts,Embryonic,EMB
0.03909122106401986,Embryonic fibroblasts,Embryonic,EMB
0.2110245606757431,Embryonic fibroblasts,Embryonic,EMB
0.3284482791630502,Embryonic fibroblasts,Embryonic,EMB
0.1754858687284711,Embryonic fibroblasts,Embryonic,EMB
-0.000512997301308861,Embryonic fibroblasts,Embryonic,EMB
0.38493657193481423,Embryonic fibroblasts,Embryonic,EMB
0.3744922014963009,Embryonic fibroblasts,Embryonic,EMB
0.06448403061162317,Embryonic fibroblasts,Embryonic,EMB
0.17464670149801761,Embryonic fibroblasts,Embryonic,EMB
0.2614100163598892,Embryonic fibroblasts,Embryonic,EMB
0.22841567194082596,Embryonic fibroblasts,Embryonic,EMB
0.16422792376444367,Embryonic fibroblasts,Embryonic,EMB
0.16428096232103506,Embryonic fibroblasts,Embryonic,EMB
0.13712126836938615,Embryonic fibroblasts,Embryonic,EMB
0.36172251338962547,Embryonic fibroblasts,Embryonic,EMB
0.2298217524039789,Embryonic fibroblasts,Embryonic,EMB
0.16313435380689595,Embryonic fibroblasts,Embryonic,EMB
0.30168927507960186,Embryonic fibroblasts,Embryonic,EMB
0.1558817827542536,Embryonic fibroblasts,Embryonic,EMB
0.22048736362100507,Embryonic fibroblasts,Embryonic,EMB
0.11186505822932585,Embryonic fibroblasts,Embryonic,EMB
0.19164195551914603,Embryonic fibroblasts,Embryonic,EMB
0.2251603816853338,Embryonic fibroblasts,Embryonic,EMB
0.1955070913991564,Embryonic fibroblasts,Embryonic,EMB
0.08543379768103226,Embryonic fibroblasts,Embryonic,EMB
0.14969915979987394,Embryonic fibroblasts,Embryonic,EMB
0.13598493810824092,Embryonic fibroblasts,Embryonic,EMB
0.2007892465490825,Embryonic fibroblasts,Embryonic,EMB
0.24516723631679108,Embryonic fibroblasts,Embryonic,EMB
0.23889441127534153,Embryonic fibroblasts,Embryonic,EMB
0.24799665549692568,Embryonic fibroblasts,Embryonic,EMB
0.2696635474823035,Embryonic fibroblasts,Embryonic,EMB
0.19092554164757808,Embryonic fibroblasts,Embryonic,EMB
0.33469333293024456,Embryonic fibroblasts,Embryonic,EMB
0.14874322092690123,Embryonic fibroblasts,Embryonic,EMB
0.20724785049781047,Embryonic fibroblasts,Embryonic,EMB
0.18405951698089362,Embryonic fibroblasts,Embryonic,EMB
0.12432289232410486,Embryonic fibroblasts,Embryonic,EMB
0.11563519233083538,Embryonic fibroblasts,Embryonic,EMB
0.13441954289776692,Embryonic fibroblasts,Embryonic,EMB
0.11724311806273045,Embryonic fibroblasts,Embryonic,EMB
0.23230737638105098,Embryonic fibroblasts,Embryonic,EMB
0.17705476644481213,Embryonic fibroblasts,Embryonic,EMB
0.22807139907551008,Embryonic fibroblasts,Embryonic,EMB
0.22335607746260633,Embryonic fibroblasts,Embryonic,EMB
0.11208091294392822,Embryonic fibroblasts,Embryonic,EMB
0.11280761617541266,Embryonic fibroblasts,Embryonic,EMB
0.36387491440332614,Embryonic fibroblasts,Embryonic,EMB
0.21912024876712421,Embryonic fibroblasts,Embryonic,EMB
0.193647363129895,Embryonic fibroblasts,Embryonic,EMB
0.24025420552456,Embryonic fibroblasts,Embryonic,EMB
0.11581542593526893,Embryonic fibroblasts,Embryonic,EMB
0.3500529919217569,Embryonic fibroblasts,Embryonic,EMB
0.29207431778887083,Embryonic fibroblasts,Embryonic,EMB
0.1811588836296975,Embryonic fibroblasts,Embryonic,EMB
0.23664954295812374,Embryonic fibroblasts,Embryonic,EMB
0.30472444465062043,Embryonic fibroblasts,Embryonic,EMB
0.2239979903513245,Embryonic fibroblasts,Embryonic,EMB
0.23534893260570333,Embryonic fibroblasts,Embryonic,EMB
0.1712248202455457,Embryonic fibroblasts,Embryonic,EMB
0.18766059116233672,Embryonic fibroblasts,Embryonic,EMB
0.09846602728372475,Embryonic fibroblasts,Embryonic,EMB
0.23477548335800053,Embryonic fibroblasts,Embryonic,EMB
0.16105123121715137,Embryonic fibroblasts,Embryonic,EMB
0.17572959375299335,Embryonic fibroblasts,Embryonic,EMB
0.3288047119372195,Embryonic fibroblasts,Embryonic,EMB
0.28500153132265477,Embryonic fibroblasts,Embryonic,EMB
0.2501231946304974,Embryonic fibroblasts,Embryonic,EMB
0.20636008843879816,Embryonic fibroblasts,Embryonic,EMB
0.4005192899999461,Embryonic fibroblasts,Embryonic,EMB
0.11157690408589664,Embryonic fibroblasts,Embryonic,EMB
0.36679501977429796,Embryonic fibroblasts,Embryonic,EMB
0.14412113844071292,Embryonic fibroblasts,Embryonic,EMB
0.12519582449740652,Embryonic fibroblasts,Embryonic,EMB
0.3261699221046582,Embryonic fibroblasts,Embryonic,EMB
0.39820487226319123,Embryonic fibroblasts,Embryonic,EMB
0.2798788545771011,Embryonic fibroblasts,Embryonic,EMB
0.2486325221025767,Embryonic fibroblasts,Embryonic,EMB
0.3219856599722554,Embryonic fibroblasts,Embryonic,EMB
0.12114881366740625,Embryonic fibroblasts,Embryonic,EMB
0.19937917055949286,Embryonic fibroblasts,Embryonic,EMB
0.16399246719003838,Embryonic fibroblasts,Embryonic,EMB
0.11991901774090366,Embryonic fibroblasts,Embryonic,EMB
0.2732643558856167,Embryonic fibroblasts,Embryonic,EMB
0.2646402154688621,Embryonic fibroblasts,Embryonic,EMB
0.23997646549997656,Embryonic fibroblasts,Embryonic,EMB
0.14691352576472444,Embryonic fibroblasts,Embryonic,EMB
0.18293216910456794,Embryonic fibroblasts,Embryonic,EMB
0.27597774057963376,Embryonic fibroblasts,Embryonic,EMB
0.16051204095820415,Embryonic fibroblasts,Embryonic,EMB
0.12603330722376743,Embryonic fibroblasts,Embryonic,EMB
0.24577855662463866,Embryonic fibroblasts,Embryonic,EMB
0.244290858209869,Embryonic fibroblasts,Embryonic,EMB
0.2979892719378644,Embryonic fibroblasts,Embryonic,EMB
0.21508627565315153,Embryonic fibroblasts,Embryonic,EMB
0.1660877219600359,Embryonic fibroblasts,Embryonic,EMB
0.10985829607054998,Embryonic fibroblasts,Embryonic,EMB
0.21868295620107392,Embryonic fibroblasts,Embryonic,EMB
0.3316688907234792,Embryonic fibroblasts,Embryonic,EMB
0.12104088701377137,Embryonic fibroblasts,Embryonic,EMB
0.27097979711227793,Embryonic fibroblasts,Embryonic,EMB
0.20457156660967368,Embryonic fibroblasts,Embryonic,EMB
0.14793865742651197,Embryonic fibroblasts,Embryonic,EMB
0.17594937406649008,Embryonic fibroblasts,Embryonic,EMB
0.31259021732524417,Embryonic fibroblasts,Embryonic,EMB
0.21391263027622517,Embryonic fibroblasts,Embryonic,EMB
0.3050219981821909,Embryonic fibroblasts,Embryonic,EMB
0.34042822967280834,Embryonic fibroblasts,Embryonic,EMB
0.3553202270562202,Embryonic fibroblasts,Embryonic,EMB
0.2436756470436953,Embryonic fibroblasts,Embryonic,EMB
0.3050001245956015,Embryonic fibroblasts,Embryonic,EMB
0.28880796727141433,Embryonic fibroblasts,Embryonic,EMB
0.2145124068868478,Embryonic fibroblasts,Embryonic,EMB
0.3018179147048535,Embryonic fibroblasts,Embryonic,EMB
0.2174656218817596,Embryonic fibroblasts,Embryonic,EMB
0.3153076617668272,Embryonic fibroblasts,Embryonic,EMB
0.11312520574437261,Embryonic fibroblasts,Embryonic,EMB
0.15338065469573103,Embryonic fibroblasts,Embryonic,EMB
0.2672250300282706,Embryonic fibroblasts,Embryonic,EMB
0.25142625030304,Embryonic fibroblasts,Embryonic,EMB
0.17682510555767808,Embryonic fibroblasts,Embryonic,EMB
0.2118148136875523,Embryonic fibroblasts,Embryonic,EMB
0.11015092525552853,Embryonic fibroblasts,Embryonic,EMB
0.36067773802225056,Embryonic fibroblasts,Embryonic,EMB
0.04440768248526353,Embryonic fibroblasts,Embryonic,EMB
0.06977378247716472,Embryonic fibroblasts,Embryonic,EMB
-0.03161324309987031,Embryonic fibroblasts,Embryonic,EMB
0.06151525558801074,Embryonic fibroblasts,Embryonic,EMB
0.10907924987613002,Embryonic fibroblasts,Embryonic,EMB
0.17550046341787845,Embryonic fibroblasts,Embryonic,EMB
-0.13913642550906796,Embryonic fibroblasts,Embryonic,EMB
0.008717844714570709,Embryonic fibroblasts,Embryonic,EMB
-0.008382365393799971,Embryonic fibroblasts,Embryonic,EMB
0.07856537859712673,Embryonic fibroblasts,Embryonic,EMB
0.05517362748936971,Embryonic fibroblasts,Embryonic,EMB
-0.12943794343484502,Embryonic fibroblasts,Embryonic,EMB
-0.01390780103848898,Embryonic fibroblasts,Embryonic,EMB
0.04436070951542016,Embryonic fibroblasts,Embryonic,EMB
-0.01094527133791997,Embryonic fibroblasts,Embryonic,EMB
-0.006804682082634657,Embryonic fibroblasts,Embryonic,EMB
0.16789012507615617,Embryonic fibroblasts,Embryonic,EMB
0.01565522704316259,Embryonic fibroblasts,Embryonic,EMB
0.07529423716069983,Embryonic fibroblasts,Embryonic,EMB
-0.07824991538179735,Embryonic fibroblasts,Embryonic,EMB
-0.006209784938400027,Embryonic fibroblasts,Embryonic,EMB
0.023490098017508475,Embryonic fibroblasts,Embryonic,EMB
0.13177844126645333,Embryonic fibroblasts,Embryonic,EMB
0.006674242586854987,Embryonic fibroblasts,Embryonic,EMB
0.15969525812474344,Embryonic fibroblasts,Embryonic,EMB
0.16378054337472464,Embryonic fibroblasts,Embryonic,EMB
0.04379007492066865,Embryonic fibroblasts,Embryonic,EMB
0.10795170140524907,Embryonic fibroblasts,Embryonic,EMB
0.02618935693689234,Embryonic fibroblasts,Embryonic,EMB
0.06861614526060422,Embryonic fibroblasts,Embryonic,EMB
0.14499002282515094,Embryonic fibroblasts,Embryonic,EMB
0.01317603861497556,Embryonic fibroblasts,Embryonic,EMB
-0.047415801615611285,Embryonic fibroblasts,Embryonic,EMB
-0.010512111452135535,Embryonic fibroblasts,Embryonic,EMB
-0.08099865158476832,Embryonic fibroblasts,Embryonic,EMB
0.059765594765827185,Embryonic fibroblasts,Embryonic,EMB
0.16442690894374068,Embryonic fibroblasts,Embryonic,EMB
0.12387810917749625,Embryonic fibroblasts,Embryonic,EMB
-0.14006086943990387,Embryonic fibroblasts,Embryonic,EMB
0.015602596108757902,Embryonic fibroblasts,Embryonic,EMB
0.0027135797364606154,Embryonic fibroblasts,Embryonic,EMB
0.179312207775616,Embryonic fibroblasts,Embryonic,EMB
0.11796225161198676,Embryonic fibroblasts,Embryonic,EMB
0.10240568332243233,Embryonic fibroblasts,Embryonic,EMB
0.1112582400681305,Embryonic fibroblasts,Embryonic,EMB
0.1438887437583859,Embryonic fibroblasts,Embryonic,EMB
0.012234115826136656,Embryonic fibroblasts,Embryonic,EMB
0.05860197841492136,Embryonic fibroblasts,Embryonic,EMB
0.22091261831120818,Embryonic fibroblasts,Embryonic,EMB
-0.08201960532750473,Embryonic fibroblasts,Embryonic,EMB
0.2526228025304713,Embryonic fibroblasts,Embryonic,EMB
0.1602244461454457,Embryonic fibroblasts,Embryonic,EMB
0.04531103208240136,Embryonic fibroblasts,Embryonic,EMB
0.14541769970705554,Embryonic fibroblasts,Embryonic,EMB
0.20295875710155306,Embryonic fibroblasts,Embryonic,EMB
0.11729193200315902,Embryonic fibroblasts,Embryonic,EMB
0.07320351684607632,Embryonic fibroblasts,Embryonic,EMB
0.0989570507870504,Embryonic fibroblasts,Embryonic,EMB
0.025306267689373052,Embryonic fibroblasts,Embryonic,EMB
0.15693139992985528,Embryonic fibroblasts,Embryonic,EMB
0.08267723672820887,Embryonic fibroblasts,Embryonic,EMB
0.0021802573891822608,Embryonic fibroblasts,Embryonic,EMB
0.03000903831414571,Embryonic fibroblasts,Embryonic,EMB
0.09046831732343359,Embryonic fibroblasts,Embryonic,EMB
-0.0034603952696348594,Embryonic fibroblasts,Embryonic,EMB
0.1372561942435911,Embryonic fibroblasts,Embryonic,EMB
0.045872575395183274,Embryonic fibroblasts,Embryonic,EMB
0.08890194567805172,Embryonic fibroblasts,Embryonic,EMB
8.844308622027452e-05,Embryonic fibroblasts,Embryonic,EMB
0.05171791446224125,Embryonic fibroblasts,Embryonic,EMB
0.07499983456265913,Embryonic fibroblasts,Embryonic,EMB
0.12181226367109696,Embryonic fibroblasts,Embryonic,EMB
0.04606987172105696,Embryonic fibroblasts,Embryonic,EMB
0.13141051932915274,Embryonic fibroblasts,Embryonic,EMB
-0.013052807060954151,Embryonic fibroblasts,Embryonic,EMB
0.20202866323763286,Embryonic fibroblasts,Embryonic,EMB
0.03790665880408885,Embryonic fibroblasts,Embryonic,EMB
0.07716087797635394,Embryonic fibroblasts,Embryonic,EMB
0.03336882352873709,Embryonic fibroblasts,Embryonic,EMB
0.00042002650933818664,Embryonic fibroblasts,Embryonic,EMB
0.11835504194083396,Embryonic fibroblasts,Embryonic,EMB
0.11023343125414295,Embryonic fibroblasts,Embryonic,EMB
0.04782439366069434,Embryonic fibroblasts,Embryonic,EMB
0.09130186905933554,Embryonic fibroblasts,Embryonic,EMB
0.18791423869050675,Embryonic fibroblasts,Embryonic,EMB
0.07372091261131,Embryonic fibroblasts,Embryonic,EMB
-0.00389707523629345,Embryonic fibroblasts,Embryonic,EMB
0.1604257333930807,Embryonic fibroblasts,Embryonic,EMB
-0.049896605418903166,Embryonic fibroblasts,Embryonic,EMB
0.18002182435258815,Embryonic fibroblasts,Embryonic,EMB
0.14046623854386675,Embryonic fibroblasts,Embryonic,EMB
-0.1154973363950899,Embryonic fibroblasts,Embryonic,EMB
0.06209802616069961,Embryonic fibroblasts,Embryonic,EMB
0.0021094389426754984,Embryonic fibroblasts,Embryonic,EMB
0.06427901838692265,Embryonic fibroblasts,Embryonic,EMB
0.10178893462652187,Embryonic fibroblasts,Embryonic,EMB
0.17415420242370896,Embryonic fibroblasts,Embryonic,EMB
0.18831434079463358,Embryonic fibroblasts,Embryonic,EMB
-0.0008724123081119556,Embryonic fibroblasts,Embryonic,EMB
0.001752802535067939,Embryonic fibroblasts,Embryonic,EMB
0.022260654223753278,Embryonic fibroblasts,Embryonic,EMB
0.19038793709620433,Embryonic fibroblasts,Embryonic,EMB
-0.07200645690691082,Embryonic fibroblasts,Embryonic,EMB
0.14674935080064977,Embryonic fibroblasts,Embryonic,EMB
0.016008183765073788,Embryonic fibroblasts,Embryonic,EMB
0.19110858964086294,Embryonic fibroblasts,Embryonic,EMB
0.0511284838119672,Embryonic fibroblasts,Embryonic,EMB
0.19014587407772748,Embryonic fibroblasts,Embryonic,EMB
0.03259010144263848,Embryonic fibroblasts,Embryonic,EMB
0.003189180007319079,Embryonic fibroblasts,Embryonic,EMB
0.1817146682112732,Embryonic fibroblasts,Embryonic,EMB
0.29253201782420274,Embryonic fibroblasts,Embryonic,EMB
0.11309108559254974,Embryonic fibroblasts,Embryonic,EMB
0.10810392521783993,Embryonic fibroblasts,Embryonic,EMB
0.322140266471195,Embryonic fibroblasts,Embryonic,EMB
0.044336803874293285,Embryonic fibroblasts,Embryonic,EMB
0.23750346335717148,Embryonic fibroblasts,Embryonic,EMB
0.034037388791000614,Embryonic fibroblasts,Embryonic,EMB
0.3297605171023749,Embryonic fibroblasts,Embryonic,EMB
0.4006517815889149,Embryonic fibroblasts,Embryonic,EMB
0.19564500390869094,Embryonic fibroblasts,Embryonic,EMB
0.09855266641406352,Embryonic fibroblasts,Embryonic,EMB
0.16462457884193546,Embryonic fibroblasts,Embryonic,EMB
0.2241583659207004,Embryonic fibroblasts,Embryonic,EMB
0.23399247900741654,Embryonic fibroblasts,Embryonic,EMB
0.2786454314278003,Embryonic fibroblasts,Embryonic,EMB
0.2536411482377244,Embryonic fibroblasts,Embryonic,EMB
0.13423192142236545,Embryonic fibroblasts,Embryonic,EMB
0.3463285871666525,Embryonic fibroblasts,Embryonic,EMB
0.32319406050247484,Embryonic fibroblasts,Embryonic,EMB
0.32708444241890244,Embryonic fibroblasts,Embryonic,EMB
0.16160089667459496,Embryonic fibroblasts,Embryonic,EMB
0.18709026479612634,Embryonic fibroblasts,Embryonic,EMB
0.18028382391995043,Embryonic fibroblasts,Embryonic,EMB
0.0655230911012408,Embryonic fibroblasts,Embryonic,EMB
0.24727275329359408,Embryonic fibroblasts,Embryonic,EMB
0.1989875315772789,Embryonic fibroblasts,Embryonic,EMB
0.24270382965240359,Embryonic fibroblasts,Embryonic,EMB
0.3000338103781215,Embryonic fibroblasts,Embryonic,EMB
0.09339396118563807,Embryonic fibroblasts,Embryonic,EMB
0.35139633090793754,Embryonic fibroblasts,Embryonic,EMB
0.16422213604275065,Embryonic fibroblasts,Embryonic,EMB
0.16819599735011928,Embryonic fibroblasts,Embryonic,EMB
0.13540676440255386,Embryonic fibroblasts,Embryonic,EMB
0.3598074415647343,Embryonic fibroblasts,Embryonic,EMB
0.31265042636654666,Embryonic fibroblasts,Embryonic,EMB
0.13780328269602757,Embryonic fibroblasts,Embryonic,EMB
0.04760075496227082,Embryonic fibroblasts,Embryonic,EMB
0.16553519150342427,Embryonic fibroblasts,Embryonic,EMB
0.2250076106615315,Embryonic fibroblasts,Embryonic,EMB
0.16523621921543052,Embryonic fibroblasts,Embryonic,EMB
0.18438850911631963,Embryonic fibroblasts,Embryonic,EMB
0.17725444544147761,Embryonic fibroblasts,Embryonic,EMB
0.0792087378885497,Embryonic fibroblasts,Embryonic,EMB
0.2094156313637645,Embryonic fibroblasts,Embryonic,EMB
0.28922870626283853,Embryonic fibroblasts,Embryonic,EMB
0.18300880143380818,Embryonic fibroblasts,Embryonic,EMB
0.2397648460832054,Embryonic fibroblasts,Embryonic,EMB
0.19108733889727578,Embryonic fibroblasts,Embryonic,EMB
0.16472286886955081,Embryonic fibroblasts,Embryonic,EMB
0.14543004863209869,Embryonic fibroblasts,Embryonic,EMB
0.0697226177295964,Embryonic fibroblasts,Embryonic,EMB
-0.02574260899342174,Embryonic fibroblasts,Embryonic,EMB
0.2708844652498225,Embryonic fibroblasts,Embryonic,EMB
0.26840152404711337,Embryonic fibroblasts,Embryonic,EMB
0.26542848429366794,Embryonic fibroblasts,Embryonic,EMB
0.30273028211277736,Embryonic fibroblasts,Embryonic,EMB
0.15226225310027675,Embryonic fibroblasts,Embryonic,EMB
0.1877712151311147,Embryonic fibroblasts,Embryonic,EMB
0.25041490342421857,Embryonic fibroblasts,Embryonic,EMB
0.053582231787471526,Embryonic fibroblasts,Embryonic,EMB
0.09006460606774569,Embryonic fibroblasts,Embryonic,EMB
0.27615653444297666,Embryonic fibroblasts,Embryonic,EMB
0.30098142645671067,Embryonic fibroblasts,Embryonic,EMB
0.18432075769320175,Embryonic fibroblasts,Embryonic,EMB
0.21295887216883824,Embryonic fibroblasts,Embryonic,EMB
0.33780909479142807,Embryonic fibroblasts,Embryonic,EMB
0.2773079046908822,Embryonic fibroblasts,Embryonic,EMB
0.20079224333858364,Embryonic fibroblasts,Embryonic,EMB
0.1062329089602429,Embryonic fibroblasts,Embryonic,EMB
0.07084479628134037,Embryonic fibroblasts,Embryonic,EMB
0.2964386439363599,Embryonic fibroblasts,Embryonic,EMB
0.12066027736611641,Embryonic fibroblasts,Embryonic,EMB
0.39667064454218925,Embryonic fibroblasts,Embryonic,EMB
0.12234766437876017,Embryonic fibroblasts,Embryonic,EMB
0.24521240666619068,Embryonic fibroblasts,Embryonic,EMB
0.2057295669402659,Embryonic fibroblasts,Embryonic,EMB
0.24508399765987418,Embryonic fibroblasts,Embryonic,EMB
0.04349672536673507,Embryonic fibroblasts,Embryonic,EMB
0.13123552892183912,Embryonic fibroblasts,Embryonic,EMB
0.15927752690926505,Embryonic fibroblasts,Embryonic,EMB
0.06437370099611135,Embryonic fibroblasts,Embryonic,EMB
0.1102893785185915,Embryonic fibroblasts,Embryonic,EMB
0.06309735111970899,Embryonic fibroblasts,Embryonic,EMB
0.34921630001175996,Embryonic fibroblasts,Embryonic,EMB
0.20499112666195254,Embryonic fibroblasts,Embryonic,EMB
0.36466450104699333,Embryonic fibroblasts,Embryonic,EMB
0.16726380245504324,Embryonic fibroblasts,Embryonic,EMB
0.06911989760693858,Embryonic fibroblasts,Embryonic,EMB
0.09834323229202051,Embryonic fibroblasts,Embryonic,EMB
0.28048230341294056,Embryonic fibroblasts,Embryonic,EMB
0.21672976840089436,Embryonic fibroblasts,Embryonic,EMB
0.23686952933496894,Embryonic fibroblasts,Embryonic,EMB
0.128858373889817,Embryonic fibroblasts,Embryonic,EMB
0.12836840177550574,Embryonic fibroblasts,Embryonic,EMB
0.11824855721073325,Embryonic fibroblasts,Embryonic,EMB
0.1299668539501673,Embryonic fibroblasts,Embryonic,EMB
0.21180142326369622,Embryonic fibroblasts,Embryonic,EMB
0.10857952919256808,Embryonic fibroblasts,Embryonic,EMB
0.26581578287221136,Embryonic fibroblasts,Embryonic,EMB
0.10898224823380494,Embryonic fibroblasts,Embryonic,EMB
0.2291529952817551,Embryonic fibroblasts,Embryonic,EMB
0.2543103616922501,Embryonic fibroblasts,Embryonic,EMB
0.3676466281566695,Embryonic fibroblasts,Embryonic,EMB
0.34988518799689405,Embryonic fibroblasts,Embryonic,EMB
0.18711191390242168,Embryonic fibroblasts,Embryonic,EMB
0.09972546207249866,Embryonic fibroblasts,Embryonic,EMB
0.24642568511935076,Embryonic fibroblasts,Embryonic,EMB
0.1825768254818672,Embryonic fibroblasts,Embryonic,EMB
0.08220456763101296,Embryonic fibroblasts,Embryonic,EMB
0.1946434255704894,Embryonic fibroblasts,Embryonic,EMB
0.24794318640325322,Embryonic fibroblasts,Embryonic,EMB
0.2088123605921537,Embryonic fibroblasts,Embryonic,EMB
0.051524483759268755,Embryonic fibroblasts,Embryonic,EMB
0.05252706148847348,Embryonic fibroblasts,Embryonic,EMB
0.26698445856299735,Embryonic fibroblasts,Embryonic,EMB
0.13960318408185282,Embryonic fibroblasts,Embryonic,EMB
0.1295570977116078,Embryonic fibroblasts,Embryonic,EMB
0.15853599466343982,Embryonic fibroblasts,Embryonic,EMB
0.2549551107265868,Embryonic fibroblasts,Embryonic,EMB
0.23979195574537027,Embryonic fibroblasts,Embryonic,EMB
0.25343950724709713,Embryonic fibroblasts,Embryonic,EMB
0.021376272840417907,Embryonic fibroblasts,Embryonic,EMB
0.008193305322445115,Embryonic fibroblasts,Embryonic,EMB
0.19604990100908168,Embryonic fibroblasts,Embryonic,EMB
0.20779415659945,Embryonic fibroblasts,Embryonic,EMB
0.1832997617569024,Embryonic fibroblasts,Embryonic,EMB
-0.02012654205126553,Embryonic fibroblasts,Embryonic,EMB
0.27809741708248414,Embryonic fibroblasts,Embryonic,EMB
0.1592708145990106,Embryonic fibroblasts,Embryonic,EMB
0.0786584861115602,Embryonic fibroblasts,Embryonic,EMB
0.28852545615173747,Embryonic fibroblasts,Embryonic,EMB
0.35657904287193376,Embryonic fibroblasts,Embryonic,EMB
0.1737739507189372,Embryonic fibroblasts,Embryonic,EMB
0.34327942123031235,Embryonic fibroblasts,Embryonic,EMB
0.2458414406271587,Embryonic fibroblasts,Embryonic,EMB
0.09215444980121591,Embryonic fibroblasts,Embryonic,EMB
0.26044502394546304,Embryonic fibroblasts,Embryonic,EMB
0.19010383403837672,Embryonic fibroblasts,Embryonic,EMB
0.21139601432990285,Embryonic fibroblasts,Embryonic,EMB
0.12938816777091713,Embryonic fibroblasts,Embryonic,EMB
0.11643019720621828,Embryonic fibroblasts,Embryonic,EMB
0.1642634109008675,Embryonic fibroblasts,Embryonic,EMB
0.22350682898366864,Embryonic fibroblasts,Embryonic,EMB
0.17362296074815262,Embryonic fibroblasts,Embryonic,EMB
0.18367036460891417,Embryonic fibroblasts,Embryonic,EMB
0.22500207256361401,Embryonic fibroblasts,Embryonic,EMB
0.3036569216888407,Embryonic fibroblasts,Embryonic,EMB
0.2616208957140149,Embryonic fibroblasts,Embryonic,EMB
0.04181666183314484,Embryonic fibroblasts,Embryonic,EMB
0.13771092888941344,Embryonic fibroblasts,Embryonic,EMB
0.22252886666422597,Embryonic fibroblasts,Embryonic,EMB
0.12067476080182138,Embryonic fibroblasts,Embryonic,EMB
0.23831463379509854,Embryonic fibroblasts,Embryonic,EMB
0.08728176898501264,Embryonic fibroblasts,Embryonic,EMB
0.30077877443797074,Embryonic fibroblasts,Embryonic,EMB
0.2415394871525286,Embryonic fibroblasts,Embryonic,EMB
0.06871105053913652,Embryonic fibroblasts,Embryonic,EMB
0.23091884562197082,Embryonic fibroblasts,Embryonic,EMB
0.18900124361168763,Embryonic fibroblasts,Embryonic,EMB
0.22447294208831003,Embryonic fibroblasts,Embryonic,EMB
0.28816454012650333,Embryonic fibroblasts,Embryonic,EMB
0.030077091541115646,Embryonic fibroblasts,Embryonic,EMB
0.1873196589251345,Embryonic fibroblasts,Embryonic,EMB
0.07859558331265883,Embryonic fibroblasts,Embryonic,EMB
0.07782077598715995,Embryonic fibroblasts,Embryonic,EMB
0.23776484778362414,Embryonic fibroblasts,Embryonic,EMB
0.141514566235786,Embryonic fibroblasts,Embryonic,EMB
0.2505813736674286,Embryonic fibroblasts,Embryonic,EMB
0.2130573092143082,Embryonic fibroblasts,Embryonic,EMB
0.15687559728202707,Embryonic fibroblasts,Embryonic,EMB
0.25418695144043124,Embryonic fibroblasts,Embryonic,EMB
0.002390565962417289,Embryonic fibroblasts,Embryonic,EMB
0.24397956070468968,Embryonic fibroblasts,Embryonic,EMB
0.1055825181331638,Embryonic fibroblasts,Embryonic,EMB
0.23360622672786835,Embryonic fibroblasts,Embryonic,EMB
0.13897054834100298,Embryonic fibroblasts,Embryonic,EMB
0.22302483025498382,Embryonic fibroblasts,Embryonic,EMB
0.1700750156933375,Embryonic fibroblasts,Embryonic,EMB
0.009608659323569628,Embryonic fibroblasts,Embryonic,EMB
0.2738439391467066,Embryonic fibroblasts,Embryonic,EMB
0.3536295168758918,Embryonic fibroblasts,Embryonic,EMB
0.3071035846314139,Embryonic fibroblasts,Embryonic,EMB
0.2841998747542262,Embryonic fibroblasts,Embryonic,EMB
0.12095549667069525,Embryonic fibroblasts,Embryonic,EMB
0.11583029945251128,Embryonic fibroblasts,Embryonic,EMB
0.0725656554950872,Embryonic fibroblasts,Embryonic,EMB
0.10921044405998086,Embryonic fibroblasts,Embryonic,EMB
0.21293106543898233,Embryonic fibroblasts,Embryonic,EMB
0.32180077858877854,Embryonic fibroblasts,Embryonic,EMB
0.23808631675159742,Embryonic fibroblasts,Embryonic,EMB
0.20420597765035425,Embryonic fibroblasts,Embryonic,EMB
0.15901207991650845,Embryonic fibroblasts,Embryonic,EMB
0.1021114266438913,Embryonic fibroblasts,Embryonic,EMB
0.22001345339047376,Embryonic fibroblasts,Embryonic,EMB
0.3002899441495127,Embryonic fibroblasts,Embryonic,EMB
0.2516458257476719,Embryonic fibroblasts,Embryonic,EMB
0.12244463778802572,Embryonic fibroblasts,Embryonic,EMB
0.13647479142752456,Embryonic fibroblasts,Embryonic,EMB
0.2911564047931414,Embryonic fibroblasts,Embryonic,EMB
0.11097723614170865,Embryonic fibroblasts,Embryonic,EMB
0.15314759023268693,Embryonic fibroblasts,Embryonic,EMB
0.23717174234297037,Embryonic fibroblasts,Embryonic,EMB
0.20016532541254728,Embryonic fibroblasts,Embryonic,EMB
0.13678640892860844,Embryonic fibroblasts,Embryonic,EMB
0.2958489332572887,Embryonic fibroblasts,Embryonic,EMB
0.20322054669653447,Embryonic fibroblasts,Embryonic,EMB
0.17025988353026614,Embryonic fibroblasts,Embryonic,EMB
0.29827510155346304,Embryonic fibroblasts,Embryonic,EMB
0.2602881104051974,Embryonic fibroblasts,Embryonic,EMB
0.17649519780086895,Embryonic fibroblasts,Embryonic,EMB
0.21644953985836807,Embryonic fibroblasts,Embryonic,EMB
0.1459951605005297,Embryonic fibroblasts,Embryonic,EMB
0.05951284335313594,Embryonic fibroblasts,Embryonic,EMB
0.1604557959994679,Embryonic fibroblasts,Embryonic,EMB
0.08180768733974703,Embryonic fibroblasts,Embryonic,EMB
0.18959532754943026,Embryonic fibroblasts,Embryonic,EMB
0.1298591389962431,Embryonic fibroblasts,Embryonic,EMB
0.21519238679617286,Embryonic fibroblasts,Embryonic,EMB
0.20770834810628774,Embryonic fibroblasts,Embryonic,EMB
0.2526366907859886,Embryonic fibroblasts,Embryonic,EMB
0.23373740496218923,Embryonic fibroblasts,Embryonic,EMB
0.360792253171913,Embryonic fibroblasts,Embryonic,EMB
0.18040483880127897,Embryonic fibroblasts,Embryonic,EMB
0.23481506542556643,Embryonic fibroblasts,Embryonic,EMB
0.33083580197618956,Embryonic fibroblasts,Embryonic,EMB
0.23783704035492356,Embryonic fibroblasts,Embryonic,EMB
0.07342837541675079,Embryonic fibroblasts,Embryonic,EMB
0.18656946140979738,Embryonic fibroblasts,Embryonic,EMB
0.31239621007665824,Embryonic fibroblasts,Embryonic,EMB
0.13046725474416165,Embryonic fibroblasts,Embryonic,EMB
0.34111802430180266,Embryonic fibroblasts,Embryonic,EMB
0.13377256691937536,Embryonic fibroblasts,Embryonic,EMB
0.30701629429616284,Embryonic fibroblasts,Embryonic,EMB
0.204377191282803,Embryonic fibroblasts,Embryonic,EMB
0.011215333030578728,Embryonic fibroblasts,Embryonic,EMB
0.07883582972856709,Embryonic fibroblasts,Embryonic,EMB
0.28081619649192363,Embryonic fibroblasts,Embryonic,EMB
0.26272229201205277,Embryonic fibroblasts,Embryonic,EMB
0.11464046355574975,Embryonic fibroblasts,Embryonic,EMB
0.06036409723020804,Embryonic fibroblasts,Embryonic,EMB
0.09170599277843644,Embryonic fibroblasts,Embryonic,EMB
0.10888605410782659,Embryonic fibroblasts,Embryonic,EMB
0.11929485725261674,Embryonic fibroblasts,Embryonic,EMB
0.15836055760514947,Embryonic fibroblasts,Embryonic,EMB
0.12215285199078534,Embryonic fibroblasts,Embryonic,EMB
0.1524322467033696,Embryonic fibroblasts,Embryonic,EMB
0.2869848217067126,Embryonic fibroblasts,Embryonic,EMB
0.0413063847500423,Embryonic fibroblasts,Embryonic,EMB
0.24761231280516702,Embryonic fibroblasts,Embryonic,EMB
0.13424282587556052,Embryonic fibroblasts,Embryonic,EMB
0.16440282647070775,Embryonic fibroblasts,Embryonic,EMB
0.35267329835803113,Embryonic fibroblasts,Embryonic,EMB
0.22886058822085653,Embryonic fibroblasts,Embryonic,EMB
0.3210242961505025,Embryonic fibroblasts,Embryonic,EMB
0.25666305932179495,Embryonic fibroblasts,Embryonic,EMB
0.09935519708082854,Embryonic fibroblasts,Embryonic,EMB
0.18459014814278155,Embryonic fibroblasts,Embryonic,EMB
0.39115752861233033,Embryonic fibroblasts,Embryonic,EMB
0.22450963906678978,Embryonic fibroblasts,Embryonic,EMB
0.20179110432458588,Embryonic fibroblasts,Embryonic,EMB
0.27972464208147035,Embryonic fibroblasts,Embryonic,EMB
0.10947708459565401,Embryonic fibroblasts,Embryonic,EMB
0.24218311382922575,Embryonic fibroblasts,Embryonic,EMB
0.10897955132401094,Embryonic fibroblasts,Embryonic,EMB
0.32421843129938693,Embryonic fibroblasts,Embryonic,EMB
0.26412406277403205,Embryonic fibroblasts,Embryonic,EMB
0.28838513788453773,Embryonic fibroblasts,Embryonic,EMB
0.05797303009883148,Embryonic fibroblasts,Embryonic,EMB
0.2013069342860417,Embryonic fibroblasts,Embryonic,EMB
0.20280919555914206,Embryonic fibroblasts,Embryonic,EMB
0.20370007322583267,Embryonic fibroblasts,Embryonic,EMB
0.20954633055052702,Embryonic fibroblasts,Embryonic,EMB
0.28915965828154333,Embryonic fibroblasts,Embryonic,EMB
0.060051335383646036,Embryonic fibroblasts,Embryonic,EMB
0.1744134264772072,Embryonic fibroblasts,Embryonic,EMB
0.17315250297420692,Embryonic fibroblasts,Embryonic,EMB
0.29580879752314704,Embryonic fibroblasts,Embryonic,EMB
0.20941874282698666,Embryonic fibroblasts,Embryonic,EMB
0.06964931608851008,Embryonic fibroblasts,Embryonic,EMB
0.05663005293966617,Embryonic fibroblasts,Embryonic,EMB
0.1626920001752221,Embryonic fibroblasts,Embryonic,EMB
0.08530695765245669,Embryonic fibroblasts,Embryonic,EMB
0.025945333675232586,Embryonic fibroblasts,Embryonic,EMB
0.15001184922088281,Embryonic fibroblasts,Embryonic,EMB
0.18235327841859147,Embryonic fibroblasts,Embryonic,EMB
-0.040789686845878866,Embryonic fibroblasts,Embryonic,EMB
0.19742951549474502,Embryonic fibroblasts,Embryonic,EMB
0.21427790268365604,Embryonic fibroblasts,Embryonic,EMB
0.09196659107134805,Embryonic fibroblasts,Embryonic,EMB
0.11999023782550439,Embryonic fibroblasts,Embryonic,EMB
0.3460877058225037,Embryonic fibroblasts,Embryonic,EMB
0.2953065961985145,Embryonic fibroblasts,Embryonic,EMB
0.09179073868475834,Embryonic fibroblasts,Embryonic,EMB
0.1301387031224896,Embryonic fibroblasts,Embryonic,EMB
0.10625945952786384,Embryonic fibroblasts,Embryonic,EMB
0.09161348550362268,Embryonic fibroblasts,Embryonic,EMB
0.15866299614764498,Embryonic fibroblasts,Embryonic,EMB
0.2412448478099426,Embryonic fibroblasts,Embryonic,EMB
0.26500213016410556,Embryonic fibroblasts,Embryonic,EMB
0.22621186106501115,Embryonic fibroblasts,Embryonic,EMB
0.17523406099869993,Embryonic fibroblasts,Embryonic,EMB
0.16664021192038145,Embryonic fibroblasts,Embryonic,EMB
0.29478499132393376,Embryonic fibroblasts,Embryonic,EMB
0.16081504923045487,Embryonic fibroblasts,Embryonic,EMB
0.14324169996900643,Embryonic fibroblasts,Embryonic,EMB
0.16404527438112515,Embryonic fibroblasts,Embryonic,EMB
0.1307115260809205,Embryonic fibroblasts,Embryonic,EMB
0.2262606691682393,Embryonic fibroblasts,Embryonic,EMB
0.13701525726368402,Embryonic fibroblasts,Embryonic,EMB
0.11608701555198042,Embryonic fibroblasts,Embryonic,EMB
0.24449229507656728,Embryonic fibroblasts,Embryonic,EMB
-2.038637002139878e-05,Embryonic fibroblasts,Embryonic,EMB
0.18854692332043904,Embryonic fibroblasts,Embryonic,EMB
0.15637204283395228,Embryonic fibroblasts,Embryonic,EMB
0.1918138253838044,Embryonic fibroblasts,Embryonic,EMB
0.3863843016855348,Embryonic fibroblasts,Embryonic,EMB
0.14633005685766645,Embryonic fibroblasts,Embryonic,EMB
0.1805752265971956,Embryonic fibroblasts,Embryonic,EMB
0.29843601441151335,Embryonic fibroblasts,Embryonic,EMB
0.2787550065042923,Embryonic fibroblasts,Embryonic,EMB
0.17686177684893856,Embryonic fibroblasts,Embryonic,EMB
0.12544213260535475,Embryonic fibroblasts,Embryonic,EMB
0.23811418240694623,Embryonic fibroblasts,Embryonic,EMB
0.14359425009278132,Embryonic fibroblasts,Embryonic,EMB
0.03919446105081174,Embryonic fibroblasts,Embryonic,EMB
0.13727976089330393,Embryonic fibroblasts,Embryonic,EMB
0.1529688363179935,Embryonic fibroblasts,Embryonic,EMB
0.2783161481746802,Embryonic fibroblasts,Embryonic,EMB
0.15523053178259408,Embryonic fibroblasts,Embryonic,EMB
0.20279540135387747,Embryonic fibroblasts,Embryonic,EMB
0.36726648792161404,Embryonic fibroblasts,Embryonic,EMB
0.3066344188683097,Embryonic fibroblasts,Embryonic,EMB
0.1309863802745938,Embryonic fibroblasts,Embryonic,EMB
0.09372848647804775,Embryonic fibroblasts,Embryonic,EMB
0.20343110203414516,Embryonic fibroblasts,Embryonic,EMB
0.09058364331343957,Embryonic fibroblasts,Embryonic,EMB
0.056072502741347424,Embryonic fibroblasts,Embryonic,EMB
0.08554383999895127,Embryonic fibroblasts,Embryonic,EMB
0.10854348255088786,Embryonic fibroblasts,Embryonic,EMB
0.3356933117610198,Embryonic fibroblasts,Embryonic,EMB
0.17058402263195335,Embryonic fibroblasts,Embryonic,EMB
0.026790021051454716,Embryonic fibroblasts,Embryonic,EMB
0.20429060117639758,Embryonic fibroblasts,Embryonic,EMB
0.1454670476573019,Embryonic fibroblasts,Embryonic,EMB
0.11920535240160146,Embryonic fibroblasts,Embryonic,EMB
0.08426303993725706,Embryonic fibroblasts,Embryonic,EMB
0.4180640812656799,Embryonic fibroblasts,Embryonic,EMB
0.16830097109936534,Embryonic fibroblasts,Embryonic,EMB
0.23347903031797754,Embryonic fibroblasts,Embryonic,EMB
0.13008054460570537,Embryonic fibroblasts,Embryonic,EMB
0.21812932367543572,Embryonic fibroblasts,Embryonic,EMB
0.17234364760065687,Embryonic fibroblasts,Embryonic,EMB
0.18470330861626733,Embryonic fibroblasts,Embryonic,EMB
0.16909798832166578,Embryonic fibroblasts,Embryonic,EMB
0.12183064031784163,Embryonic fibroblasts,Embryonic,EMB
0.10574016452774201,Embryonic fibroblasts,Embryonic,EMB
0.23115914139122762,Embryonic fibroblasts,Embryonic,EMB
0.07215634939466398,Embryonic fibroblasts,Embryonic,EMB
0.29171968457549835,Embryonic fibroblasts,Embryonic,EMB
0.11247217529101478,Embryonic fibroblasts,Embryonic,EMB
0.07036439507266712,Embryonic fibroblasts,Embryonic,EMB
0.2716416803982172,Embryonic fibroblasts,Embryonic,EMB
0.11106916497414837,Embryonic fibroblasts,Embryonic,EMB
0.21559952292969556,Embryonic fibroblasts,Embryonic,EMB
0.12815234135229173,Embryonic fibroblasts,Embryonic,EMB
0.17815545072402858,Embryonic fibroblasts,Embryonic,EMB
0.11951984406485355,Embryonic fibroblasts,Embryonic,EMB
0.18165023236847383,Embryonic fibroblasts,Embryonic,EMB
0.09273047221504034,Embryonic fibroblasts,Embryonic,EMB
0.14406009775475753,Embryonic fibroblasts,Embryonic,EMB
0.11890458120310601,Embryonic fibroblasts,Embryonic,EMB
0.14223121914580777,Embryonic fibroblasts,Embryonic,EMB
0.33989631974387857,Embryonic fibroblasts,Embryonic,EMB
0.15214842458036387,Embryonic fibroblasts,Embryonic,EMB
0.35000017536148453,Embryonic fibroblasts,Embryonic,EMB
0.31761265727786553,Embryonic fibroblasts,Embryonic,EMB
0.21762317463296826,Embryonic fibroblasts,Embryonic,EMB
0.1134214880541598,Embryonic fibroblasts,Embryonic,EMB
0.021510654391308767,Embryonic fibroblasts,Embryonic,EMB
0.2012971231184492,Embryonic fibroblasts,Embryonic,EMB
0.28766117634424376,Embryonic fibroblasts,Embryonic,EMB
0.2546371474384217,Embryonic fibroblasts,Embryonic,EMB
0.16812712140114966,Embryonic fibroblasts,Embryonic,EMB
0.05631455280872344,Embryonic fibroblasts,Embryonic,EMB
0.21976287231929448,Embryonic fibroblasts,Embryonic,EMB
0.3680000961317773,Embryonic fibroblasts,Embryonic,EMB
0.22846518446366995,Embryonic fibroblasts,Embryonic,EMB
0.3844896156091194,Embryonic fibroblasts,Embryonic,EMB
0.2185081468263571,Embryonic fibroblasts,Embryonic,EMB
0.2071107974295647,Embryonic fibroblasts,Embryonic,EMB
0.08466666990459606,Embryonic fibroblasts,Embryonic,EMB
0.07493029646633208,Embryonic fibroblasts,Embryonic,EMB
0.06500402078063139,Embryonic fibroblasts,Embryonic,EMB
0.25474032612201425,Embryonic fibroblasts,Embryonic,EMB
0.3493315228602304,Embryonic fibroblasts,Embryonic,EMB
0.24748414986783934,Embryonic fibroblasts,Embryonic,EMB
0.22301151858011914,Embryonic fibroblasts,Embryonic,EMB
0.0909794359719478,Embryonic fibroblasts,Embryonic,EMB
0.07925251486700119,Embryonic fibroblasts,Embryonic,EMB
0.06956384838630011,Embryonic fibroblasts,Embryonic,EMB
0.07918039549501497,Embryonic fibroblasts,Embryonic,EMB
0.08887901701073356,Embryonic fibroblasts,Embryonic,EMB
0.10049031084134157,Embryonic fibroblasts,Embryonic,EMB
0.16567603547072415,Embryonic fibroblasts,Embryonic,EMB
0.27772392959484865,Embryonic fibroblasts,Embryonic,EMB
0.2710970236897641,Embryonic fibroblasts,Embryonic,EMB
0.1250403856351778,Embryonic fibroblasts,Embryonic,EMB
0.1990283071450527,Embryonic fibroblasts,Embryonic,EMB
0.11638536373822798,Embryonic fibroblasts,Embryonic,EMB
0.0034999620922611593,Embryonic fibroblasts,Embryonic,EMB
0.2477152240908835,Embryonic fibroblasts,Embryonic,EMB
0.06774386122175721,Embryonic fibroblasts,Embryonic,EMB
0.133597630908812,Embryonic fibroblasts,Embryonic,EMB
0.2091438002171629,Embryonic fibroblasts,Embryonic,EMB
0.11309901804071479,Embryonic fibroblasts,Embryonic,EMB
0.34450139422695986,Embryonic fibroblasts,Embryonic,EMB
0.0706988219648693,Embryonic fibroblasts,Embryonic,EMB
0.3316247916002221,Embryonic fibroblasts,Embryonic,EMB
0.2287854560294216,Embryonic fibroblasts,Embryonic,EMB
0.058521394819631214,Embryonic fibroblasts,Embryonic,EMB
0.25830124835455726,Embryonic fibroblasts,Embryonic,EMB
-0.02414703596453409,Embryonic fibroblasts,Embryonic,EMB
0.3226729345631912,Embryonic fibroblasts,Embryonic,EMB
0.15406403329673746,Embryonic fibroblasts,Embryonic,EMB
0.06563686323530786,Embryonic fibroblasts,Embryonic,EMB
0.22055699003768958,Embryonic fibroblasts,Embryonic,EMB
0.05865116259898433,Embryonic fibroblasts,Embryonic,EMB
0.2648735288082613,Embryonic fibroblasts,Embryonic,EMB
0.22606514478529946,Embryonic fibroblasts,Embryonic,EMB
0.08786576134407982,Embryonic fibroblasts,Embryonic,EMB
0.15041327753085693,Embryonic fibroblasts,Embryonic,EMB
0.1315108039879357,Embryonic fibroblasts,Embryonic,EMB
0.034051145350260124,Embryonic fibroblasts,Embryonic,EMB
0.27418460530405775,Embryonic fibroblasts,Embryonic,EMB
0.0779578450018546,Embryonic fibroblasts,Embryonic,EMB
0.18406176212968228,Embryonic fibroblasts,Embryonic,EMB
0.21578313848976372,Embryonic fibroblasts,Embryonic,EMB
0.27649714296757394,Embryonic fibroblasts,Embryonic,EMB
0.01446723761533554,Embryonic fibroblasts,Embryonic,EMB
0.1894698093502491,Embryonic fibroblasts,Embryonic,EMB
0.13955134132755675,Embryonic fibroblasts,Embryonic,EMB
-0.044182118973361106,Embryonic fibroblasts,Embryonic,EMB
0.288448563747806,Embryonic fibroblasts,Embryonic,EMB
0.16453420867662186,Embryonic fibroblasts,Embryonic,EMB
-0.052469052812003224,Embryonic fibroblasts,Embryonic,EMB
0.09701415699104156,Embryonic fibroblasts,Embryonic,EMB
-0.10270463286380156,Embryonic fibroblasts,Embryonic,EMB
0.2057506958210607,Embryonic fibroblasts,Embryonic,EMB
0.12278568790408312,Embryonic fibroblasts,Embryonic,EMB
0.11736417564542823,Embryonic fibroblasts,Embryonic,EMB
0.23320231855215712,Embryonic fibroblasts,Embryonic,EMB
0.18868408125582545,Embryonic fibroblasts,Embryonic,EMB
0.14551806596132613,Embryonic fibroblasts,Embryonic,EMB
0.16971829294692023,Embryonic fibroblasts,Embryonic,EMB
0.22619716518975047,Embryonic fibroblasts,Embryonic,EMB
0.23932798775915018,Embryonic fibroblasts,Embryonic,EMB
0.11887909965971377,Embryonic fibroblasts,Embryonic,EMB
0.12286615786437957,Embryonic fibroblasts,Embryonic,EMB
0.08636302213312061,Embryonic fibroblasts,Embryonic,EMB
0.04682940935479702,Embryonic fibroblasts,Embryonic,EMB
0.29346262758764535,Embryonic fibroblasts,Embryonic,EMB
0.3838467063650624,Embryonic fibroblasts,Embryonic,EMB
0.07744444922442606,Embryonic fibroblasts,Embryonic,EMB
0.23739548980244168,Embryonic fibroblasts,Embryonic,EMB
0.1455909310722355,Embryonic fibroblasts,Embryonic,EMB
0.271636028491281,Embryonic fibroblasts,Embryonic,EMB
0.20996685873214788,Embryonic fibroblasts,Embryonic,EMB
0.14042852812756432,Embryonic fibroblasts,Embryonic,EMB
0.10641679431118434,Embryonic fibroblasts,Embryonic,EMB
0.3295196941780806,Embryonic fibroblasts,Embryonic,EMB
0.15327639474850024,Embryonic fibroblasts,Embryonic,EMB
0.31508726423288463,Embryonic fibroblasts,Embryonic,EMB
0.14504617869562142,Embryonic fibroblasts,Embryonic,EMB
0.15122198955764404,Embryonic fibroblasts,Embryonic,EMB
0.15430241266109385,Embryonic fibroblasts,Embryonic,EMB
0.18746042247780473,Embryonic fibroblasts,Embryonic,EMB
0.15187234900470553,Embryonic fibroblasts,Embryonic,EMB
0.10158883344424711,Embryonic fibroblasts,Embryonic,EMB
0.14673314009898805,Embryonic fibroblasts,Embryonic,EMB
0.13031599569042138,Embryonic fibroblasts,Embryonic,EMB
0.24304997006328388,Embryonic fibroblasts,Embryonic,EMB
0.0728223946793004,Embryonic fibroblasts,Embryonic,EMB
-0.001276815477379619,Embryonic fibroblasts,Embryonic,EMB
0.11022806124776625,Embryonic fibroblasts,Embryonic,EMB
0.0010082297511254529,Embryonic fibroblasts,Embryonic,EMB
0.22040621986493705,Embryonic fibroblasts,Embryonic,EMB
0.32229545477515964,Embryonic fibroblasts,Embryonic,EMB
0.3267401756182202,Embryonic fibroblasts,Embryonic,EMB
0.0005368251477918806,Embryonic fibroblasts,Embryonic,EMB
0.1799644137196419,Embryonic fibroblasts,Embryonic,EMB
0.20985371620957577,Embryonic fibroblasts,Embryonic,EMB
0.18281318682835013,Embryonic fibroblasts,Embryonic,EMB
0.1928661417380071,Embryonic fibroblasts,Embryonic,EMB
0.08791234189730845,Embryonic fibroblasts,Embryonic,EMB
0.2528357077749774,Embryonic fibroblasts,Embryonic,EMB
0.10026773330872758,Embryonic fibroblasts,Embryonic,EMB
0.32049255914223695,Embryonic fibroblasts,Embryonic,EMB
0.18435725941156317,Embryonic fibroblasts,Embryonic,EMB
0.32349918987965365,Embryonic fibroblasts,Embryonic,EMB
0.19835391270419364,Embryonic fibroblasts,Embryonic,EMB
0.09475497442970643,Embryonic fibroblasts,Embryonic,EMB
0.11919161173795277,Embryonic fibroblasts,Embryonic,EMB
0.10320275483689965,Embryonic fibroblasts,Embryonic,EMB
0.26979911520163574,Embryonic fibroblasts,Embryonic,EMB
0.2708024103252076,Embryonic fibroblasts,Embryonic,EMB
-0.0701128195215048,Embryonic fibroblasts,Embryonic,EMB
0.05017479510056291,Embryonic fibroblasts,Embryonic,EMB
-0.05561474362122952,Embryonic fibroblasts,Embryonic,EMB
0.11946739098147123,Embryonic fibroblasts,Embryonic,EMB
0.16658651940729446,Embryonic fibroblasts,Embryonic,EMB
0.146950712501057,Embryonic fibroblasts,Embryonic,EMB
0.2175087840648361,Embryonic fibroblasts,Embryonic,EMB
0.17087874747543952,Embryonic fibroblasts,Embryonic,EMB
0.13864355281100596,Embryonic fibroblasts,Embryonic,EMB
0.20912769104524576,Embryonic fibroblasts,Embryonic,EMB
0.14086286403438253,Embryonic fibroblasts,Embryonic,EMB
0.19622181106025627,Embryonic fibroblasts,Embryonic,EMB
0.13257179774021163,Embryonic fibroblasts,Embryonic,EMB
0.1722259324366274,Embryonic fibroblasts,Embryonic,EMB
0.2799836191674097,Embryonic fibroblasts,Embryonic,EMB
-0.008351846091167237,Embryonic fibroblasts,Embryonic,EMB
0.07253197008349896,Embryonic fibroblasts,Embryonic,EMB
0.14376761419239167,Embryonic fibroblasts,Embryonic,EMB
0.15851448488958245,Embryonic fibroblasts,Embryonic,EMB
0.16245399977230707,Embryonic fibroblasts,Embryonic,EMB
0.4261907788686044,Embryonic fibroblasts,Embryonic,EMB
0.1374471900249055,Embryonic fibroblasts,Embryonic,EMB
0.15208823312049558,Embryonic fibroblasts,Embryonic,EMB
0.15348615499544754,Embryonic fibroblasts,Embryonic,EMB
0.16527836197646906,Embryonic fibroblasts,Embryonic,EMB
0.351826010667965,Embryonic fibroblasts,Embryonic,EMB
-0.006535811293051943,Embryonic fibroblasts,Embryonic,EMB
0.13377118904995167,Embryonic fibroblasts,Embryonic,EMB
0.30229383253604486,Embryonic fibroblasts,Embryonic,EMB
0.3014910308929062,Embryonic fibroblasts,Embryonic,EMB
0.13620861982657184,Embryonic fibroblasts,Embryonic,EMB
0.14278226322704943,Embryonic fibroblasts,Embryonic,EMB
0.19971999942963203,Embryonic fibroblasts,Embryonic,EMB
0.1281824443216526,Embryonic fibroblasts,Embryonic,EMB
0.009994303350685158,Embryonic fibroblasts,Embryonic,EMB
0.14612616163499267,Embryonic fibroblasts,Embryonic,EMB
0.13249371678553287,Embryonic fibroblasts,Embryonic,EMB
0.2514741672944767,Embryonic fibroblasts,Embryonic,EMB
0.2251746171222148,Embryonic fibroblasts,Embryonic,EMB
0.30495616623606975,Embryonic fibroblasts,Embryonic,EMB
0.15656124636121177,Embryonic fibroblasts,Embryonic,EMB
0.33480236716200606,Embryonic fibroblasts,Embryonic,EMB
0.11699402563806387,Embryonic fibroblasts,Embryonic,EMB
0.24032014749534844,Embryonic fibroblasts,Embryonic,EMB
0.12067245805865483,Embryonic fibroblasts,Embryonic,EMB
0.06688228369149256,Embryonic fibroblasts,Embryonic,EMB
0.4209293690027512,Embryonic fibroblasts,Embryonic,EMB
0.19004032434954915,Embryonic fibroblasts,Embryonic,EMB
0.362510622609542,Embryonic fibroblasts,Embryonic,EMB
0.15493952554189938,Embryonic fibroblasts,Embryonic,EMB
0.3318963351181819,Embryonic fibroblasts,Embryonic,EMB
0.3257839487896831,Embryonic fibroblasts,Embryonic,EMB
0.20287189201508227,Embryonic fibroblasts,Embryonic,EMB
0.13917446143583195,Embryonic fibroblasts,Embryonic,EMB
0.28938231417498766,Embryonic fibroblasts,Embryonic,EMB
0.21743128553951382,Embryonic fibroblasts,Embryonic,EMB
0.007624328201959213,Embryonic fibroblasts,Embryonic,EMB
0.2952729434903306,Embryonic fibroblasts,Embryonic,EMB
0.1586634809956588,Embryonic fibroblasts,Embryonic,EMB
0.0023323349585138084,Embryonic fibroblasts,Embryonic,EMB
0.24427367969544445,Embryonic fibroblasts,Embryonic,EMB
0.14119502410588144,Embryonic fibroblasts,Embryonic,EMB
0.2912417369815466,Embryonic fibroblasts,Embryonic,EMB
0.2156451142965321,Embryonic fibroblasts,Embryonic,EMB
0.17012057272615833,Embryonic fibroblasts,Embryonic,EMB
0.18422866752488215,Embryonic fibroblasts,Embryonic,EMB
0.1519147848396504,Embryonic fibroblasts,Embryonic,EMB
0.13625273860894238,Embryonic fibroblasts,Embryonic,EMB
0.1731313140428789,Embryonic fibroblasts,Embryonic,EMB
0.1892852397353671,Embryonic fibroblasts,Embryonic,EMB
0.1718944120192162,Embryonic fibroblasts,Embryonic,EMB
0.18256777409403407,Embryonic fibroblasts,Embryonic,EMB
0.24340110482269783,Embryonic fibroblasts,Embryonic,EMB
0.21900540438617255,Embryonic fibroblasts,Embryonic,EMB
0.2558688512243934,Embryonic fibroblasts,Embryonic,EMB
0.09683514402751996,Embryonic fibroblasts,Embryonic,EMB
0.3353735899382794,Embryonic fibroblasts,Embryonic,EMB
0.19919172988243888,Embryonic fibroblasts,Embryonic,EMB
0.16311070898905375,Embryonic fibroblasts,Embryonic,EMB
0.17879708332232455,Embryonic fibroblasts,Embryonic,EMB
0.28899003020276504,Embryonic fibroblasts,Embryonic,EMB
0.12498013167456547,Embryonic fibroblasts,Embryonic,EMB
0.15356645155480378,Embryonic fibroblasts,Embryonic,EMB
0.06652250578058824,Embryonic fibroblasts,Embryonic,EMB
0.14309185444250633,Embryonic fibroblasts,Embryonic,EMB
0.14341111149841912,Embryonic fibroblasts,Embryonic,EMB
0.20620103437488213,Embryonic fibroblasts,Embryonic,EMB
0.30422923990135026,Embryonic fibroblasts,Embryonic,EMB
0.1439913094170561,Embryonic fibroblasts,Embryonic,EMB
0.11643155409726616,Embryonic fibroblasts,Embryonic,EMB
0.10503353100647558,Embryonic fibroblasts,Embryonic,EMB
0.22447130232116133,Embryonic fibroblasts,Embryonic,EMB
0.05366308811444729,Embryonic fibroblasts,Embryonic,EMB
0.16402568676877718,Embryonic fibroblasts,Embryonic,EMB
0.30944830282931146,Embryonic fibroblasts,Embryonic,EMB
-0.012433704069243809,Embryonic fibroblasts,Embryonic,EMB
0.1654831254170357,Embryonic fibroblasts,Embryonic,EMB
0.1991997882898835,Embryonic fibroblasts,Embryonic,EMB
0.26584890085817764,Embryonic fibroblasts,Embryonic,EMB
0.17026160913853403,Embryonic fibroblasts,Embryonic,EMB
0.2002777696977314,Embryonic fibroblasts,Embryonic,EMB
0.05916224904442396,Embryonic fibroblasts,Embryonic,EMB
0.21537964655855,Embryonic fibroblasts,Embryonic,EMB
0.1880156965105459,Embryonic fibroblasts,Embryonic,EMB
0.11047122438239136,Embryonic fibroblasts,Embryonic,EMB
0.1182303638421175,Embryonic fibroblasts,Embryonic,EMB
0.2293889342790128,Embryonic fibroblasts,Embryonic,EMB
0.21518506287623693,Embryonic fibroblasts,Embryonic,EMB
0.16865972074901378,Embryonic fibroblasts,Embryonic,EMB
0.16411037997626077,Embryonic fibroblasts,Embryonic,EMB
0.058811658210020594,Embryonic fibroblasts,Embryonic,EMB
0.2695637182162835,Embryonic fibroblasts,Embryonic,EMB
0.16305663626616726,Embryonic fibroblasts,Embryonic,EMB
0.044996831432335786,Embryonic fibroblasts,Embryonic,EMB
0.2820175626537376,Embryonic fibroblasts,Embryonic,EMB
0.14883278228005808,Embryonic fibroblasts,Embryonic,EMB
0.1810932213954534,Embryonic fibroblasts,Embryonic,EMB
0.14636446203748282,Embryonic fibroblasts,Embryonic,EMB
0.09644182809660777,Embryonic fibroblasts,Embryonic,EMB
0.14318147187456923,Embryonic fibroblasts,Embryonic,EMB
0.44461836151328904,Embryonic fibroblasts,Embryonic,EMB
0.211499795494329,Embryonic fibroblasts,Embryonic,EMB
0.17630740261092848,Embryonic fibroblasts,Embryonic,EMB
0.09019086004060951,Embryonic fibroblasts,Embryonic,EMB
0.24777644545273028,Embryonic fibroblasts,Embryonic,EMB
0.1725885117376499,Embryonic fibroblasts,Embryonic,EMB
0.18223427888222127,Embryonic fibroblasts,Embryonic,EMB
0.04722770046395416,Embryonic fibroblasts,Embryonic,EMB
0.25339131526024633,Embryonic fibroblasts,Embryonic,EMB
0.07292180990281358,Embryonic fibroblasts,Embryonic,EMB
0.2049809885623233,Embryonic fibroblasts,Embryonic,EMB
0.15598187734087993,Embryonic fibroblasts,Embryonic,EMB
0.19642969511589034,Embryonic fibroblasts,Embryonic,EMB
0.038231852623812256,Embryonic fibroblasts,Embryonic,EMB
0.09870599584151717,Embryonic fibroblasts,Embryonic,EMB
0.3738104306133458,Embryonic fibroblasts,Embryonic,EMB
0.09903314177898973,Embryonic fibroblasts,Embryonic,EMB
0.24646585387796718,Embryonic fibroblasts,Embryonic,EMB
0.10653870527687072,Embryonic fibroblasts,Embryonic,EMB
0.10499282094478919,Embryonic fibroblasts,Embryonic,EMB
0.23609694544571355,Embryonic fibroblasts,Embryonic,EMB
0.20281693939012171,Embryonic fibroblasts,Embryonic,EMB
0.13480937588356057,Embryonic fibroblasts,Embryonic,EMB
0.19724074710929596,Embryonic fibroblasts,Embryonic,EMB
0.30436658275680684,Embryonic fibroblasts,Embryonic,EMB
0.2319939864269644,Embryonic fibroblasts,Embryonic,EMB
0.18033864146075085,Embryonic fibroblasts,Embryonic,EMB
0.07587891251988838,Embryonic fibroblasts,Embryonic,EMB
0.1706616764162369,Embryonic fibroblasts,Embryonic,EMB
0.2075812239930843,Embryonic fibroblasts,Embryonic,EMB
0.10842093009765615,Embryonic fibroblasts,Embryonic,EMB
0.26365258895179644,Embryonic fibroblasts,Embryonic,EMB
0.12340665308362972,Embryonic fibroblasts,Embryonic,EMB
0.2936817016740303,Embryonic fibroblasts,Embryonic,EMB
0.1025796031767374,Embryonic fibroblasts,Embryonic,EMB
0.22843487504166446,Embryonic fibroblasts,Embryonic,EMB
0.123447376940238,Embryonic fibroblasts,Embryonic,EMB
0.030414812394456613,Embryonic fibroblasts,Embryonic,EMB
0.14925995904802639,Embryonic fibroblasts,Embryonic,EMB
0.14009936370572346,Embryonic fibroblasts,Embryonic,EMB
0.14998468993449454,Embryonic fibroblasts,Embryonic,EMB
0.030687547356757366,Embryonic fibroblasts,Embryonic,EMB
0.18925404883165928,Embryonic fibroblasts,Embryonic,EMB
0.2641414425925454,Embryonic fibroblasts,Embryonic,EMB
0.07354630661460622,Embryonic fibroblasts,Embryonic,EMB
0.03258595667861319,Embryonic fibroblasts,Embryonic,EMB
0.1852281589728286,Embryonic fibroblasts,Embryonic,EMB
0.09362100758349778,Embryonic fibroblasts,Embryonic,EMB
0.1835037579818504,Embryonic fibroblasts,Embryonic,EMB
0.19539699142845227,Embryonic fibroblasts,Embryonic,EMB
0.24601242588526834,Embryonic fibroblasts,Embryonic,EMB
0.28885951084593087,Embryonic fibroblasts,Embryonic,EMB
0.2427886826820896,Embryonic fibroblasts,Embryonic,EMB
0.21749653381679523,Embryonic fibroblasts,Embryonic,EMB
0.4228176026187142,Embryonic fibroblasts,Embryonic,EMB
0.125782295012547,Embryonic fibroblasts,Embryonic,EMB
0.08880271787503177,Embryonic fibroblasts,Embryonic,EMB
0.03388832481663784,Embryonic fibroblasts,Embryonic,EMB
0.07767381704145832,Embryonic fibroblasts,Embryonic,EMB
0.13075683025619272,Embryonic fibroblasts,Embryonic,EMB
0.09898962482906318,Embryonic fibroblasts,Embryonic,EMB
0.2805630464586948,Embryonic fibroblasts,Embryonic,EMB
0.36333230950687095,Embryonic fibroblasts,Embryonic,EMB
0.021879525760190987,Embryonic fibroblasts,Embryonic,EMB
0.1906508632137419,Embryonic fibroblasts,Embryonic,EMB
-0.037315509320477155,Embryonic fibroblasts,Embryonic,EMB
0.3058938756711855,Embryonic fibroblasts,Embryonic,EMB
0.0010170095373882738,Embryonic fibroblasts,Embryonic,EMB
0.22778675258584877,Embryonic fibroblasts,Embryonic,EMB
0.21401589121124379,Embryonic fibroblasts,Embryonic,EMB
0.23236134730247962,Embryonic fibroblasts,Embryonic,EMB
0.10623886904611858,Embryonic fibroblasts,Embryonic,EMB
0.24835386913556876,Embryonic fibroblasts,Embryonic,EMB
0.10005363963345251,Embryonic fibroblasts,Embryonic,EMB
0.10477883360800277,Embryonic fibroblasts,Embryonic,EMB
0.10335038310752429,Embryonic fibroblasts,Embryonic,EMB
0.09352896111073128,Embryonic fibroblasts,Embryonic,EMB
0.1979896476928115,Embryonic fibroblasts,Embryonic,EMB
-0.012263202157385536,Embryonic fibroblasts,Embryonic,EMB
0.12854833525530074,Embryonic fibroblasts,Embryonic,EMB
0.0446686990585303,Embryonic fibroblasts,Embryonic,EMB
0.24850511510698772,Embryonic fibroblasts,Embryonic,EMB
0.06762678594122518,Embryonic fibroblasts,Embryonic,EMB
0.1503750410186701,Embryonic fibroblasts,Embryonic,EMB
0.19600972305939218,Embryonic fibroblasts,Embryonic,EMB
0.07606666044267554,Embryonic fibroblasts,Embryonic,EMB
0.29397704440502365,Embryonic fibroblasts,Embryonic,EMB
0.29961380237663965,Embryonic fibroblasts,Embryonic,EMB
0.1884901714682534,Embryonic fibroblasts,Embryonic,EMB
0.25531750383559243,Embryonic fibroblasts,Embryonic,EMB
0.17270098665518735,Embryonic fibroblasts,Embryonic,EMB
0.12886913272170222,Embryonic fibroblasts,Embryonic,EMB
0.1457120937450548,Embryonic fibroblasts,Embryonic,EMB
0.030579652797220053,Embryonic fibroblasts,Embryonic,EMB
0.1900716542609583,Embryonic fibroblasts,Embryonic,EMB
0.17974948326802925,Embryonic fibroblasts,Embryonic,EMB
0.1748041215498532,Embryonic fibroblasts,Embryonic,EMB
0.21278578925598884,Embryonic fibroblasts,Embryonic,EMB
0.0798295364851484,Embryonic fibroblasts,Embryonic,EMB
0.2554123850964215,Embryonic fibroblasts,Embryonic,EMB
0.2256400665686248,Embryonic fibroblasts,Embryonic,EMB
0.25650145825104015,Embryonic fibroblasts,Embryonic,EMB
0.12373095094597299,Embryonic fibroblasts,Embryonic,EMB
0.14503280913094774,Embryonic fibroblasts,Embryonic,EMB
0.2298536501740561,Embryonic fibroblasts,Embryonic,EMB
0.2468605500101332,Embryonic fibroblasts,Embryonic,EMB
0.18114770092091786,Embryonic fibroblasts,Embryonic,EMB
0.28246601185220394,Embryonic fibroblasts,Embryonic,EMB
0.23664383906201716,Embryonic fibroblasts,Embryonic,EMB
0.31646222376455246,Embryonic fibroblasts,Embryonic,EMB
0.20945931389893038,Embryonic fibroblasts,Embryonic,EMB
0.1981833846113664,Embryonic fibroblasts,Embryonic,EMB
0.07009237262554742,Embryonic fibroblasts,Embryonic,EMB
0.1850924638330476,Embryonic fibroblasts,Embryonic,EMB
0.176576588241201,Embryonic fibroblasts,Embryonic,EMB
0.10498382418496377,Embryonic fibroblasts,Embryonic,EMB
0.151959482026888,Embryonic fibroblasts,Embryonic,EMB
0.11845535109230657,Embryonic fibroblasts,Embryonic,EMB
0.2424674425278958,Embryonic fibroblasts,Embryonic,EMB
0.19371068846087677,Embryonic fibroblasts,Embryonic,EMB
0.16137554287743194,Embryonic fibroblasts,Embryonic,EMB
0.11603781461524737,Embryonic fibroblasts,Embryonic,EMB
0.1914588021270528,Embryonic fibroblasts,Embryonic,EMB
0.2725113429098184,Embryonic fibroblasts,Embryonic,EMB
0.24610741207072478,Embryonic fibroblasts,Embryonic,EMB
0.24278733076825754,Embryonic fibroblasts,Embryonic,EMB
0.2835810782889484,Embryonic fibroblasts,Embryonic,EMB
0.11828701170065864,Embryonic fibroblasts,Embryonic,EMB
0.26934224775037274,Embryonic fibroblasts,Embryonic,EMB
0.19535332682645196,Embryonic fibroblasts,Embryonic,EMB
0.27316272827092447,Embryonic fibroblasts,Embryonic,EMB
0.1122771269583525,Embryonic fibroblasts,Embryonic,EMB
0.17714774875807585,Embryonic fibroblasts,Embryonic,EMB
0.26916315318392037,Embryonic fibroblasts,Embryonic,EMB
0.43388132764318965,Embryonic fibroblasts,Embryonic,EMB
0.1692875620671863,Embryonic fibroblasts,Embryonic,EMB
0.015505556725826786,Embryonic fibroblasts,Embryonic,EMB
0.1768415819541984,Embryonic fibroblasts,Embryonic,EMB
0.12285429589114487,Embryonic fibroblasts,Embryonic,EMB
0.34283835887282565,Embryonic fibroblasts,Embryonic,EMB
0.0829428443258594,Embryonic fibroblasts,Embryonic,EMB
0.3007841489282383,Embryonic fibroblasts,Embryonic,EMB
0.08531009043785268,Embryonic fibroblasts,Embryonic,EMB
0.274793892721694,Embryonic fibroblasts,Embryonic,EMB
0.29638103459427617,Embryonic fibroblasts,Embryonic,EMB
0.14813118372933487,Embryonic fibroblasts,Embryonic,EMB
0.13213147719769625,Embryonic fibroblasts,Embryonic,EMB
0.13076258185715575,Embryonic fibroblasts,Embryonic,EMB
0.2396219891679317,Embryonic fibroblasts,Embryonic,EMB
0.22468725137550785,Embryonic fibroblasts,Embryonic,EMB
0.1537228500698572,Embryonic fibroblasts,Embryonic,EMB
0.037912704595878206,Embryonic fibroblasts,Embryonic,EMB
0.07538079850230087,Embryonic fibroblasts,Embryonic,EMB
0.3107881941011958,Embryonic fibroblasts,Embryonic,EMB
0.019926949711536336,Embryonic fibroblasts,Embryonic,EMB
0.16197155617525674,Embryonic fibroblasts,Embryonic,EMB
0.16732999291103162,Embryonic fibroblasts,Embryonic,EMB
0.007527222871493232,Embryonic fibroblasts,Embryonic,EMB
0.1803938085037466,Embryonic fibroblasts,Embryonic,EMB
0.057277459701821555,Embryonic fibroblasts,Embryonic,EMB
0.302756025211647,Embryonic fibroblasts,Embryonic,EMB
-0.13968954831338865,Embryonic fibroblasts,Embryonic,EMB
0.3349871031654416,Embryonic fibroblasts,Embryonic,EMB
0.17839513420364664,Embryonic fibroblasts,Embryonic,EMB
0.27134745232462676,Embryonic fibroblasts,Embryonic,EMB
0.3301645593031425,Embryonic fibroblasts,Embryonic,EMB
0.4009226916147865,Embryonic fibroblasts,Embryonic,EMB
0.04644048045686595,Embryonic fibroblasts,Embryonic,EMB
0.25929946979842655,Embryonic fibroblasts,Embryonic,EMB
0.12706866628220834,Embryonic fibroblasts,Embryonic,EMB
0.09452045701763345,Embryonic fibroblasts,Embryonic,EMB
0.18809434101778563,Embryonic fibroblasts,Embryonic,EMB
0.23749714766073804,Embryonic fibroblasts,Embryonic,EMB
0.154425396761808,Embryonic fibroblasts,Embryonic,EMB
0.21280979473393638,Embryonic fibroblasts,Embryonic,EMB
0.14803896825547236,Embryonic fibroblasts,Embryonic,EMB
0.23819891440807572,Embryonic fibroblasts,Embryonic,EMB
0.14943278776130103,Embryonic fibroblasts,Embryonic,EMB
0.15079442808808244,Embryonic fibroblasts,Embryonic,EMB
0.14217154371386742,Embryonic fibroblasts,Embryonic,EMB
0.10908109836534088,Embryonic fibroblasts,Embryonic,EMB
0.3272927189561188,Embryonic fibroblasts,Embryonic,EMB
0.2987614671096867,Embryonic fibroblasts,Embryonic,EMB
0.14041539752236806,Embryonic fibroblasts,Embryonic,EMB
0.15036588929012945,Embryonic fibroblasts,Embryonic,EMB
0.11395392972352374,Embryonic fibroblasts,Embryonic,EMB
0.06551895223526283,Embryonic fibroblasts,Embryonic,EMB
0.35322255403597047,Embryonic fibroblasts,Embryonic,EMB
0.38277743763983896,Embryonic fibroblasts,Embryonic,EMB
0.18079001004722414,Embryonic fibroblasts,Embryonic,EMB
0.05499719272808298,Embryonic fibroblasts,Embryonic,EMB
0.1402741583047783,Embryonic fibroblasts,Embryonic,EMB
0.05321993866208091,Embryonic fibroblasts,Embryonic,EMB
0.2772333443073146,Embryonic fibroblasts,Embryonic,EMB
0.09892170109617923,Embryonic fibroblasts,Embryonic,EMB
0.21901500429763213,Embryonic fibroblasts,Embryonic,EMB
0.09006450658461483,Embryonic fibroblasts,Embryonic,EMB
0.26785666137684516,Embryonic fibroblasts,Embryonic,EMB
0.2721459667747764,Embryonic fibroblasts,Embryonic,EMB
0.25265092969855346,Embryonic fibroblasts,Embryonic,EMB
0.15175325241391793,Embryonic fibroblasts,Embryonic,EMB
0.06074779005696238,Embryonic fibroblasts,Embryonic,EMB
0.12961687193630728,Embryonic fibroblasts,Embryonic,EMB
0.07620941938046692,Embryonic fibroblasts,Embryonic,EMB
0.05050111983720393,Embryonic fibroblasts,Embryonic,EMB
0.28690946641914766,Embryonic fibroblasts,Embryonic,EMB
0.19418748280488768,Embryonic fibroblasts,Embryonic,EMB
0.30402361679052575,Embryonic fibroblasts,Embryonic,EMB
0.2312536310262213,Embryonic fibroblasts,Embryonic,EMB
0.3516089149147537,Embryonic fibroblasts,Embryonic,EMB
0.11693780060081826,Embryonic fibroblasts,Embryonic,EMB
0.14296097671480346,Embryonic fibroblasts,Embryonic,EMB
0.20455016074774846,Embryonic fibroblasts,Embryonic,EMB
0.16344971311811096,Embryonic fibroblasts,Embryonic,EMB
0.25915829854296696,Embryonic fibroblasts,Embryonic,EMB
0.2436418483788506,Embryonic fibroblasts,Embryonic,EMB
0.23113305440682383,Embryonic fibroblasts,Embryonic,EMB
0.3353981085965787,Embryonic fibroblasts,Embryonic,EMB
0.15595695290394757,Embryonic fibroblasts,Embryonic,EMB
0.08611406906993992,Embryonic fibroblasts,Embryonic,EMB
0.19553742579851982,Embryonic fibroblasts,Embryonic,EMB
0.16192012501578776,Embryonic fibroblasts,Embryonic,EMB
0.20282046073904197,Embryonic fibroblasts,Embryonic,EMB
0.10922038482490458,Embryonic fibroblasts,Embryonic,EMB
0.2557573352535863,Embryonic fibroblasts,Embryonic,EMB
0.13378993364382027,Embryonic fibroblasts,Embryonic,EMB
0.1387726267209346,Embryonic fibroblasts,Embryonic,EMB
0.2450673102650021,Embryonic fibroblasts,Embryonic,EMB
0.1516526951601777,Embryonic fibroblasts,Embryonic,EMB
0.25624171908021925,Embryonic fibroblasts,Embryonic,EMB
0.26547614279594467,Embryonic fibroblasts,Embryonic,EMB
0.2195314079857937,Embryonic fibroblasts,Embryonic,EMB
0.20206473028032476,Embryonic fibroblasts,Embryonic,EMB
0.12869493936694323,Embryonic fibroblasts,Embryonic,EMB
0.23064673529555932,Embryonic fibroblasts,Embryonic,EMB
0.25633678892170436,Embryonic fibroblasts,Embryonic,EMB
0.19731093764716653,Embryonic fibroblasts,Embryonic,EMB
0.22121299503000916,Embryonic fibroblasts,Embryonic,EMB
-0.004613531257636728,Embryonic fibroblasts,Embryonic,EMB
0.2408996066235233,Embryonic fibroblasts,Embryonic,EMB
0.044042934166318534,Embryonic fibroblasts,Embryonic,EMB
0.17942461089098433,Embryonic fibroblasts,Embryonic,EMB
0.4027356310906898,Embryonic fibroblasts,Embryonic,EMB
0.00672874776750663,Embryonic fibroblasts,Embryonic,EMB
0.08826069990333275,Embryonic fibroblasts,Embryonic,EMB
0.18628369676119522,Embryonic fibroblasts,Embryonic,EMB
0.20560108908704997,Embryonic fibroblasts,Embryonic,EMB
0.30104970102541423,Embryonic fibroblasts,Embryonic,EMB
0.22771074607995193,Embryonic fibroblasts,Embryonic,EMB
0.20121669933593272,Embryonic fibroblasts,Embryonic,EMB
0.20939200656977539,Embryonic fibroblasts,Embryonic,EMB
0.055646758722038225,Embryonic fibroblasts,Embryonic,EMB
0.27796207298441633,Embryonic fibroblasts,Embryonic,EMB
0.2261239221179398,Embryonic fibroblasts,Embryonic,EMB
0.14893292070838243,Embryonic fibroblasts,Embryonic,EMB
0.18032242485695507,Embryonic fibroblasts,Embryonic,EMB
0.17358482854027646,Embryonic fibroblasts,Embryonic,EMB
0.25762788788889207,Embryonic fibroblasts,Embryonic,EMB
0.16107601035927696,Embryonic fibroblasts,Embryonic,EMB
0.10345190359377189,Embryonic fibroblasts,Embryonic,EMB
0.19788770451837706,Embryonic fibroblasts,Embryonic,EMB
0.289735294462404,Embryonic fibroblasts,Embryonic,EMB
-0.09580351467545226,Embryonic fibroblasts,Embryonic,EMB
0.06527926294238257,Embryonic fibroblasts,Embryonic,EMB
0.20857878414155445,Embryonic fibroblasts,Embryonic,EMB
0.5052648719957826,Embryonic fibroblasts,Embryonic,EMB
0.1612499422519523,Embryonic fibroblasts,Embryonic,EMB
0.12221978967443789,Embryonic fibroblasts,Embryonic,EMB
0.21029712486643812,Embryonic fibroblasts,Embryonic,EMB
0.08367552895889045,Embryonic fibroblasts,Embryonic,EMB
0.13771553303315384,Embryonic fibroblasts,Embryonic,EMB
0.14279002805174612,Embryonic fibroblasts,Embryonic,EMB
0.19631477291586058,Embryonic fibroblasts,Embryonic,EMB
0.2069984579512844,Embryonic fibroblasts,Embryonic,EMB
0.02384364892768384,Embryonic fibroblasts,Embryonic,EMB
0.12187860967682941,Embryonic fibroblasts,Embryonic,EMB
0.1739977135752272,Embryonic fibroblasts,Embryonic,EMB
0.0723245942748974,Embryonic fibroblasts,Embryonic,EMB
0.1258794775179379,Embryonic fibroblasts,Embryonic,EMB
0.15870918303156994,Embryonic fibroblasts,Embryonic,EMB
0.40253609561373255,Embryonic fibroblasts,Embryonic,EMB
0.10105452152899057,Embryonic fibroblasts,Embryonic,EMB
0.0992758209753194,Embryonic fibroblasts,Embryonic,EMB
0.26479243862159335,Embryonic fibroblasts,Embryonic,EMB
0.05257355442739145,Embryonic fibroblasts,Embryonic,EMB
-0.004525712330055624,Embryonic fibroblasts,Embryonic,EMB
0.16474285916499704,Embryonic fibroblasts,Embryonic,EMB
0.1960014890499358,Embryonic fibroblasts,Embryonic,EMB
0.08793886908584372,Embryonic fibroblasts,Embryonic,EMB
0.1594129243384803,Embryonic fibroblasts,Embryonic,EMB
0.13273451735053893,Embryonic fibroblasts,Embryonic,EMB
0.30131286947858243,Embryonic fibroblasts,Embryonic,EMB
-0.05381452234116765,Embryonic fibroblasts,Embryonic,EMB
0.12128172212427742,Embryonic fibroblasts,Embryonic,EMB
0.13568104172941473,Embryonic fibroblasts,Embryonic,EMB
0.0377033017952702,Embryonic fibroblasts,Embryonic,EMB
0.2467068810803391,Embryonic fibroblasts,Embryonic,EMB
0.12973738976575294,Embryonic fibroblasts,Embryonic,EMB
0.20576811189456995,Embryonic fibroblasts,Embryonic,EMB
0.19428665924110988,Embryonic fibroblasts,Embryonic,EMB
0.17980575143870253,Embryonic fibroblasts,Embryonic,EMB
0.1490721214422984,Embryonic fibroblasts,Embryonic,EMB
0.36852222770171916,Embryonic fibroblasts,Embryonic,EMB
0.3441067885366813,Embryonic fibroblasts,Embryonic,EMB
0.10877751731865594,Embryonic fibroblasts,Embryonic,EMB
0.2555677842523213,Embryonic fibroblasts,Embryonic,EMB
0.20010856365956498,Embryonic fibroblasts,Embryonic,EMB
0.24167569633186928,Embryonic fibroblasts,Embryonic,EMB
0.18695770267238668,Embryonic fibroblasts,Embryonic,EMB
0.1562859105928378,Embryonic fibroblasts,Embryonic,EMB
0.3019848166506648,Embryonic fibroblasts,Embryonic,EMB
0.2660398244875997,Embryonic fibroblasts,Embryonic,EMB
0.11806520559229622,Embryonic fibroblasts,Embryonic,EMB
0.28834219180970233,Embryonic fibroblasts,Embryonic,EMB
0.21961192341448096,Embryonic fibroblasts,Embryonic,EMB
0.13920526802093955,Embryonic fibroblasts,Embryonic,EMB
0.20739075495879197,Embryonic fibroblasts,Embryonic,EMB
0.364331076856657,Embryonic fibroblasts,Embryonic,EMB
0.12108033785442861,Embryonic fibroblasts,Embryonic,EMB
0.1378683615688596,Embryonic fibroblasts,Embryonic,EMB
0.32318773411427154,Embryonic fibroblasts,Embryonic,EMB
0.18668918469544926,Embryonic fibroblasts,Embryonic,EMB
0.33220084910020725,Embryonic fibroblasts,Embryonic,EMB
-0.029012764472828863,Embryonic fibroblasts,Embryonic,EMB
0.22193205262664412,Embryonic fibroblasts,Embryonic,EMB
0.12205925166560226,Embryonic fibroblasts,Embryonic,EMB
0.18826795705647464,Embryonic fibroblasts,Embryonic,EMB
0.019216610388718282,Embryonic fibroblasts,Embryonic,EMB
0.16511910977908537,Embryonic fibroblasts,Embryonic,EMB
0.011983375110867552,Embryonic fibroblasts,Embryonic,EMB
0.3023046126912593,Embryonic fibroblasts,Embryonic,EMB
0.31707020322631874,Embryonic fibroblasts,Embryonic,EMB
0.15681203978018693,Embryonic fibroblasts,Embryonic,EMB
0.38908356763511226,Embryonic fibroblasts,Embryonic,EMB
0.2179057940839671,Embryonic fibroblasts,Embryonic,EMB
0.18763412868258972,Embryonic fibroblasts,Embryonic,EMB
0.21839595976193468,Embryonic fibroblasts,Embryonic,EMB
0.2560709024231999,Embryonic fibroblasts,Embryonic,EMB
0.14912701221454072,Embryonic fibroblasts,Embryonic,EMB
0.08595956589953707,Embryonic fibroblasts,Embryonic,EMB
0.19265163726229098,Embryonic fibroblasts,Embryonic,EMB
0.18834710257923334,Embryonic fibroblasts,Embryonic,EMB
0.037790669262984376,Embryonic fibroblasts,Embryonic,EMB
0.11731533276525745,Embryonic fibroblasts,Embryonic,EMB
0.44627141162125705,Embryonic fibroblasts,Embryonic,EMB
0.20015411479795608,Embryonic fibroblasts,Embryonic,EMB
0.1753358754721536,Embryonic fibroblasts,Embryonic,EMB
0.08739145607738692,Embryonic fibroblasts,Embryonic,EMB
0.13675075971992115,Embryonic fibroblasts,Embryonic,EMB
0.14962568767569018,Embryonic fibroblasts,Embryonic,EMB
0.27204922029192263,Embryonic fibroblasts,Embryonic,EMB
0.2502558609722003,Embryonic fibroblasts,Embryonic,EMB
0.15776096829417957,Embryonic fibroblasts,Embryonic,EMB
0.21979605439553543,Embryonic fibroblasts,Embryonic,EMB
0.17968845006402986,Embryonic fibroblasts,Embryonic,EMB
0.14278930790428893,Embryonic fibroblasts,Embryonic,EMB
0.15115222690270497,Embryonic fibroblasts,Embryonic,EMB
0.08169336190769483,Embryonic fibroblasts,Embryonic,EMB
0.2335235828453599,Embryonic fibroblasts,Embryonic,EMB
0.2587486128373734,Embryonic fibroblasts,Embryonic,EMB
0.009479431491733647,Embryonic fibroblasts,Embryonic,EMB
0.2909420931867703,Embryonic fibroblasts,Embryonic,EMB
0.22046516103671543,Embryonic fibroblasts,Embryonic,EMB
0.19262893234000156,Embryonic fibroblasts,Embryonic,EMB
0.30061360031458817,Embryonic fibroblasts,Embryonic,EMB
0.15377856403802662,Embryonic fibroblasts,Embryonic,EMB
0.08890673823659659,Embryonic fibroblasts,Embryonic,EMB
0.25883040361076626,Embryonic fibroblasts,Embryonic,EMB
0.2953350250154893,Embryonic fibroblasts,Embryonic,EMB
0.19278235368578467,Embryonic fibroblasts,Embryonic,EMB
0.2197873444092741,Embryonic fibroblasts,Embryonic,EMB
0.25868957553541655,Embryonic fibroblasts,Embryonic,EMB
0.14291524667751376,Embryonic fibroblasts,Embryonic,EMB
0.10169014034854303,Embryonic fibroblasts,Embryonic,EMB
0.17912358553284638,Embryonic fibroblasts,Embryonic,EMB
0.17127237678577062,Embryonic fibroblasts,Embryonic,EMB
0.19353057782154082,Embryonic fibroblasts,Embryonic,EMB
0.2188169493109832,Embryonic fibroblasts,Embryonic,EMB
0.2399518923746882,Embryonic fibroblasts,Embryonic,EMB
0.17970249959091616,Embryonic fibroblasts,Embryonic,EMB
0.33824839688787744,Embryonic fibroblasts,Embryonic,EMB
0.05574886262651724,Embryonic fibroblasts,Embryonic,EMB
0.13401054538643134,Embryonic fibroblasts,Embryonic,EMB
0.20040885924209065,Embryonic fibroblasts,Embryonic,EMB
0.21999910350429466,Embryonic fibroblasts,Embryonic,EMB
0.20244404072448663,Embryonic fibroblasts,Embryonic,EMB
0.1619819302567989,Embryonic fibroblasts,Embryonic,EMB
0.3415155849801119,Embryonic fibroblasts,Embryonic,EMB
0.23395023389556335,Embryonic fibroblasts,Embryonic,EMB
0.17045573381176515,Embryonic fibroblasts,Embryonic,EMB
0.11036567874351473,Embryonic fibroblasts,Embryonic,EMB
0.11593233537018421,Embryonic fibroblasts,Embryonic,EMB
0.0848847846668554,Embryonic fibroblasts,Embryonic,EMB
0.14079326231107786,Embryonic fibroblasts,Embryonic,EMB
0.05116188460940889,Embryonic fibroblasts,Embryonic,EMB
0.15367729385376847,Embryonic fibroblasts,Embryonic,EMB
0.15087245749212613,Embryonic fibroblasts,Embryonic,EMB
0.1605154786029576,Embryonic fibroblasts,Embryonic,EMB
0.1303140658043988,Embryonic fibroblasts,Embryonic,EMB
0.15870538856357908,Embryonic fibroblasts,Embryonic,EMB
0.0706347242593199,Embryonic fibroblasts,Embryonic,EMB
0.02375228946312078,Embryonic fibroblasts,Embryonic,EMB
0.11484384324922751,Embryonic fibroblasts,Embryonic,EMB
0.0002489119026380122,Embryonic fibroblasts,Embryonic,EMB
0.22342240710788563,Embryonic fibroblasts,Embryonic,EMB
0.2775203412480693,Embryonic fibroblasts,Embryonic,EMB
0.22812296363185205,Embryonic fibroblasts,Embryonic,EMB
0.12182604181669301,Embryonic fibroblasts,Embryonic,EMB
0.24749458555826206,Embryonic fibroblasts,Embryonic,EMB
0.22644401521314764,Embryonic fibroblasts,Embryonic,EMB
0.09554264462087958,Embryonic fibroblasts,Embryonic,EMB
0.21070013546413174,Embryonic fibroblasts,Embryonic,EMB
0.1890750862046428,Embryonic fibroblasts,Embryonic,EMB
0.18967035190565917,Embryonic fibroblasts,Embryonic,EMB
0.1970166228876365,Embryonic fibroblasts,Embryonic,EMB
0.1792062896051999,Embryonic fibroblasts,Embryonic,EMB
0.11346975884339719,Embryonic fibroblasts,Embryonic,EMB
0.2998640780049052,Embryonic fibroblasts,Embryonic,EMB
0.049000459455723205,Embryonic fibroblasts,Embryonic,EMB
0.12387652923596383,Embryonic fibroblasts,Embryonic,EMB
0.2500573191584036,Embryonic fibroblasts,Embryonic,EMB
0.29101497109103125,Embryonic fibroblasts,Embryonic,EMB
0.33137336159986464,Embryonic fibroblasts,Embryonic,EMB
0.214924989156629,Embryonic fibroblasts,Embryonic,EMB
0.37662491294114536,Embryonic fibroblasts,Embryonic,EMB
0.18416834518027903,Embryonic fibroblasts,Embryonic,EMB
0.10829306437005119,Embryonic fibroblasts,Embryonic,EMB
0.22892119271946243,Embryonic fibroblasts,Embryonic,EMB
0.3117224887560718,Embryonic fibroblasts,Embryonic,EMB
0.13002661734228294,Embryonic fibroblasts,Embryonic,EMB
0.24229252889128536,Embryonic fibroblasts,Embryonic,EMB
0.024577886456499137,Embryonic fibroblasts,Embryonic,EMB
0.14906423149246267,Embryonic fibroblasts,Embryonic,EMB
0.358955438343085,Embryonic fibroblasts,Embryonic,EMB
0.08459482790355469,Embryonic fibroblasts,Embryonic,EMB
0.29589795511234596,Embryonic fibroblasts,Embryonic,EMB
0.08400543000546837,Embryonic fibroblasts,Embryonic,EMB
0.14989614479672198,Embryonic fibroblasts,Embryonic,EMB
0.13853316297009347,Embryonic fibroblasts,Embryonic,EMB
0.13134203764465102,Embryonic fibroblasts,Embryonic,EMB
0.43688483695293795,Embryonic fibroblasts,Embryonic,EMB
0.18560708575533366,Embryonic fibroblasts,Embryonic,EMB
0.0791236827164847,Embryonic fibroblasts,Embryonic,EMB
0.18680620317624524,Embryonic fibroblasts,Embryonic,EMB
0.053788832622989974,Embryonic fibroblasts,Embryonic,EMB
0.18538432277437414,Embryonic fibroblasts,Embryonic,EMB
0.0048328495187530945,Embryonic fibroblasts,Embryonic,EMB
0.19087571326531086,Embryonic fibroblasts,Embryonic,EMB
0.3031427069694484,Embryonic fibroblasts,Embryonic,EMB
0.2852430099252471,Embryonic fibroblasts,Embryonic,EMB
0.22235593332005305,Embryonic fibroblasts,Embryonic,EMB
0.2924631194814307,Embryonic fibroblasts,Embryonic,EMB
0.2572097314809441,Embryonic fibroblasts,Embryonic,EMB
0.10536207191385111,Embryonic fibroblasts,Embryonic,EMB
0.19432715813178372,Embryonic fibroblasts,Embryonic,EMB
0.23585781227376607,Embryonic fibroblasts,Embryonic,EMB
0.2572861925241492,Embryonic fibroblasts,Embryonic,EMB
-0.01425105769347878,Embryonic fibroblasts,Embryonic,EMB
0.2965008643596741,Embryonic fibroblasts,Embryonic,EMB
0.2073372491619508,Embryonic fibroblasts,Embryonic,EMB
0.1813321288964577,Embryonic fibroblasts,Embryonic,EMB
0.2092222945284607,Embryonic fibroblasts,Embryonic,EMB
0.24566467585966298,Embryonic fibroblasts,Embryonic,EMB
0.42364935719305075,Embryonic fibroblasts,Embryonic,EMB
0.12863002021415967,Embryonic fibroblasts,Embryonic,EMB
0.19805574915231333,Embryonic fibroblasts,Embryonic,EMB
0.11877320570995938,Embryonic fibroblasts,Embryonic,EMB
0.18297338480847514,Embryonic fibroblasts,Embryonic,EMB
0.18443388843602182,Embryonic fibroblasts,Embryonic,EMB
0.23110375747087325,Embryonic fibroblasts,Embryonic,EMB
0.20708796834057439,Embryonic fibroblasts,Embryonic,EMB
0.061804706196852376,Embryonic fibroblasts,Embryonic,EMB
0.29207106801948196,Embryonic fibroblasts,Embryonic,EMB
0.115452848193709,Embryonic fibroblasts,Embryonic,EMB
0.1959689597955825,Embryonic fibroblasts,Embryonic,EMB
0.11186330577838455,Embryonic fibroblasts,Embryonic,EMB
0.1312737536327364,Embryonic fibroblasts,Embryonic,EMB
0.25350488097318097,Embryonic fibroblasts,Embryonic,EMB
0.07591109210565053,Embryonic fibroblasts,Embryonic,EMB
0.10793466301299058,Embryonic fibroblasts,Embryonic,EMB
0.11887127346275227,Embryonic fibroblasts,Embryonic,EMB
0.1646579608444467,Embryonic fibroblasts,Embryonic,EMB
0.1697419212349323,Embryonic fibroblasts,Embryonic,EMB
0.1990503581903454,Embryonic fibroblasts,Embryonic,EMB
0.20423517498545202,Embryonic fibroblasts,Embryonic,EMB
0.09633945775975411,Embryonic fibroblasts,Embryonic,EMB
0.13870680681259895,Embryonic fibroblasts,Embryonic,EMB
0.21156685760773464,Embryonic fibroblasts,Embryonic,EMB
0.16164328986143192,Embryonic fibroblasts,Embryonic,EMB
0.16448707104495167,Embryonic fibroblasts,Embryonic,EMB
0.08041574485616679,Embryonic fibroblasts,Embryonic,EMB
0.011776074187043751,Embryonic fibroblasts,Embryonic,EMB
0.13699286054699517,Embryonic fibroblasts,Embryonic,EMB
0.17373164317283743,Embryonic fibroblasts,Embryonic,EMB
0.12346940336981496,Embryonic fibroblasts,Embryonic,EMB
0.2335459328257649,Embryonic fibroblasts,Embryonic,EMB
0.19680741747019506,Embryonic fibroblasts,Embryonic,EMB
0.2080840908912266,Embryonic fibroblasts,Embryonic,EMB
0.1500102320660746,Embryonic fibroblasts,Embryonic,EMB
0.11522003267786271,Embryonic fibroblasts,Embryonic,EMB
0.20949933966183362,Embryonic fibroblasts,Embryonic,EMB
0.04698743893910479,Embryonic fibroblasts,Embryonic,EMB
0.35210377336953597,Embryonic fibroblasts,Embryonic,EMB
0.19402585891330187,Embryonic fibroblasts,Embryonic,EMB
0.15583601864353658,Embryonic fibroblasts,Embryonic,EMB
0.2246423206013807,Embryonic fibroblasts,Embryonic,EMB
0.08092323250714865,Embryonic fibroblasts,Embryonic,EMB
0.1042352957208307,Embryonic fibroblasts,Embryonic,EMB
-0.056896887925737306,Embryonic fibroblasts,Embryonic,EMB
0.09461645824955159,Embryonic fibroblasts,Embryonic,EMB
0.14709394125643807,Embryonic fibroblasts,Embryonic,EMB
0.14099922411705085,Embryonic fibroblasts,Embryonic,EMB
0.3444751655655377,Embryonic fibroblasts,Embryonic,EMB
0.235624591267791,Embryonic fibroblasts,Embryonic,EMB
0.15135047117881786,Embryonic fibroblasts,Embryonic,EMB
0.11581707890613324,Embryonic fibroblasts,Embryonic,EMB
0.15081966814259926,Embryonic fibroblasts,Embryonic,EMB
0.14102922959928882,Embryonic fibroblasts,Embryonic,EMB
0.10494313256332452,Embryonic fibroblasts,Embryonic,EMB
0.35442375459143605,Embryonic fibroblasts,Embryonic,EMB
0.10487101183176926,Embryonic fibroblasts,Embryonic,EMB
0.30676475625734023,Embryonic fibroblasts,Embryonic,EMB
0.2629326006823689,Embryonic fibroblasts,Embryonic,EMB
0.25643830729911843,Embryonic fibroblasts,Embryonic,EMB
0.13275503048112156,Embryonic fibroblasts,Embryonic,EMB
0.2608584208223698,Embryonic fibroblasts,Embryonic,EMB
0.2944713601952359,Embryonic fibroblasts,Embryonic,EMB
0.044495449511468686,Embryonic fibroblasts,Embryonic,EMB
0.28084170551814647,Embryonic fibroblasts,Embryonic,EMB
0.26727381812489737,Embryonic fibroblasts,Embryonic,EMB
0.16549900571701776,Embryonic fibroblasts,Embryonic,EMB
0.07736030935354819,Embryonic fibroblasts,Embryonic,EMB
0.1718797243532311,Embryonic fibroblasts,Embryonic,EMB
0.0974496200916532,Embryonic fibroblasts,Embryonic,EMB
0.010133196584401878,Embryonic fibroblasts,Embryonic,EMB
0.25170118180684126,Embryonic fibroblasts,Embryonic,EMB
0.108042786681187,Embryonic fibroblasts,Embryonic,EMB
0.09389566347733497,Embryonic fibroblasts,Embryonic,EMB
0.08876045384126535,Embryonic fibroblasts,Embryonic,EMB
0.19339609555557596,Embryonic fibroblasts,Embryonic,EMB
0.27238273784319805,Embryonic fibroblasts,Embryonic,EMB
0.16063289482618437,Embryonic fibroblasts,Embryonic,EMB
0.20839336309676004,Embryonic fibroblasts,Embryonic,EMB
0.19518238723785344,Embryonic fibroblasts,Embryonic,EMB
0.13369422796271338,Embryonic fibroblasts,Embryonic,EMB
0.13525592358055616,Embryonic fibroblasts,Embryonic,EMB
0.27345591134554137,Embryonic fibroblasts,Embryonic,EMB
0.12771298665462355,Embryonic fibroblasts,Embryonic,EMB
0.14928602604878852,Embryonic fibroblasts,Embryonic,EMB
0.009067074179983106,Embryonic fibroblasts,Embryonic,EMB
0.16680189973092044,Embryonic fibroblasts,Embryonic,EMB
0.22400595150837077,Embryonic fibroblasts,Embryonic,EMB
0.08717578289697218,Embryonic fibroblasts,Embryonic,EMB
0.14285799813546457,Embryonic fibroblasts,Embryonic,EMB
0.10778023065603665,Embryonic fibroblasts,Embryonic,EMB
0.09826955070591417,Embryonic fibroblasts,Embryonic,EMB
0.004486049633203032,Embryonic fibroblasts,Embryonic,EMB
0.18272617503270874,Embryonic fibroblasts,Embryonic,EMB
0.244980238234964,Embryonic fibroblasts,Embryonic,EMB
0.057975672950616,Embryonic fibroblasts,Embryonic,EMB
0.06646540789299313,Embryonic fibroblasts,Embryonic,EMB
0.03724884226382834,Embryonic fibroblasts,Embryonic,EMB
0.1739532374677123,Embryonic fibroblasts,Embryonic,EMB
0.2470125237949414,Embryonic fibroblasts,Embryonic,EMB
0.2678139910791632,Embryonic fibroblasts,Embryonic,EMB
0.24910345340870566,Embryonic fibroblasts,Embryonic,EMB
0.26541839451197297,Embryonic fibroblasts,Embryonic,EMB
0.17359658492469232,Embryonic fibroblasts,Embryonic,EMB
0.08200328830801502,Embryonic fibroblasts,Embryonic,EMB
0.30200218689348113,Embryonic fibroblasts,Embryonic,EMB
0.10741246047614764,Embryonic fibroblasts,Embryonic,EMB
0.3430008686422191,Embryonic fibroblasts,Embryonic,EMB
0.22154835698228784,Embryonic fibroblasts,Embryonic,EMB
0.08959048386731512,Embryonic fibroblasts,Embryonic,EMB
0.1812628254735308,Embryonic fibroblasts,Embryonic,EMB
0.11354011237832969,Embryonic fibroblasts,Embryonic,EMB
0.3922725758755143,Embryonic fibroblasts,Embryonic,EMB
0.11736743886482373,Embryonic fibroblasts,Embryonic,EMB
0.21405169659994686,Embryonic fibroblasts,Embryonic,EMB
0.09651223730613151,Embryonic fibroblasts,Embryonic,EMB
0.19429352538336925,Embryonic fibroblasts,Embryonic,EMB
0.27577309558595064,Embryonic fibroblasts,Embryonic,EMB
0.014847318222981982,Embryonic fibroblasts,Embryonic,EMB
0.3117341007808867,Embryonic fibroblasts,Embryonic,EMB
0.19586961783650267,Embryonic fibroblasts,Embryonic,EMB
0.3157017007540547,Embryonic fibroblasts,Embryonic,EMB
0.14369447499718263,Embryonic fibroblasts,Embryonic,EMB
0.056773388743927254,Embryonic fibroblasts,Embryonic,EMB
0.24029222118270982,Embryonic fibroblasts,Embryonic,EMB
0.06851286337545304,Embryonic fibroblasts,Embryonic,EMB
0.08080396848715057,Embryonic fibroblasts,Embryonic,EMB
0.08579187495903468,Embryonic fibroblasts,Embryonic,EMB
0.27933714137261745,Embryonic fibroblasts,Embryonic,EMB
-0.01653647024748653,Embryonic fibroblasts,Embryonic,EMB
0.2658957689910576,Embryonic fibroblasts,Embryonic,EMB
0.2202929397049487,Embryonic fibroblasts,Embryonic,EMB
0.03835073972362394,Embryonic fibroblasts,Embryonic,EMB
0.16108697921491372,Embryonic fibroblasts,Embryonic,EMB
0.1665556062306535,Embryonic fibroblasts,Embryonic,EMB
0.3304014639790808,Embryonic fibroblasts,Embryonic,EMB
0.15529852307440883,Embryonic fibroblasts,Embryonic,EMB
0.22932039589795422,Embryonic fibroblasts,Embryonic,EMB
0.048835838220315425,Embryonic fibroblasts,Embryonic,EMB
0.35966773066220376,Embryonic fibroblasts,Embryonic,EMB
0.2508365615426136,Embryonic fibroblasts,Embryonic,EMB
0.044688122657617284,Embryonic fibroblasts,Embryonic,EMB
0.20053636323561166,Embryonic fibroblasts,Embryonic,EMB
0.33755327573862953,Embryonic fibroblasts,Embryonic,EMB
0.3636149185829343,Embryonic fibroblasts,Embryonic,EMB
0.06282743209618644,Embryonic fibroblasts,Embryonic,EMB
0.09373102962437133,Embryonic fibroblasts,Embryonic,EMB
0.14425338409277724,Embryonic fibroblasts,Embryonic,EMB
0.07904667294949332,Embryonic fibroblasts,Embryonic,EMB
0.2814471055654023,Embryonic fibroblasts,Embryonic,EMB
0.08004167485762209,Embryonic fibroblasts,Embryonic,EMB
-0.0030200929454154007,Embryonic fibroblasts,Embryonic,EMB
0.0836432330121493,Embryonic fibroblasts,Embryonic,EMB
0.28093339192119465,Embryonic fibroblasts,Embryonic,EMB
0.15124300447253325,Embryonic fibroblasts,Embryonic,EMB
0.07866017441620973,Embryonic fibroblasts,Embryonic,EMB
0.20090148735284358,Embryonic fibroblasts,Embryonic,EMB
0.16508541216400885,Embryonic fibroblasts,Embryonic,EMB
0.14975957489104286,Embryonic fibroblasts,Embryonic,EMB
0.13410743538876727,Embryonic fibroblasts,Embryonic,EMB
0.025511395847922308,Embryonic fibroblasts,Embryonic,EMB
0.09534330595454353,Embryonic fibroblasts,Embryonic,EMB
0.2873103621377259,Embryonic fibroblasts,Embryonic,EMB
0.16496977070692592,Embryonic fibroblasts,Embryonic,EMB
0.17676656257763984,Embryonic fibroblasts,Embryonic,EMB
-0.03440984530430673,Embryonic fibroblasts,Embryonic,EMB
0.26776909541608573,Embryonic fibroblasts,Embryonic,EMB
0.2012687671348351,Embryonic fibroblasts,Embryonic,EMB
0.12094554297081751,Embryonic fibroblasts,Embryonic,EMB
0.10793865010354468,Embryonic fibroblasts,Embryonic,EMB
0.23969075046436847,Embryonic fibroblasts,Embryonic,EMB
0.25888149708858316,Embryonic fibroblasts,Embryonic,EMB
0.09673944630956989,Embryonic fibroblasts,Embryonic,EMB
0.3040282796674865,Embryonic fibroblasts,Embryonic,EMB
0.17198280426105278,Embryonic fibroblasts,Embryonic,EMB
0.09670120377963284,Embryonic fibroblasts,Embryonic,EMB
0.06285862392796884,Embryonic fibroblasts,Embryonic,EMB
0.2656142298743954,Embryonic fibroblasts,Embryonic,EMB
0.08050594937606381,Embryonic fibroblasts,Embryonic,EMB
0.16058774044078916,Embryonic fibroblasts,Embryonic,EMB
0.37831343155393377,Embryonic fibroblasts,Embryonic,EMB
0.2866398582121903,Embryonic fibroblasts,Embryonic,EMB
0.15097688249465724,Embryonic fibroblasts,Embryonic,EMB
0.17297242732119766,Embryonic fibroblasts,Embryonic,EMB
0.2235510829243953,Embryonic fibroblasts,Embryonic,EMB
0.28836682912721817,Embryonic fibroblasts,Embryonic,EMB
0.20571538692155666,Embryonic fibroblasts,Embryonic,EMB
0.04502886506216302,Embryonic fibroblasts,Embryonic,EMB
0.20038423261799757,Embryonic fibroblasts,Embryonic,EMB
0.17106770501518836,Embryonic fibroblasts,Embryonic,EMB
0.19648208578542536,Embryonic fibroblasts,Embryonic,EMB
0.3452346296838426,Embryonic fibroblasts,Embryonic,EMB
0.12405099609452123,Embryonic fibroblasts,Embryonic,EMB
0.32518424404316365,Embryonic fibroblasts,Embryonic,EMB
0.276978839996462,Embryonic fibroblasts,Embryonic,EMB
0.26765016167303224,Embryonic fibroblasts,Embryonic,EMB
0.2270121926866058,Embryonic fibroblasts,Embryonic,EMB
0.3456123222757463,Embryonic fibroblasts,Embryonic,EMB
0.16761921439549482,Embryonic fibroblasts,Embryonic,EMB
0.0887627606446631,Embryonic fibroblasts,Embryonic,EMB
0.19031189669513487,Embryonic fibroblasts,Embryonic,EMB
0.08943090944709778,Embryonic fibroblasts,Embryonic,EMB
0.056115642214432375,Embryonic fibroblasts,Embryonic,EMB
0.11636605376634059,Embryonic fibroblasts,Embryonic,EMB
0.14090058271955228,Embryonic fibroblasts,Embryonic,EMB
0.15881966614916118,Embryonic fibroblasts,Embryonic,EMB
0.043994382843468335,Embryonic fibroblasts,Embryonic,EMB
0.07116768099715563,Embryonic fibroblasts,Embryonic,EMB
0.12331223625195002,Embryonic fibroblasts,Embryonic,EMB
0.04761380693497114,Embryonic fibroblasts,Embryonic,EMB
0.017231641311760294,Embryonic fibroblasts,Embryonic,EMB
0.25243838162692844,Embryonic fibroblasts,Embryonic,EMB
0.011720818498570918,Embryonic fibroblasts,Embryonic,EMB
0.32583116493600073,Embryonic fibroblasts,Embryonic,EMB
0.09566555696091844,Embryonic fibroblasts,Embryonic,EMB
0.12445736037069086,Embryonic fibroblasts,Embryonic,EMB
0.21523638564524364,Embryonic fibroblasts,Embryonic,EMB
0.1743160902210547,Embryonic fibroblasts,Embryonic,EMB
0.11924804406391026,Embryonic fibroblasts,Embryonic,EMB
0.20932596933634076,Embryonic fibroblasts,Embryonic,EMB
0.14058247203891472,Embryonic fibroblasts,Embryonic,EMB
0.19951514436756126,Embryonic fibroblasts,Embryonic,EMB
0.16852970461074834,Embryonic fibroblasts,Embryonic,EMB
0.27223239789110737,Embryonic fibroblasts,Embryonic,EMB
0.06812498217241668,Embryonic fibroblasts,Embryonic,EMB
0.19620288437654562,Embryonic fibroblasts,Embryonic,EMB
0.24482829973777234,Embryonic fibroblasts,Embryonic,EMB
0.1724394434495778,Embryonic fibroblasts,Embryonic,EMB
0.12605808579212846,Embryonic fibroblasts,Embryonic,EMB
0.1904308500492337,Embryonic fibroblasts,Embryonic,EMB
0.12279382516392821,Embryonic fibroblasts,Embryonic,EMB
0.18166239555358038,Embryonic fibroblasts,Embryonic,EMB
0.21131738748288956,Embryonic fibroblasts,Embryonic,EMB
0.08543490087683452,Embryonic fibroblasts,Embryonic,EMB
0.2009887389212571,Embryonic fibroblasts,Embryonic,EMB
0.19260259229206345,Embryonic fibroblasts,Embryonic,EMB
0.2906227763949431,Embryonic fibroblasts,Embryonic,EMB
0.3315185102219675,Embryonic fibroblasts,Embryonic,EMB
0.249654733954235,Embryonic fibroblasts,Embryonic,EMB
0.19544933765706587,Embryonic fibroblasts,Embryonic,EMB
0.10229872249741984,Embryonic fibroblasts,Embryonic,EMB
0.19841983246963346,Embryonic fibroblasts,Embryonic,EMB
0.21497059525076576,Embryonic fibroblasts,Embryonic,EMB
0.16741627615844917,Embryonic fibroblasts,Embryonic,EMB
0.31133191066847354,Embryonic fibroblasts,Embryonic,EMB
0.2776277834657003,Embryonic fibroblasts,Embryonic,EMB
0.16668796380079887,Embryonic fibroblasts,Embryonic,EMB
0.20394754911306676,Embryonic fibroblasts,Embryonic,EMB
0.07016243283573739,Embryonic fibroblasts,Embryonic,EMB
0.2135222678161374,Embryonic fibroblasts,Embryonic,EMB
0.36730058270883303,Embryonic fibroblasts,Embryonic,EMB
0.17965276828327742,Embryonic fibroblasts,Embryonic,EMB
0.07178423988051061,Embryonic fibroblasts,Embryonic,EMB
0.17548833192871144,Embryonic fibroblasts,Embryonic,EMB
0.110593746291625,Embryonic fibroblasts,Embryonic,EMB
0.1434228665042225,Embryonic fibroblasts,Embryonic,EMB
0.024298882406571035,Embryonic fibroblasts,Embryonic,EMB
0.15720772735488098,Embryonic fibroblasts,Embryonic,EMB
0.18121313352588364,Embryonic fibroblasts,Embryonic,EMB
0.3701992842114409,Embryonic fibroblasts,Embryonic,EMB
0.06669173752526254,Embryonic fibroblasts,Embryonic,EMB
0.11069886749151085,Embryonic fibroblasts,Embryonic,EMB
0.36175075095294257,Embryonic fibroblasts,Embryonic,EMB
0.19261544398535718,Embryonic fibroblasts,Embryonic,EMB
0.1236541494327118,Embryonic fibroblasts,Embryonic,EMB
0.20235710800597376,Embryonic fibroblasts,Embryonic,EMB
0.0700377024319028,Embryonic fibroblasts,Embryonic,EMB
0.19528531073616875,Embryonic fibroblasts,Embryonic,EMB
0.20876058935790548,Embryonic fibroblasts,Embryonic,EMB
0.09423075975910968,Embryonic fibroblasts,Embryonic,EMB
0.4115070471168142,Embryonic fibroblasts,Embryonic,EMB
0.2071281381930241,Embryonic fibroblasts,Embryonic,EMB
0.03046255888333786,Embryonic fibroblasts,Embryonic,EMB
0.10505006211603597,Embryonic fibroblasts,Embryonic,EMB
0.08653822666366871,Embryonic fibroblasts,Embryonic,EMB
0.14627395465451537,Embryonic fibroblasts,Embryonic,EMB
0.060022133943931376,Embryonic fibroblasts,Embryonic,EMB
0.13349295152860263,Embryonic fibroblasts,Embryonic,EMB
0.22987096036280322,Embryonic fibroblasts,Embryonic,EMB
0.27699967049533514,Embryonic fibroblasts,Embryonic,EMB
0.2201317759274979,Embryonic fibroblasts,Embryonic,EMB
0.12285927794033787,Embryonic fibroblasts,Embryonic,EMB
0.12346239300720917,Embryonic fibroblasts,Embryonic,EMB
0.26118637417235285,Embryonic fibroblasts,Embryonic,EMB
0.25768151702198455,Embryonic fibroblasts,Embryonic,EMB
0.12421723949152773,Embryonic fibroblasts,Embryonic,EMB
0.17364782763390563,Embryonic fibroblasts,Embryonic,EMB
0.06258300497159167,Embryonic fibroblasts,Embryonic,EMB
0.2893093345595248,Embryonic fibroblasts,Embryonic,EMB
0.25788744701601346,Embryonic fibroblasts,Embryonic,EMB
0.08150331892670006,Embryonic fibroblasts,Embryonic,EMB
0.15613159652619005,Embryonic fibroblasts,Embryonic,EMB
0.26582156985519095,Embryonic fibroblasts,Embryonic,EMB
0.12988625843351986,Embryonic fibroblasts,Embryonic,EMB
0.05420629922074772,Embryonic fibroblasts,Embryonic,EMB
0.4061897332080059,Embryonic fibroblasts,Embryonic,EMB
-0.015563086198249398,Embryonic fibroblasts,Embryonic,EMB
0.3011472316283993,Embryonic fibroblasts,Embryonic,EMB
0.2123554344405313,Embryonic fibroblasts,Embryonic,EMB
0.26209397459164807,Embryonic fibroblasts,Embryonic,EMB
0.26292245073051146,Embryonic fibroblasts,Embryonic,EMB
0.20645004234411332,Embryonic fibroblasts,Embryonic,EMB
0.24644355341747454,Embryonic fibroblasts,Embryonic,EMB
0.1713444526386003,Embryonic fibroblasts,Embryonic,EMB
0.2020627939388626,Embryonic fibroblasts,Embryonic,EMB
0.21057793427970106,Embryonic fibroblasts,Embryonic,EMB
0.2953427895813993,Embryonic fibroblasts,Embryonic,EMB
0.27060808382265356,Embryonic fibroblasts,Embryonic,EMB
0.1063653824816095,Embryonic fibroblasts,Embryonic,EMB
0.13420777315950444,Embryonic fibroblasts,Embryonic,EMB
0.2728511804559033,Embryonic fibroblasts,Embryonic,EMB
0.23402717083871888,Embryonic fibroblasts,Embryonic,EMB
0.2527607345535224,Embryonic fibroblasts,Embryonic,EMB
0.18015566213397674,Embryonic fibroblasts,Embryonic,EMB
0.11744268558910351,Embryonic fibroblasts,Embryonic,EMB
0.1732527174904058,Embryonic fibroblasts,Embryonic,EMB
0.06656099640779665,Embryonic fibroblasts,Embryonic,EMB
0.11988743337978472,Embryonic fibroblasts,Embryonic,EMB
0.1701790679633336,Embryonic fibroblasts,Embryonic,EMB
0.269806638976883,Embryonic fibroblasts,Embryonic,EMB
0.10757128737053127,Embryonic fibroblasts,Embryonic,EMB
0.09602387509962518,Embryonic fibroblasts,Embryonic,EMB
0.1938281573393319,Embryonic fibroblasts,Embryonic,EMB
0.311116235141579,Embryonic fibroblasts,Embryonic,EMB
0.1480076240341718,Embryonic fibroblasts,Embryonic,EMB
0.11245579370837407,Embryonic fibroblasts,Embryonic,EMB
0.08193435398257377,Embryonic fibroblasts,Embryonic,EMB
0.15527078858662346,Embryonic fibroblasts,Embryonic,EMB
0.30918090686119404,Embryonic fibroblasts,Embryonic,EMB
0.19480545060380575,Embryonic fibroblasts,Embryonic,EMB
0.266041685661964,Embryonic fibroblasts,Embryonic,EMB
0.23849199397545723,Embryonic fibroblasts,Embryonic,EMB
0.25780103661210746,Embryonic fibroblasts,Embryonic,EMB
0.10090643716755189,Embryonic fibroblasts,Embryonic,EMB
0.19868299024477942,Embryonic fibroblasts,Embryonic,EMB
0.1839097789934178,Embryonic fibroblasts,Embryonic,EMB
0.22755128718222092,Embryonic fibroblasts,Embryonic,EMB
0.2216879794028573,Embryonic fibroblasts,Embryonic,EMB
0.1357790051862523,Embryonic fibroblasts,Embryonic,EMB
0.13980258952930413,Embryonic fibroblasts,Embryonic,EMB
0.1934772669965182,Embryonic fibroblasts,Embryonic,EMB
0.2597103457449597,Embryonic fibroblasts,Embryonic,EMB
0.2229472246139363,Embryonic fibroblasts,Embryonic,EMB
0.12435165576485369,Embryonic fibroblasts,Embryonic,EMB
0.14937942770985319,Embryonic fibroblasts,Embryonic,EMB
0.07801108935126277,Embryonic fibroblasts,Embryonic,EMB
0.3104075831324249,Embryonic fibroblasts,Embryonic,EMB
0.263861428176735,Embryonic fibroblasts,Embryonic,EMB
0.20333350849018744,Embryonic fibroblasts,Embryonic,EMB
0.25976543625071186,Embryonic fibroblasts,Embryonic,EMB
0.24744635538475393,Embryonic fibroblasts,Embryonic,EMB
0.20207222235812705,Embryonic fibroblasts,Embryonic,EMB
0.19032998261597595,Embryonic fibroblasts,Embryonic,EMB
0.20156115739778702,Embryonic fibroblasts,Embryonic,EMB
0.2981850881278785,Embryonic fibroblasts,Embryonic,EMB
0.15912817664767717,Embryonic fibroblasts,Embryonic,EMB
0.22677265946099456,Embryonic fibroblasts,Embryonic,EMB
0.26302158479855264,Embryonic fibroblasts,Embryonic,EMB
0.21579736272038916,Embryonic fibroblasts,Embryonic,EMB
0.15804120472744773,Embryonic fibroblasts,Embryonic,EMB
0.2856633267918627,Embryonic fibroblasts,Embryonic,EMB
0.11037172284486332,Embryonic fibroblasts,Embryonic,EMB
0.24536725690229153,Embryonic fibroblasts,Embryonic,EMB
0.13639517829084474,Embryonic fibroblasts,Embryonic,EMB
0.27912662495354,Embryonic fibroblasts,Embryonic,EMB
0.271691334122281,Embryonic fibroblasts,Embryonic,EMB
0.2271870721141333,Embryonic fibroblasts,Embryonic,EMB
0.11965132925213035,Embryonic fibroblasts,Embryonic,EMB
0.1726557831198969,Embryonic fibroblasts,Embryonic,EMB
0.27941122681210184,Embryonic fibroblasts,Embryonic,EMB
0.15758865184599588,Embryonic fibroblasts,Embryonic,EMB
0.12483331871983895,Embryonic fibroblasts,Embryonic,EMB
0.19557809599535392,Embryonic fibroblasts,Embryonic,EMB
0.07980394879796272,Embryonic fibroblasts,Embryonic,EMB
0.10967068590127871,Embryonic fibroblasts,Embryonic,EMB
0.1009179154670869,Embryonic fibroblasts,Embryonic,EMB
0.07676699496647056,Embryonic fibroblasts,Embryonic,EMB
0.30051922828026956,Embryonic fibroblasts,Embryonic,EMB
0.10832034207797223,Embryonic fibroblasts,Embryonic,EMB
0.11690616066939344,Embryonic fibroblasts,Embryonic,EMB
0.1438055126894311,Embryonic fibroblasts,Embryonic,EMB
0.08934108089636772,Embryonic fibroblasts,Embryonic,EMB
0.2766205701389556,Embryonic fibroblasts,Embryonic,EMB
0.06224783488492742,Embryonic fibroblasts,Embryonic,EMB
0.10521434586368325,Embryonic fibroblasts,Embryonic,EMB
0.15560300990058185,Embryonic fibroblasts,Embryonic,EMB
0.16411248355329644,Embryonic fibroblasts,Embryonic,EMB
0.21208871820738845,Embryonic fibroblasts,Embryonic,EMB
0.18776415215113343,Embryonic fibroblasts,Embryonic,EMB
0.12628852146011715,Embryonic fibroblasts,Embryonic,EMB
0.09551041057996133,Embryonic fibroblasts,Embryonic,EMB
0.16082812338665842,Embryonic fibroblasts,Embryonic,EMB
0.13822753414604874,Embryonic fibroblasts,Embryonic,EMB
0.24638488286780133,Embryonic fibroblasts,Embryonic,EMB
0.07072350956018547,Embryonic fibroblasts,Embryonic,EMB
0.06986666340502329,Embryonic fibroblasts,Embryonic,EMB
0.21326901105950039,Embryonic fibroblasts,Embryonic,EMB
0.07635477869285094,Embryonic fibroblasts,Embryonic,EMB
0.2220027453836111,Embryonic fibroblasts,Embryonic,EMB
0.2121254058185773,Embryonic fibroblasts,Embryonic,EMB
0.21834789892868597,Embryonic fibroblasts,Embryonic,EMB
0.1324308187361871,Embryonic fibroblasts,Embryonic,EMB
0.16254314324483263,Embryonic fibroblasts,Embryonic,EMB
0.21930969400909409,Embryonic fibroblasts,Embryonic,EMB
0.25254550192687447,Embryonic fibroblasts,Embryonic,EMB
0.2908273162949632,Embryonic fibroblasts,Embryonic,EMB
0.12838047083620724,Embryonic fibroblasts,Embryonic,EMB
0.21468909359565072,Embryonic fibroblasts,Embryonic,EMB
-0.09859012436955161,Embryonic fibroblasts,Embryonic,EMB
0.2100821101727831,Embryonic fibroblasts,Embryonic,EMB
0.06265092177200739,Embryonic fibroblasts,Embryonic,EMB
0.2530298513231835,Embryonic fibroblasts,Embryonic,EMB
0.15066410958589513,Embryonic fibroblasts,Embryonic,EMB
0.03458764068853373,Embryonic fibroblasts,Embryonic,EMB
0.10314931387467817,Embryonic fibroblasts,Embryonic,EMB
-0.041115874370460215,Embryonic fibroblasts,Embryonic,EMB
0.2891801323992784,Embryonic fibroblasts,Embryonic,EMB
0.19683269519867244,Embryonic fibroblasts,Embryonic,EMB
0.049648828139442186,Embryonic fibroblasts,Embryonic,EMB
0.273756308558031,Embryonic fibroblasts,Embryonic,EMB
0.08171293128587294,Embryonic fibroblasts,Embryonic,EMB
0.2458182736927243,Embryonic fibroblasts,Embryonic,EMB
0.24163140803086713,Embryonic fibroblasts,Embryonic,EMB
0.12637141416336836,Embryonic fibroblasts,Embryonic,EMB
0.18716064515698166,Embryonic fibroblasts,Embryonic,EMB
0.1220241794536992,Embryonic fibroblasts,Embryonic,EMB
0.1609120400264377,Embryonic fibroblasts,Embryonic,EMB
0.37464160324286616,Embryonic fibroblasts,Embryonic,EMB
0.2812207430415481,Embryonic fibroblasts,Embryonic,EMB
0.12716881994249823,Embryonic fibroblasts,Embryonic,EMB
0.10989853669317468,Embryonic fibroblasts,Embryonic,EMB
0.19557363194760932,Embryonic fibroblasts,Embryonic,EMB
0.05088455601249177,Embryonic fibroblasts,Embryonic,EMB
0.21414652457161834,Embryonic fibroblasts,Embryonic,EMB
0.08506189175939699,Embryonic fibroblasts,Embryonic,EMB
0.21247795245114737,Embryonic fibroblasts,Embryonic,EMB
0.06530130117785403,Embryonic fibroblasts,Embryonic,EMB
0.1425693384474891,Embryonic fibroblasts,Embryonic,EMB
0.1428933668510045,Embryonic fibroblasts,Embryonic,EMB
0.29259219316567797,Embryonic fibroblasts,Embryonic,EMB
0.27104792521379045,Embryonic fibroblasts,Embryonic,EMB
0.029812348609525634,Embryonic fibroblasts,Embryonic,EMB
0.10638471432166477,Embryonic fibroblasts,Embryonic,EMB
0.23739614666711867,Embryonic fibroblasts,Embryonic,EMB
0.12991802374487832,Embryonic fibroblasts,Embryonic,EMB
0.02955473236932183,Embryonic fibroblasts,Embryonic,EMB
0.22025521870544185,Embryonic fibroblasts,Embryonic,EMB
0.08978427651731122,Embryonic fibroblasts,Embryonic,EMB
0.24295560114316264,Embryonic fibroblasts,Embryonic,EMB
0.24100405133574532,Embryonic fibroblasts,Embryonic,EMB
0.27282266961099855,Embryonic fibroblasts,Embryonic,EMB
0.28204254627511516,Embryonic fibroblasts,Embryonic,EMB
0.033888533160348414,Embryonic fibroblasts,Embryonic,EMB
0.1633724428126638,Embryonic fibroblasts,Embryonic,EMB
0.08678320930251221,Embryonic fibroblasts,Embryonic,EMB
0.24664618888810524,Embryonic fibroblasts,Embryonic,EMB
0.11103506756725609,Embryonic fibroblasts,Embryonic,EMB
0.3579240226164458,Embryonic fibroblasts,Embryonic,EMB
0.182232653484859,Embryonic fibroblasts,Embryonic,EMB
0.050625446308692035,Embryonic fibroblasts,Embryonic,EMB
0.2523214986900976,Embryonic fibroblasts,Embryonic,EMB
0.05741543924522246,Embryonic fibroblasts,Embryonic,EMB
0.050360728535894725,Embryonic fibroblasts,Embryonic,EMB
0.05893278537811732,Embryonic fibroblasts,Embryonic,EMB
0.23867374305057332,Embryonic fibroblasts,Embryonic,EMB
0.11466389435881028,Embryonic fibroblasts,Embryonic,EMB
0.07691783769385982,Embryonic fibroblasts,Embryonic,EMB
0.22592556463760632,Embryonic fibroblasts,Embryonic,EMB
0.19560295976254954,Embryonic fibroblasts,Embryonic,EMB
0.10756325516585302,Embryonic fibroblasts,Embryonic,EMB
0.028931673322358964,Embryonic fibroblasts,Embryonic,EMB
0.18030582375358825,Embryonic fibroblasts,Embryonic,EMB
0.02761588974599343,Embryonic fibroblasts,Embryonic,EMB
0.21537577340729222,Embryonic fibroblasts,Embryonic,EMB
0.33017609565786565,Embryonic fibroblasts,Embryonic,EMB
0.2240024376355694,Embryonic fibroblasts,Embryonic,EMB
0.12021777463004561,Embryonic fibroblasts,Embryonic,EMB
0.1267044836394124,Embryonic fibroblasts,Embryonic,EMB
-0.035160481269378804,Embryonic fibroblasts,Embryonic,EMB
0.29085332064509584,Embryonic fibroblasts,Embryonic,EMB
0.16008133988568485,Embryonic fibroblasts,Embryonic,EMB
0.16629349433268845,Embryonic fibroblasts,Embryonic,EMB
-0.18067320865667078,Embryonic fibroblasts,Embryonic,EMB
0.22821064546736033,Embryonic fibroblasts,Embryonic,EMB
0.11976726941370625,Embryonic fibroblasts,Embryonic,EMB
0.07353002146212842,Embryonic fibroblasts,Embryonic,EMB
0.23837523928536414,Embryonic fibroblasts,Embryonic,EMB
0.2509368304367934,Embryonic fibroblasts,Embryonic,EMB
0.038297194898543344,Embryonic fibroblasts,Embryonic,EMB
0.15061562007106005,Embryonic fibroblasts,Embryonic,EMB
0.07306705673254879,Embryonic fibroblasts,Embryonic,EMB
0.06770589494349928,Embryonic fibroblasts,Embryonic,EMB
0.11118435873857917,Embryonic fibroblasts,Embryonic,EMB
0.15204136542426344,Embryonic fibroblasts,Embryonic,EMB
0.13767552857659618,Embryonic fibroblasts,Embryonic,EMB
0.2237310737552135,Embryonic fibroblasts,Embryonic,EMB
0.13199893232807153,Embryonic fibroblasts,Embryonic,EMB
0.03209205025250112,Embryonic fibroblasts,Embryonic,EMB
0.19963032806062567,Embryonic fibroblasts,Embryonic,EMB
0.26412761550376784,Embryonic fibroblasts,Embryonic,EMB
0.22667449927689776,Embryonic fibroblasts,Embryonic,EMB
0.059025227263684754,Embryonic fibroblasts,Embryonic,EMB
0.1314635789737617,Embryonic fibroblasts,Embryonic,EMB
0.2030433672424586,Embryonic fibroblasts,Embryonic,EMB
0.13328971319653643,Embryonic fibroblasts,Embryonic,EMB
0.24351491654035992,Embryonic fibroblasts,Embryonic,EMB
0.15475918496507943,Embryonic fibroblasts,Embryonic,EMB
0.11511679631627231,Embryonic fibroblasts,Embryonic,EMB
0.1295104313072752,Embryonic fibroblasts,Embryonic,EMB
0.06073564646495101,Embryonic fibroblasts,Embryonic,EMB
0.14518285220853788,Embryonic fibroblasts,Embryonic,EMB
0.13267168818851896,Embryonic fibroblasts,Embryonic,EMB
0.05672152962703988,Embryonic fibroblasts,Embryonic,EMB
0.315481115787331,Embryonic fibroblasts,Embryonic,EMB
0.24262965871573494,Embryonic fibroblasts,Embryonic,EMB
0.2551083120605673,Embryonic fibroblasts,Embryonic,EMB
0.12493117224306234,Embryonic fibroblasts,Embryonic,EMB
0.2670414140069678,Embryonic fibroblasts,Embryonic,EMB
0.1241946514937846,Embryonic fibroblasts,Embryonic,EMB
0.14925608885218472,Embryonic fibroblasts,Embryonic,EMB
0.1949576809135168,Embryonic fibroblasts,Embryonic,EMB
0.0555240555293453,Embryonic fibroblasts,Embryonic,EMB
0.15104317620355748,Embryonic fibroblasts,Embryonic,EMB
0.1493364674808616,Embryonic fibroblasts,Embryonic,EMB
0.19461116312382723,Embryonic fibroblasts,Embryonic,EMB
0.26401409898665257,Embryonic fibroblasts,Embryonic,EMB
0.3014368522657448,Embryonic fibroblasts,Embryonic,EMB
0.06792354534883842,Embryonic fibroblasts,Embryonic,EMB
0.08495160455984516,Embryonic fibroblasts,Embryonic,EMB
0.03890867286889593,Embryonic fibroblasts,Embryonic,EMB
0.25799976957990023,Embryonic fibroblasts,Embryonic,EMB
0.20563652915756386,Embryonic fibroblasts,Embryonic,EMB
0.07453238054762878,Embryonic fibroblasts,Embryonic,EMB
0.19599090237273079,Embryonic fibroblasts,Embryonic,EMB
0.22875385191285455,Embryonic fibroblasts,Embryonic,EMB
0.17041046424988393,Embryonic fibroblasts,Embryonic,EMB
0.16857561398358983,Embryonic fibroblasts,Embryonic,EMB
0.23220245181060398,Embryonic fibroblasts,Embryonic,EMB
0.16727869121809819,Embryonic fibroblasts,Embryonic,EMB
0.12597317772866243,Embryonic fibroblasts,Embryonic,EMB
0.17229471119077774,Embryonic fibroblasts,Embryonic,EMB
0.16727449475027356,Embryonic fibroblasts,Embryonic,EMB
0.13209455798959352,Embryonic fibroblasts,Embryonic,EMB
0.17235269012990767,Embryonic fibroblasts,Embryonic,EMB
0.1739039044627516,Embryonic fibroblasts,Embryonic,EMB
0.05414411359319614,Embryonic fibroblasts,Embryonic,EMB
0.25199840612895885,Embryonic fibroblasts,Embryonic,EMB
0.03714679557610052,Embryonic fibroblasts,Embryonic,EMB
0.1691199204543622,Embryonic fibroblasts,Embryonic,EMB
0.0706801464324291,Embryonic fibroblasts,Embryonic,EMB
0.14213845856304055,Embryonic fibroblasts,Embryonic,EMB
0.33892513273116076,Embryonic fibroblasts,Embryonic,EMB
0.2359307219011168,Embryonic fibroblasts,Embryonic,EMB
0.06298407238007084,Embryonic fibroblasts,Embryonic,EMB
0.1327331736178437,Embryonic fibroblasts,Embryonic,EMB
0.23729432786576624,Embryonic fibroblasts,Embryonic,EMB
0.06605612794240827,Embryonic fibroblasts,Embryonic,EMB
0.09424028745810657,Embryonic fibroblasts,Embryonic,EMB
0.09120495428584764,Embryonic fibroblasts,Embryonic,EMB
0.08759140007686904,Embryonic fibroblasts,Embryonic,EMB
0.21914541159216147,Embryonic fibroblasts,Embryonic,EMB
0.32771693841859223,Embryonic fibroblasts,Embryonic,EMB
0.10553279735779486,Embryonic fibroblasts,Embryonic,EMB
0.1289342805798536,Embryonic fibroblasts,Embryonic,EMB
0.09481541295199125,Embryonic fibroblasts,Embryonic,EMB
0.2648210440249871,Embryonic fibroblasts,Embryonic,EMB
0.24832018525545607,Embryonic fibroblasts,Embryonic,EMB
0.28826070954456307,Embryonic fibroblasts,Embryonic,EMB
0.1526882079274757,Embryonic fibroblasts,Embryonic,EMB
0.14190374420031923,Embryonic fibroblasts,Embryonic,EMB
0.15060915837804467,Embryonic fibroblasts,Embryonic,EMB
0.21605637225524565,Embryonic fibroblasts,Embryonic,EMB
0.06520368018872841,Embryonic fibroblasts,Embryonic,EMB
0.28333347079933063,Embryonic fibroblasts,Embryonic,EMB
0.33885311790506767,Embryonic fibroblasts,Embryonic,EMB
0.3553807010146153,Embryonic fibroblasts,Embryonic,EMB
0.1272290862045828,Embryonic fibroblasts,Embryonic,EMB
0.23669490181698377,Embryonic fibroblasts,Embryonic,EMB
0.14252648029110274,Embryonic fibroblasts,Embryonic,EMB
0.15764786262101302,Embryonic fibroblasts,Embryonic,EMB
-0.013051652749766034,Embryonic fibroblasts,Embryonic,EMB
-0.012025441705317774,Embryonic fibroblasts,Embryonic,EMB
0.11568033943433478,Embryonic fibroblasts,Embryonic,EMB
0.12962584983790937,Embryonic fibroblasts,Embryonic,EMB
0.19723943293424484,Embryonic fibroblasts,Embryonic,EMB
0.010474306520514967,Embryonic fibroblasts,Embryonic,EMB
0.05373046563397132,Embryonic fibroblasts,Embryonic,EMB
0.12601993720806537,Embryonic fibroblasts,Embryonic,EMB
0.08468589633446175,Embryonic fibroblasts,Embryonic,EMB
0.42677240918436854,Embryonic fibroblasts,Embryonic,EMB
-0.01808182694089585,Embryonic fibroblasts,Embryonic,EMB
0.2041842048752494,Embryonic fibroblasts,Embryonic,EMB
0.26232029879075935,Embryonic fibroblasts,Embryonic,EMB
0.187517139462648,Embryonic fibroblasts,Embryonic,EMB
0.15394450160928924,Embryonic fibroblasts,Embryonic,EMB
0.043081011694361016,Embryonic fibroblasts,Embryonic,EMB
-0.08229459916595964,Embryonic fibroblasts,Embryonic,EMB
0.08528935292189585,Embryonic fibroblasts,Embryonic,EMB
0.2686874399119263,Embryonic fibroblasts,Embryonic,EMB
0.1375637488862103,Embryonic fibroblasts,Embryonic,EMB
0.10414494154752899,Embryonic fibroblasts,Embryonic,EMB
0.08840502139260531,Embryonic fibroblasts,Embryonic,EMB
0.052827863529681246,Embryonic fibroblasts,Embryonic,EMB
0.10976103981087384,Embryonic fibroblasts,Embryonic,EMB
0.1576927426309104,Embryonic fibroblasts,Embryonic,EMB
0.14356283155232263,Embryonic fibroblasts,Embryonic,EMB
0.17733624305591303,Embryonic fibroblasts,Embryonic,EMB
0.1580896771253607,Embryonic fibroblasts,Embryonic,EMB
0.2588395139211816,Embryonic fibroblasts,Embryonic,EMB
0.28067176710827924,Embryonic fibroblasts,Embryonic,EMB
0.07824874923322794,Embryonic fibroblasts,Embryonic,EMB
0.09041995375572746,Embryonic fibroblasts,Embryonic,EMB
0.21401482063381413,Embryonic fibroblasts,Embryonic,EMB
0.21087007910068511,Embryonic fibroblasts,Embryonic,EMB
0.06762684038675017,Embryonic fibroblasts,Embryonic,EMB
0.039189895408217955,Embryonic fibroblasts,Embryonic,EMB
0.134462969311093,Embryonic fibroblasts,Embryonic,EMB
0.07700966433628291,Embryonic fibroblasts,Embryonic,EMB
0.3288617012036764,Embryonic fibroblasts,Embryonic,EMB
0.28589042863417363,Embryonic fibroblasts,Embryonic,EMB
0.21426372857351578,Embryonic fibroblasts,Embryonic,EMB
0.10255639999237903,Embryonic fibroblasts,Embryonic,EMB
0.23656394700344013,Embryonic fibroblasts,Embryonic,EMB
0.14261019324980068,Embryonic fibroblasts,Embryonic,EMB
0.18893083933058785,Embryonic fibroblasts,Embryonic,EMB
0.28821582421052805,Embryonic fibroblasts,Embryonic,EMB
0.1429759495096022,Embryonic fibroblasts,Embryonic,EMB
0.1299832914634759,Embryonic fibroblasts,Embryonic,EMB
0.14961111299022656,Embryonic fibroblasts,Embryonic,EMB
0.04097863487686358,Embryonic fibroblasts,Embryonic,EMB
0.2920957275578635,Embryonic fibroblasts,Embryonic,EMB
0.24201145612513777,Embryonic fibroblasts,Embryonic,EMB
0.1701140471550834,Embryonic fibroblasts,Embryonic,EMB
0.3425270307967017,Embryonic fibroblasts,Embryonic,EMB
0.0704882270403786,Embryonic fibroblasts,Embryonic,EMB
0.24438548261299922,Embryonic fibroblasts,Embryonic,EMB
0.05920999185420749,Embryonic fibroblasts,Embryonic,EMB
0.36218496280464685,Embryonic fibroblasts,Embryonic,EMB
0.04593883543567526,Embryonic fibroblasts,Embryonic,EMB
0.26198179489556567,Embryonic fibroblasts,Embryonic,EMB
-0.007122141519128142,Embryonic fibroblasts,Embryonic,EMB
0.07208537710092378,Embryonic fibroblasts,Embryonic,EMB
0.17026767901116752,Embryonic fibroblasts,Embryonic,EMB
0.12850987785039106,Embryonic fibroblasts,Embryonic,EMB
0.11352072608137817,Embryonic fibroblasts,Embryonic,EMB
0.1653634224648781,Embryonic fibroblasts,Embryonic,EMB
0.10341926624133445,Embryonic fibroblasts,Embryonic,EMB
0.11335120789687697,Embryonic fibroblasts,Embryonic,EMB
0.26117189306035155,Embryonic fibroblasts,Embryonic,EMB
0.31700623550532997,Embryonic fibroblasts,Embryonic,EMB
0.1751178035123056,Embryonic fibroblasts,Embryonic,EMB
0.1787944991323208,Embryonic fibroblasts,Embryonic,EMB
0.0815732492002454,Embryonic fibroblasts,Embryonic,EMB
0.2201558373252141,Embryonic fibroblasts,Embryonic,EMB
0.15110340491145416,Embryonic fibroblasts,Embryonic,EMB
0.20056628513347724,Embryonic fibroblasts,Embryonic,EMB
0.12277339354826848,Embryonic fibroblasts,Embryonic,EMB
0.23422088722781076,Embryonic fibroblasts,Embryonic,EMB
0.25532409901879183,Embryonic fibroblasts,Embryonic,EMB
0.18980031537301753,Embryonic fibroblasts,Embryonic,EMB
0.07736663109458985,Embryonic fibroblasts,Embryonic,EMB
0.19748278637402122,Embryonic fibroblasts,Embryonic,EMB
0.131409702838157,Embryonic fibroblasts,Embryonic,EMB
0.12279097183407783,Embryonic fibroblasts,Embryonic,EMB
-0.03851236237171332,Embryonic fibroblasts,Embryonic,EMB
0.17396421320152652,Embryonic fibroblasts,Embryonic,EMB
0.040736793254970954,Embryonic fibroblasts,Embryonic,EMB
0.17511112884816116,Embryonic fibroblasts,Embryonic,EMB
0.1775066896465203,Embryonic fibroblasts,Embryonic,EMB
0.12084406255597269,Embryonic fibroblasts,Embryonic,EMB
0.09154123212914274,Embryonic fibroblasts,Embryonic,EMB
0.09872156232167592,Embryonic fibroblasts,Embryonic,EMB
0.1991308042552933,Embryonic fibroblasts,Embryonic,EMB
0.025337669610542693,Embryonic fibroblasts,Embryonic,EMB
0.23446104773497006,Embryonic fibroblasts,Embryonic,EMB
0.16635604766170756,Embryonic fibroblasts,Embryonic,EMB
0.2508945224209989,Embryonic fibroblasts,Embryonic,EMB
0.09311633129630557,Embryonic fibroblasts,Embryonic,EMB
0.3303353686608355,Embryonic fibroblasts,Embryonic,EMB
0.09829629126141455,Embryonic fibroblasts,Embryonic,EMB
0.0682063732160839,Embryonic fibroblasts,Embryonic,EMB
0.13603289082785516,Embryonic fibroblasts,Embryonic,EMB
0.24391954673791438,Embryonic fibroblasts,Embryonic,EMB
0.22876029449974078,Embryonic fibroblasts,Embryonic,EMB
0.27296749662859965,Embryonic fibroblasts,Embryonic,EMB
0.25138717703124563,Embryonic fibroblasts,Embryonic,EMB
0.3548661529057155,Embryonic fibroblasts,Embryonic,EMB
0.12096062788563619,Embryonic fibroblasts,Embryonic,EMB
0.10865979149038363,Embryonic fibroblasts,Embryonic,EMB
0.0722848880981026,Embryonic fibroblasts,Embryonic,EMB
0.10748724552949007,Embryonic fibroblasts,Embryonic,EMB
0.08323047617450706,Embryonic fibroblasts,Embryonic,EMB
0.09588597964137259,Embryonic fibroblasts,Embryonic,EMB
0.17432524622514142,Embryonic fibroblasts,Embryonic,EMB
0.20281507266975096,Embryonic fibroblasts,Embryonic,EMB
0.10875626535269095,Embryonic fibroblasts,Embryonic,EMB
0.0887366197406304,Embryonic fibroblasts,Embryonic,EMB
0.21250767196226186,Embryonic fibroblasts,Embryonic,EMB
0.1476831057615574,Embryonic fibroblasts,Embryonic,EMB
0.0998887890173653,Embryonic fibroblasts,Embryonic,EMB
0.28663919135613897,Embryonic fibroblasts,Embryonic,EMB
0.21753710834912704,Embryonic fibroblasts,Embryonic,EMB
0.13950219112264622,Embryonic fibroblasts,Embryonic,EMB
0.09096547460562679,Embryonic fibroblasts,Embryonic,EMB
0.06038750799940562,Embryonic fibroblasts,Embryonic,EMB
0.05239989784996857,Embryonic fibroblasts,Embryonic,EMB
0.11435769073365118,Embryonic fibroblasts,Embryonic,EMB
0.06869537251121302,Embryonic fibroblasts,Embryonic,EMB
0.1908385765462411,Embryonic fibroblasts,Embryonic,EMB
0.33583224777687554,Embryonic fibroblasts,Embryonic,EMB
0.23482443262087208,Embryonic fibroblasts,Embryonic,EMB
0.09758948860823449,Embryonic fibroblasts,Embryonic,EMB
0.21909298923773773,Embryonic fibroblasts,Embryonic,EMB
0.15847663288917138,Embryonic fibroblasts,Embryonic,EMB
0.08000593333741075,Embryonic fibroblasts,Embryonic,EMB
0.19736194081139427,Embryonic fibroblasts,Embryonic,EMB
0.24528472291062353,Embryonic fibroblasts,Embryonic,EMB
0.029043333819618676,Embryonic fibroblasts,Embryonic,EMB
0.10044651147822282,Embryonic fibroblasts,Embryonic,EMB
0.2144951398717319,Embryonic fibroblasts,Embryonic,EMB
0.07654402075948034,Embryonic fibroblasts,Embryonic,EMB
0.11352958570267363,Embryonic fibroblasts,Embryonic,EMB
0.24511740759167586,Embryonic fibroblasts,Embryonic,EMB
0.11788553888809476,Embryonic fibroblasts,Embryonic,EMB
0.11770387688791181,Embryonic fibroblasts,Embryonic,EMB
0.12783477591364423,Embryonic fibroblasts,Embryonic,EMB
0.36718766693859034,Embryonic fibroblasts,Embryonic,EMB
0.1274101887350446,Embryonic fibroblasts,Embryonic,EMB
0.0278243857548758,Embryonic fibroblasts,Embryonic,EMB
0.191066316911341,Embryonic fibroblasts,Embryonic,EMB
0.1329789121383056,Embryonic fibroblasts,Embryonic,EMB
0.3118228086668885,Embryonic fibroblasts,Embryonic,EMB
0.08445995309998122,Embryonic fibroblasts,Embryonic,EMB
-0.050825300048868004,Embryonic fibroblasts,Embryonic,EMB
0.04715218952209345,Embryonic fibroblasts,Embryonic,EMB
0.0900906550913888,Embryonic fibroblasts,Embryonic,EMB
0.12687072594975343,Embryonic fibroblasts,Embryonic,EMB
0.24309891117166804,Embryonic fibroblasts,Embryonic,EMB
-0.00833305557620953,Embryonic fibroblasts,Embryonic,EMB
0.13817593992561633,Embryonic fibroblasts,Embryonic,EMB
0.13753107200110903,Embryonic fibroblasts,Embryonic,EMB
0.17941528718301442,Embryonic fibroblasts,Embryonic,EMB
0.24327384198756827,Embryonic fibroblasts,Embryonic,EMB
0.008814885926876272,Embryonic fibroblasts,Embryonic,EMB
0.16829546090688086,Embryonic fibroblasts,Embryonic,EMB
0.22221132975304406,Embryonic fibroblasts,Embryonic,EMB
0.21293791175728258,Embryonic fibroblasts,Embryonic,EMB
0.2079736914419095,Embryonic fibroblasts,Embryonic,EMB
0.2608748519437652,Embryonic fibroblasts,Embryonic,EMB
0.06801810737412246,Embryonic fibroblasts,Embryonic,EMB
0.06727175266274417,Embryonic fibroblasts,Embryonic,EMB
0.21345831009110475,Embryonic fibroblasts,Embryonic,EMB
0.31632135178125526,Embryonic fibroblasts,Embryonic,EMB
0.3189486110062355,Embryonic fibroblasts,Embryonic,EMB
0.07220138913440735,Embryonic fibroblasts,Embryonic,EMB
0.14901858394245543,Embryonic fibroblasts,Embryonic,EMB
0.2033415038964339,Embryonic fibroblasts,Embryonic,EMB
0.10921236404786856,Embryonic fibroblasts,Embryonic,EMB
0.1383113503430483,Embryonic fibroblasts,Embryonic,EMB
0.14441890468432592,Embryonic fibroblasts,Embryonic,EMB
0.14863509036785716,Embryonic fibroblasts,Embryonic,EMB
-0.004364438511833769,Embryonic fibroblasts,Embryonic,EMB
0.20283250535745637,Embryonic fibroblasts,Embryonic,EMB
0.3557830536041469,Embryonic fibroblasts,Embryonic,EMB
0.11132165383943843,Embryonic fibroblasts,Embryonic,EMB
0.11226408637406249,Embryonic fibroblasts,Embryonic,EMB
0.16548601746894404,Embryonic fibroblasts,Embryonic,EMB
0.2861179480623914,Embryonic fibroblasts,Embryonic,EMB
0.05418920229187511,Embryonic fibroblasts,Embryonic,EMB
0.24026271511204322,Embryonic fibroblasts,Embryonic,EMB
0.24415451217980458,Embryonic fibroblasts,Embryonic,EMB
0.02126386307410331,Embryonic fibroblasts,Embryonic,EMB
0.17877449829149245,Embryonic fibroblasts,Embryonic,EMB
0.08691245551460439,Embryonic fibroblasts,Embryonic,EMB
0.10505430419442986,Embryonic fibroblasts,Embryonic,EMB
0.2608914043644963,Embryonic fibroblasts,Embryonic,EMB
0.16571402227677726,Embryonic fibroblasts,Embryonic,EMB
0.05065587972702795,Embryonic fibroblasts,Embryonic,EMB
0.0757472434862345,Embryonic fibroblasts,Embryonic,EMB
0.10633083692812344,Embryonic fibroblasts,Embryonic,EMB
-0.023025771989813947,Embryonic fibroblasts,Embryonic,EMB
0.20283167395208243,Embryonic fibroblasts,Embryonic,EMB
0.05013527112954155,Embryonic fibroblasts,Embryonic,EMB
0.07336053023620302,Embryonic fibroblasts,Embryonic,EMB
-0.01098024702891845,Embryonic fibroblasts,Embryonic,EMB
0.19702093207334595,Embryonic fibroblasts,Embryonic,EMB
0.08953328057805167,Embryonic fibroblasts,Embryonic,EMB
0.15566158733016802,Embryonic fibroblasts,Embryonic,EMB
0.10621974004475257,Embryonic fibroblasts,Embryonic,EMB
0.2567353567661599,Embryonic fibroblasts,Embryonic,EMB
0.26962494414983657,Embryonic fibroblasts,Embryonic,EMB
0.11584596600665631,Embryonic fibroblasts,Embryonic,EMB
0.07722118903510987,Embryonic fibroblasts,Embryonic,EMB
0.13249003482000876,Embryonic fibroblasts,Embryonic,EMB
0.055043883847781104,Embryonic fibroblasts,Embryonic,EMB
0.24021213026794025,Embryonic fibroblasts,Embryonic,EMB
0.2633791964101886,Embryonic fibroblasts,Embryonic,EMB
0.09630317348458572,Embryonic fibroblasts,Embryonic,EMB
-0.033916046899321435,Embryonic fibroblasts,Embryonic,EMB
0.24491825224265926,Embryonic fibroblasts,Embryonic,EMB
0.11481966429799895,Embryonic fibroblasts,Embryonic,EMB
0.18537058555746158,Embryonic fibroblasts,Embryonic,EMB
0.08520306639959557,Embryonic fibroblasts,Embryonic,EMB
0.30679542821013805,Embryonic fibroblasts,Embryonic,EMB
0.20374385211502255,Embryonic fibroblasts,Embryonic,EMB
0.09014462823259337,Embryonic fibroblasts,Embryonic,EMB
0.08106498322318062,Embryonic fibroblasts,Embryonic,EMB
0.028050695635921538,Embryonic fibroblasts,Embryonic,EMB
0.23910159093124117,Embryonic fibroblasts,Embryonic,EMB
0.09530997557211003,Embryonic fibroblasts,Embryonic,EMB
0.12461448060168172,Embryonic fibroblasts,Embryonic,EMB
0.13166275569756386,Embryonic fibroblasts,Embryonic,EMB
0.16470435645131404,Embryonic fibroblasts,Embryonic,EMB
0.23129086603196186,Embryonic fibroblasts,Embryonic,EMB
0.10220978606732463,Embryonic fibroblasts,Embryonic,EMB
0.2728412157235846,Embryonic fibroblasts,Embryonic,EMB
0.1456779498919765,Embryonic fibroblasts,Embryonic,EMB
0.11189604655929954,Embryonic fibroblasts,Embryonic,EMB
-0.02870809102434871,Embryonic fibroblasts,Embryonic,EMB
0.139412261519193,Embryonic fibroblasts,Embryonic,EMB
0.046662245927547134,Embryonic fibroblasts,Embryonic,EMB
0.15832747266672473,Embryonic fibroblasts,Embryonic,EMB
0.3364097560643246,Embryonic fibroblasts,Embryonic,EMB
0.18001232058536748,Embryonic fibroblasts,Embryonic,EMB
0.03381242077807751,Embryonic fibroblasts,Embryonic,EMB
0.1978283222200264,Embryonic fibroblasts,Embryonic,EMB
0.2416403693127758,Embryonic fibroblasts,Embryonic,EMB
0.05014290475867255,Embryonic fibroblasts,Embryonic,EMB
0.038728804312849766,Embryonic fibroblasts,Embryonic,EMB
0.284823822614323,Embryonic fibroblasts,Embryonic,EMB
0.2843251877450572,Embryonic fibroblasts,Embryonic,EMB
0.14998104384672686,Embryonic fibroblasts,Embryonic,EMB
0.273049702568468,Embryonic fibroblasts,Embryonic,EMB
0.2564242262548105,Embryonic fibroblasts,Embryonic,EMB
0.23077625678974456,Embryonic fibroblasts,Embryonic,EMB
0.15287859971817847,Embryonic fibroblasts,Embryonic,EMB
0.18601012049036786,Embryonic fibroblasts,Embryonic,EMB
0.21571917590691933,Embryonic fibroblasts,Embryonic,EMB
0.1688262051323245,Embryonic fibroblasts,Embryonic,EMB
0.05597426153661498,Embryonic fibroblasts,Embryonic,EMB
0.17268488403352852,Embryonic fibroblasts,Embryonic,EMB
1.5377572241397075e-05,Embryonic fibroblasts,Embryonic,EMB
0.023785439977921957,Embryonic fibroblasts,Embryonic,EMB
0.21499747180846054,Embryonic fibroblasts,Embryonic,EMB
0.21951854685134306,Embryonic fibroblasts,Embryonic,EMB
0.25914306789023683,Embryonic fibroblasts,Embryonic,EMB
0.13268877565247023,Embryonic fibroblasts,Embryonic,EMB
0.09364491974444676,Embryonic fibroblasts,Embryonic,EMB
0.06188009816292286,Embryonic fibroblasts,Embryonic,EMB
0.08072636486477183,Embryonic fibroblasts,Embryonic,EMB
0.14508906412238765,Embryonic fibroblasts,Embryonic,EMB
0.005729416946275056,Embryonic fibroblasts,Embryonic,EMB
0.08717592025332067,Embryonic fibroblasts,Embryonic,EMB
0.1246703746718813,Embryonic fibroblasts,Embryonic,EMB
0.14884064075768877,Embryonic fibroblasts,Embryonic,EMB
0.07395087892695379,Embryonic fibroblasts,Embryonic,EMB
0.11719134799770484,Embryonic fibroblasts,Embryonic,EMB
0.09580624734529941,Embryonic fibroblasts,Embryonic,EMB
0.2681305241114084,Embryonic fibroblasts,Embryonic,EMB
0.21392520087939684,Embryonic fibroblasts,Embryonic,EMB
0.0779359282200888,Embryonic fibroblasts,Embryonic,EMB
0.21925868799005957,Embryonic fibroblasts,Embryonic,EMB
0.1500561433198838,Embryonic fibroblasts,Embryonic,EMB
-0.026419067506097915,Embryonic fibroblasts,Embryonic,EMB
0.17792721863369362,Embryonic fibroblasts,Embryonic,EMB
0.19442251903973237,Embryonic fibroblasts,Embryonic,EMB
0.21710093933328592,Embryonic fibroblasts,Embryonic,EMB
0.17458520476307485,Embryonic fibroblasts,Embryonic,EMB
0.07164233672914716,Embryonic fibroblasts,Embryonic,EMB
0.13065386914229551,Embryonic fibroblasts,Embryonic,EMB
0.2712694247021929,Embryonic fibroblasts,Embryonic,EMB
0.08359452655051224,Embryonic fibroblasts,Embryonic,EMB
0.11652331256049321,Embryonic fibroblasts,Embryonic,EMB
0.23515936886032862,Embryonic fibroblasts,Embryonic,EMB
0.14473855386685144,Embryonic fibroblasts,Embryonic,EMB
0.21194791034935948,Embryonic fibroblasts,Embryonic,EMB
0.04419499341277686,Embryonic fibroblasts,Embryonic,EMB
0.1411059808198623,Embryonic fibroblasts,Embryonic,EMB
0.0167198230084405,Embryonic fibroblasts,Embryonic,EMB
0.16795705713771292,Embryonic fibroblasts,Embryonic,EMB
0.30442772701322096,Embryonic fibroblasts,Embryonic,EMB
0.2773817751548763,Embryonic fibroblasts,Embryonic,EMB
0.08882576172817208,Embryonic fibroblasts,Embryonic,EMB
0.0026261633194835723,Embryonic fibroblasts,Embryonic,EMB
0.2215919138642573,Embryonic fibroblasts,Embryonic,EMB
0.32157511676944306,Embryonic fibroblasts,Embryonic,EMB
0.09306221250639718,Embryonic fibroblasts,Embryonic,EMB
0.18609263433043635,Embryonic fibroblasts,Embryonic,EMB
0.2583052412802726,Embryonic fibroblasts,Embryonic,EMB
0.21323467992101214,Embryonic fibroblasts,Embryonic,EMB
0.2501422489774719,Embryonic fibroblasts,Embryonic,EMB
0.20275535328669259,Embryonic fibroblasts,Embryonic,EMB
0.21243466000353192,Embryonic fibroblasts,Embryonic,EMB
0.2604181380683036,Embryonic fibroblasts,Embryonic,EMB
0.19799890848825413,Embryonic fibroblasts,Embryonic,EMB
0.07069134511409436,Embryonic fibroblasts,Embryonic,EMB
0.09930654156847417,Embryonic fibroblasts,Embryonic,EMB
0.025262959914474466,Embryonic fibroblasts,Embryonic,EMB
0.29041765587519197,Embryonic fibroblasts,Embryonic,EMB
0.16071871459520976,Embryonic fibroblasts,Embryonic,EMB
0.049303852365297225,Embryonic fibroblasts,Embryonic,EMB
0.21184099708546067,Embryonic fibroblasts,Embryonic,EMB
0.07207363740766204,Embryonic fibroblasts,Embryonic,EMB
0.003927605584074615,Embryonic fibroblasts,Embryonic,EMB
0.17001956998101347,Embryonic fibroblasts,Embryonic,EMB
0.07119082756213238,Embryonic fibroblasts,Embryonic,EMB
0.14320165250905345,Embryonic fibroblasts,Embryonic,EMB
0.2422710090265099,Embryonic fibroblasts,Embryonic,EMB
0.0943889876004202,Embryonic fibroblasts,Embryonic,EMB
0.1203301150213278,Embryonic fibroblasts,Embryonic,EMB
0.05040995906263499,Embryonic fibroblasts,Embryonic,EMB
0.13155913169554645,Embryonic fibroblasts,Embryonic,EMB
0.32599295373295084,Embryonic fibroblasts,Embryonic,EMB
0.25321364493220194,Embryonic fibroblasts,Embryonic,EMB
0.044398427462215,Embryonic fibroblasts,Embryonic,EMB
0.2374402769784451,Embryonic fibroblasts,Embryonic,EMB
0.27325947155623587,Embryonic fibroblasts,Embryonic,EMB
0.09897714830392554,Embryonic fibroblasts,Embryonic,EMB
0.09393398017873938,Embryonic fibroblasts,Embryonic,EMB
0.05717103375074946,Embryonic fibroblasts,Embryonic,EMB
0.1104889943455561,Embryonic fibroblasts,Embryonic,EMB
0.08013691509499711,Embryonic fibroblasts,Embryonic,EMB
0.068326082523773,Embryonic fibroblasts,Embryonic,EMB
0.1851308162889928,Embryonic fibroblasts,Embryonic,EMB
-0.009920937012370942,Embryonic fibroblasts,Embryonic,EMB
0.08922234453860385,Embryonic fibroblasts,Embryonic,EMB
0.0070316051985176604,Embryonic fibroblasts,Embryonic,EMB
0.0795935814087015,Embryonic fibroblasts,Embryonic,EMB
-0.006620703745352851,Embryonic fibroblasts,Embryonic,EMB
0.0038506305656088174,Embryonic fibroblasts,Embryonic,EMB
0.19562698805630774,Embryonic fibroblasts,Embryonic,EMB
0.11332512885156545,Embryonic fibroblasts,Embryonic,EMB
0.2737866920902217,Embryonic fibroblasts,Embryonic,EMB
0.19807965988784296,Embryonic fibroblasts,Embryonic,EMB
0.19830215894933503,Embryonic fibroblasts,Embryonic,EMB
0.047549853614669305,Embryonic fibroblasts,Embryonic,EMB
0.18593582911691156,Embryonic fibroblasts,Embryonic,EMB
0.04392812123628838,Embryonic fibroblasts,Embryonic,EMB
0.27265176417205295,Embryonic fibroblasts,Embryonic,EMB
0.181443450486433,Embryonic fibroblasts,Embryonic,EMB
0.08946350827744544,Embryonic fibroblasts,Embryonic,EMB
0.28642590282665814,Embryonic fibroblasts,Embryonic,EMB
0.07136814367170116,Embryonic fibroblasts,Embryonic,EMB
0.15678854301554143,Embryonic fibroblasts,Embryonic,EMB
0.12540629761760172,Embryonic fibroblasts,Embryonic,EMB
0.2283277119076861,Embryonic fibroblasts,Embryonic,EMB
0.006710947358068988,Embryonic fibroblasts,Embryonic,EMB
0.21652999399317266,Embryonic fibroblasts,Embryonic,EMB
0.2738459934976616,Embryonic fibroblasts,Embryonic,EMB
0.1986840216512127,Embryonic fibroblasts,Embryonic,EMB
-0.12366157668820729,Embryonic fibroblasts,Embryonic,EMB
0.26045983434112113,Embryonic fibroblasts,Embryonic,EMB
0.08608368842778741,Embryonic fibroblasts,Embryonic,EMB
0.13340706111885872,Embryonic fibroblasts,Embryonic,EMB
0.22730468119821096,Embryonic fibroblasts,Embryonic,EMB
0.08957576232712092,Embryonic fibroblasts,Embryonic,EMB
0.11281808702831653,Embryonic fibroblasts,Embryonic,EMB
0.21481330683425232,Embryonic fibroblasts,Embryonic,EMB
0.11808889056858635,Embryonic fibroblasts,Embryonic,EMB
0.0773615654932371,Embryonic fibroblasts,Embryonic,EMB
0.21118130419392636,Embryonic fibroblasts,Embryonic,EMB
0.10973638468585228,Embryonic fibroblasts,Embryonic,EMB
0.26424709843870087,Embryonic fibroblasts,Embryonic,EMB
0.0008085825263330765,Embryonic fibroblasts,Embryonic,EMB
0.22979312023546525,Embryonic fibroblasts,Embryonic,EMB
0.23515929004247504,Embryonic fibroblasts,Embryonic,EMB
0.020609162532839363,Embryonic fibroblasts,Embryonic,EMB
0.131305331457586,Embryonic fibroblasts,Embryonic,EMB
0.2142961876291748,Embryonic fibroblasts,Embryonic,EMB
0.12035665167389088,Embryonic fibroblasts,Embryonic,EMB
0.24570670638943046,Embryonic fibroblasts,Embryonic,EMB
0.12496213483073965,Embryonic fibroblasts,Embryonic,EMB
0.24294875665628451,Embryonic fibroblasts,Embryonic,EMB
0.2312817263794773,Embryonic fibroblasts,Embryonic,EMB
0.22874220153462305,Embryonic fibroblasts,Embryonic,EMB
0.3068072037634375,Embryonic fibroblasts,Embryonic,EMB
0.0944276102072136,Embryonic fibroblasts,Embryonic,EMB
0.08745258115162166,Embryonic fibroblasts,Embryonic,EMB
0.3445672897270412,Embryonic fibroblasts,Embryonic,EMB
0.0970152908883,Embryonic fibroblasts,Embryonic,EMB
0.28657874526244453,Embryonic fibroblasts,Embryonic,EMB
0.07944943918402522,Embryonic fibroblasts,Embryonic,EMB
0.05147979327668988,Embryonic fibroblasts,Embryonic,EMB
0.14390876009100748,Embryonic fibroblasts,Embryonic,EMB
0.3894025238489608,Embryonic fibroblasts,Embryonic,EMB
0.3163943095351046,Embryonic fibroblasts,Embryonic,EMB
0.15212680109387478,Embryonic fibroblasts,Embryonic,EMB
0.1644838416879322,Embryonic fibroblasts,Embryonic,EMB
0.19468740505713,Embryonic fibroblasts,Embryonic,EMB
0.10989406322401518,Embryonic fibroblasts,Embryonic,EMB
0.25618294979782746,Embryonic fibroblasts,Embryonic,EMB
0.20951196145420456,Embryonic fibroblasts,Embryonic,EMB
0.07200663794420115,Embryonic fibroblasts,Embryonic,EMB
0.2277408624653703,Embryonic fibroblasts,Embryonic,EMB
-0.06406527176651952,Embryonic fibroblasts,Embryonic,EMB
0.1806348208087513,Embryonic fibroblasts,Embryonic,EMB
-0.06254776874058968,Embryonic fibroblasts,Embryonic,EMB
0.023861665139417062,Embryonic fibroblasts,Embryonic,EMB
0.1371951417555993,Embryonic fibroblasts,Embryonic,EMB
0.07425091808451825,Embryonic fibroblasts,Embryonic,EMB
0.07653950732950056,Embryonic fibroblasts,Embryonic,EMB
0.13424773731993597,Embryonic fibroblasts,Embryonic,EMB
0.2388103434908358,Embryonic fibroblasts,Embryonic,EMB
0.33721493594812757,Embryonic fibroblasts,Embryonic,EMB
0.036579815776962864,Embryonic fibroblasts,Embryonic,EMB
0.2405051550180207,Embryonic fibroblasts,Embryonic,EMB
0.2789143204844084,Embryonic fibroblasts,Embryonic,EMB
0.1929837823582396,Embryonic fibroblasts,Embryonic,EMB
0.108509043984204,Embryonic fibroblasts,Embryonic,EMB
0.17709274782446333,Embryonic fibroblasts,Embryonic,EMB
0.14721167124070017,Embryonic fibroblasts,Embryonic,EMB
0.05062913161595234,Embryonic fibroblasts,Embryonic,EMB
0.12813821470499315,Embryonic fibroblasts,Embryonic,EMB
0.003652344920968227,Embryonic fibroblasts,Embryonic,EMB
0.1343318395987269,Embryonic fibroblasts,Embryonic,EMB
0.22558780059840047,Embryonic fibroblasts,Embryonic,EMB
0.2940259161490705,Embryonic fibroblasts,Embryonic,EMB
0.18195002574202185,Embryonic fibroblasts,Embryonic,EMB
0.23386044448282164,Embryonic fibroblasts,Embryonic,EMB
0.30649180953512095,Embryonic fibroblasts,Embryonic,EMB
0.2386130743167737,Embryonic fibroblasts,Embryonic,EMB
0.13686357833123086,Embryonic fibroblasts,Embryonic,EMB
0.11899134969510854,Embryonic fibroblasts,Embryonic,EMB
0.10180240569822807,Embryonic fibroblasts,Embryonic,EMB
0.26751922502057046,Embryonic fibroblasts,Embryonic,EMB
0.3081738846512665,Embryonic fibroblasts,Embryonic,EMB
0.19365678870432063,Embryonic fibroblasts,Embryonic,EMB
0.17006017905296444,Embryonic fibroblasts,Embryonic,EMB
0.08566139295777382,Embryonic fibroblasts,Embryonic,EMB
0.09918226394827387,Embryonic fibroblasts,Embryonic,EMB
0.23045614612010548,Embryonic fibroblasts,Embryonic,EMB
0.034072305629475975,Embryonic fibroblasts,Embryonic,EMB
0.31707574599764365,Embryonic fibroblasts,Embryonic,EMB
0.141124213603382,Embryonic fibroblasts,Embryonic,EMB
0.24711398503537985,Embryonic fibroblasts,Embryonic,EMB
0.15518788584220686,Embryonic fibroblasts,Embryonic,EMB
0.16162523586919567,Embryonic fibroblasts,Embryonic,EMB
0.3549985283621363,Embryonic fibroblasts,Embryonic,EMB
0.24624434852067445,Embryonic fibroblasts,Embryonic,EMB
0.05730895011601027,Embryonic fibroblasts,Embryonic,EMB
0.11741134437228228,Embryonic fibroblasts,Embryonic,EMB
0.1550297920549783,Embryonic fibroblasts,Embryonic,EMB
0.1741414728934766,Embryonic fibroblasts,Embryonic,EMB
0.11591316864924092,Embryonic fibroblasts,Embryonic,EMB
0.1560049062821123,Embryonic fibroblasts,Embryonic,EMB
0.13707034608479962,Embryonic fibroblasts,Embryonic,EMB
0.15206132031274217,Embryonic fibroblasts,Embryonic,EMB
0.03952142563423136,Embryonic fibroblasts,Embryonic,EMB
0.04304801438384824,Embryonic fibroblasts,Embryonic,EMB
0.12419606776381485,Embryonic fibroblasts,Embryonic,EMB
-0.005066295576454275,Embryonic fibroblasts,Embryonic,EMB
0.2337962507719535,Embryonic fibroblasts,Embryonic,EMB
0.015122909369617448,Embryonic fibroblasts,Embryonic,EMB
0.08917216341403743,Embryonic fibroblasts,Embryonic,EMB
0.21622648174307274,Embryonic fibroblasts,Embryonic,EMB
0.24425641092861378,Embryonic fibroblasts,Embryonic,EMB
0.30054712856490035,Embryonic fibroblasts,Embryonic,EMB
0.04847532885499931,Embryonic fibroblasts,Embryonic,EMB
0.27436813509372737,Embryonic fibroblasts,Embryonic,EMB
0.2112184488008137,Embryonic fibroblasts,Embryonic,EMB
0.09360800240391047,Embryonic fibroblasts,Embryonic,EMB
0.21862673936056237,Embryonic fibroblasts,Embryonic,EMB
0.003019284564174031,Embryonic fibroblasts,Embryonic,EMB
0.1258736416194265,Embryonic fibroblasts,Embryonic,EMB
0.19390346023739963,Embryonic fibroblasts,Embryonic,EMB
0.13783077655149165,Embryonic fibroblasts,Embryonic,EMB
0.2955360818936146,Embryonic fibroblasts,Embryonic,EMB
0.2089645996524969,Embryonic fibroblasts,Embryonic,EMB
0.04956544147921274,Embryonic fibroblasts,Embryonic,EMB
0.10956704915385229,Embryonic fibroblasts,Embryonic,EMB
0.2083480784639023,Embryonic fibroblasts,Embryonic,EMB
0.19400217051529486,Embryonic fibroblasts,Embryonic,EMB
0.17582554272520726,Embryonic fibroblasts,Embryonic,EMB
0.17979089719146374,Embryonic fibroblasts,Embryonic,EMB
0.20127252607528143,Embryonic fibroblasts,Embryonic,EMB
0.17682904606746974,Embryonic fibroblasts,Embryonic,EMB
0.11061626715531431,Embryonic fibroblasts,Embryonic,EMB
0.23003038375649976,Embryonic fibroblasts,Embryonic,EMB
0.17823410802820694,Embryonic fibroblasts,Embryonic,EMB
-0.020979089917904963,Embryonic fibroblasts,Embryonic,EMB
0.24519409916918286,Embryonic fibroblasts,Embryonic,EMB
0.15231858538630516,Embryonic fibroblasts,Embryonic,EMB
0.13483194027100748,Embryonic fibroblasts,Embryonic,EMB
0.20225866403883014,Embryonic fibroblasts,Embryonic,EMB
0.06223398540631091,Embryonic fibroblasts,Embryonic,EMB
0.1290129571773822,Embryonic fibroblasts,Embryonic,EMB
0.265018445449764,Embryonic fibroblasts,Embryonic,EMB
0.1687869925591429,Embryonic fibroblasts,Embryonic,EMB
0.22634760292374204,Embryonic fibroblasts,Embryonic,EMB
0.1777441514631695,Embryonic fibroblasts,Embryonic,EMB
0.04776639285039245,Embryonic fibroblasts,Embryonic,EMB
0.14632934450214224,Embryonic fibroblasts,Embryonic,EMB
0.15617703538286534,Embryonic fibroblasts,Embryonic,EMB
0.3429453056751981,Embryonic fibroblasts,Embryonic,EMB
0.3187663585884342,Embryonic fibroblasts,Embryonic,EMB
0.19048974786876938,Embryonic fibroblasts,Embryonic,EMB
0.1611425918070386,Embryonic fibroblasts,Embryonic,EMB
-0.01175116657430202,Embryonic fibroblasts,Embryonic,EMB
0.2463892721606947,Embryonic fibroblasts,Embryonic,EMB
0.24671564514259245,Embryonic fibroblasts,Embryonic,EMB
0.17798894491099973,Embryonic fibroblasts,Embryonic,EMB
0.08381010999754364,Embryonic fibroblasts,Embryonic,EMB
0.21821407401042248,Embryonic fibroblasts,Embryonic,EMB
0.35699072793841635,Embryonic fibroblasts,Embryonic,EMB
-0.003942078007121402,Embryonic fibroblasts,Embryonic,EMB
0.17825827968349386,Embryonic fibroblasts,Embryonic,EMB
0.037028585778853915,Embryonic fibroblasts,Embryonic,EMB
0.023839675457585183,Embryonic fibroblasts,Embryonic,EMB
0.24932609678828715,Embryonic fibroblasts,Embryonic,EMB
0.3003533690686159,Embryonic fibroblasts,Embryonic,EMB
0.2421778913617095,Embryonic fibroblasts,Embryonic,EMB
0.038372692959938136,Embryonic fibroblasts,Embryonic,EMB
0.1749077924976986,Embryonic fibroblasts,Embryonic,EMB
0.18038305413567757,Embryonic fibroblasts,Embryonic,EMB
0.30160113884499473,Embryonic fibroblasts,Embryonic,EMB
0.2992313986966665,Embryonic fibroblasts,Embryonic,EMB
-0.010415326641888885,Embryonic fibroblasts,Embryonic,EMB
0.12792494792481798,Embryonic fibroblasts,Embryonic,EMB
0.05607121119744338,Embryonic fibroblasts,Embryonic,EMB
-0.0450004934864419,Embryonic fibroblasts,Embryonic,EMB
0.08082488788797733,Embryonic fibroblasts,Embryonic,EMB
0.27976669452986214,Embryonic fibroblasts,Embryonic,EMB
-0.027162026376639815,Embryonic fibroblasts,Embryonic,EMB
0.2490337233589736,Embryonic fibroblasts,Embryonic,EMB
0.07047440366478021,Embryonic fibroblasts,Embryonic,EMB
0.25174078626730967,Embryonic fibroblasts,Embryonic,EMB
0.26937471595451373,Embryonic fibroblasts,Embryonic,EMB
0.14509907715519968,Embryonic fibroblasts,Embryonic,EMB
0.13151494144044654,Embryonic fibroblasts,Embryonic,EMB
0.27177358154138664,Embryonic fibroblasts,Embryonic,EMB
0.21001642588366126,Embryonic fibroblasts,Embryonic,EMB
0.2099932616236107,Embryonic fibroblasts,Embryonic,EMB
0.08858879223870268,Embryonic fibroblasts,Embryonic,EMB
0.09967788058597706,Embryonic fibroblasts,Embryonic,EMB
0.04859345738598453,Embryonic fibroblasts,Embryonic,EMB
0.025854669319110454,Embryonic fibroblasts,Embryonic,EMB
0.032482962588404836,Embryonic fibroblasts,Embryonic,EMB
0.09937754599714038,Embryonic fibroblasts,Embryonic,EMB
0.31057151826769747,Embryonic fibroblasts,Embryonic,EMB
0.07832350026978196,Embryonic fibroblasts,Embryonic,EMB
0.17852832759484524,Embryonic fibroblasts,Embryonic,EMB
0.05426537766848632,Embryonic fibroblasts,Embryonic,EMB
-0.0589470549550166,Embryonic fibroblasts,Embryonic,EMB
-0.003537769627893799,Embryonic fibroblasts,Embryonic,EMB
0.15880796490374807,Embryonic fibroblasts,Embryonic,EMB
0.17924038688840002,Embryonic fibroblasts,Embryonic,EMB
0.13224395727346705,Embryonic fibroblasts,Embryonic,EMB
0.21810662391269867,Embryonic fibroblasts,Embryonic,EMB
0.12159143839087705,Embryonic fibroblasts,Embryonic,EMB
0.2163374591514176,Embryonic fibroblasts,Embryonic,EMB
0.20176800934294628,Embryonic fibroblasts,Embryonic,EMB
0.22657198953296137,Embryonic fibroblasts,Embryonic,EMB
0.2791530727007172,Embryonic fibroblasts,Embryonic,EMB
0.27151771882137526,Embryonic fibroblasts,Embryonic,EMB
0.3644360971713013,Embryonic fibroblasts,Embryonic,EMB
0.15962099626150178,Embryonic fibroblasts,Embryonic,EMB
0.14037750218985928,Embryonic fibroblasts,Embryonic,EMB
0.10750910637511002,Embryonic fibroblasts,Embryonic,EMB
0.08432641483211491,Embryonic fibroblasts,Embryonic,EMB
0.05509743727209634,Embryonic fibroblasts,Embryonic,EMB
-0.003980638529713162,Embryonic fibroblasts,Embryonic,EMB
0.14011721361096852,Embryonic fibroblasts,Embryonic,EMB
0.25359451630712015,Embryonic fibroblasts,Embryonic,EMB
0.25856206090983663,Embryonic fibroblasts,Embryonic,EMB
0.350220967299574,Embryonic fibroblasts,Embryonic,EMB
0.2662036364866675,Embryonic fibroblasts,Embryonic,EMB
0.03814218910254419,Embryonic fibroblasts,Embryonic,EMB
0.19791629092898205,Embryonic fibroblasts,Embryonic,EMB
0.06981955859712091,Embryonic fibroblasts,Embryonic,EMB
0.36069513543235643,Embryonic fibroblasts,Embryonic,EMB
0.2621852223852468,Embryonic fibroblasts,Embryonic,EMB
0.20395731250844037,Embryonic fibroblasts,Embryonic,EMB
0.3054619888842165,Embryonic fibroblasts,Embryonic,EMB
0.040005952225502184,Embryonic fibroblasts,Embryonic,EMB
0.18643209574091926,Embryonic fibroblasts,Embryonic,EMB
0.23954194871802745,Embryonic fibroblasts,Embryonic,EMB
0.19283350557683493,Embryonic fibroblasts,Embryonic,EMB
0.20760349597634603,Embryonic fibroblasts,Embryonic,EMB
0.14563045339485867,Embryonic fibroblasts,Embryonic,EMB
-0.06964644047755664,Embryonic fibroblasts,Embryonic,EMB
-0.005177836389849019,Embryonic fibroblasts,Embryonic,EMB
0.015856055149162218,Embryonic fibroblasts,Embryonic,EMB
0.1330995406818443,Embryonic fibroblasts,Embryonic,EMB
0.14126012118852613,Embryonic fibroblasts,Embryonic,EMB
0.21431291195357963,Embryonic fibroblasts,Embryonic,EMB
0.17367708593515133,Embryonic fibroblasts,Embryonic,EMB
0.20542209800814107,Embryonic fibroblasts,Embryonic,EMB
-0.05453820433440105,Embryonic fibroblasts,Embryonic,EMB
0.19803099612811276,Embryonic fibroblasts,Embryonic,EMB
0.14399932035691365,Embryonic fibroblasts,Embryonic,EMB
0.13621752340751742,Embryonic fibroblasts,Embryonic,EMB
0.11286602443681275,Embryonic fibroblasts,Embryonic,EMB
0.25852860022961593,Embryonic fibroblasts,Embryonic,EMB
0.1477920382980731,Embryonic fibroblasts,Embryonic,EMB
0.13261966289016733,Embryonic fibroblasts,Embryonic,EMB
0.15888218387595435,Embryonic fibroblasts,Embryonic,EMB
0.07573338467129842,Embryonic fibroblasts,Embryonic,EMB
0.25077489780073137,Embryonic fibroblasts,Embryonic,EMB
0.22150735661079507,Embryonic fibroblasts,Embryonic,EMB
-0.001347394182304562,Embryonic fibroblasts,Embryonic,EMB
0.14580319694990643,Embryonic fibroblasts,Embryonic,EMB
0.05376842154249716,Embryonic fibroblasts,Embryonic,EMB
0.10254999864441441,Embryonic fibroblasts,Embryonic,EMB
0.08886722550040196,Embryonic fibroblasts,Embryonic,EMB
0.03131119154651056,Embryonic fibroblasts,Embryonic,EMB
0.1749826601163201,Embryonic fibroblasts,Embryonic,EMB
0.14184007336888968,Embryonic fibroblasts,Embryonic,EMB
0.24014742238169895,Embryonic fibroblasts,Embryonic,EMB
0.2203388849014316,Embryonic fibroblasts,Embryonic,EMB
0.27136268262193314,Embryonic fibroblasts,Embryonic,EMB
-0.04562065515562276,Embryonic fibroblasts,Embryonic,EMB
0.16676797027114212,Embryonic fibroblasts,Embryonic,EMB
-0.003021766436784151,Embryonic fibroblasts,Embryonic,EMB
0.1684886147908345,Embryonic fibroblasts,Embryonic,EMB
0.1836198709190317,Embryonic fibroblasts,Embryonic,EMB
0.1427308346805505,Embryonic fibroblasts,Embryonic,EMB
0.02610147347561011,Embryonic fibroblasts,Embryonic,EMB
0.2689058009745376,Embryonic fibroblasts,Embryonic,EMB
0.33228883471416854,Embryonic fibroblasts,Embryonic,EMB
0.21938018627376293,Embryonic fibroblasts,Embryonic,EMB
0.17381171926274408,Embryonic fibroblasts,Embryonic,EMB
0.29403904971086964,Embryonic fibroblasts,Embryonic,EMB
0.23832507776651168,Embryonic fibroblasts,Embryonic,EMB
0.35799038824041557,Embryonic fibroblasts,Embryonic,EMB
0.0867068370009614,Embryonic fibroblasts,Embryonic,EMB
0.21001666434584323,Embryonic fibroblasts,Embryonic,EMB
0.2906821853797102,Embryonic fibroblasts,Embryonic,EMB
0.14825921052768773,Embryonic fibroblasts,Embryonic,EMB
0.1355522127645577,Embryonic fibroblasts,Embryonic,EMB
0.003968046805151178,Embryonic fibroblasts,Embryonic,EMB
0.23762847337242893,Embryonic fibroblasts,Embryonic,EMB
0.1630092434339705,Embryonic fibroblasts,Embryonic,EMB
0.2648958922323119,Embryonic fibroblasts,Embryonic,EMB
0.11919045270639766,Embryonic fibroblasts,Embryonic,EMB
-0.1161647973800698,Embryonic fibroblasts,Embryonic,EMB
0.1698992292591195,Embryonic fibroblasts,Embryonic,EMB
0.19527658114618066,Embryonic fibroblasts,Embryonic,EMB
0.2738809796268775,Embryonic fibroblasts,Embryonic,EMB
0.1430225364244066,Embryonic fibroblasts,Embryonic,EMB
0.13279797791533965,Embryonic fibroblasts,Embryonic,EMB
0.1614434005812667,Embryonic fibroblasts,Embryonic,EMB
0.08829808218462243,Embryonic fibroblasts,Embryonic,EMB
0.01692952029410035,Embryonic fibroblasts,Embryonic,EMB
0.11241913498725269,Embryonic fibroblasts,Embryonic,EMB
0.12453333677422178,Embryonic fibroblasts,Embryonic,EMB
0.11016144784278059,Embryonic fibroblasts,Embryonic,EMB
0.12789506739290732,Embryonic fibroblasts,Embryonic,EMB
0.3192367398823804,Embryonic fibroblasts,Embryonic,EMB
0.02040292398620492,Embryonic fibroblasts,Embryonic,EMB
0.20415067751333874,Embryonic fibroblasts,Embryonic,EMB
0.15059741204417404,Embryonic fibroblasts,Embryonic,EMB
0.1365059298597307,Embryonic fibroblasts,Embryonic,EMB
-0.018293510120198763,Embryonic fibroblasts,Embryonic,EMB
0.11752612257442975,Embryonic fibroblasts,Embryonic,EMB
0.16402780957819915,Embryonic fibroblasts,Embryonic,EMB
0.16638876558320237,Embryonic fibroblasts,Embryonic,EMB
0.09995931067084585,Embryonic fibroblasts,Embryonic,EMB
0.3051926235179907,Embryonic fibroblasts,Embryonic,EMB
0.22749919667065333,Embryonic fibroblasts,Embryonic,EMB
0.26012603328098294,Embryonic fibroblasts,Embryonic,EMB
0.18798694856832465,Embryonic fibroblasts,Embryonic,EMB
0.23287279760448582,Embryonic fibroblasts,Embryonic,EMB
0.15316110530369184,Embryonic fibroblasts,Embryonic,EMB
0.19780434113842651,Embryonic fibroblasts,Embryonic,EMB
0.29019206020598914,Embryonic fibroblasts,Embryonic,EMB
-0.04056917483104108,Embryonic fibroblasts,Embryonic,EMB
0.28607339396660575,Embryonic fibroblasts,Embryonic,EMB
0.12851328842185913,Embryonic fibroblasts,Embryonic,EMB
0.043371487301313606,Embryonic fibroblasts,Embryonic,EMB
0.10800012831192515,Embryonic fibroblasts,Embryonic,EMB
0.07243001883877367,Embryonic fibroblasts,Embryonic,EMB
0.18936907550428894,Embryonic fibroblasts,Embryonic,EMB
0.12323598148948296,Embryonic fibroblasts,Embryonic,EMB
0.21677561314735744,Embryonic fibroblasts,Embryonic,EMB
0.09643326481966902,Embryonic fibroblasts,Embryonic,EMB
0.273105164617653,Embryonic fibroblasts,Embryonic,EMB
0.11059544312077273,Embryonic fibroblasts,Embryonic,EMB
0.10307324298376364,Embryonic fibroblasts,Embryonic,EMB
0.21122673500383798,Embryonic fibroblasts,Embryonic,EMB
0.21939010770546508,Embryonic fibroblasts,Embryonic,EMB
0.2346638569757073,Embryonic fibroblasts,Embryonic,EMB
0.12870295965049625,Embryonic fibroblasts,Embryonic,EMB
0.19450067064258875,Embryonic fibroblasts,Embryonic,EMB
0.2007968866008787,Embryonic fibroblasts,Embryonic,EMB
0.2319844341991931,Embryonic fibroblasts,Embryonic,EMB
0.10184412191529257,Embryonic fibroblasts,Embryonic,EMB
0.29226487195474177,Embryonic fibroblasts,Embryonic,EMB
0.29435172391503756,Embryonic fibroblasts,Embryonic,EMB
0.16028766456820825,Embryonic fibroblasts,Embryonic,EMB
-0.04698996008518498,Embryonic fibroblasts,Embryonic,EMB
0.16196587577434657,Embryonic fibroblasts,Embryonic,EMB
0.2466108398835798,Embryonic fibroblasts,Embryonic,EMB
0.2389943992137246,Embryonic fibroblasts,Embryonic,EMB
0.2448116973575507,Embryonic fibroblasts,Embryonic,EMB
0.12151192823069679,Embryonic fibroblasts,Embryonic,EMB
0.006374718004538142,Embryonic fibroblasts,Embryonic,EMB
0.09274674127617273,Embryonic fibroblasts,Embryonic,EMB
0.1206730844993977,Embryonic fibroblasts,Embryonic,EMB
0.07920255066548038,Embryonic fibroblasts,Embryonic,EMB
0.055335944714970595,Embryonic fibroblasts,Embryonic,EMB
0.06965520145981663,Embryonic fibroblasts,Embryonic,EMB
0.3027990285795201,Embryonic fibroblasts,Embryonic,EMB
0.281903121364502,Embryonic fibroblasts,Embryonic,EMB
0.182105970835708,Embryonic fibroblasts,Embryonic,EMB
0.08402778860863491,Embryonic fibroblasts,Embryonic,EMB
-0.027071564042999173,Embryonic fibroblasts,Embryonic,EMB
0.10313503849359183,Embryonic fibroblasts,Embryonic,EMB
0.1211818374364769,Embryonic fibroblasts,Embryonic,EMB
0.2099190619573787,Embryonic fibroblasts,Embryonic,EMB
0.1749518793704154,Embryonic fibroblasts,Embryonic,EMB
-0.07311092360485479,Embryonic fibroblasts,Embryonic,EMB
-0.025114884609277636,Embryonic fibroblasts,Embryonic,EMB
0.16152473422289426,Embryonic fibroblasts,Embryonic,EMB
0.1462641834319339,Embryonic fibroblasts,Embryonic,EMB
0.13142902703321627,Embryonic fibroblasts,Embryonic,EMB
0.13317140723794169,Embryonic fibroblasts,Embryonic,EMB
0.126410821614856,Embryonic fibroblasts,Embryonic,EMB
0.10373134111757663,Embryonic fibroblasts,Embryonic,EMB
0.14047315093120313,Embryonic fibroblasts,Embryonic,EMB
0.2004166180591475,Embryonic fibroblasts,Embryonic,EMB
0.15289474722433505,Embryonic fibroblasts,Embryonic,EMB
0.17525434202774726,Embryonic fibroblasts,Embryonic,EMB
0.15373245562689777,Embryonic fibroblasts,Embryonic,EMB
0.05778080145971635,Embryonic fibroblasts,Embryonic,EMB
0.3023651863530016,Embryonic fibroblasts,Embryonic,EMB
0.22001678829766952,Embryonic fibroblasts,Embryonic,EMB
0.08216257543122031,Embryonic fibroblasts,Embryonic,EMB
0.17526090543560635,Embryonic fibroblasts,Embryonic,EMB
0.01623234474248539,Embryonic fibroblasts,Embryonic,EMB
0.1349644165627273,Embryonic fibroblasts,Embryonic,EMB
0.11022710127623458,Embryonic fibroblasts,Embryonic,EMB
0.2303242532310344,Embryonic fibroblasts,Embryonic,EMB
-0.002003645452102633,Embryonic fibroblasts,Embryonic,EMB
0.13177004949273766,Embryonic fibroblasts,Embryonic,EMB
0.18941754157451482,Embryonic fibroblasts,Embryonic,EMB
0.18315587212949752,Embryonic fibroblasts,Embryonic,EMB
0.20946633158047756,Embryonic fibroblasts,Embryonic,EMB
0.08151924520697926,Embryonic fibroblasts,Embryonic,EMB
0.18161879024115335,Embryonic fibroblasts,Embryonic,EMB
0.1848177849376542,Embryonic fibroblasts,Embryonic,EMB
0.17735878770404034,Embryonic fibroblasts,Embryonic,EMB
0.23323487185536523,Embryonic fibroblasts,Embryonic,EMB
0.2631696737352354,Embryonic fibroblasts,Embryonic,EMB
0.12281487500542178,Embryonic fibroblasts,Embryonic,EMB
0.025855287988021346,Embryonic fibroblasts,Embryonic,EMB
0.23235172757743708,Embryonic fibroblasts,Embryonic,EMB
0.2510899606331916,Embryonic fibroblasts,Embryonic,EMB
0.11815088526077099,Embryonic fibroblasts,Embryonic,EMB
0.2346632588160274,Embryonic fibroblasts,Embryonic,EMB
0.02685006832600835,Embryonic fibroblasts,Embryonic,EMB
0.28376054988771177,Embryonic fibroblasts,Embryonic,EMB
0.16472372351018405,Embryonic fibroblasts,Embryonic,EMB
0.18253750712001557,Embryonic fibroblasts,Embryonic,EMB
0.22212745569029227,Embryonic fibroblasts,Embryonic,EMB
0.1776566888953295,Embryonic fibroblasts,Embryonic,EMB
0.10525809597652316,Embryonic fibroblasts,Embryonic,EMB
0.15298306177873894,Embryonic fibroblasts,Embryonic,EMB
0.0786984401871889,Embryonic fibroblasts,Embryonic,EMB
0.1668131797324966,Embryonic fibroblasts,Embryonic,EMB
0.09099408874457457,Embryonic fibroblasts,Embryonic,EMB
0.3286217968521578,Embryonic fibroblasts,Embryonic,EMB
0.16372881555260743,Embryonic fibroblasts,Embryonic,EMB
0.11978152705351344,Embryonic fibroblasts,Embryonic,EMB
-0.07748323111766689,Embryonic fibroblasts,Embryonic,EMB
0.22027232767077537,Embryonic fibroblasts,Embryonic,EMB
0.0826773873971752,Embryonic fibroblasts,Embryonic,EMB
0.2389272673768399,Embryonic fibroblasts,Embryonic,EMB
0.25844606227979555,Embryonic fibroblasts,Embryonic,EMB
0.12754852071075154,Embryonic fibroblasts,Embryonic,EMB
0.10687292273404048,Embryonic fibroblasts,Embryonic,EMB
0.25997892238289777,Embryonic fibroblasts,Embryonic,EMB
0.13424445755374717,Embryonic fibroblasts,Embryonic,EMB
0.20072721857557496,Embryonic fibroblasts,Embryonic,EMB
0.22729057528172322,Embryonic fibroblasts,Embryonic,EMB
0.09422960533727667,Embryonic fibroblasts,Embryonic,EMB
0.07961028257498184,Embryonic fibroblasts,Embryonic,EMB
0.08720028332837672,Embryonic fibroblasts,Embryonic,EMB
0.14653022660399112,Embryonic fibroblasts,Embryonic,EMB
0.17788199552465636,Embryonic fibroblasts,Embryonic,EMB
0.23866768312570472,Embryonic fibroblasts,Embryonic,EMB
0.20539291021232664,Embryonic fibroblasts,Embryonic,EMB
0.22056599312279995,Embryonic fibroblasts,Embryonic,EMB
0.25323198368544453,Embryonic fibroblasts,Embryonic,EMB
0.12679324938120246,Embryonic fibroblasts,Embryonic,EMB
0.11508024679168784,Embryonic fibroblasts,Embryonic,EMB
-0.047372247483501835,Embryonic fibroblasts,Embryonic,EMB
0.0829796689047112,Embryonic fibroblasts,Embryonic,EMB
0.2342983850016362,Embryonic fibroblasts,Embryonic,EMB
0.0031261040420959216,Embryonic fibroblasts,Embryonic,EMB
-0.014823589833397658,Embryonic fibroblasts,Embryonic,EMB
0.2038044103158546,Embryonic fibroblasts,Embryonic,EMB
0.1372763902144776,Embryonic fibroblasts,Embryonic,EMB
0.058058285213072394,Embryonic fibroblasts,Embryonic,EMB
0.019442924990881728,Embryonic fibroblasts,Embryonic,EMB
0.16551077692027566,Embryonic fibroblasts,Embryonic,EMB
0.18475719803836813,Embryonic fibroblasts,Embryonic,EMB
0.28295128669755837,Embryonic fibroblasts,Embryonic,EMB
0.04738527027340964,Embryonic fibroblasts,Embryonic,EMB
0.24770341667090345,Embryonic fibroblasts,Embryonic,EMB
0.09646850353097591,Embryonic fibroblasts,Embryonic,EMB
0.15450641366324103,Embryonic fibroblasts,Embryonic,EMB
0.05432666933218894,Embryonic fibroblasts,Embryonic,EMB
0.042993505183564124,Embryonic fibroblasts,Embryonic,EMB
0.1738442339430742,Embryonic fibroblasts,Embryonic,EMB
0.23635179331830378,Embryonic fibroblasts,Embryonic,EMB
0.22864473266945806,Embryonic fibroblasts,Embryonic,EMB
0.0021181001631703986,Embryonic fibroblasts,Embryonic,EMB
0.3522645175499128,Embryonic fibroblasts,Embryonic,EMB
0.36758361453383415,Embryonic fibroblasts,Embryonic,EMB
0.19664601570524243,Embryonic fibroblasts,Embryonic,EMB
0.12895318052881943,Embryonic fibroblasts,Embryonic,EMB
0.1370637298213997,Embryonic fibroblasts,Embryonic,EMB
0.19728264743278362,Embryonic fibroblasts,Embryonic,EMB
0.24943374748095232,Embryonic fibroblasts,Embryonic,EMB
0.2297312516235097,Embryonic fibroblasts,Embryonic,EMB
0.2535743524900122,Embryonic fibroblasts,Embryonic,EMB
-0.02056534500026926,Embryonic fibroblasts,Embryonic,EMB
0.07151886261713972,Embryonic fibroblasts,Embryonic,EMB
0.09951312470834159,Embryonic fibroblasts,Embryonic,EMB
0.139550459523617,Embryonic fibroblasts,Embryonic,EMB
0.06381819513958138,Embryonic fibroblasts,Embryonic,EMB
0.045220011862076734,Embryonic fibroblasts,Embryonic,EMB
-0.025490279107750424,Embryonic fibroblasts,Embryonic,EMB
0.233978088394124,Embryonic fibroblasts,Embryonic,EMB
0.15323645996924642,Embryonic fibroblasts,Embryonic,EMB
0.2392337677687984,Embryonic fibroblasts,Embryonic,EMB
0.049414857196112896,Embryonic fibroblasts,Embryonic,EMB
0.18541535076741264,Embryonic fibroblasts,Embryonic,EMB
0.2270015682998655,Embryonic fibroblasts,Embryonic,EMB
0.010093653660932574,Embryonic fibroblasts,Embryonic,EMB
0.17768727255970898,Embryonic fibroblasts,Embryonic,EMB
0.13712831139732648,Embryonic fibroblasts,Embryonic,EMB
0.08884088438780222,Embryonic fibroblasts,Embryonic,EMB
0.023203228757548766,Embryonic fibroblasts,Embryonic,EMB
0.20379756161458745,Embryonic fibroblasts,Embryonic,EMB
0.32035400245537754,Embryonic fibroblasts,Embryonic,EMB
0.300070168671156,Embryonic fibroblasts,Embryonic,EMB
0.18717147181889024,Embryonic fibroblasts,Embryonic,EMB
0.22147289836230324,Embryonic fibroblasts,Embryonic,EMB
0.2690594944790795,Embryonic fibroblasts,Embryonic,EMB
0.20463186309658948,Embryonic fibroblasts,Embryonic,EMB
0.02040930349197033,Embryonic fibroblasts,Embryonic,EMB
0.19082106642488356,Embryonic fibroblasts,Embryonic,EMB
0.16387920503735912,Embryonic fibroblasts,Embryonic,EMB
0.15499783971455827,Embryonic fibroblasts,Embryonic,EMB
0.20344299117199435,Embryonic fibroblasts,Embryonic,EMB
0.12087153702498996,Embryonic fibroblasts,Embryonic,EMB
0.1473164349103843,Embryonic fibroblasts,Embryonic,EMB
0.15403130642123253,Embryonic fibroblasts,Embryonic,EMB
0.2071009827489186,Embryonic fibroblasts,Embryonic,EMB
0.06560237771271968,Embryonic fibroblasts,Embryonic,EMB
0.09093055279843731,Embryonic fibroblasts,Embryonic,EMB
0.10650203520928678,Embryonic fibroblasts,Embryonic,EMB
0.23513141949164257,Embryonic fibroblasts,Embryonic,EMB
0.002200436996674906,Embryonic fibroblasts,Embryonic,EMB
0.19689267222755533,Embryonic fibroblasts,Embryonic,EMB
0.03894414821160786,Embryonic fibroblasts,Embryonic,EMB
0.11173506242508054,Embryonic fibroblasts,Embryonic,EMB
0.13732798628204282,Embryonic fibroblasts,Embryonic,EMB
0.05942225616592046,Embryonic fibroblasts,Embryonic,EMB
0.20114289061296306,Embryonic fibroblasts,Embryonic,EMB
0.14935921139659322,Embryonic fibroblasts,Embryonic,EMB
0.1860384528863433,Embryonic fibroblasts,Embryonic,EMB
0.01728508523615656,Embryonic fibroblasts,Embryonic,EMB
0.0629236182273435,Embryonic fibroblasts,Embryonic,EMB
0.14935720064020444,Embryonic fibroblasts,Embryonic,EMB
0.2179908400380085,Embryonic fibroblasts,Embryonic,EMB
0.22785580710503028,Embryonic fibroblasts,Embryonic,EMB
0.1940684250291055,Embryonic fibroblasts,Embryonic,EMB
0.15648047803212073,Embryonic fibroblasts,Embryonic,EMB
0.1743925362873192,Embryonic fibroblasts,Embryonic,EMB
-0.08429698630551727,Embryonic fibroblasts,Embryonic,EMB
0.11087956318386133,Embryonic fibroblasts,Embryonic,EMB
0.014238944130598376,Embryonic fibroblasts,Embryonic,EMB
0.11477739374458906,Embryonic fibroblasts,Embryonic,EMB
0.2751591157940972,Embryonic fibroblasts,Embryonic,EMB
0.005520566693983625,Embryonic fibroblasts,Embryonic,EMB
0.08762579387158267,Embryonic fibroblasts,Embryonic,EMB
0.1046018520433336,Embryonic fibroblasts,Embryonic,EMB
0.15593372823392304,Embryonic fibroblasts,Embryonic,EMB
-0.03388872833419268,Embryonic fibroblasts,Embryonic,EMB
0.1714232338915948,Embryonic fibroblasts,Embryonic,EMB
-0.10143259664861073,Embryonic fibroblasts,Embryonic,EMB
0.13185206280525494,Embryonic fibroblasts,Embryonic,EMB
0.17796486783656912,Embryonic fibroblasts,Embryonic,EMB
0.24397106477296485,Embryonic fibroblasts,Embryonic,EMB
0.22300500996508404,Embryonic fibroblasts,Embryonic,EMB
0.39156463823023285,Embryonic fibroblasts,Embryonic,EMB
0.18647112548162076,Embryonic fibroblasts,Embryonic,EMB
0.2387334186528341,Embryonic fibroblasts,Embryonic,EMB
0.09662228137923613,Embryonic fibroblasts,Embryonic,EMB
0.1247736637825868,Embryonic fibroblasts,Embryonic,EMB
0.16464422020734154,Embryonic fibroblasts,Embryonic,EMB
0.2879763620640724,Embryonic fibroblasts,Embryonic,EMB
0.06997299982064693,Embryonic fibroblasts,Embryonic,EMB
0.26518295466038333,Embryonic fibroblasts,Embryonic,EMB
0.13876237593615298,Embryonic fibroblasts,Embryonic,EMB
0.11918709297039302,Embryonic fibroblasts,Embryonic,EMB
0.0854330227154814,Embryonic fibroblasts,Embryonic,EMB
0.1194109580577109,Embryonic fibroblasts,Embryonic,EMB
0.3079156836413399,Embryonic fibroblasts,Embryonic,EMB
0.22134418092535166,Embryonic fibroblasts,Embryonic,EMB
0.03694910941882815,Embryonic fibroblasts,Embryonic,EMB
0.19532665983784958,Embryonic fibroblasts,Embryonic,EMB
0.15479875030613915,Embryonic fibroblasts,Embryonic,EMB
0.23201937684316357,Embryonic fibroblasts,Embryonic,EMB
0.20559099027964006,Embryonic fibroblasts,Embryonic,EMB
0.2115147550512141,Embryonic fibroblasts,Embryonic,EMB
0.22805586705759656,Embryonic fibroblasts,Embryonic,EMB
0.2978887678998386,Embryonic fibroblasts,Embryonic,EMB
0.22885640166068424,Embryonic fibroblasts,Embryonic,EMB
0.13665525579494375,Embryonic fibroblasts,Embryonic,EMB
0.18591247617164006,Embryonic fibroblasts,Embryonic,EMB
0.15048659026979508,Embryonic fibroblasts,Embryonic,EMB
0.21423346108836544,Embryonic fibroblasts,Embryonic,EMB
0.08158246716209633,Embryonic fibroblasts,Embryonic,EMB
0.04410023387291242,Embryonic fibroblasts,Embryonic,EMB
0.06895603929925122,Embryonic fibroblasts,Embryonic,EMB
0.1342906131760338,Embryonic fibroblasts,Embryonic,EMB
0.043924787849632996,Embryonic fibroblasts,Embryonic,EMB
0.1399894925651383,Embryonic fibroblasts,Embryonic,EMB
0.13315625903091793,Embryonic fibroblasts,Embryonic,EMB
0.11126482718724252,Embryonic fibroblasts,Embryonic,EMB
0.266287639144094,Embryonic fibroblasts,Embryonic,EMB
0.1586863116683327,Embryonic fibroblasts,Embryonic,EMB
0.34734847566130145,Embryonic fibroblasts,Embryonic,EMB
0.11859057600685821,Embryonic fibroblasts,Embryonic,EMB
0.10468143819039016,Embryonic fibroblasts,Embryonic,EMB
0.20271570174523526,Embryonic fibroblasts,Embryonic,EMB
0.007885288703122266,Embryonic fibroblasts,Embryonic,EMB
0.15964956000619854,Embryonic fibroblasts,Embryonic,EMB
0.2268179445397757,Embryonic fibroblasts,Embryonic,EMB
0.04292740771096341,Embryonic fibroblasts,Embryonic,EMB
0.23113128189431556,Embryonic fibroblasts,Embryonic,EMB
0.09129365672294715,Embryonic fibroblasts,Embryonic,EMB
-0.023905178705196428,Embryonic fibroblasts,Embryonic,EMB
0.1481357327004888,Embryonic fibroblasts,Embryonic,EMB
0.25510014382354795,Embryonic fibroblasts,Embryonic,EMB
-0.03174195503836996,Embryonic fibroblasts,Embryonic,EMB
0.2523376906702886,Embryonic fibroblasts,Embryonic,EMB
0.017821260862244385,Embryonic fibroblasts,Embryonic,EMB
0.043204373943271396,Embryonic fibroblasts,Embryonic,EMB
0.21162033601441585,Embryonic fibroblasts,Embryonic,EMB
0.12223681921141238,Embryonic fibroblasts,Embryonic,EMB
0.21425361889749997,Embryonic fibroblasts,Embryonic,EMB
0.2693997406433466,Embryonic fibroblasts,Embryonic,EMB
0.2805977262877439,Embryonic fibroblasts,Embryonic,EMB
0.18991147962371427,Embryonic fibroblasts,Embryonic,EMB
0.33973066121791085,Embryonic fibroblasts,Embryonic,EMB
-0.031808789461089705,Embryonic fibroblasts,Embryonic,EMB
0.20439903990899633,Embryonic fibroblasts,Embryonic,EMB
0.18666770409718764,Embryonic fibroblasts,Embryonic,EMB
-0.09896906006753216,Embryonic fibroblasts,Embryonic,EMB
0.28426552479219486,Embryonic fibroblasts,Embryonic,EMB
0.22628208537738334,Embryonic fibroblasts,Embryonic,EMB
0.15270189269399143,Embryonic fibroblasts,Embryonic,EMB
0.08400864702768455,Embryonic fibroblasts,Embryonic,EMB
-0.004364097118339993,Embryonic fibroblasts,Embryonic,EMB
-0.0075628610658808396,Embryonic fibroblasts,Embryonic,EMB
0.27206062381496676,Embryonic fibroblasts,Embryonic,EMB
0.27302301770292275,Embryonic fibroblasts,Embryonic,EMB
0.03120733642069277,Embryonic fibroblasts,Embryonic,EMB
0.16331368572965868,Embryonic fibroblasts,Embryonic,EMB
0.08097009209210497,Embryonic fibroblasts,Embryonic,EMB
0.2552018865956865,Embryonic fibroblasts,Embryonic,EMB
0.16268211455546036,Embryonic fibroblasts,Embryonic,EMB
0.14569408589843208,Embryonic fibroblasts,Embryonic,EMB
0.3067325565451845,Embryonic fibroblasts,Embryonic,EMB
0.04162275578976713,Embryonic fibroblasts,Embryonic,EMB
0.20829179143421972,Embryonic fibroblasts,Embryonic,EMB
0.18132427908092388,Embryonic fibroblasts,Embryonic,EMB
0.23779224109252248,Embryonic fibroblasts,Embryonic,EMB
0.135471199921324,Embryonic fibroblasts,Embryonic,EMB
0.10077248220524093,Embryonic fibroblasts,Embryonic,EMB
0.13142788437818836,Embryonic fibroblasts,Embryonic,EMB
0.15322116286673834,Embryonic fibroblasts,Embryonic,EMB
0.07345640283460063,Embryonic fibroblasts,Embryonic,EMB
0.3647005908649344,Embryonic fibroblasts,Embryonic,EMB
0.1962320916479357,Embryonic fibroblasts,Embryonic,EMB
0.15100552031378744,Embryonic fibroblasts,Embryonic,EMB
0.1602577192412649,Embryonic fibroblasts,Embryonic,EMB
0.32334249268163334,Embryonic fibroblasts,Embryonic,EMB
0.03516405791487094,Embryonic fibroblasts,Embryonic,EMB
0.09054079540927154,Embryonic fibroblasts,Embryonic,EMB
0.03431275397488445,Embryonic fibroblasts,Embryonic,EMB
0.24678172656357797,Embryonic fibroblasts,Embryonic,EMB
0.24072540766552772,Embryonic fibroblasts,Embryonic,EMB
0.2650932130065839,Embryonic fibroblasts,Embryonic,EMB
0.11612235067373514,Embryonic fibroblasts,Embryonic,EMB
0.17145656936440634,Embryonic fibroblasts,Embryonic,EMB
0.23652917084518918,Embryonic fibroblasts,Embryonic,EMB
0.34189500242557724,Embryonic fibroblasts,Embryonic,EMB
0.2825762120344752,Embryonic fibroblasts,Embryonic,EMB
0.126754852864167,Embryonic fibroblasts,Embryonic,EMB
0.19476389599945723,Embryonic fibroblasts,Embryonic,EMB
0.25321016044701466,Embryonic fibroblasts,Embryonic,EMB
0.14724528735971504,Embryonic fibroblasts,Embryonic,EMB
0.2549671192034362,Embryonic fibroblasts,Embryonic,EMB
0.15233949944133546,Embryonic fibroblasts,Embryonic,EMB
0.2405283446815057,Embryonic fibroblasts,Embryonic,EMB
0.1074273475478112,Embryonic fibroblasts,Embryonic,EMB
0.14472698974284173,Embryonic fibroblasts,Embryonic,EMB
0.15647921994049085,Embryonic fibroblasts,Embryonic,EMB
0.22848706047196327,Embryonic fibroblasts,Embryonic,EMB
0.07202353668413905,Embryonic fibroblasts,Embryonic,EMB
0.044440105776301114,Embryonic fibroblasts,Embryonic,EMB
0.11602482005415403,Embryonic fibroblasts,Embryonic,EMB
0.045213673111433525,Embryonic fibroblasts,Embryonic,EMB
0.19703227787314545,Embryonic fibroblasts,Embryonic,EMB
0.11149732613835886,Embryonic fibroblasts,Embryonic,EMB
-0.02833127214207414,Embryonic fibroblasts,Embryonic,EMB
0.13194190643262677,Embryonic fibroblasts,Embryonic,EMB
0.2145126433621785,Embryonic fibroblasts,Embryonic,EMB
0.20780952984806172,Embryonic fibroblasts,Embryonic,EMB
0.14411354544923352,Embryonic fibroblasts,Embryonic,EMB
0.0753875137617379,Embryonic fibroblasts,Embryonic,EMB
0.05474012182053109,Embryonic fibroblasts,Embryonic,EMB
0.13314950216919016,Embryonic fibroblasts,Embryonic,EMB
0.2752981740299727,Embryonic fibroblasts,Embryonic,EMB
0.135141424105021,Embryonic fibroblasts,Embryonic,EMB
0.18261060457730163,Embryonic fibroblasts,Embryonic,EMB
0.11344913019706027,Embryonic fibroblasts,Embryonic,EMB
0.21085862530444233,Embryonic fibroblasts,Embryonic,EMB
0.0729370850301875,Embryonic fibroblasts,Embryonic,EMB
0.20084395903402397,Embryonic fibroblasts,Embryonic,EMB
0.17611805887061924,Embryonic fibroblasts,Embryonic,EMB
0.1477819657245477,Embryonic fibroblasts,Embryonic,EMB
0.21923364065598444,Embryonic fibroblasts,Embryonic,EMB
0.11479764982506158,Embryonic fibroblasts,Embryonic,EMB
0.10106721765750426,Embryonic fibroblasts,Embryonic,EMB
0.1829854337009533,Embryonic fibroblasts,Embryonic,EMB
-0.017283986631872632,Embryonic fibroblasts,Embryonic,EMB
0.26283836075755096,Embryonic fibroblasts,Embryonic,EMB
0.12140446944200012,Embryonic fibroblasts,Embryonic,EMB
0.1348064885040337,Embryonic fibroblasts,Embryonic,EMB
0.36200952487557003,Embryonic fibroblasts,Embryonic,EMB
0.13062051023812943,Embryonic fibroblasts,Embryonic,EMB
0.2227396586687512,Embryonic fibroblasts,Embryonic,EMB
0.21583144135848148,Embryonic fibroblasts,Embryonic,EMB
0.27465312906915407,Embryonic fibroblasts,Embryonic,EMB
0.18663717170078092,Embryonic fibroblasts,Embryonic,EMB
0.1122876451254639,Embryonic fibroblasts,Embryonic,EMB
0.129744059608298,Embryonic fibroblasts,Embryonic,EMB
0.17198868885413582,Embryonic fibroblasts,Embryonic,EMB
0.2404090755603971,Embryonic fibroblasts,Embryonic,EMB
0.2682443958637693,Embryonic fibroblasts,Embryonic,EMB
0.06734373713112579,Embryonic fibroblasts,Embryonic,EMB
0.16446594710188914,Embryonic fibroblasts,Embryonic,EMB
0.3002162170654773,Embryonic fibroblasts,Embryonic,EMB
0.22990236120841745,Embryonic fibroblasts,Embryonic,EMB
0.03607988584014877,Embryonic fibroblasts,Embryonic,EMB
0.2770792608965189,Embryonic fibroblasts,Embryonic,EMB
0.060899327996662075,Embryonic fibroblasts,Embryonic,EMB
0.36219277534903904,Embryonic fibroblasts,Embryonic,EMB
0.15759276951669876,Embryonic fibroblasts,Embryonic,EMB
0.24059772952735012,Embryonic fibroblasts,Embryonic,EMB
0.012759046213927847,Embryonic fibroblasts,Embryonic,EMB
0.20784024882831195,Embryonic fibroblasts,Embryonic,EMB
0.24721392186727564,Embryonic fibroblasts,Embryonic,EMB
0.1757241332954631,Embryonic fibroblasts,Embryonic,EMB
0.09713951780353462,Embryonic fibroblasts,Embryonic,EMB
0.24429620464781934,Embryonic fibroblasts,Embryonic,EMB
0.020380852085807494,Embryonic fibroblasts,Embryonic,EMB
0.1734716472831694,Embryonic fibroblasts,Embryonic,EMB
-0.020829972438414807,Embryonic fibroblasts,Embryonic,EMB
0.24814877608039485,Embryonic fibroblasts,Embryonic,EMB
-0.18628278163290254,Embryonic fibroblasts,Embryonic,EMB
0.3407382039475366,Embryonic fibroblasts,Embryonic,EMB
-0.03293737161826131,Embryonic fibroblasts,Embryonic,EMB
0.1746168535837098,Embryonic fibroblasts,Embryonic,EMB
0.02552655421327985,Embryonic fibroblasts,Embryonic,EMB
-0.07946486026071042,Embryonic fibroblasts,Embryonic,EMB
0.06439804960843001,Embryonic fibroblasts,Embryonic,EMB
0.13708503799690688,Embryonic fibroblasts,Embryonic,EMB
0.03797423050341663,Embryonic fibroblasts,Embryonic,EMB
0.18744487668122228,Embryonic fibroblasts,Embryonic,EMB
0.09129888569818037,Embryonic fibroblasts,Embryonic,EMB
0.2765729718859448,Embryonic fibroblasts,Embryonic,EMB
0.23125130111830036,Embryonic fibroblasts,Embryonic,EMB
0.014756688115103736,Embryonic fibroblasts,Embryonic,EMB
0.1404990171986063,Embryonic fibroblasts,Embryonic,EMB
-0.03497320106274243,Embryonic fibroblasts,Embryonic,EMB
0.10897776098585474,Embryonic fibroblasts,Embryonic,EMB
0.28645209566399055,Embryonic fibroblasts,Embryonic,EMB
0.06593757015371485,Embryonic fibroblasts,Embryonic,EMB
0.06812231339231911,Embryonic fibroblasts,Embryonic,EMB
0.1326848360629764,Embryonic fibroblasts,Embryonic,EMB
-0.07600539045813208,Embryonic fibroblasts,Embryonic,EMB
0.21594839943833413,Embryonic fibroblasts,Embryonic,EMB
0.1457628374647288,Embryonic fibroblasts,Embryonic,EMB
0.10681384251638852,Embryonic fibroblasts,Embryonic,EMB
0.3249630500055849,Embryonic fibroblasts,Embryonic,EMB
0.3534664175124965,Embryonic fibroblasts,Embryonic,EMB
0.21894557286866378,Embryonic fibroblasts,Embryonic,EMB
0.06088042897894127,Embryonic fibroblasts,Embryonic,EMB
0.2547332303198461,Embryonic fibroblasts,Embryonic,EMB
0.15534581330274136,Embryonic fibroblasts,Embryonic,EMB
0.14427390354061398,Embryonic fibroblasts,Embryonic,EMB
0.17371106928461966,Embryonic fibroblasts,Embryonic,EMB
0.16782612605489988,Embryonic fibroblasts,Embryonic,EMB
0.13392457345281716,Embryonic fibroblasts,Embryonic,EMB
0.23969124951209836,Embryonic fibroblasts,Embryonic,EMB
0.3036110887993338,Embryonic fibroblasts,Embryonic,EMB
0.08089063054173602,Embryonic fibroblasts,Embryonic,EMB
0.010337309957154803,Embryonic fibroblasts,Embryonic,EMB
0.1569182122959478,Embryonic fibroblasts,Embryonic,EMB
0.27441498284873794,Embryonic fibroblasts,Embryonic,EMB
-0.06640609798235866,Embryonic fibroblasts,Embryonic,EMB
0.2246211940512701,Embryonic fibroblasts,Embryonic,EMB
0.13059561332058187,Embryonic fibroblasts,Embryonic,EMB
0.2563065733809355,Embryonic fibroblasts,Embryonic,EMB
0.16150606094250017,Embryonic fibroblasts,Embryonic,EMB
0.2941911402070404,Embryonic fibroblasts,Embryonic,EMB
0.17855699185861548,Embryonic fibroblasts,Embryonic,EMB
0.05963584308822918,Embryonic fibroblasts,Embryonic,EMB
0.16649379721797766,Embryonic fibroblasts,Embryonic,EMB
0.1969241213727611,Embryonic fibroblasts,Embryonic,EMB
0.2166565724879925,Embryonic fibroblasts,Embryonic,EMB
0.0912554085988067,Embryonic fibroblasts,Embryonic,EMB
0.06447049121906213,Embryonic fibroblasts,Embryonic,EMB
0.16264633844715956,Embryonic fibroblasts,Embryonic,EMB
0.15889328276988815,Embryonic fibroblasts,Embryonic,EMB
0.06442582224031215,Embryonic fibroblasts,Embryonic,EMB
0.08929691482485363,Embryonic fibroblasts,Embryonic,EMB
0.25156106031353687,Embryonic fibroblasts,Embryonic,EMB
0.2725666294829584,Embryonic fibroblasts,Embryonic,EMB
0.06414259675622934,Embryonic fibroblasts,Embryonic,EMB
0.08876805381968975,Embryonic fibroblasts,Embryonic,EMB
0.19476916378905315,Embryonic fibroblasts,Embryonic,EMB
0.23835274262164766,Embryonic fibroblasts,Embryonic,EMB
0.312321583921713,Embryonic fibroblasts,Embryonic,EMB
0.19026283988508752,Embryonic fibroblasts,Embryonic,EMB
0.14237981189678156,Embryonic fibroblasts,Embryonic,EMB
0.14431376153044925,Embryonic fibroblasts,Embryonic,EMB
0.07332312582129755,Embryonic fibroblasts,Embryonic,EMB
0.15692891292408198,Embryonic fibroblasts,Embryonic,EMB
0.3011833902005063,Embryonic fibroblasts,Embryonic,EMB
0.08080390901442633,Embryonic fibroblasts,Embryonic,EMB
0.11940728232828741,Embryonic fibroblasts,Embryonic,EMB
0.09750463396401922,Embryonic fibroblasts,Embryonic,EMB
0.14588557025945428,Embryonic fibroblasts,Embryonic,EMB
0.18435235433845423,Embryonic fibroblasts,Embryonic,EMB
0.12299719241624331,Embryonic fibroblasts,Embryonic,EMB
0.16283459125118885,Embryonic fibroblasts,Embryonic,EMB
0.13725042767409415,Embryonic fibroblasts,Embryonic,EMB
0.2993168785882307,Embryonic fibroblasts,Embryonic,EMB
0.20705185792927805,Embryonic fibroblasts,Embryonic,EMB
0.18098212290182408,Embryonic fibroblasts,Embryonic,EMB
0.010615401969191189,Embryonic fibroblasts,Embryonic,EMB
0.025249353520779994,Embryonic fibroblasts,Embryonic,EMB
0.12007173317186887,Embryonic fibroblasts,Embryonic,EMB
0.16638220563481296,Embryonic fibroblasts,Embryonic,EMB
0.1768090897401592,Embryonic fibroblasts,Embryonic,EMB
0.15134874519788832,Embryonic fibroblasts,Embryonic,EMB
0.17476716587656183,Embryonic fibroblasts,Embryonic,EMB
0.07666353666878807,Embryonic fibroblasts,Embryonic,EMB
0.04422464011800518,Embryonic fibroblasts,Embryonic,EMB
0.3203938230151817,Embryonic fibroblasts,Embryonic,EMB
0.13395167413081324,Embryonic fibroblasts,Embryonic,EMB
0.11923660662442206,Embryonic fibroblasts,Embryonic,EMB
0.14185812626223546,Embryonic fibroblasts,Embryonic,EMB
0.2972537937526293,Embryonic fibroblasts,Embryonic,EMB
0.25132463507480257,Embryonic fibroblasts,Embryonic,EMB
0.08771028083256777,Embryonic fibroblasts,Embryonic,EMB
0.03389384629166885,Embryonic fibroblasts,Embryonic,EMB
0.054743570785007176,Embryonic fibroblasts,Embryonic,EMB
0.34285982202317233,Embryonic fibroblasts,Embryonic,EMB
0.19569629018447315,Embryonic fibroblasts,Embryonic,EMB
0.19040488278413512,Embryonic fibroblasts,Embryonic,EMB
0.12047281430043308,Embryonic fibroblasts,Embryonic,EMB
0.07156771827194738,Embryonic fibroblasts,Embryonic,EMB
0.2070025273784437,Embryonic fibroblasts,Embryonic,EMB
0.27063442334591925,Embryonic fibroblasts,Embryonic,EMB
0.17275824389336808,Embryonic fibroblasts,Embryonic,EMB
0.03056178413342595,Embryonic fibroblasts,Embryonic,EMB
0.2208654226204528,Embryonic fibroblasts,Embryonic,EMB
0.17212914983581015,Embryonic fibroblasts,Embryonic,EMB
0.1609026716155565,Embryonic fibroblasts,Embryonic,EMB
0.2915530127481043,Embryonic fibroblasts,Embryonic,EMB
0.17411938237413482,Embryonic fibroblasts,Embryonic,EMB
0.04402860601546073,Embryonic fibroblasts,Embryonic,EMB
0.2593636670373472,Embryonic fibroblasts,Embryonic,EMB
0.34249095456300294,Embryonic fibroblasts,Embryonic,EMB
0.2113599558529462,Embryonic fibroblasts,Embryonic,EMB
-0.0005826659721634014,Embryonic fibroblasts,Embryonic,EMB
0.012980993676849274,Embryonic fibroblasts,Embryonic,EMB
0.1315134790272145,Embryonic fibroblasts,Embryonic,EMB
0.09478112117689777,Embryonic fibroblasts,Embryonic,EMB
0.17241913736370518,Embryonic fibroblasts,Embryonic,EMB
0.11174446794125575,Embryonic fibroblasts,Embryonic,EMB
0.058293991434076056,Embryonic fibroblasts,Embryonic,EMB
0.20498919227025603,Embryonic fibroblasts,Embryonic,EMB
0.14260851427927393,Embryonic fibroblasts,Embryonic,EMB
0.14844726275482098,Embryonic fibroblasts,Embryonic,EMB
0.2103206607427858,Embryonic fibroblasts,Embryonic,EMB
0.1398499783365989,Embryonic fibroblasts,Embryonic,EMB
0.07069974324804434,Embryonic fibroblasts,Embryonic,EMB
0.20312304500058906,Embryonic fibroblasts,Embryonic,EMB
0.2512266184034657,Embryonic fibroblasts,Embryonic,EMB
0.10316778985005519,Embryonic fibroblasts,Embryonic,EMB
0.15833049650528588,Embryonic fibroblasts,Embryonic,EMB
0.34884918054446573,Embryonic fibroblasts,Embryonic,EMB
0.15970143314036664,Embryonic fibroblasts,Embryonic,EMB
0.2159597477043019,Embryonic fibroblasts,Embryonic,EMB
0.1333685898638333,Embryonic fibroblasts,Embryonic,EMB
0.13345702362863068,Embryonic fibroblasts,Embryonic,EMB
0.06636734524742051,Embryonic fibroblasts,Embryonic,EMB
0.394379108130723,Embryonic fibroblasts,Embryonic,EMB
0.18297386542065636,Embryonic fibroblasts,Embryonic,EMB
0.2051655407655953,Embryonic fibroblasts,Embryonic,EMB
0.15856393554365453,Embryonic fibroblasts,Embryonic,EMB
0.1255642562416032,Embryonic fibroblasts,Embryonic,EMB
0.30803194562700104,Embryonic fibroblasts,Embryonic,EMB
0.2338008906756444,Embryonic fibroblasts,Embryonic,EMB
0.3433775948548283,Embryonic fibroblasts,Embryonic,EMB
0.13000714466594177,Embryonic fibroblasts,Embryonic,EMB
0.18039146238303455,Embryonic fibroblasts,Embryonic,EMB
0.10663607983708717,Embryonic fibroblasts,Embryonic,EMB
0.26701421642882994,Embryonic fibroblasts,Embryonic,EMB
0.08729208346236318,Embryonic fibroblasts,Embryonic,EMB
0.0903335287109826,Embryonic fibroblasts,Embryonic,EMB
0.09142761139090586,Embryonic fibroblasts,Embryonic,EMB
0.21290817888477082,Embryonic fibroblasts,Embryonic,EMB
0.2922801847138063,Embryonic fibroblasts,Embryonic,EMB
0.10294154975488287,Embryonic fibroblasts,Embryonic,EMB
0.22819173385131927,Embryonic fibroblasts,Embryonic,EMB
0.06501619532321791,Embryonic fibroblasts,Embryonic,EMB
0.17504568504120036,Embryonic fibroblasts,Embryonic,EMB
0.0820086639169923,Embryonic fibroblasts,Embryonic,EMB
0.22364885506551857,Embryonic fibroblasts,Embryonic,EMB
0.16828591003715274,Embryonic fibroblasts,Embryonic,EMB
0.1329137356569157,Embryonic fibroblasts,Embryonic,EMB
0.25350628488876764,Embryonic fibroblasts,Embryonic,EMB
0.26000260408755843,Embryonic fibroblasts,Embryonic,EMB
0.3797795216074747,Embryonic fibroblasts,Embryonic,EMB
0.29441778955429465,Embryonic fibroblasts,Embryonic,EMB
0.3294802170430947,Embryonic fibroblasts,Embryonic,EMB
0.1452251960235742,Embryonic fibroblasts,Embryonic,EMB
0.2274968224381863,Embryonic fibroblasts,Embryonic,EMB
0.20607060684867357,Embryonic fibroblasts,Embryonic,EMB
0.08388943238628617,Embryonic fibroblasts,Embryonic,EMB
0.019570640868422556,Embryonic fibroblasts,Embryonic,EMB
0.1451116688248679,Embryonic fibroblasts,Embryonic,EMB
0.351643585092958,Embryonic fibroblasts,Embryonic,EMB
0.18771319121255697,Embryonic fibroblasts,Embryonic,EMB
0.24903018609719355,Embryonic fibroblasts,Embryonic,EMB
0.10567445850721058,Embryonic fibroblasts,Embryonic,EMB
0.3723032749734178,Embryonic fibroblasts,Embryonic,EMB
0.13206692221645647,Embryonic fibroblasts,Embryonic,EMB
0.05069038753931131,Embryonic fibroblasts,Embryonic,EMB
0.3190736756486028,Embryonic fibroblasts,Embryonic,EMB
0.18177940537445386,Embryonic fibroblasts,Embryonic,EMB
0.3335195266204967,Embryonic fibroblasts,Embryonic,EMB
0.14690461493650195,Embryonic fibroblasts,Embryonic,EMB
0.18367582668173807,Embryonic fibroblasts,Embryonic,EMB
0.16264748433360265,Embryonic fibroblasts,Embryonic,EMB
0.040765415577906625,Embryonic fibroblasts,Embryonic,EMB
0.19976583928879071,Embryonic fibroblasts,Embryonic,EMB
0.11630450502923301,Embryonic fibroblasts,Embryonic,EMB
0.215154652181081,Embryonic fibroblasts,Embryonic,EMB
0.18676546212914028,Embryonic fibroblasts,Embryonic,EMB
0.28185024240435735,Embryonic fibroblasts,Embryonic,EMB
0.20488624827943522,Embryonic fibroblasts,Embryonic,EMB
0.26217794643617137,Embryonic fibroblasts,Embryonic,EMB
0.01266931939658737,Embryonic fibroblasts,Embryonic,EMB
0.2653737686862393,Embryonic fibroblasts,Embryonic,EMB
0.0672226591897057,Embryonic fibroblasts,Embryonic,EMB
0.24005513471406512,Embryonic fibroblasts,Embryonic,EMB
-0.010157148383996093,Embryonic fibroblasts,Embryonic,EMB
0.1554810337000251,Embryonic fibroblasts,Embryonic,EMB
0.20398083094279829,Embryonic fibroblasts,Embryonic,EMB
0.014097751795582932,Embryonic fibroblasts,Embryonic,EMB
0.16536446151541231,Embryonic fibroblasts,Embryonic,EMB
0.323096317335448,Embryonic fibroblasts,Embryonic,EMB
0.2409343604885821,Embryonic fibroblasts,Embryonic,EMB
0.25839924061444863,Embryonic fibroblasts,Embryonic,EMB
0.0760875767179664,Embryonic fibroblasts,Embryonic,EMB
0.006544004506196262,Embryonic fibroblasts,Embryonic,EMB
0.09241825480517976,Embryonic fibroblasts,Embryonic,EMB
0.019953724312018823,Embryonic fibroblasts,Embryonic,EMB
0.21953216890976687,Embryonic fibroblasts,Embryonic,EMB
0.2517357024800427,Embryonic fibroblasts,Embryonic,EMB
0.08203665025196752,Embryonic fibroblasts,Embryonic,EMB
0.15313554094210916,Embryonic fibroblasts,Embryonic,EMB
0.0839768420924671,Embryonic fibroblasts,Embryonic,EMB
0.008515460471057466,Embryonic fibroblasts,Embryonic,EMB
0.17737892805754488,Embryonic fibroblasts,Embryonic,EMB
0.04379160414285773,Embryonic fibroblasts,Embryonic,EMB
0.2887757192007773,Embryonic fibroblasts,Embryonic,EMB
0.10324710129810617,Embryonic fibroblasts,Embryonic,EMB
0.14714341887848448,Embryonic fibroblasts,Embryonic,EMB
0.23806588013186739,Embryonic fibroblasts,Embryonic,EMB
0.31278346599446044,Embryonic fibroblasts,Embryonic,EMB
0.16519733720313373,Embryonic fibroblasts,Embryonic,EMB
0.019587278945437256,Embryonic fibroblasts,Embryonic,EMB
0.27353705657670335,Embryonic fibroblasts,Embryonic,EMB
0.21400601824842674,Embryonic fibroblasts,Embryonic,EMB
0.2655942859121424,Embryonic fibroblasts,Embryonic,EMB
0.11238993025473881,Embryonic fibroblasts,Embryonic,EMB
0.06807943166877571,Embryonic fibroblasts,Embryonic,EMB
0.3802014549835138,Embryonic fibroblasts,Embryonic,EMB
0.0958119551184648,Embryonic fibroblasts,Embryonic,EMB
0.036291646574736706,Embryonic fibroblasts,Embryonic,EMB
0.16876113903135942,Embryonic fibroblasts,Embryonic,EMB
0.1292583568405852,Embryonic fibroblasts,Embryonic,EMB
0.18916852305278703,Embryonic fibroblasts,Embryonic,EMB
0.11737405059314011,Embryonic fibroblasts,Embryonic,EMB
0.0861434208774147,Embryonic fibroblasts,Embryonic,EMB
0.18912354221211825,Embryonic fibroblasts,Embryonic,EMB
0.3146004960355347,Embryonic fibroblasts,Embryonic,EMB
0.11839114658350686,Embryonic fibroblasts,Embryonic,EMB
0.3384005021005247,Embryonic fibroblasts,Embryonic,EMB
0.28782232929599366,Embryonic fibroblasts,Embryonic,EMB
-0.1213738523722923,Embryonic fibroblasts,Embryonic,EMB
0.16600654465026446,Embryonic fibroblasts,Embryonic,EMB
0.09227934987382606,Embryonic fibroblasts,Embryonic,EMB
0.24065435570585303,Embryonic fibroblasts,Embryonic,EMB
0.007507248410348534,Embryonic fibroblasts,Embryonic,EMB
0.2413309986950023,Embryonic fibroblasts,Embryonic,EMB
0.16647904458798476,Embryonic fibroblasts,Embryonic,EMB
0.2636218166245167,Embryonic fibroblasts,Embryonic,EMB
0.16502562896273432,Embryonic fibroblasts,Embryonic,EMB
0.21104504295308246,Embryonic fibroblasts,Embryonic,EMB
0.17261417301821017,Embryonic fibroblasts,Embryonic,EMB
0.2756594288908028,Embryonic fibroblasts,Embryonic,EMB
0.15897623211874737,Embryonic fibroblasts,Embryonic,EMB
-0.06290228519844598,Embryonic fibroblasts,Embryonic,EMB
0.2543099194187491,Embryonic fibroblasts,Embryonic,EMB
0.33125222238825036,Embryonic fibroblasts,Embryonic,EMB
0.2114714984477757,Embryonic fibroblasts,Embryonic,EMB
0.23890173054759994,Embryonic fibroblasts,Embryonic,EMB
0.06524749609365442,Embryonic fibroblasts,Embryonic,EMB
0.10070974001059821,Embryonic fibroblasts,Embryonic,EMB
0.18157583383792045,Embryonic fibroblasts,Embryonic,EMB
0.2631244477862615,Embryonic fibroblasts,Embryonic,EMB
0.19119013637040608,Embryonic fibroblasts,Embryonic,EMB
0.2802834334688476,Embryonic fibroblasts,Embryonic,EMB
0.0606233437843801,Embryonic fibroblasts,Embryonic,EMB
0.17040446719785718,Embryonic fibroblasts,Embryonic,EMB
0.10352363778756993,Embryonic fibroblasts,Embryonic,EMB
0.13217874681765876,Embryonic fibroblasts,Embryonic,EMB
0.08836948912418349,Embryonic fibroblasts,Embryonic,EMB
0.20012976607162436,Embryonic fibroblasts,Embryonic,EMB
0.23903877300797766,Embryonic fibroblasts,Embryonic,EMB
0.30345803578186936,Embryonic fibroblasts,Embryonic,EMB
0.21532312779709586,Embryonic fibroblasts,Embryonic,EMB
0.0253618961207331,Embryonic fibroblasts,Embryonic,EMB
0.11598102705951402,Embryonic fibroblasts,Embryonic,EMB
0.11968963274283631,Embryonic fibroblasts,Embryonic,EMB
0.21674099846910305,Embryonic fibroblasts,Embryonic,EMB
0.23530683191042942,Embryonic fibroblasts,Embryonic,EMB
0.08191519249096424,Embryonic fibroblasts,Embryonic,EMB
0.35639127131300935,Embryonic fibroblasts,Embryonic,EMB
0.1640682320571484,Embryonic fibroblasts,Embryonic,EMB
0.12177556270029977,Embryonic fibroblasts,Embryonic,EMB
0.2783008475756456,Embryonic fibroblasts,Embryonic,EMB
0.3074987313896736,Embryonic fibroblasts,Embryonic,EMB
0.02347572714570934,Embryonic fibroblasts,Embryonic,EMB
-0.089685470443204,Embryonic fibroblasts,Embryonic,EMB
0.13856882872760348,Embryonic fibroblasts,Embryonic,EMB
0.2554722079296653,Embryonic fibroblasts,Embryonic,EMB
0.0773866679816022,Embryonic fibroblasts,Embryonic,EMB
0.10090161420971888,Embryonic fibroblasts,Embryonic,EMB
0.12807323893911282,Embryonic fibroblasts,Embryonic,EMB
0.08744950668301,Embryonic fibroblasts,Embryonic,EMB
0.26138126970877046,Embryonic fibroblasts,Embryonic,EMB
0.10745271770588613,Embryonic fibroblasts,Embryonic,EMB
0.14350970832001725,Embryonic fibroblasts,Embryonic,EMB
0.2388468532970941,Embryonic fibroblasts,Embryonic,EMB
0.07562086651547298,Embryonic fibroblasts,Embryonic,EMB
0.16473245589287888,Embryonic fibroblasts,Embryonic,EMB
0.16768788299111065,Embryonic fibroblasts,Embryonic,EMB
0.19038774798558822,Embryonic fibroblasts,Embryonic,EMB
0.2415640755944355,Embryonic fibroblasts,Embryonic,EMB
0.02610969709622119,Embryonic fibroblasts,Embryonic,EMB
0.08944420761097102,Embryonic fibroblasts,Embryonic,EMB
0.14856168839723924,Embryonic fibroblasts,Embryonic,EMB
0.2728611579504946,Embryonic fibroblasts,Embryonic,EMB
0.07993186059415855,Embryonic fibroblasts,Embryonic,EMB
0.234234791070872,Embryonic fibroblasts,Embryonic,EMB
0.16178172767738072,Embryonic fibroblasts,Embryonic,EMB
0.24974827719507506,Embryonic fibroblasts,Embryonic,EMB
0.25444664360328706,Embryonic fibroblasts,Embryonic,EMB
0.19754267880945747,Embryonic fibroblasts,Embryonic,EMB
0.2815135784203412,Embryonic fibroblasts,Embryonic,EMB
0.14328952626155073,Embryonic fibroblasts,Embryonic,EMB
0.18788943387974166,Embryonic fibroblasts,Embryonic,EMB
0.24637147323089292,Embryonic fibroblasts,Embryonic,EMB
0.15613596405959174,Embryonic fibroblasts,Embryonic,EMB
0.22956869588332907,Embryonic fibroblasts,Embryonic,EMB
0.10310685123472568,Embryonic fibroblasts,Embryonic,EMB
0.1786531791526211,Embryonic fibroblasts,Embryonic,EMB
0.2469468747788681,Embryonic fibroblasts,Embryonic,EMB
0.21014308256315342,Embryonic fibroblasts,Embryonic,EMB
0.14851230522022635,Embryonic fibroblasts,Embryonic,EMB
0.11974548986762387,Embryonic fibroblasts,Embryonic,EMB
0.1881491826936208,Embryonic fibroblasts,Embryonic,EMB
0.1262158276550006,Embryonic fibroblasts,Embryonic,EMB
0.1246496033892949,Embryonic fibroblasts,Embryonic,EMB
0.22912377317118465,Embryonic fibroblasts,Embryonic,EMB
0.18599941143709395,Embryonic fibroblasts,Embryonic,EMB
0.18957733379323538,Embryonic fibroblasts,Embryonic,EMB
0.359306485488743,Embryonic fibroblasts,Embryonic,EMB
0.2183688920953782,Embryonic fibroblasts,Embryonic,EMB
0.13387383759728433,Embryonic fibroblasts,Embryonic,EMB
0.20132407627658283,Embryonic fibroblasts,Embryonic,EMB
-0.002200927766693438,Embryonic fibroblasts,Embryonic,EMB
0.15968970419160392,Embryonic fibroblasts,Embryonic,EMB
0.25976332830211685,Embryonic fibroblasts,Embryonic,EMB
0.11868528088291225,Embryonic fibroblasts,Embryonic,EMB
0.10706393556951663,Embryonic fibroblasts,Embryonic,EMB
0.2987413636031657,Embryonic fibroblasts,Embryonic,EMB
0.2046858696501005,Embryonic fibroblasts,Embryonic,EMB
0.08679479552121132,Embryonic fibroblasts,Embryonic,EMB
0.19496611421349783,Embryonic fibroblasts,Embryonic,EMB
0.24997621259247685,Embryonic fibroblasts,Embryonic,EMB
0.17573362183468702,Embryonic fibroblasts,Embryonic,EMB
0.08099839871222703,Embryonic fibroblasts,Embryonic,EMB
0.235748330524361,Embryonic fibroblasts,Embryonic,EMB
0.14825527799895122,Embryonic fibroblasts,Embryonic,EMB
0.20372574081404596,Embryonic fibroblasts,Embryonic,EMB
0.17750620340983703,Embryonic fibroblasts,Embryonic,EMB
0.025058944693511713,Embryonic fibroblasts,Embryonic,EMB
0.44494584925594516,Embryonic fibroblasts,Embryonic,EMB
0.07663167836463541,Embryonic fibroblasts,Embryonic,EMB
0.16122623306494174,Embryonic fibroblasts,Embryonic,EMB
0.20172959859171483,Embryonic fibroblasts,Embryonic,EMB
0.20270781855146236,Embryonic fibroblasts,Embryonic,EMB
0.18998091125624478,Embryonic fibroblasts,Embryonic,EMB
0.3940483006859885,Embryonic fibroblasts,Embryonic,EMB
0.14536804196005051,Embryonic fibroblasts,Embryonic,EMB
0.16729712882491696,Embryonic fibroblasts,Embryonic,EMB
0.1983706695727047,Embryonic fibroblasts,Embryonic,EMB
0.2109214992879398,Embryonic fibroblasts,Embryonic,EMB
0.18133203874978926,Embryonic fibroblasts,Embryonic,EMB
0.17273450723648498,Embryonic fibroblasts,Embryonic,EMB
0.29166016687435353,Embryonic fibroblasts,Embryonic,EMB
0.1441740373741699,Embryonic fibroblasts,Embryonic,EMB
0.16160371288112063,Embryonic fibroblasts,Embryonic,EMB
0.34054424325633814,Embryonic fibroblasts,Embryonic,EMB
0.28903353229770706,Embryonic fibroblasts,Embryonic,EMB
0.28987749055233475,Embryonic fibroblasts,Embryonic,EMB
0.2430054954160481,Embryonic fibroblasts,Embryonic,EMB
0.29364371730398053,Embryonic fibroblasts,Embryonic,EMB
0.1762645555431093,Embryonic fibroblasts,Embryonic,EMB
0.24576032135647383,Embryonic fibroblasts,Embryonic,EMB
0.0937853539434021,Embryonic fibroblasts,Embryonic,EMB
0.3007327439421917,Embryonic fibroblasts,Embryonic,EMB
0.12069809401664859,Embryonic fibroblasts,Embryonic,EMB
0.03639366858233685,Embryonic fibroblasts,Embryonic,EMB
0.28134028147540424,Embryonic fibroblasts,Embryonic,EMB
0.23497167716542428,Embryonic fibroblasts,Embryonic,EMB
0.17014877830066327,Embryonic fibroblasts,Embryonic,EMB
0.23611116021035058,Embryonic fibroblasts,Embryonic,EMB
0.08157324707166937,Embryonic fibroblasts,Embryonic,EMB
0.30452521003001276,Embryonic fibroblasts,Embryonic,EMB
0.16274113483443084,Embryonic fibroblasts,Embryonic,EMB
0.1874818533793775,Embryonic fibroblasts,Embryonic,EMB
0.07928990723664112,Embryonic fibroblasts,Embryonic,EMB
0.1892102204927165,Embryonic fibroblasts,Embryonic,EMB
-0.10933807117027178,Embryonic fibroblasts,Embryonic,EMB
0.049171889036345,Embryonic fibroblasts,Embryonic,EMB
0.3411338395032243,Embryonic fibroblasts,Embryonic,EMB
0.10889785204242441,Embryonic fibroblasts,Embryonic,EMB
0.1578945568340189,Embryonic fibroblasts,Embryonic,EMB
0.06379467410251201,Embryonic fibroblasts,Embryonic,EMB
0.2854864582622805,Embryonic fibroblasts,Embryonic,EMB
0.10534576209408988,Embryonic fibroblasts,Embryonic,EMB
0.05513116456422115,Embryonic fibroblasts,Embryonic,EMB
0.3477756283654069,Embryonic fibroblasts,Embryonic,EMB
0.15557337101546015,Embryonic fibroblasts,Embryonic,EMB
0.14400735198089729,Embryonic fibroblasts,Embryonic,EMB
0.1657991616045987,Embryonic fibroblasts,Embryonic,EMB
0.022196966705647754,Embryonic fibroblasts,Embryonic,EMB
0.1188850503023254,Embryonic fibroblasts,Embryonic,EMB
0.16861599217433973,Embryonic fibroblasts,Embryonic,EMB
0.12481211005010319,Embryonic fibroblasts,Embryonic,EMB
0.10872699169431507,Embryonic fibroblasts,Embryonic,EMB
0.15133923241467212,Embryonic fibroblasts,Embryonic,EMB
0.3335828189687881,Embryonic fibroblasts,Embryonic,EMB
0.2823241070268557,Embryonic fibroblasts,Embryonic,EMB
0.19727943132853107,Embryonic fibroblasts,Embryonic,EMB
0.13870053063195129,Embryonic fibroblasts,Embryonic,EMB
0.24148592049454093,Embryonic fibroblasts,Embryonic,EMB
0.07371723336497753,Embryonic fibroblasts,Embryonic,EMB
0.1004511350214809,Embryonic fibroblasts,Embryonic,EMB
-0.027354231656862245,Embryonic fibroblasts,Embryonic,EMB
0.09656798211115611,Embryonic fibroblasts,Embryonic,EMB
0.1945174664322928,Embryonic fibroblasts,Embryonic,EMB
0.31914058033990284,Embryonic fibroblasts,Embryonic,EMB
0.026459367119088868,Embryonic fibroblasts,Embryonic,EMB
0.115260884573075,Embryonic fibroblasts,Embryonic,EMB
0.2738601347268088,Embryonic fibroblasts,Embryonic,EMB
0.23749576498436142,Embryonic fibroblasts,Embryonic,EMB
0.28970964120731774,Embryonic fibroblasts,Embryonic,EMB
0.10080704879940199,Embryonic fibroblasts,Embryonic,EMB
0.15164160149321132,Embryonic fibroblasts,Embryonic,EMB
0.26400037597657944,Embryonic fibroblasts,Embryonic,EMB
0.19031940100984002,Embryonic fibroblasts,Embryonic,EMB
0.18514757747024496,Embryonic fibroblasts,Embryonic,EMB
-0.011344935626508693,Embryonic fibroblasts,Embryonic,EMB
-0.041625701431988335,Embryonic fibroblasts,Embryonic,EMB
0.23633362835510596,Embryonic fibroblasts,Embryonic,EMB
-0.011250848831422085,Embryonic fibroblasts,Embryonic,EMB
0.11627687530024516,Embryonic fibroblasts,Embryonic,EMB
0.14256652688705446,Embryonic fibroblasts,Embryonic,EMB
0.2147383663234304,Embryonic fibroblasts,Embryonic,EMB
0.27434105032748995,Embryonic fibroblasts,Embryonic,EMB
0.1119119796974875,Embryonic fibroblasts,Embryonic,EMB
0.071864519159273,Embryonic fibroblasts,Embryonic,EMB
0.04503199309874016,Embryonic fibroblasts,Embryonic,EMB
0.07076721048101765,Embryonic fibroblasts,Embryonic,EMB
0.13320729175675944,Embryonic fibroblasts,Embryonic,EMB
0.31758353096234543,Embryonic fibroblasts,Embryonic,EMB
0.2705114521807781,Embryonic fibroblasts,Embryonic,EMB
0.2174226499675724,Embryonic fibroblasts,Embryonic,EMB
0.303606427086681,Embryonic fibroblasts,Embryonic,EMB
0.2955892122123927,Embryonic fibroblasts,Embryonic,EMB
0.17916077997806423,Embryonic fibroblasts,Embryonic,EMB
0.17107283924770497,Embryonic fibroblasts,Embryonic,EMB
0.3016293398691522,Embryonic fibroblasts,Embryonic,EMB
0.24238139746940918,Embryonic fibroblasts,Embryonic,EMB
0.08958329358616221,Embryonic fibroblasts,Embryonic,EMB
0.1735572274151482,Embryonic fibroblasts,Embryonic,EMB
0.1642427620496102,Embryonic fibroblasts,Embryonic,EMB
0.1739859905256535,Embryonic fibroblasts,Embryonic,EMB
0.1691979490324585,Embryonic fibroblasts,Embryonic,EMB
0.19030618736588933,Embryonic fibroblasts,Embryonic,EMB
0.21396129578576426,Embryonic fibroblasts,Embryonic,EMB
0.2695657086467013,Embryonic fibroblasts,Embryonic,EMB
0.16280503119051318,Embryonic fibroblasts,Embryonic,EMB
0.11990843437749499,Embryonic fibroblasts,Embryonic,EMB
0.10880516651381889,Embryonic fibroblasts,Embryonic,EMB
0.22544644420877513,Embryonic fibroblasts,Embryonic,EMB
0.0879584384186132,Embryonic fibroblasts,Embryonic,EMB
0.17788814638879202,Embryonic fibroblasts,Embryonic,EMB
0.03786104589096824,Embryonic fibroblasts,Embryonic,EMB
0.18943443042890434,Embryonic fibroblasts,Embryonic,EMB
0.18741713701045715,Embryonic fibroblasts,Embryonic,EMB
0.21621684109467934,Embryonic fibroblasts,Embryonic,EMB
0.13658455187463736,Embryonic fibroblasts,Embryonic,EMB
0.17836492303808826,Embryonic fibroblasts,Embryonic,EMB
0.012672019951943041,Embryonic fibroblasts,Embryonic,EMB
0.14902463899464796,Embryonic fibroblasts,Embryonic,EMB
0.1047454010306264,Embryonic fibroblasts,Embryonic,EMB
0.16314481528243707,Embryonic fibroblasts,Embryonic,EMB
0.20044615570887825,Embryonic fibroblasts,Embryonic,EMB
0.150964891040699,Embryonic fibroblasts,Embryonic,EMB
0.21848779632392323,Embryonic fibroblasts,Embryonic,EMB
0.23179591364381136,Embryonic fibroblasts,Embryonic,EMB
0.14342820467134001,Embryonic fibroblasts,Embryonic,EMB
0.26437128572112845,Embryonic fibroblasts,Embryonic,EMB
0.21285295945694077,Embryonic fibroblasts,Embryonic,EMB
0.014948345572238668,Embryonic fibroblasts,Embryonic,EMB
0.20922544282389766,Embryonic fibroblasts,Embryonic,EMB
0.1513792043234596,Embryonic fibroblasts,Embryonic,EMB
0.2142564569080193,Embryonic fibroblasts,Embryonic,EMB
0.08509785516348045,Embryonic fibroblasts,Embryonic,EMB
0.02502899412327107,Embryonic fibroblasts,Embryonic,EMB
0.2971392451462833,Embryonic fibroblasts,Embryonic,EMB
0.062056003460783715,Embryonic fibroblasts,Embryonic,EMB
0.1546612925813173,Embryonic fibroblasts,Embryonic,EMB
0.3173273977723524,Embryonic fibroblasts,Embryonic,EMB
0.1215184541232627,Embryonic fibroblasts,Embryonic,EMB
0.20336104425081247,Embryonic fibroblasts,Embryonic,EMB
0.0394037708877429,Embryonic fibroblasts,Embryonic,EMB
0.11812084606668526,Embryonic fibroblasts,Embryonic,EMB
0.26653224310417084,Embryonic fibroblasts,Embryonic,EMB
0.2586226427510691,Embryonic fibroblasts,Embryonic,EMB
0.20739196514434916,Embryonic fibroblasts,Embryonic,EMB
0.23567717992623197,Embryonic fibroblasts,Embryonic,EMB
0.15992221839040677,Embryonic fibroblasts,Embryonic,EMB
0.27108960553045625,Embryonic fibroblasts,Embryonic,EMB
0.09189636580699846,Embryonic fibroblasts,Embryonic,EMB
0.24403358943938147,Embryonic fibroblasts,Embryonic,EMB
0.1519157607531113,Embryonic fibroblasts,Embryonic,EMB
0.2516019533543657,Embryonic fibroblasts,Embryonic,EMB
0.1576875662676195,Embryonic fibroblasts,Embryonic,EMB
0.1428257280976658,Embryonic fibroblasts,Embryonic,EMB
0.09365849520151139,Embryonic fibroblasts,Embryonic,EMB
0.12266430687269769,Embryonic fibroblasts,Embryonic,EMB
0.18165633824975427,Embryonic fibroblasts,Embryonic,EMB
0.08919345414190383,Embryonic fibroblasts,Embryonic,EMB
0.2179203423130868,Embryonic fibroblasts,Embryonic,EMB
0.27758333673128976,Embryonic fibroblasts,Embryonic,EMB
0.16686399777171743,Embryonic fibroblasts,Embryonic,EMB
0.06802084624229408,Embryonic fibroblasts,Embryonic,EMB
0.06086159548945843,Embryonic fibroblasts,Embryonic,EMB
0.17622555109313146,Embryonic fibroblasts,Embryonic,EMB
0.03963098611796735,Embryonic fibroblasts,Embryonic,EMB
0.06839567481704636,Embryonic fibroblasts,Embryonic,EMB
0.11538971900663234,Embryonic fibroblasts,Embryonic,EMB
0.3475292535871359,Embryonic fibroblasts,Embryonic,EMB
0.1253094707829205,Embryonic fibroblasts,Embryonic,EMB
0.29015623276643715,Embryonic fibroblasts,Embryonic,EMB
0.21389894180207103,Embryonic fibroblasts,Embryonic,EMB
0.08609564952896583,Embryonic fibroblasts,Embryonic,EMB
0.22844554438218886,Embryonic fibroblasts,Embryonic,EMB
-0.04275690682967023,Embryonic fibroblasts,Embryonic,EMB
0.18774905604904663,Embryonic fibroblasts,Embryonic,EMB
-0.022156541145677115,Embryonic fibroblasts,Embryonic,EMB
0.24462794820737918,Embryonic fibroblasts,Embryonic,EMB
0.3242978516253446,Embryonic fibroblasts,Embryonic,EMB
0.2160623976332061,Embryonic fibroblasts,Embryonic,EMB
0.42557979336127155,Embryonic fibroblasts,Embryonic,EMB
0.17235299835154386,Embryonic fibroblasts,Embryonic,EMB
0.19274820913170648,Embryonic fibroblasts,Embryonic,EMB
0.1746672906571954,Embryonic fibroblasts,Embryonic,EMB
0.20830756186318164,Embryonic fibroblasts,Embryonic,EMB
0.25222608609439906,Embryonic fibroblasts,Embryonic,EMB
-0.0017498780344286143,Embryonic fibroblasts,Embryonic,EMB
0.08349011102786516,Embryonic fibroblasts,Embryonic,EMB
0.22008455756164658,Embryonic fibroblasts,Embryonic,EMB
0.23445519265357165,Embryonic fibroblasts,Embryonic,EMB
-0.030394142286812045,Embryonic fibroblasts,Embryonic,EMB
0.1212222331802345,Embryonic fibroblasts,Embryonic,EMB
0.05894033256616534,Embryonic fibroblasts,Embryonic,EMB
0.13981871384943045,Embryonic fibroblasts,Embryonic,EMB
-0.04203660529264534,Embryonic fibroblasts,Embryonic,EMB
0.07229406237585104,Embryonic fibroblasts,Embryonic,EMB
0.0036035871319990906,Embryonic fibroblasts,Embryonic,EMB
0.05879408843719293,Embryonic fibroblasts,Embryonic,EMB
0.08214298126749102,Embryonic fibroblasts,Embryonic,EMB
0.07779634231222797,Embryonic fibroblasts,Embryonic,EMB
0.11926464325753752,Embryonic fibroblasts,Embryonic,EMB
0.12538058453954068,Embryonic fibroblasts,Embryonic,EMB
0.10171991128074045,Embryonic fibroblasts,Embryonic,EMB
0.18725260019389048,Embryonic fibroblasts,Embryonic,EMB
-0.02290879609595924,Embryonic fibroblasts,Embryonic,EMB
0.23888368241587005,Embryonic fibroblasts,Embryonic,EMB
0.3324843558801955,Embryonic fibroblasts,Embryonic,EMB
0.06271539088069736,Embryonic fibroblasts,Embryonic,EMB
0.12833407158076493,Embryonic fibroblasts,Embryonic,EMB
0.08106108696344003,Embryonic fibroblasts,Embryonic,EMB
0.3326564568572601,Embryonic fibroblasts,Embryonic,EMB
0.02551726495536113,Embryonic fibroblasts,Embryonic,EMB
0.2687506282144966,Embryonic fibroblasts,Embryonic,EMB
0.15685689818231296,Embryonic fibroblasts,Embryonic,EMB
0.2197440258990934,Embryonic fibroblasts,Embryonic,EMB
0.20778326780016038,Embryonic fibroblasts,Embryonic,EMB
0.3052504313666626,Embryonic fibroblasts,Embryonic,EMB
0.17232133141224948,Embryonic fibroblasts,Embryonic,EMB
0.13079590232149216,Embryonic fibroblasts,Embryonic,EMB
0.14965104998193046,Embryonic fibroblasts,Embryonic,EMB
0.11337312551758987,Embryonic fibroblasts,Embryonic,EMB
0.2569262209586863,Embryonic fibroblasts,Embryonic,EMB
0.12988880481862536,Embryonic fibroblasts,Embryonic,EMB
0.3059195315824696,Embryonic fibroblasts,Embryonic,EMB
0.022518967670198446,Embryonic fibroblasts,Embryonic,EMB
0.1080406268622051,Embryonic fibroblasts,Embryonic,EMB
0.1798913491625412,Embryonic fibroblasts,Embryonic,EMB
0.061413309251670295,Embryonic fibroblasts,Embryonic,EMB
0.15581049422033466,Embryonic fibroblasts,Embryonic,EMB
0.11863625818424992,Embryonic fibroblasts,Embryonic,EMB
0.13421421675079387,Embryonic fibroblasts,Embryonic,EMB
0.20772908335445964,Embryonic fibroblasts,Embryonic,EMB
0.1664781463019831,Embryonic fibroblasts,Embryonic,EMB
0.262087286069543,Embryonic fibroblasts,Embryonic,EMB
0.12175394668661876,Embryonic fibroblasts,Embryonic,EMB
0.15662492846930554,Embryonic fibroblasts,Embryonic,EMB
0.04689327952602284,Embryonic fibroblasts,Embryonic,EMB
0.2047708343032251,Embryonic fibroblasts,Embryonic,EMB
0.2907612014327272,Embryonic fibroblasts,Embryonic,EMB
0.30050867062470854,Embryonic fibroblasts,Embryonic,EMB
0.18096670545036286,Embryonic fibroblasts,Embryonic,EMB
0.0038193614534195106,Embryonic fibroblasts,Embryonic,EMB
0.25926997855545786,Embryonic fibroblasts,Embryonic,EMB
0.18486412174990025,Embryonic fibroblasts,Embryonic,EMB
0.02607507666388315,Embryonic fibroblasts,Embryonic,EMB
0.1858038764780048,Embryonic fibroblasts,Embryonic,EMB
0.1726338776818781,Embryonic fibroblasts,Embryonic,EMB
0.021592336430666846,Embryonic fibroblasts,Embryonic,EMB
0.31526261603033007,Embryonic fibroblasts,Embryonic,EMB
0.11697987111692992,Embryonic fibroblasts,Embryonic,EMB
0.07072865406563057,Embryonic fibroblasts,Embryonic,EMB
0.20105247039619178,Embryonic fibroblasts,Embryonic,EMB
0.06529676294028634,Embryonic fibroblasts,Embryonic,EMB
0.22717306545473095,Embryonic fibroblasts,Embryonic,EMB
0.30314031242365747,Embryonic fibroblasts,Embryonic,EMB
0.19627835615818578,Embryonic fibroblasts,Embryonic,EMB
0.09534761755332638,Embryonic fibroblasts,Embryonic,EMB
0.1987335639704084,Embryonic fibroblasts,Embryonic,EMB
0.13210359734603094,Embryonic fibroblasts,Embryonic,EMB
0.0968013365846272,Embryonic fibroblasts,Embryonic,EMB
0.21968745675396995,Embryonic fibroblasts,Embryonic,EMB
0.2641738397611064,Embryonic fibroblasts,Embryonic,EMB
0.1347992530573312,Embryonic fibroblasts,Embryonic,EMB
0.04491370576927452,Embryonic fibroblasts,Embryonic,EMB
0.21811880639842587,Embryonic fibroblasts,Embryonic,EMB
0.2247473175422325,Embryonic fibroblasts,Embryonic,EMB
0.35410742215960506,Embryonic fibroblasts,Embryonic,EMB
0.16785583815610403,Embryonic fibroblasts,Embryonic,EMB
0.36442812613308334,Embryonic fibroblasts,Embryonic,EMB
0.1752475417350744,Embryonic fibroblasts,Embryonic,EMB
0.02306530073811419,Embryonic fibroblasts,Embryonic,EMB
0.3095666241142301,Embryonic fibroblasts,Embryonic,EMB
0.16268589094936722,Embryonic fibroblasts,Embryonic,EMB
0.33722793403819296,Embryonic fibroblasts,Embryonic,EMB
0.19223573710695477,Embryonic fibroblasts,Embryonic,EMB
0.21749423234546278,Embryonic fibroblasts,Embryonic,EMB
0.2996430090938292,Embryonic fibroblasts,Embryonic,EMB
0.34629724602948564,Embryonic fibroblasts,Embryonic,EMB
0.29063437399320563,Embryonic fibroblasts,Embryonic,EMB
0.1388595261211799,Embryonic fibroblasts,Embryonic,EMB
0.30851864857496514,Embryonic fibroblasts,Embryonic,EMB
0.076270800187374,Embryonic fibroblasts,Embryonic,EMB
0.07952047313507057,Embryonic fibroblasts,Embryonic,EMB
0.19842173754390452,Embryonic fibroblasts,Embryonic,EMB
0.3647804603885084,Embryonic fibroblasts,Embryonic,EMB
0.12261082059301472,Embryonic fibroblasts,Embryonic,EMB
0.004768961547585798,Embryonic fibroblasts,Embryonic,EMB
0.257694509340837,Embryonic fibroblasts,Embryonic,EMB
0.07825011458916402,Embryonic fibroblasts,Embryonic,EMB
0.15343295713819274,Embryonic fibroblasts,Embryonic,EMB
0.16395432813452265,Embryonic fibroblasts,Embryonic,EMB
0.11403091801044485,Embryonic fibroblasts,Embryonic,EMB
0.08108992600335113,Embryonic fibroblasts,Embryonic,EMB
0.1581289295028637,Embryonic fibroblasts,Embryonic,EMB
0.04036681483599311,Embryonic fibroblasts,Embryonic,EMB
-0.042140234404767794,Embryonic fibroblasts,Embryonic,EMB
0.17694712824928516,Embryonic fibroblasts,Embryonic,EMB
0.19917805534931454,Embryonic fibroblasts,Embryonic,EMB
0.27443035075240896,Embryonic fibroblasts,Embryonic,EMB
0.18332994134179792,Embryonic fibroblasts,Embryonic,EMB
0.09199945715700902,Embryonic fibroblasts,Embryonic,EMB
0.13124981031220082,Embryonic fibroblasts,Embryonic,EMB
0.18935917365013294,Embryonic fibroblasts,Embryonic,EMB
0.12550170497024063,Embryonic fibroblasts,Embryonic,EMB
0.15112037594607222,Embryonic fibroblasts,Embryonic,EMB
0.23432718366962696,Embryonic fibroblasts,Embryonic,EMB
0.21961332845131398,Embryonic fibroblasts,Embryonic,EMB
0.19851373146147502,Embryonic fibroblasts,Embryonic,EMB
0.15194860503642782,Embryonic fibroblasts,Embryonic,EMB
0.07784999669153664,Embryonic fibroblasts,Embryonic,EMB
0.13699243824380375,Embryonic fibroblasts,Embryonic,EMB
0.3657189623196635,Embryonic fibroblasts,Embryonic,EMB
-0.05200570527517201,Embryonic fibroblasts,Embryonic,EMB
0.2689103316716514,Embryonic fibroblasts,Embryonic,EMB
0.18645137992134642,Embryonic fibroblasts,Embryonic,EMB
0.1911280516088399,Embryonic fibroblasts,Embryonic,EMB
0.044276318607808035,Embryonic fibroblasts,Embryonic,EMB
0.09895471305688261,Embryonic fibroblasts,Embryonic,EMB
0.12167166339225616,Embryonic fibroblasts,Embryonic,EMB
0.1505582667238786,Embryonic fibroblasts,Embryonic,EMB
0.10812769459218444,Embryonic fibroblasts,Embryonic,EMB
-0.0026420742927134137,Embryonic fibroblasts,Embryonic,EMB
0.20045347451620457,Embryonic fibroblasts,Embryonic,EMB
0.19674691362487673,Embryonic fibroblasts,Embryonic,EMB
0.13322611208072396,Embryonic fibroblasts,Embryonic,EMB
0.14292343454182707,Embryonic fibroblasts,Embryonic,EMB
0.09754543609114413,Embryonic fibroblasts,Embryonic,EMB
0.36650034371934215,Embryonic fibroblasts,Embryonic,EMB
0.28571235265788086,Embryonic fibroblasts,Embryonic,EMB
0.2670016715949012,Embryonic fibroblasts,Embryonic,EMB
0.2039423576128308,Embryonic fibroblasts,Embryonic,EMB
0.3405968049889719,Embryonic fibroblasts,Embryonic,EMB
0.1545131468123944,Embryonic fibroblasts,Embryonic,EMB
0.2065648161216859,Embryonic fibroblasts,Embryonic,EMB
0.041803178793181045,Embryonic fibroblasts,Embryonic,EMB
0.29809066278080026,Embryonic fibroblasts,Embryonic,EMB
0.06458913949582988,Embryonic fibroblasts,Embryonic,EMB
0.13461762053471749,Embryonic fibroblasts,Embryonic,EMB
0.058178674341579924,Embryonic fibroblasts,Embryonic,EMB
-0.03232774782717146,Embryonic fibroblasts,Embryonic,EMB
0.23707784679021315,Embryonic fibroblasts,Embryonic,EMB
0.027635047264799185,Embryonic fibroblasts,Embryonic,EMB
0.37223539244734694,Embryonic fibroblasts,Embryonic,EMB
0.2074679779269628,Embryonic fibroblasts,Embryonic,EMB
0.2374263036718486,Embryonic fibroblasts,Embryonic,EMB
0.18018580841780174,Embryonic fibroblasts,Embryonic,EMB
0.1948185092337753,Embryonic fibroblasts,Embryonic,EMB
-0.015075360481047913,Embryonic fibroblasts,Embryonic,EMB
0.3328736973472746,Embryonic fibroblasts,Embryonic,EMB
0.21472481048631026,Embryonic fibroblasts,Embryonic,EMB
0.2461934896505698,Embryonic fibroblasts,Embryonic,EMB
0.08782449110323468,Embryonic fibroblasts,Embryonic,EMB
0.17281916573019412,Embryonic fibroblasts,Embryonic,EMB
0.018252065177658983,Embryonic fibroblasts,Embryonic,EMB
0.0626063058348227,Embryonic fibroblasts,Embryonic,EMB
0.26010402465359267,Embryonic fibroblasts,Embryonic,EMB
0.1852973566345623,Embryonic fibroblasts,Embryonic,EMB
0.06005572613272612,Embryonic fibroblasts,Embryonic,EMB
0.1634478688864066,Embryonic fibroblasts,Embryonic,EMB
0.10215652418785814,Embryonic fibroblasts,Embryonic,EMB
0.21653156284939773,Embryonic fibroblasts,Embryonic,EMB
0.08844881254984437,Embryonic fibroblasts,Embryonic,EMB
0.2604643843333915,Embryonic fibroblasts,Embryonic,EMB
0.11828575643326297,Embryonic fibroblasts,Embryonic,EMB
0.16332402465196744,Embryonic fibroblasts,Embryonic,EMB
0.3491325986178442,Embryonic fibroblasts,Embryonic,EMB
0.1759072579163465,Embryonic fibroblasts,Embryonic,EMB
0.2402929039556017,Embryonic fibroblasts,Embryonic,EMB
0.02679565276357785,Embryonic fibroblasts,Embryonic,EMB
0.116973720300306,Embryonic fibroblasts,Embryonic,EMB
0.16572958821908948,Embryonic fibroblasts,Embryonic,EMB
0.22402835768183116,Embryonic fibroblasts,Embryonic,EMB
0.08258554525391232,Embryonic fibroblasts,Embryonic,EMB
0.07214780398140173,Embryonic fibroblasts,Embryonic,EMB
0.19845834111398625,Embryonic fibroblasts,Embryonic,EMB
0.2655100548986488,Embryonic fibroblasts,Embryonic,EMB
0.2216085208040568,Embryonic fibroblasts,Embryonic,EMB
-0.053130013367785466,Embryonic fibroblasts,Embryonic,EMB
0.24135769171088092,Embryonic fibroblasts,Embryonic,EMB
-0.026769759556099903,Embryonic fibroblasts,Embryonic,EMB
0.3599894092251295,Embryonic fibroblasts,Embryonic,EMB
0.022807947396705948,Embryonic fibroblasts,Embryonic,EMB
0.4055262412310696,Embryonic fibroblasts,Embryonic,EMB
0.2604099337842489,Embryonic fibroblasts,Embryonic,EMB
0.12791080724653162,Embryonic fibroblasts,Embryonic,EMB
0.27829014563375004,Embryonic fibroblasts,Embryonic,EMB
0.17775566170874726,Embryonic fibroblasts,Embryonic,EMB
0.07276545549003574,Embryonic fibroblasts,Embryonic,EMB
0.20555938003668436,Embryonic fibroblasts,Embryonic,EMB
0.006104536065689062,Embryonic fibroblasts,Embryonic,EMB
0.16710121240454417,Embryonic fibroblasts,Embryonic,EMB
0.1725093685241996,Embryonic fibroblasts,Embryonic,EMB
0.30317520688610833,Embryonic fibroblasts,Embryonic,EMB
0.10404994590167255,Embryonic fibroblasts,Embryonic,EMB
0.09551398904604888,Embryonic fibroblasts,Embryonic,EMB
0.08374654065731287,Embryonic fibroblasts,Embryonic,EMB
0.31127253261222815,Embryonic fibroblasts,Embryonic,EMB
0.23192557532494606,Embryonic fibroblasts,Embryonic,EMB
0.3455021991552714,Embryonic fibroblasts,Embryonic,EMB
0.13918205724958946,Embryonic fibroblasts,Embryonic,EMB
0.12837135649715228,Embryonic fibroblasts,Embryonic,EMB
0.1456017568728596,Embryonic fibroblasts,Embryonic,EMB
0.2595447354295135,Embryonic fibroblasts,Embryonic,EMB
0.06299685146424698,Embryonic fibroblasts,Embryonic,EMB
0.11394807357564452,Embryonic fibroblasts,Embryonic,EMB
0.09172001853190048,Embryonic fibroblasts,Embryonic,EMB
0.05303785186259007,Embryonic fibroblasts,Embryonic,EMB
0.3063320157886388,Embryonic fibroblasts,Embryonic,EMB
0.00563973289482388,Embryonic fibroblasts,Embryonic,EMB
0.060803101542800796,Embryonic fibroblasts,Embryonic,EMB
0.13825041454573814,Embryonic fibroblasts,Embryonic,EMB
0.1878661543761828,Embryonic fibroblasts,Embryonic,EMB
0.12324845652196169,Embryonic fibroblasts,Embryonic,EMB
0.2573382432331185,Embryonic fibroblasts,Embryonic,EMB
0.2316665193265844,Embryonic fibroblasts,Embryonic,EMB
0.08786916016186197,Embryonic fibroblasts,Embryonic,EMB
0.024912358012067506,Embryonic fibroblasts,Embryonic,EMB
0.0683036221754536,Embryonic fibroblasts,Embryonic,EMB
0.1313089397975152,Embryonic fibroblasts,Embryonic,EMB
0.13608422475252874,Embryonic fibroblasts,Embryonic,EMB
0.2056592184045909,Embryonic fibroblasts,Embryonic,EMB
0.19935482620166245,Embryonic fibroblasts,Embryonic,EMB
0.16069600957394262,Embryonic fibroblasts,Embryonic,EMB
0.2660966907334579,Embryonic fibroblasts,Embryonic,EMB
0.14073626048869728,Embryonic fibroblasts,Embryonic,EMB
0.11767600426464049,Embryonic fibroblasts,Embryonic,EMB
0.1349366486039708,Embryonic fibroblasts,Embryonic,EMB
0.32161310760920625,Embryonic fibroblasts,Embryonic,EMB
0.10958268818244438,Embryonic fibroblasts,Embryonic,EMB
0.17508904750692705,Embryonic fibroblasts,Embryonic,EMB
0.11662034646219036,Embryonic fibroblasts,Embryonic,EMB
0.16047875196259362,Embryonic fibroblasts,Embryonic,EMB
0.09296460722953528,Embryonic fibroblasts,Embryonic,EMB
0.19518522318758524,Embryonic fibroblasts,Embryonic,EMB
0.214922261535227,Embryonic fibroblasts,Embryonic,EMB
0.06822618678061507,Embryonic fibroblasts,Embryonic,EMB
0.2089754285261429,Embryonic fibroblasts,Embryonic,EMB
0.15758760796604881,Embryonic fibroblasts,Embryonic,EMB
0.09185668559745537,Embryonic fibroblasts,Embryonic,EMB
0.20700852008411752,Embryonic fibroblasts,Embryonic,EMB
0.13549027233665692,Embryonic fibroblasts,Embryonic,EMB
0.1339913675707225,Embryonic fibroblasts,Embryonic,EMB
0.16896894846572802,Embryonic fibroblasts,Embryonic,EMB
0.07892515783915333,Embryonic fibroblasts,Embryonic,EMB
0.25444241998058537,Embryonic fibroblasts,Embryonic,EMB
0.21581024400047857,Embryonic fibroblasts,Embryonic,EMB
0.23765420145406302,Embryonic fibroblasts,Embryonic,EMB
0.19210567331074838,Embryonic fibroblasts,Embryonic,EMB
0.2909238171435984,Embryonic fibroblasts,Embryonic,EMB
0.13195036993629744,Embryonic fibroblasts,Embryonic,EMB
0.292122716553634,Embryonic fibroblasts,Embryonic,EMB
0.20670505805338685,Embryonic fibroblasts,Embryonic,EMB
0.32892123085704317,Embryonic fibroblasts,Embryonic,EMB
0.2744412054458247,Embryonic fibroblasts,Embryonic,EMB
0.14872898495507192,Embryonic fibroblasts,Embryonic,EMB
0.3181912214820138,Embryonic fibroblasts,Embryonic,EMB
0.24105615967319013,Embryonic fibroblasts,Embryonic,EMB
0.31411347192774397,Embryonic fibroblasts,Embryonic,EMB
0.24505664453324727,Embryonic fibroblasts,Embryonic,EMB
0.33745164550477336,Embryonic fibroblasts,Embryonic,EMB
0.18213485228580012,Embryonic fibroblasts,Embryonic,EMB
0.12610841515328058,Embryonic fibroblasts,Embryonic,EMB
0.3273935749007759,Embryonic fibroblasts,Embryonic,EMB
0.17077121580889895,Embryonic fibroblasts,Embryonic,EMB
0.22970411825082268,Embryonic fibroblasts,Embryonic,EMB
-0.03431214770878348,Embryonic fibroblasts,Embryonic,EMB
0.07793433772857619,Embryonic fibroblasts,Embryonic,EMB
0.056107986043858506,Embryonic fibroblasts,Embryonic,EMB
0.10059804089591218,Embryonic fibroblasts,Embryonic,EMB
0.2159941363150341,Embryonic fibroblasts,Embryonic,EMB
0.1345469621629721,Embryonic fibroblasts,Embryonic,EMB
0.3067899204808092,Embryonic fibroblasts,Embryonic,EMB
0.30133742467232477,Embryonic fibroblasts,Embryonic,EMB
0.1366917388308504,Embryonic fibroblasts,Embryonic,EMB
0.14154518358518914,Embryonic fibroblasts,Embryonic,EMB
0.17937022688540594,Embryonic fibroblasts,Embryonic,EMB
0.3855517682914812,Embryonic fibroblasts,Embryonic,EMB
0.1487881944058671,Embryonic fibroblasts,Embryonic,EMB
0.11028017601845819,Embryonic fibroblasts,Embryonic,EMB
0.07209919235645666,Embryonic fibroblasts,Embryonic,EMB
0.11478072744032308,Embryonic fibroblasts,Embryonic,EMB
0.3151435312338186,Embryonic fibroblasts,Embryonic,EMB
0.1322482045343575,Embryonic fibroblasts,Embryonic,EMB
0.17536312078317318,Embryonic fibroblasts,Embryonic,EMB
0.041499058729786105,Embryonic fibroblasts,Embryonic,EMB
0.21716551228894823,Embryonic fibroblasts,Embryonic,EMB
0.3728392717487645,Embryonic fibroblasts,Embryonic,EMB
0.16074612993264864,Embryonic fibroblasts,Embryonic,EMB
0.0865118659853001,Embryonic fibroblasts,Embryonic,EMB
0.2898035460694215,Embryonic fibroblasts,Embryonic,EMB
0.232581291462716,Embryonic fibroblasts,Embryonic,EMB
0.174037522329211,Embryonic fibroblasts,Embryonic,EMB
0.08900356456738306,Embryonic fibroblasts,Embryonic,EMB
0.28651910262085145,Embryonic fibroblasts,Embryonic,EMB
0.3076499327418181,Embryonic fibroblasts,Embryonic,EMB
0.2029827943004873,Embryonic fibroblasts,Embryonic,EMB
0.2579612350792892,Embryonic fibroblasts,Embryonic,EMB
0.028805081861656534,Embryonic fibroblasts,Embryonic,EMB
0.24770871325387697,Embryonic fibroblasts,Embryonic,EMB
0.2278617267541612,Embryonic fibroblasts,Embryonic,EMB
0.19509688132261188,Embryonic fibroblasts,Embryonic,EMB
0.08499604372601777,Embryonic fibroblasts,Embryonic,EMB
0.18449727460804288,Embryonic fibroblasts,Embryonic,EMB
-0.007847337479090338,Embryonic fibroblasts,Embryonic,EMB
0.07333745800910785,Embryonic fibroblasts,Embryonic,EMB
0.14533048107293284,Embryonic fibroblasts,Embryonic,EMB
0.3733046127758245,Embryonic fibroblasts,Embryonic,EMB
0.2531672992924804,Embryonic fibroblasts,Embryonic,EMB
-0.017629190527979705,Embryonic fibroblasts,Embryonic,EMB
0.16055001589906615,Embryonic fibroblasts,Embryonic,EMB
0.3600797130363958,Embryonic fibroblasts,Embryonic,EMB
0.28291445067406285,Embryonic fibroblasts,Embryonic,EMB
0.11662093731353507,Embryonic fibroblasts,Embryonic,EMB
0.3377838234782033,Embryonic fibroblasts,Embryonic,EMB
0.2517682177214635,Embryonic fibroblasts,Embryonic,EMB
0.13622995938859536,Embryonic fibroblasts,Embryonic,EMB
0.14673890513147853,Embryonic fibroblasts,Embryonic,EMB
0.037104717233856714,Embryonic fibroblasts,Embryonic,EMB
0.12495449762784931,Embryonic fibroblasts,Embryonic,EMB
0.09784203655582133,Embryonic fibroblasts,Embryonic,EMB
-0.03299942339481278,Embryonic fibroblasts,Embryonic,EMB
0.06431500767970558,Embryonic fibroblasts,Embryonic,EMB
0.07441414337836341,Embryonic fibroblasts,Embryonic,EMB
0.2557442040548858,Embryonic fibroblasts,Embryonic,EMB
0.06628696996182208,Embryonic fibroblasts,Embryonic,EMB
0.4086646915289339,Embryonic fibroblasts,Embryonic,EMB
0.24241654560636489,Embryonic fibroblasts,Embryonic,EMB
0.12858329141182767,Embryonic fibroblasts,Embryonic,EMB
0.07952870455540301,Embryonic fibroblasts,Embryonic,EMB
0.03450439772572961,Embryonic fibroblasts,Embryonic,EMB
0.13462808028066064,Embryonic fibroblasts,Embryonic,EMB
0.15769514222645728,Embryonic fibroblasts,Embryonic,EMB
0.06952912266819988,Embryonic fibroblasts,Embryonic,EMB
0.16607232660980603,Embryonic fibroblasts,Embryonic,EMB
0.19673996094990143,Embryonic fibroblasts,Embryonic,EMB
0.27478310151042923,Embryonic fibroblasts,Embryonic,EMB
0.19115966060320672,Embryonic fibroblasts,Embryonic,EMB
0.2650134093819822,Embryonic fibroblasts,Embryonic,EMB
0.2660819379335756,Embryonic fibroblasts,Embryonic,EMB
0.20257318213766543,Embryonic fibroblasts,Embryonic,EMB
0.1391319471235477,Embryonic fibroblasts,Embryonic,EMB
0.17469531828279128,Embryonic fibroblasts,Embryonic,EMB
0.20796825868653532,Embryonic fibroblasts,Embryonic,EMB
0.16222151569906718,Embryonic fibroblasts,Embryonic,EMB
0.062467452977173335,Embryonic fibroblasts,Embryonic,EMB
-0.04185808953163421,Embryonic fibroblasts,Embryonic,EMB
0.25565950735948917,Embryonic fibroblasts,Embryonic,EMB
0.12562296539931367,Embryonic fibroblasts,Embryonic,EMB
0.19166032399981212,Embryonic fibroblasts,Embryonic,EMB
0.37186651419317657,Embryonic fibroblasts,Embryonic,EMB
0.058336624133472695,Embryonic fibroblasts,Embryonic,EMB
0.21058493765338063,Embryonic fibroblasts,Embryonic,EMB
0.2842953515605578,Embryonic fibroblasts,Embryonic,EMB
0.09696697384407107,Embryonic fibroblasts,Embryonic,EMB
0.19125892105633988,Embryonic fibroblasts,Embryonic,EMB
0.09373900142312203,Embryonic fibroblasts,Embryonic,EMB
0.16358641483571013,Embryonic fibroblasts,Embryonic,EMB
0.10806498018024346,Embryonic fibroblasts,Embryonic,EMB
0.2684619760900361,Embryonic fibroblasts,Embryonic,EMB
0.16830590096590742,Embryonic fibroblasts,Embryonic,EMB
0.07923885990006417,Embryonic fibroblasts,Embryonic,EMB
0.021238703620824403,Embryonic fibroblasts,Embryonic,EMB
0.27771515428639104,Embryonic fibroblasts,Embryonic,EMB
0.12415523340720494,Embryonic fibroblasts,Embryonic,EMB
-0.00208138784632754,Embryonic fibroblasts,Embryonic,EMB
0.29175713109765977,Embryonic fibroblasts,Embryonic,EMB
0.23302170044309306,Embryonic fibroblasts,Embryonic,EMB
0.13312980671473645,Embryonic fibroblasts,Embryonic,EMB
0.10215056643159404,Embryonic fibroblasts,Embryonic,EMB
0.39058171950223536,Embryonic fibroblasts,Embryonic,EMB
0.18870849559422279,Embryonic fibroblasts,Embryonic,EMB
0.27776233507331766,Embryonic fibroblasts,Embryonic,EMB
0.25995827299215574,Embryonic fibroblasts,Embryonic,EMB
0.0549404789543588,Embryonic fibroblasts,Embryonic,EMB
0.16924817407813575,Embryonic fibroblasts,Embryonic,EMB
0.2629080062301549,Embryonic fibroblasts,Embryonic,EMB
0.21772034573842525,Embryonic fibroblasts,Embryonic,EMB
0.3278258274889082,Embryonic fibroblasts,Embryonic,EMB
0.27315318460587557,Embryonic fibroblasts,Embryonic,EMB
0.29113532253601687,Embryonic fibroblasts,Embryonic,EMB
0.3356743036487831,Embryonic fibroblasts,Embryonic,EMB
0.005520036307660844,Embryonic fibroblasts,Embryonic,EMB
0.05432691270862912,Embryonic fibroblasts,Embryonic,EMB
0.12707826148369195,Embryonic fibroblasts,Embryonic,EMB
0.17779903179399334,Embryonic fibroblasts,Embryonic,EMB
0.15298813950768939,Embryonic fibroblasts,Embryonic,EMB
0.171870450692212,Embryonic fibroblasts,Embryonic,EMB
0.2515390473982453,Embryonic fibroblasts,Embryonic,EMB
0.09818683889445805,Embryonic fibroblasts,Embryonic,EMB
0.08109275606665577,Embryonic fibroblasts,Embryonic,EMB
0.08255037475117323,Embryonic fibroblasts,Embryonic,EMB
0.3542765845417868,Embryonic fibroblasts,Embryonic,EMB
0.12475883734985618,Embryonic fibroblasts,Embryonic,EMB
0.19458063419261337,Embryonic fibroblasts,Embryonic,EMB
0.129582227790512,Embryonic fibroblasts,Embryonic,EMB
0.10644314771291326,Embryonic fibroblasts,Embryonic,EMB
0.22300173572274506,Embryonic fibroblasts,Embryonic,EMB
0.14609858299400116,Embryonic fibroblasts,Embryonic,EMB
0.03323072952408591,Embryonic fibroblasts,Embryonic,EMB
0.17192081121515448,Embryonic fibroblasts,Embryonic,EMB
0.332212338150385,Embryonic fibroblasts,Embryonic,EMB
0.2724904374997715,Embryonic fibroblasts,Embryonic,EMB
-0.0708214523930753,Embryonic fibroblasts,Embryonic,EMB
-0.1374876899943508,Embryonic fibroblasts,Embryonic,EMB
0.14767056923192812,Embryonic fibroblasts,Embryonic,EMB
0.13915148682068734,Embryonic fibroblasts,Embryonic,EMB
0.2869534469903364,Embryonic fibroblasts,Embryonic,EMB
0.19158120980088494,Embryonic fibroblasts,Embryonic,EMB
0.39069046988731115,Embryonic fibroblasts,Embryonic,EMB
0.2699120835653242,Embryonic fibroblasts,Embryonic,EMB
0.42370756917215135,Embryonic fibroblasts,Embryonic,EMB
0.17544189411010494,Embryonic fibroblasts,Embryonic,EMB
0.05968991121441333,Embryonic fibroblasts,Embryonic,EMB
0.1834119855776833,Embryonic fibroblasts,Embryonic,EMB
0.18840770694411155,Embryonic fibroblasts,Embryonic,EMB
0.20754442833983933,Embryonic fibroblasts,Embryonic,EMB
0.09343700207549539,Embryonic fibroblasts,Embryonic,EMB
0.1761486311654112,Embryonic fibroblasts,Embryonic,EMB
0.07890466271089681,Embryonic fibroblasts,Embryonic,EMB
0.09310931274598928,Embryonic fibroblasts,Embryonic,EMB
0.03741638705987346,Embryonic fibroblasts,Embryonic,EMB
0.06445975424749471,Embryonic fibroblasts,Embryonic,EMB
0.11868743425267267,Embryonic fibroblasts,Embryonic,EMB
0.2696545122537949,Embryonic fibroblasts,Embryonic,EMB
0.3398667397700677,Embryonic fibroblasts,Embryonic,EMB
0.3299797360287354,Embryonic fibroblasts,Embryonic,EMB
0.1236861797224722,Embryonic fibroblasts,Embryonic,EMB
0.30074951611825307,Embryonic fibroblasts,Embryonic,EMB
0.002192629616418019,Embryonic fibroblasts,Embryonic,EMB
0.14967744255091464,Embryonic fibroblasts,Embryonic,EMB
-0.05863131634241226,Embryonic fibroblasts,Embryonic,EMB
0.05166756179267758,Embryonic fibroblasts,Embryonic,EMB
0.061692723764174125,Embryonic fibroblasts,Embryonic,EMB
0.10985353704371414,Embryonic fibroblasts,Embryonic,EMB
0.06250710842452048,Embryonic fibroblasts,Embryonic,EMB
0.02863458211702852,Embryonic fibroblasts,Embryonic,EMB
0.09347860018801551,Embryonic fibroblasts,Embryonic,EMB
0.12936970562714215,Embryonic fibroblasts,Embryonic,EMB
0.2862845736509928,Embryonic fibroblasts,Embryonic,EMB
0.23186291239119652,Embryonic fibroblasts,Embryonic,EMB
0.23477381598135286,Embryonic fibroblasts,Embryonic,EMB
0.36506396237506106,Embryonic fibroblasts,Embryonic,EMB
0.07594848747846428,Embryonic fibroblasts,Embryonic,EMB
0.09064551536817123,Embryonic fibroblasts,Embryonic,EMB
0.1774100853859199,Embryonic fibroblasts,Embryonic,EMB
0.1920845806436965,Embryonic fibroblasts,Embryonic,EMB
0.2425316890345936,Embryonic fibroblasts,Embryonic,EMB
0.3279852436609074,Embryonic fibroblasts,Embryonic,EMB
0.07919420381300164,Embryonic fibroblasts,Embryonic,EMB
0.20268783439842492,Embryonic fibroblasts,Embryonic,EMB
0.20521125978369115,Embryonic fibroblasts,Embryonic,EMB
0.16402547928701816,Embryonic fibroblasts,Embryonic,EMB
0.197485403717919,Embryonic fibroblasts,Embryonic,EMB
0.16588986632238623,Embryonic fibroblasts,Embryonic,EMB
0.06397925046202721,Embryonic fibroblasts,Embryonic,EMB
0.22482578711891993,Embryonic fibroblasts,Embryonic,EMB
0.13145021438496127,Embryonic fibroblasts,Embryonic,EMB
0.37254617908623006,Embryonic fibroblasts,Embryonic,EMB
0.03462510510915227,Embryonic fibroblasts,Embryonic,EMB
0.15553956445006656,Embryonic fibroblasts,Embryonic,EMB
-0.1379015730163215,Embryonic fibroblasts,Embryonic,EMB
0.11441001159411672,Embryonic fibroblasts,Embryonic,EMB
0.1396727899587376,Embryonic fibroblasts,Embryonic,EMB
0.10587553052193814,Embryonic fibroblasts,Embryonic,EMB
0.20126727630396157,Embryonic fibroblasts,Embryonic,EMB
0.3048582234428611,Embryonic fibroblasts,Embryonic,EMB
0.06668370093174124,Embryonic fibroblasts,Embryonic,EMB
0.03943882009879784,Embryonic fibroblasts,Embryonic,EMB
0.283816043721447,Embryonic fibroblasts,Embryonic,EMB
0.08330044178331178,Embryonic fibroblasts,Embryonic,EMB
0.14121014485648853,Embryonic fibroblasts,Embryonic,EMB
0.11792423357959098,Embryonic fibroblasts,Embryonic,EMB
0.20863246990677634,Embryonic fibroblasts,Embryonic,EMB
0.33830666193692555,Embryonic fibroblasts,Embryonic,EMB
0.14503195420547083,Embryonic fibroblasts,Embryonic,EMB
0.21351948982287194,Embryonic fibroblasts,Embryonic,EMB
0.026107450271755324,Embryonic fibroblasts,Embryonic,EMB
0.11479320562091261,Embryonic fibroblasts,Embryonic,EMB
0.26600638927987624,Embryonic fibroblasts,Embryonic,EMB
0.29998886994240104,Embryonic fibroblasts,Embryonic,EMB
0.22769451608876384,Embryonic fibroblasts,Embryonic,EMB
0.17139409986431303,Embryonic fibroblasts,Embryonic,EMB
0.1288915267996679,Embryonic fibroblasts,Embryonic,EMB
0.30127410872131966,Embryonic fibroblasts,Embryonic,EMB
0.1416906959645412,Embryonic fibroblasts,Embryonic,EMB
0.18463136379079648,Embryonic fibroblasts,Embryonic,EMB
0.1765068194754385,Embryonic fibroblasts,Embryonic,EMB
0.34339608165021834,Embryonic fibroblasts,Embryonic,EMB
0.3546121915251808,Embryonic fibroblasts,Embryonic,EMB
0.04952178419940405,Embryonic fibroblasts,Embryonic,EMB
0.29140788505288734,Embryonic fibroblasts,Embryonic,EMB
0.13316813898847993,Embryonic fibroblasts,Embryonic,EMB
0.12922269585371243,Embryonic fibroblasts,Embryonic,EMB
0.20136422276850535,Embryonic fibroblasts,Embryonic,EMB
0.23184086319997457,Embryonic fibroblasts,Embryonic,EMB
0.16764426237561794,Embryonic fibroblasts,Embryonic,EMB
0.1044242809272895,Embryonic fibroblasts,Embryonic,EMB
0.12661546156589484,Embryonic fibroblasts,Embryonic,EMB
0.1843200524014878,Embryonic fibroblasts,Embryonic,EMB
0.03346011293978813,Embryonic fibroblasts,Embryonic,EMB
0.2827342492996475,Embryonic fibroblasts,Embryonic,EMB
0.3014998452840881,Embryonic fibroblasts,Embryonic,EMB
0.22932895845960816,Embryonic fibroblasts,Embryonic,EMB
0.11807361492461838,Embryonic fibroblasts,Embryonic,EMB
0.2788799912675057,Embryonic fibroblasts,Embryonic,EMB
0.08127546146348087,Embryonic fibroblasts,Embryonic,EMB
0.05649886014462156,Embryonic fibroblasts,Embryonic,EMB
0.24647845400282417,Embryonic fibroblasts,Embryonic,EMB
0.27109788074801994,Embryonic fibroblasts,Embryonic,EMB
0.24452971319597575,Embryonic fibroblasts,Embryonic,EMB
0.2679760815217175,Embryonic fibroblasts,Embryonic,EMB
0.13604621771896844,Embryonic fibroblasts,Embryonic,EMB
0.18523164692287541,Embryonic fibroblasts,Embryonic,EMB
0.20031256619517473,Embryonic fibroblasts,Embryonic,EMB
-0.03733660022093935,Embryonic fibroblasts,Embryonic,EMB
0.17447521320661077,Embryonic fibroblasts,Embryonic,EMB
0.04727906840150094,Embryonic fibroblasts,Embryonic,EMB
0.10973612805252117,Embryonic fibroblasts,Embryonic,EMB
0.14198387510148647,Embryonic fibroblasts,Embryonic,EMB
-0.0146050446752917,Embryonic fibroblasts,Embryonic,EMB
0.23351151268492523,Embryonic fibroblasts,Embryonic,EMB
0.03882135876438332,Embryonic fibroblasts,Embryonic,EMB
0.13832608322450266,Embryonic fibroblasts,Embryonic,EMB
0.11090816391120006,Embryonic fibroblasts,Embryonic,EMB
0.22862379504942246,Embryonic fibroblasts,Embryonic,EMB
0.17961079658558407,Embryonic fibroblasts,Embryonic,EMB
0.21309845685360174,Embryonic fibroblasts,Embryonic,EMB
0.16841609010188227,Embryonic fibroblasts,Embryonic,EMB
0.004286932219409401,Embryonic fibroblasts,Embryonic,EMB
0.17067428932544124,Embryonic fibroblasts,Embryonic,EMB
0.2384471097056721,Embryonic fibroblasts,Embryonic,EMB
0.13645531488623686,Embryonic fibroblasts,Embryonic,EMB
0.24206654349610218,Embryonic fibroblasts,Embryonic,EMB
0.09389828607399223,Embryonic fibroblasts,Embryonic,EMB
0.1812564874582198,Embryonic fibroblasts,Embryonic,EMB
0.06930116787451215,Embryonic fibroblasts,Embryonic,EMB
0.16232235324712535,Embryonic fibroblasts,Embryonic,EMB
0.24858435181829758,Embryonic fibroblasts,Embryonic,EMB
0.26699147160276554,Embryonic fibroblasts,Embryonic,EMB
0.05083355302109137,Embryonic fibroblasts,Embryonic,EMB
0.20494180484908986,Embryonic fibroblasts,Embryonic,EMB
0.23507272806617843,Embryonic fibroblasts,Embryonic,EMB
0.2370102508152985,Embryonic fibroblasts,Embryonic,EMB
0.17740661099973082,Embryonic fibroblasts,Embryonic,EMB
0.060602787971436756,Embryonic fibroblasts,Embryonic,EMB
0.38522731577521946,Embryonic fibroblasts,Embryonic,EMB
0.17015386119708642,Embryonic fibroblasts,Embryonic,EMB
0.10381902050752576,Embryonic fibroblasts,Embryonic,EMB
0.16640143418952233,Embryonic fibroblasts,Embryonic,EMB
0.10753583116070511,Embryonic fibroblasts,Embryonic,EMB
0.13219996661253658,Embryonic fibroblasts,Embryonic,EMB
0.31675436957406694,Embryonic fibroblasts,Embryonic,EMB
0.16110485002246863,Embryonic fibroblasts,Embryonic,EMB
0.32477817583324387,Embryonic fibroblasts,Embryonic,EMB
0.11195144141428051,Embryonic fibroblasts,Embryonic,EMB
0.10481355322203946,Embryonic fibroblasts,Embryonic,EMB
0.35442996676638105,Embryonic fibroblasts,Embryonic,EMB
0.1476937078369806,Embryonic fibroblasts,Embryonic,EMB
-0.23469664343216412,Embryonic fibroblasts,Embryonic,EMB
0.13921945215511036,Embryonic fibroblasts,Embryonic,EMB
0.10355689686449054,Embryonic fibroblasts,Embryonic,EMB
0.183605694105154,Embryonic fibroblasts,Embryonic,EMB
0.10198876837335537,Embryonic fibroblasts,Embryonic,EMB
0.06298632913399436,Embryonic fibroblasts,Embryonic,EMB
0.06135482793053147,Embryonic fibroblasts,Embryonic,EMB
0.04467585798624647,Embryonic fibroblasts,Embryonic,EMB
0.1549934534344795,Embryonic fibroblasts,Embryonic,EMB
0.1586791133487954,Embryonic fibroblasts,Embryonic,EMB
0.28397859170855977,Embryonic fibroblasts,Embryonic,EMB
0.21534840477079464,Embryonic fibroblasts,Embryonic,EMB
0.04320183393866874,Embryonic fibroblasts,Embryonic,EMB
0.1989943278565253,Embryonic fibroblasts,Embryonic,EMB
0.28196289591823476,Embryonic fibroblasts,Embryonic,EMB
0.14444192240728662,Embryonic fibroblasts,Embryonic,EMB
0.08988616297978912,Embryonic fibroblasts,Embryonic,EMB
0.07712763640051526,Embryonic fibroblasts,Embryonic,EMB
-0.07944376681144072,Embryonic fibroblasts,Embryonic,EMB
0.08444129269947015,Embryonic fibroblasts,Embryonic,EMB
0.07055388684098528,Embryonic fibroblasts,Embryonic,EMB
0.33636783452343144,Embryonic fibroblasts,Embryonic,EMB
0.12835315587039262,Embryonic fibroblasts,Embryonic,EMB
0.050093333138452725,Embryonic fibroblasts,Embryonic,EMB
0.25439157227106707,Embryonic fibroblasts,Embryonic,EMB
0.22316004882818727,Embryonic fibroblasts,Embryonic,EMB
0.30365764453777305,Embryonic fibroblasts,Embryonic,EMB
0.1432699603935267,Embryonic fibroblasts,Embryonic,EMB
0.3265639841669436,Embryonic fibroblasts,Embryonic,EMB
0.12233643819083034,Embryonic fibroblasts,Embryonic,EMB
0.06483465483307868,Embryonic fibroblasts,Embryonic,EMB
0.07339583110527595,Embryonic fibroblasts,Embryonic,EMB
0.17263131219507385,Embryonic fibroblasts,Embryonic,EMB
0.27309605322738334,Embryonic fibroblasts,Embryonic,EMB
0.11150586024632159,Embryonic fibroblasts,Embryonic,EMB
0.18606971962703056,Embryonic fibroblasts,Embryonic,EMB
0.20407531163267312,Embryonic fibroblasts,Embryonic,EMB
0.21029364050247049,Embryonic fibroblasts,Embryonic,EMB
0.17408606224393466,Embryonic fibroblasts,Embryonic,EMB
0.07097289952238141,Embryonic fibroblasts,Embryonic,EMB
0.4298413429401189,Embryonic fibroblasts,Embryonic,EMB
0.3490610094000361,Embryonic fibroblasts,Embryonic,EMB
0.40609464737759315,Embryonic fibroblasts,Embryonic,EMB
0.12425300254200539,Embryonic fibroblasts,Embryonic,EMB
0.21955680537058464,Embryonic fibroblasts,Embryonic,EMB
0.18899079977362074,Embryonic fibroblasts,Embryonic,EMB
0.17038980455317326,Embryonic fibroblasts,Embryonic,EMB
0.09092371936517252,Embryonic fibroblasts,Embryonic,EMB
0.15221973587471116,Embryonic fibroblasts,Embryonic,EMB
-0.03617664668635416,Embryonic fibroblasts,Embryonic,EMB
0.15182618398261427,Embryonic fibroblasts,Embryonic,EMB
0.3881484894758094,Embryonic fibroblasts,Embryonic,EMB
0.1445407199234763,Embryonic fibroblasts,Embryonic,EMB
0.2550597688359268,Embryonic fibroblasts,Embryonic,EMB
0.08919684666005336,Embryonic fibroblasts,Embryonic,EMB
0.30511398882579815,Embryonic fibroblasts,Embryonic,EMB
0.17033320423457443,Embryonic fibroblasts,Embryonic,EMB
0.16525241782810812,Embryonic fibroblasts,Embryonic,EMB
0.2179813477104104,Embryonic fibroblasts,Embryonic,EMB
0.21571561041499188,Embryonic fibroblasts,Embryonic,EMB
0.07667262499042779,Embryonic fibroblasts,Embryonic,EMB
0.09669585888481493,Embryonic fibroblasts,Embryonic,EMB
0.1364431467752637,Embryonic fibroblasts,Embryonic,EMB
0.17741785156783857,Embryonic fibroblasts,Embryonic,EMB
0.17589007108564686,Embryonic fibroblasts,Embryonic,EMB
0.38404251477258367,Embryonic fibroblasts,Embryonic,EMB
0.0727705509508315,Embryonic fibroblasts,Embryonic,EMB
0.18328611972073677,Embryonic fibroblasts,Embryonic,EMB
0.1111649363719793,Embryonic fibroblasts,Embryonic,EMB
0.18730832032723718,Embryonic fibroblasts,Embryonic,EMB
0.2644529491087849,Embryonic fibroblasts,Embryonic,EMB
0.21825562694816433,Embryonic fibroblasts,Embryonic,EMB
0.13194857545812883,Embryonic fibroblasts,Embryonic,EMB
-0.026468558538570306,Embryonic fibroblasts,Embryonic,EMB
0.14773476738132763,Embryonic fibroblasts,Embryonic,EMB
0.22255272514732743,Embryonic fibroblasts,Embryonic,EMB
0.30142739576655764,Embryonic fibroblasts,Embryonic,EMB
0.10609743994269291,Embryonic fibroblasts,Embryonic,EMB
0.23509563094062916,Embryonic fibroblasts,Embryonic,EMB
0.1619160791260969,Embryonic fibroblasts,Embryonic,EMB
0.132216195084756,Embryonic fibroblasts,Embryonic,EMB
0.16967830660294397,Embryonic fibroblasts,Embryonic,EMB
0.10528466211999485,Embryonic fibroblasts,Embryonic,EMB
0.3770422263587559,Embryonic fibroblasts,Embryonic,EMB
0.15951884143948325,Embryonic fibroblasts,Embryonic,EMB
-0.051642203311190904,Embryonic fibroblasts,Embryonic,EMB
0.22318976164748405,Embryonic fibroblasts,Embryonic,EMB
0.15001562770301485,Embryonic fibroblasts,Embryonic,EMB
0.05444100740172389,Embryonic fibroblasts,Embryonic,EMB
0.14778145827463637,Embryonic fibroblasts,Embryonic,EMB
0.10352103588512579,Embryonic fibroblasts,Embryonic,EMB
0.16447390628661873,Embryonic fibroblasts,Embryonic,EMB
0.16632905156737546,Embryonic fibroblasts,Embryonic,EMB
0.25401759941318525,Embryonic fibroblasts,Embryonic,EMB
0.2382480087830355,Embryonic fibroblasts,Embryonic,EMB
0.24633112728247666,Embryonic fibroblasts,Embryonic,EMB
-0.0033530405840866626,Embryonic fibroblasts,Embryonic,EMB
0.06812755524416367,Embryonic fibroblasts,Embryonic,EMB
0.1708055641528732,Embryonic fibroblasts,Embryonic,EMB
0.18421351233684966,Embryonic fibroblasts,Embryonic,EMB
0.2074095748132963,Embryonic fibroblasts,Embryonic,EMB
0.3327078163345536,Embryonic fibroblasts,Embryonic,EMB
0.20642064443836475,Embryonic fibroblasts,Embryonic,EMB
0.27849959480043013,Embryonic fibroblasts,Embryonic,EMB
0.1663914899543358,Embryonic fibroblasts,Embryonic,EMB
0.12557557393464863,Embryonic fibroblasts,Embryonic,EMB
0.07703104151194577,Embryonic fibroblasts,Embryonic,EMB
0.04590222442817581,Embryonic fibroblasts,Embryonic,EMB
0.05782051933772497,Embryonic fibroblasts,Embryonic,EMB
0.03639838355263929,Embryonic fibroblasts,Embryonic,EMB
0.26601819141933675,Embryonic fibroblasts,Embryonic,EMB
0.19249801370643238,Embryonic fibroblasts,Embryonic,EMB
0.11808141611760299,Embryonic fibroblasts,Embryonic,EMB
0.022170233997639593,Embryonic fibroblasts,Embryonic,EMB
0.25533515237708637,Embryonic fibroblasts,Embryonic,EMB
0.21835316542582686,Embryonic fibroblasts,Embryonic,EMB
0.2461253651817908,Embryonic fibroblasts,Embryonic,EMB
0.12184234035776853,Embryonic fibroblasts,Embryonic,EMB
0.07966692441695794,Embryonic fibroblasts,Embryonic,EMB
0.32243569052314647,Embryonic fibroblasts,Embryonic,EMB
0.2872372358201394,Embryonic fibroblasts,Embryonic,EMB
0.15825762579675293,Embryonic fibroblasts,Embryonic,EMB
0.3099330242401026,Embryonic fibroblasts,Embryonic,EMB
0.20070213584785473,Embryonic fibroblasts,Embryonic,EMB
0.27182386877762504,Embryonic fibroblasts,Embryonic,EMB
0.09263254412130618,Embryonic fibroblasts,Embryonic,EMB
0.14867332138305073,Embryonic fibroblasts,Embryonic,EMB
0.06308705990609759,Embryonic fibroblasts,Embryonic,EMB
0.09889457680266778,Embryonic fibroblasts,Embryonic,EMB
0.07931117408708467,Embryonic fibroblasts,Embryonic,EMB
0.1516007112017041,Embryonic fibroblasts,Embryonic,EMB
0.049236868039729875,Embryonic fibroblasts,Embryonic,EMB
0.19185579515076837,Embryonic fibroblasts,Embryonic,EMB
0.10905655380967139,Embryonic fibroblasts,Embryonic,EMB
0.16368472979350912,Embryonic fibroblasts,Embryonic,EMB
0.1988479994115915,Embryonic fibroblasts,Embryonic,EMB
0.37957568611971176,Embryonic fibroblasts,Embryonic,EMB
0.2067988642215061,Embryonic fibroblasts,Embryonic,EMB
-0.015645067021621,Embryonic fibroblasts,Embryonic,EMB
0.2769502741270917,Embryonic fibroblasts,Embryonic,EMB
0.29760836058646484,Embryonic fibroblasts,Embryonic,EMB
0.19752305434325074,Embryonic fibroblasts,Embryonic,EMB
0.11203271232482565,Embryonic fibroblasts,Embryonic,EMB
0.0858605342963602,Embryonic fibroblasts,Embryonic,EMB
-0.022391866047940696,Embryonic fibroblasts,Embryonic,EMB
0.1840644605926233,Embryonic fibroblasts,Embryonic,EMB
0.26378367772703315,Embryonic fibroblasts,Embryonic,EMB
0.2022627831375103,Embryonic fibroblasts,Embryonic,EMB
0.1611255024004782,Embryonic fibroblasts,Embryonic,EMB
0.13370886150981065,Embryonic fibroblasts,Embryonic,EMB
0.10116432842568152,Embryonic fibroblasts,Embryonic,EMB
0.09770598802416625,Embryonic fibroblasts,Embryonic,EMB
0.09503019250060324,Embryonic fibroblasts,Embryonic,EMB
0.2585419023514229,Embryonic fibroblasts,Embryonic,EMB
0.18923953451267736,Embryonic fibroblasts,Embryonic,EMB
0.1505228649599122,Embryonic fibroblasts,Embryonic,EMB
0.10571634951338163,Embryonic fibroblasts,Embryonic,EMB
0.22193580547027253,Embryonic fibroblasts,Embryonic,EMB
0.137514710861055,Embryonic fibroblasts,Embryonic,EMB
0.1153836041305584,Embryonic fibroblasts,Embryonic,EMB
0.12352168153959653,Embryonic fibroblasts,Embryonic,EMB
0.15821503990348035,Embryonic fibroblasts,Embryonic,EMB
0.06659109351435856,Embryonic fibroblasts,Embryonic,EMB
0.05764633589835427,Embryonic fibroblasts,Embryonic,EMB
0.17076540308146215,Embryonic fibroblasts,Embryonic,EMB
0.000975039638296489,Embryonic fibroblasts,Embryonic,EMB
0.10495166963400449,Embryonic fibroblasts,Embryonic,EMB
0.09784477376822141,Embryonic fibroblasts,Embryonic,EMB
0.2288496338737839,Embryonic fibroblasts,Embryonic,EMB
0.08669919169052015,Embryonic fibroblasts,Embryonic,EMB
0.15736392844611236,Embryonic fibroblasts,Embryonic,EMB
0.1796274406335852,Embryonic fibroblasts,Embryonic,EMB
0.16262637247184614,Embryonic fibroblasts,Embryonic,EMB
0.20240078406493903,Embryonic fibroblasts,Embryonic,EMB
0.0002868107051245822,Embryonic fibroblasts,Embryonic,EMB
0.1393657251619285,Embryonic fibroblasts,Embryonic,EMB
0.18467778431574103,Embryonic fibroblasts,Embryonic,EMB
0.1985103933860698,Embryonic fibroblasts,Embryonic,EMB
0.13925519727151048,Embryonic fibroblasts,Embryonic,EMB
0.23139266443061435,Embryonic fibroblasts,Embryonic,EMB
0.0994072288066787,Embryonic fibroblasts,Embryonic,EMB
0.08942541233382659,Embryonic fibroblasts,Embryonic,EMB
0.18553363674771473,Embryonic fibroblasts,Embryonic,EMB
0.17792577621816147,Embryonic fibroblasts,Embryonic,EMB
0.16542419241087944,Embryonic fibroblasts,Embryonic,EMB
0.2620738336248873,Embryonic fibroblasts,Embryonic,EMB
0.14914149770358742,Embryonic fibroblasts,Embryonic,EMB
0.017863095867571347,Embryonic fibroblasts,Embryonic,EMB
0.19772819981025513,Embryonic fibroblasts,Embryonic,EMB
0.08706236995231106,Embryonic fibroblasts,Embryonic,EMB
0.23305675806536189,Embryonic fibroblasts,Embryonic,EMB
0.07726036667931176,Embryonic fibroblasts,Embryonic,EMB
0.07666743519288906,Embryonic fibroblasts,Embryonic,EMB
0.21578362050018784,Embryonic fibroblasts,Embryonic,EMB
0.15761056876450097,Embryonic fibroblasts,Embryonic,EMB
0.0029747055218003818,Embryonic fibroblasts,Embryonic,EMB
0.31418632607090713,Embryonic fibroblasts,Embryonic,EMB
0.19133716157851532,Embryonic fibroblasts,Embryonic,EMB
0.07716078592037692,Embryonic fibroblasts,Embryonic,EMB
0.05679531566372912,Embryonic fibroblasts,Embryonic,EMB
0.05824882649427231,Embryonic fibroblasts,Embryonic,EMB
0.1781234617384206,Embryonic fibroblasts,Embryonic,EMB
0.2017149888409794,Embryonic fibroblasts,Embryonic,EMB
0.26144005707599516,Embryonic fibroblasts,Embryonic,EMB
0.26915486390711996,Embryonic fibroblasts,Embryonic,EMB
0.11926436470470153,Embryonic fibroblasts,Embryonic,EMB
0.22904891333817862,Embryonic fibroblasts,Embryonic,EMB
0.15426011160548214,Embryonic fibroblasts,Embryonic,EMB
0.20726324598062446,Embryonic fibroblasts,Embryonic,EMB
0.18688417340949942,Embryonic fibroblasts,Embryonic,EMB
0.03693771475560482,Embryonic fibroblasts,Embryonic,EMB
0.10827470008869279,Embryonic fibroblasts,Embryonic,EMB
0.000887481804376096,Embryonic fibroblasts,Embryonic,EMB
0.00021094693585278768,Embryonic fibroblasts,Embryonic,EMB
0.22151687362694875,Embryonic fibroblasts,Embryonic,EMB
0.28241674931701816,Embryonic fibroblasts,Embryonic,EMB
0.2835729577167183,Embryonic fibroblasts,Embryonic,EMB
0.07319271311322212,Embryonic fibroblasts,Embryonic,EMB
0.2769375851954486,Embryonic fibroblasts,Embryonic,EMB
0.3042208889665657,Embryonic fibroblasts,Embryonic,EMB
0.019932851878174264,Embryonic fibroblasts,Embryonic,EMB
0.14721722510922597,Embryonic fibroblasts,Embryonic,EMB
0.09976171645249078,Embryonic fibroblasts,Embryonic,EMB
-0.10337051190089852,Embryonic fibroblasts,Embryonic,EMB
0.2096447355095738,Embryonic fibroblasts,Embryonic,EMB
0.20521667542182406,Embryonic fibroblasts,Embryonic,EMB
0.13655317025158079,Embryonic fibroblasts,Embryonic,EMB
0.02299053623142388,Embryonic fibroblasts,Embryonic,EMB
0.22523129256596788,Embryonic fibroblasts,Embryonic,EMB
0.3251392585791415,Embryonic fibroblasts,Embryonic,EMB
0.1886564061348708,Embryonic fibroblasts,Embryonic,EMB
0.36465961186057366,Embryonic fibroblasts,Embryonic,EMB
0.23567356629438108,Embryonic fibroblasts,Embryonic,EMB
0.025545053637203115,Embryonic fibroblasts,Embryonic,EMB
0.008347238270544774,Embryonic fibroblasts,Embryonic,EMB
0.2851143046337004,Embryonic fibroblasts,Embryonic,EMB
0.09713655050198629,Embryonic fibroblasts,Embryonic,EMB
0.2284947277098554,Embryonic fibroblasts,Embryonic,EMB
0.11291145560439411,Embryonic fibroblasts,Embryonic,EMB
0.09413933618594984,Embryonic fibroblasts,Embryonic,EMB
0.01896252932053364,Embryonic fibroblasts,Embryonic,EMB
0.21890365890302643,Embryonic fibroblasts,Embryonic,EMB
0.1535776859853262,Embryonic fibroblasts,Embryonic,EMB
0.22906649629179252,Embryonic fibroblasts,Embryonic,EMB
0.21528603767817553,Embryonic fibroblasts,Embryonic,EMB
0.28155384845162623,Embryonic fibroblasts,Embryonic,EMB
0.20713597650473412,Embryonic fibroblasts,Embryonic,EMB
0.23045408792122518,Embryonic fibroblasts,Embryonic,EMB
0.3634229949114234,Embryonic fibroblasts,Embryonic,EMB
-0.05006352131735867,Embryonic fibroblasts,Embryonic,EMB
0.15901065755462615,Embryonic fibroblasts,Embryonic,EMB
0.16854647538423578,Embryonic fibroblasts,Embryonic,EMB
0.1839724700667999,Embryonic fibroblasts,Embryonic,EMB
0.16747046796107587,Embryonic fibroblasts,Embryonic,EMB
0.17246288017365607,Embryonic fibroblasts,Embryonic,EMB
0.05013986960113,Embryonic fibroblasts,Embryonic,EMB
0.30150533157882714,Embryonic fibroblasts,Embryonic,EMB
0.3886026880498652,Embryonic fibroblasts,Embryonic,EMB
0.17305461214522336,Embryonic fibroblasts,Embryonic,EMB
0.13991166506235,Embryonic fibroblasts,Embryonic,EMB
0.08267941487590215,Embryonic fibroblasts,Embryonic,EMB
0.09092588391940132,Embryonic fibroblasts,Embryonic,EMB
0.1916743341260598,Embryonic fibroblasts,Embryonic,EMB
0.21060409598554736,Embryonic fibroblasts,Embryonic,EMB
0.3300362324215921,Embryonic fibroblasts,Embryonic,EMB
0.2050404171640216,Embryonic fibroblasts,Embryonic,EMB
0.3074389674451475,Embryonic fibroblasts,Embryonic,EMB
0.13969235965310334,Embryonic fibroblasts,Embryonic,EMB
-0.04968291174670336,Embryonic fibroblasts,Embryonic,EMB
-0.03130540635618771,Embryonic fibroblasts,Embryonic,EMB
0.1411928283906197,Embryonic fibroblasts,Embryonic,EMB
0.12926557305020084,Embryonic fibroblasts,Embryonic,EMB
-0.12012060394701672,Embryonic fibroblasts,Embryonic,EMB
0.1647654495220094,Embryonic fibroblasts,Embryonic,EMB
0.0738611593749232,Embryonic fibroblasts,Embryonic,EMB
0.16989473475696612,Embryonic fibroblasts,Embryonic,EMB
0.1196620105657337,Embryonic fibroblasts,Embryonic,EMB
0.1243734643773318,Embryonic fibroblasts,Embryonic,EMB
0.1964977886411827,Embryonic fibroblasts,Embryonic,EMB
0.10814812973452616,Embryonic fibroblasts,Embryonic,EMB
0.034144126076920855,Embryonic fibroblasts,Embryonic,EMB
0.21031866337618896,Embryonic fibroblasts,Embryonic,EMB
-0.02233755275356445,Embryonic fibroblasts,Embryonic,EMB
0.24366908058237946,Embryonic fibroblasts,Embryonic,EMB
0.17202096324657712,Embryonic fibroblasts,Embryonic,EMB
0.042602132331611954,Embryonic fibroblasts,Embryonic,EMB
0.1537683840122447,Embryonic fibroblasts,Embryonic,EMB
0.20706796200441627,Embryonic fibroblasts,Embryonic,EMB
0.2535994039897426,Embryonic fibroblasts,Embryonic,EMB
0.21954812010335842,Embryonic fibroblasts,Embryonic,EMB
0.35488833483198645,Embryonic fibroblasts,Embryonic,EMB
0.19612123825880098,Embryonic fibroblasts,Embryonic,EMB
0.10980706059636877,Embryonic fibroblasts,Embryonic,EMB
0.30535928243411553,Embryonic fibroblasts,Embryonic,EMB
0.05811981572240299,Embryonic fibroblasts,Embryonic,EMB
0.18278276448097447,Embryonic fibroblasts,Embryonic,EMB
0.23409929084901182,Embryonic fibroblasts,Embryonic,EMB
0.2953979827075265,Embryonic fibroblasts,Embryonic,EMB
0.10894422390963836,Embryonic fibroblasts,Embryonic,EMB
0.19178577926142937,Embryonic fibroblasts,Embryonic,EMB
0.15311258403735853,Embryonic fibroblasts,Embryonic,EMB
0.2667399402631881,Embryonic fibroblasts,Embryonic,EMB
0.010209208704301913,Embryonic fibroblasts,Embryonic,EMB
-0.00031976855093888534,Embryonic fibroblasts,Embryonic,EMB
0.3920205116905021,Embryonic fibroblasts,Embryonic,EMB
0.2559162790522109,Embryonic fibroblasts,Embryonic,EMB
0.03938791921660228,Embryonic fibroblasts,Embryonic,EMB
0.12778454875212053,Embryonic fibroblasts,Embryonic,EMB
0.1305396523650423,Embryonic fibroblasts,Embryonic,EMB
0.23046643030213104,Embryonic fibroblasts,Embryonic,EMB
-0.10773377812208859,Embryonic fibroblasts,Embryonic,EMB
0.2173189575326449,Embryonic fibroblasts,Embryonic,EMB
0.06790398055310994,Embryonic fibroblasts,Embryonic,EMB
0.1185154732787163,Embryonic fibroblasts,Embryonic,EMB
0.20549527788817232,Embryonic fibroblasts,Embryonic,EMB
0.09907792468684028,Embryonic fibroblasts,Embryonic,EMB
0.21117091820190903,Embryonic fibroblasts,Embryonic,EMB
0.10139375833043726,Embryonic fibroblasts,Embryonic,EMB
0.4132402801535963,Embryonic fibroblasts,Embryonic,EMB
0.09626808325529185,Embryonic fibroblasts,Embryonic,EMB
0.04484173392762504,Embryonic fibroblasts,Embryonic,EMB
0.2580225238513789,Embryonic fibroblasts,Embryonic,EMB
0.15315760978462375,Embryonic fibroblasts,Embryonic,EMB
0.04076510425707633,Embryonic fibroblasts,Embryonic,EMB
0.20216564613155272,Embryonic fibroblasts,Embryonic,EMB
0.12145146202278384,Embryonic fibroblasts,Embryonic,EMB
0.13108181771182784,Embryonic fibroblasts,Embryonic,EMB
0.351017467178357,Embryonic fibroblasts,Embryonic,EMB
0.3321941957593283,Embryonic fibroblasts,Embryonic,EMB
0.33927584258510257,Embryonic fibroblasts,Embryonic,EMB
0.3313207455951688,Embryonic fibroblasts,Embryonic,EMB
0.15017690044228715,Embryonic fibroblasts,Embryonic,EMB
0.2503671627384119,Embryonic fibroblasts,Embryonic,EMB
0.2099099621889589,Embryonic fibroblasts,Embryonic,EMB
0.16282873067253656,Embryonic fibroblasts,Embryonic,EMB
-0.0029028244531104884,Embryonic fibroblasts,Embryonic,EMB
0.17676849228932293,Embryonic fibroblasts,Embryonic,EMB
0.2321968362315514,Embryonic fibroblasts,Embryonic,EMB
0.326068247148756,Embryonic fibroblasts,Embryonic,EMB
0.20084849238787603,Embryonic fibroblasts,Embryonic,EMB
0.19582290211082462,Embryonic fibroblasts,Embryonic,EMB
0.098843021705352,Embryonic fibroblasts,Embryonic,EMB
0.1385106945685878,Embryonic fibroblasts,Embryonic,EMB
0.2601099215182904,Embryonic fibroblasts,Embryonic,EMB
0.00364669788705535,Embryonic fibroblasts,Embryonic,EMB
0.2878878772811344,Embryonic fibroblasts,Embryonic,EMB
0.17949145327543464,Embryonic fibroblasts,Embryonic,EMB
0.1942827083295101,Embryonic fibroblasts,Embryonic,EMB
0.17271324090149634,Embryonic fibroblasts,Embryonic,EMB
0.1599888378067389,Embryonic fibroblasts,Embryonic,EMB
0.3336809208138798,Embryonic fibroblasts,Embryonic,EMB
0.1623719129511161,Embryonic fibroblasts,Embryonic,EMB
0.257171620239018,Embryonic fibroblasts,Embryonic,EMB
0.31448677884802195,Embryonic fibroblasts,Embryonic,EMB
0.17307593203360583,Embryonic fibroblasts,Embryonic,EMB
0.24178781867935745,Embryonic fibroblasts,Embryonic,EMB
0.06725005718998174,Embryonic fibroblasts,Embryonic,EMB
0.1431892569274508,Embryonic fibroblasts,Embryonic,EMB
0.16554680917955758,Embryonic fibroblasts,Embryonic,EMB
0.17180616684048822,Embryonic fibroblasts,Embryonic,EMB
0.1823836248624721,Embryonic fibroblasts,Embryonic,EMB
0.1616726798124994,Embryonic fibroblasts,Embryonic,EMB
0.09716979288098845,Embryonic fibroblasts,Embryonic,EMB
0.3109479382639949,Embryonic fibroblasts,Embryonic,EMB
0.3253574697166722,Embryonic fibroblasts,Embryonic,EMB
0.07626218817333227,Embryonic fibroblasts,Embryonic,EMB
0.13302659509553943,Embryonic fibroblasts,Embryonic,EMB
0.2344818727803934,Embryonic fibroblasts,Embryonic,EMB
0.14641817814241542,Embryonic fibroblasts,Embryonic,EMB
0.15579307037136675,Embryonic fibroblasts,Embryonic,EMB
0.17487728232300492,Embryonic fibroblasts,Embryonic,EMB
0.1519359304813471,Embryonic fibroblasts,Embryonic,EMB
0.06982624036891434,Embryonic fibroblasts,Embryonic,EMB
0.2422400369829244,Embryonic fibroblasts,Embryonic,EMB
0.19828075617480154,Embryonic fibroblasts,Embryonic,EMB
0.05033949033662129,Embryonic fibroblasts,Embryonic,EMB
0.24880810317566018,Embryonic fibroblasts,Embryonic,EMB
0.07729762733627821,Embryonic fibroblasts,Embryonic,EMB
0.14683710798189345,Embryonic fibroblasts,Embryonic,EMB
0.20849196381509577,Embryonic fibroblasts,Embryonic,EMB
0.12955521439874465,Embryonic fibroblasts,Embryonic,EMB
0.14883797590596387,Embryonic fibroblasts,Embryonic,EMB
0.14626148192217261,Embryonic fibroblasts,Embryonic,EMB
0.2655431794053453,Embryonic fibroblasts,Embryonic,EMB
0.05473595366804724,Embryonic fibroblasts,Embryonic,EMB
0.022488076149358324,Embryonic fibroblasts,Embryonic,EMB
0.12226409854674573,Embryonic fibroblasts,Embryonic,EMB
0.15561903293943044,Embryonic fibroblasts,Embryonic,EMB
0.1887250729970967,Embryonic fibroblasts,Embryonic,EMB
0.24533026638671177,Embryonic fibroblasts,Embryonic,EMB
0.11589506291314904,Embryonic fibroblasts,Embryonic,EMB
0.08840349646255438,Embryonic fibroblasts,Embryonic,EMB
0.03300474451901997,Embryonic fibroblasts,Embryonic,EMB
0.17389857062142072,Embryonic fibroblasts,Embryonic,EMB
0.10074890326170566,Embryonic fibroblasts,Embryonic,EMB
0.08175311081089329,Embryonic fibroblasts,Embryonic,EMB
0.05162311397008179,Embryonic fibroblasts,Embryonic,EMB
0.22882951292809467,Embryonic fibroblasts,Embryonic,EMB
0.19780263402685896,Embryonic fibroblasts,Embryonic,EMB
0.15061623143110706,Embryonic fibroblasts,Embryonic,EMB
-0.012221736164903619,Embryonic fibroblasts,Embryonic,EMB
0.1912227395425407,Embryonic fibroblasts,Embryonic,EMB
-0.023432765323600568,Embryonic fibroblasts,Embryonic,EMB
0.1410387593990076,Embryonic fibroblasts,Embryonic,EMB
0.1764619377397033,Embryonic fibroblasts,Embryonic,EMB
0.029511834550540166,Embryonic fibroblasts,Embryonic,EMB
0.11102576203725198,Embryonic fibroblasts,Embryonic,EMB
0.23590655503277458,Embryonic fibroblasts,Embryonic,EMB
0.10429240353430536,Embryonic fibroblasts,Embryonic,EMB
0.033514908293784736,Embryonic fibroblasts,Embryonic,EMB
0.15383763380467153,Embryonic fibroblasts,Embryonic,EMB
0.08821319998285278,Embryonic fibroblasts,Embryonic,EMB
0.16446635743418297,Embryonic fibroblasts,Embryonic,EMB
0.24366636445069834,Embryonic fibroblasts,Embryonic,EMB
0.22832688491187336,Embryonic fibroblasts,Embryonic,EMB
0.07830786811636394,Embryonic fibroblasts,Embryonic,EMB
0.0677812799310153,Embryonic fibroblasts,Embryonic,EMB
-0.10435313069458428,Embryonic fibroblasts,Embryonic,EMB
0.26127621531311185,Embryonic fibroblasts,Embryonic,EMB
0.20515316774003586,Embryonic fibroblasts,Embryonic,EMB
0.13863695472569493,Embryonic fibroblasts,Embryonic,EMB
0.15832566367086703,Embryonic fibroblasts,Embryonic,EMB
0.3207419836868205,Embryonic fibroblasts,Embryonic,EMB
0.02154923725889756,Embryonic fibroblasts,Embryonic,EMB
0.2590889154541845,Embryonic fibroblasts,Embryonic,EMB
0.13379355387309833,Embryonic fibroblasts,Embryonic,EMB
0.3550425659777449,Embryonic fibroblasts,Embryonic,EMB
0.0596752501803272,Embryonic fibroblasts,Embryonic,EMB
-0.018311316276984468,Embryonic fibroblasts,Embryonic,EMB
0.21238382131683659,Embryonic fibroblasts,Embryonic,EMB
0.22284011281553825,Embryonic fibroblasts,Embryonic,EMB
0.003081275620743666,Embryonic fibroblasts,Embryonic,EMB
0.2979517162947835,Embryonic fibroblasts,Embryonic,EMB
0.371003420246325,Embryonic fibroblasts,Embryonic,EMB
0.08316766467071884,Embryonic fibroblasts,Embryonic,EMB
0.167397744130096,Embryonic fibroblasts,Embryonic,EMB
0.17979283206667077,Embryonic fibroblasts,Embryonic,EMB
0.06183653583845842,Embryonic fibroblasts,Embryonic,EMB
0.059186631813487336,Embryonic fibroblasts,Embryonic,EMB
0.19900137303926507,Embryonic fibroblasts,Embryonic,EMB
0.13619064253583887,Embryonic fibroblasts,Embryonic,EMB
0.06871250505528537,Embryonic fibroblasts,Embryonic,EMB
0.10624897592073769,Embryonic fibroblasts,Embryonic,EMB
0.2373129480122451,Embryonic fibroblasts,Embryonic,EMB
0.03958501300860204,Embryonic fibroblasts,Embryonic,EMB
0.13060572113449692,Embryonic fibroblasts,Embryonic,EMB
0.11784763231349399,Embryonic fibroblasts,Embryonic,EMB
0.15634844318997368,Embryonic fibroblasts,Embryonic,EMB
0.27325899882226434,Embryonic fibroblasts,Embryonic,EMB
0.1392831828491949,Embryonic fibroblasts,Embryonic,EMB
0.09711803476074163,Embryonic fibroblasts,Embryonic,EMB
0.25635731181206833,Embryonic fibroblasts,Embryonic,EMB
0.09626566540006135,Embryonic fibroblasts,Embryonic,EMB
0.2471480779268236,Embryonic fibroblasts,Embryonic,EMB
0.26159461685928687,Embryonic fibroblasts,Embryonic,EMB
0.2737921391897098,Embryonic fibroblasts,Embryonic,EMB
0.17581737431949235,Embryonic fibroblasts,Embryonic,EMB
0.11491120495516075,Embryonic fibroblasts,Embryonic,EMB
0.17527715300491264,Embryonic fibroblasts,Embryonic,EMB
0.16975381072205278,Embryonic fibroblasts,Embryonic,EMB
0.22839645588025315,Embryonic fibroblasts,Embryonic,EMB
0.22333976013721796,Embryonic fibroblasts,Embryonic,EMB
0.3319972071709339,Embryonic fibroblasts,Embryonic,EMB
0.13625100812243343,Embryonic fibroblasts,Embryonic,EMB
0.25908899562361803,Embryonic fibroblasts,Embryonic,EMB
-0.0810097235014084,Embryonic fibroblasts,Embryonic,EMB
0.2768671521882152,Embryonic fibroblasts,Embryonic,EMB
0.2833582820426319,Embryonic fibroblasts,Embryonic,EMB
0.14336166768128558,Embryonic fibroblasts,Embryonic,EMB
0.19531759716431055,Embryonic fibroblasts,Embryonic,EMB
0.13681057071539215,Embryonic fibroblasts,Embryonic,EMB
0.3387488658884055,Embryonic fibroblasts,Embryonic,EMB
0.19871688289037973,Embryonic fibroblasts,Embryonic,EMB
0.23953657668904543,Embryonic fibroblasts,Embryonic,EMB
0.11468791420936181,Embryonic fibroblasts,Embryonic,EMB
0.05869391106103957,Embryonic fibroblasts,Embryonic,EMB
0.2008484232511448,Embryonic fibroblasts,Embryonic,EMB
0.15437364523230934,Embryonic fibroblasts,Embryonic,EMB
0.14300800184351486,Embryonic fibroblasts,Embryonic,EMB
0.14888863985715106,Embryonic fibroblasts,Embryonic,EMB
0.0957541225997022,Embryonic fibroblasts,Embryonic,EMB
0.25922502085941923,Embryonic fibroblasts,Embryonic,EMB
0.032581598616518034,Embryonic fibroblasts,Embryonic,EMB
0.1534751006922579,Embryonic fibroblasts,Embryonic,EMB
0.09256717174118125,Embryonic fibroblasts,Embryonic,EMB
0.33371860157625166,Embryonic fibroblasts,Embryonic,EMB
0.21557008773253578,Embryonic fibroblasts,Embryonic,EMB
0.3844342285691971,Embryonic fibroblasts,Embryonic,EMB
0.1276515625557265,Embryonic fibroblasts,Embryonic,EMB
0.2261181919306787,Embryonic fibroblasts,Embryonic,EMB
0.39002886452165136,Embryonic fibroblasts,Embryonic,EMB
-0.009551370861104455,Embryonic fibroblasts,Embryonic,EMB
0.15414526274215865,Embryonic fibroblasts,Embryonic,EMB
0.24881086833095642,Embryonic fibroblasts,Embryonic,EMB
0.24307325252244108,Embryonic fibroblasts,Embryonic,EMB
0.3136358101328981,Embryonic fibroblasts,Embryonic,EMB
0.11754432317976132,Embryonic fibroblasts,Embryonic,EMB
0.20366515123401488,Embryonic fibroblasts,Embryonic,EMB
0.16099126824937954,Embryonic fibroblasts,Embryonic,EMB
0.30860682792831456,Embryonic fibroblasts,Embryonic,EMB
0.3124292170830956,Embryonic fibroblasts,Embryonic,EMB
0.20565976092597016,Embryonic fibroblasts,Embryonic,EMB
0.1770724375844539,Embryonic fibroblasts,Embryonic,EMB
0.18137653776733934,Embryonic fibroblasts,Embryonic,EMB
0.2693608282279934,Embryonic fibroblasts,Embryonic,EMB
0.21829975225398685,Embryonic fibroblasts,Embryonic,EMB
0.2620581293537279,Embryonic fibroblasts,Embryonic,EMB
0.3917940371656019,Embryonic fibroblasts,Embryonic,EMB
0.17598429376110436,Embryonic fibroblasts,Embryonic,EMB
0.21130616308185302,Embryonic fibroblasts,Embryonic,EMB
0.023297817379709783,Embryonic fibroblasts,Embryonic,EMB
0.055187564920294564,Embryonic fibroblasts,Embryonic,EMB
0.2391268323728085,Embryonic fibroblasts,Embryonic,EMB
0.20549702391940544,Embryonic fibroblasts,Embryonic,EMB
0.28833113205570143,Embryonic fibroblasts,Embryonic,EMB
0.1468309199217383,Embryonic fibroblasts,Embryonic,EMB
0.17408524226312416,Embryonic fibroblasts,Embryonic,EMB
0.26053302487562535,Embryonic fibroblasts,Embryonic,EMB
0.08146726187134418,Embryonic fibroblasts,Embryonic,EMB
0.20608103843362502,Embryonic fibroblasts,Embryonic,EMB
0.18560856919649846,Embryonic fibroblasts,Embryonic,EMB
0.12667598478061315,Embryonic fibroblasts,Embryonic,EMB
0.10403500818204903,Embryonic fibroblasts,Embryonic,EMB
0.061655282861020275,Embryonic fibroblasts,Embryonic,EMB
0.056178359528774556,Embryonic fibroblasts,Embryonic,EMB
0.08747540355259592,Embryonic fibroblasts,Embryonic,EMB
0.14233034369240707,Embryonic fibroblasts,Embryonic,EMB
0.10773107115048905,Embryonic fibroblasts,Embryonic,EMB
0.2508764382074712,Embryonic fibroblasts,Embryonic,EMB
0.33957915416728784,Embryonic fibroblasts,Embryonic,EMB
0.12835362237491427,Embryonic fibroblasts,Embryonic,EMB
0.2671562166776897,Embryonic fibroblasts,Embryonic,EMB
-0.10481084654242438,Embryonic fibroblasts,Embryonic,EMB
0.03602925543885932,Embryonic fibroblasts,Embryonic,EMB
0.18085034343986703,Embryonic fibroblasts,Embryonic,EMB
0.23686499463061783,Embryonic fibroblasts,Embryonic,EMB
0.1983736315062045,Embryonic fibroblasts,Embryonic,EMB
0.12087200010475066,Embryonic fibroblasts,Embryonic,EMB
0.20126664251143817,Embryonic fibroblasts,Embryonic,EMB
0.11867236738923509,Embryonic fibroblasts,Embryonic,EMB
0.06694248885915242,Embryonic fibroblasts,Embryonic,EMB
0.2505200585559326,Embryonic fibroblasts,Embryonic,EMB
0.1767304634297161,Embryonic fibroblasts,Embryonic,EMB
0.1922628660960316,Embryonic fibroblasts,Embryonic,EMB
0.10760888407147244,Embryonic fibroblasts,Embryonic,EMB
-0.004323019098685751,Embryonic fibroblasts,Embryonic,EMB
0.09357829141025321,Embryonic fibroblasts,Embryonic,EMB
0.08292595877786468,Embryonic fibroblasts,Embryonic,EMB
0.20344571915691412,Embryonic fibroblasts,Embryonic,EMB
0.11847055657080673,Embryonic fibroblasts,Embryonic,EMB
0.05039190436339318,Embryonic fibroblasts,Embryonic,EMB
0.20163310164178747,Embryonic fibroblasts,Embryonic,EMB
0.23437631444581464,Embryonic fibroblasts,Embryonic,EMB
0.2416824677099072,Embryonic fibroblasts,Embryonic,EMB
0.22707053049666048,Embryonic fibroblasts,Embryonic,EMB
0.3156874554018523,Embryonic fibroblasts,Embryonic,EMB
0.08514455805216907,Embryonic fibroblasts,Embryonic,EMB
0.2012081779043191,Embryonic fibroblasts,Embryonic,EMB
0.2686802405235516,Embryonic fibroblasts,Embryonic,EMB
0.3478874847500002,Embryonic fibroblasts,Embryonic,EMB
0.31175758700537404,Embryonic fibroblasts,Embryonic,EMB
0.25603659419738567,Embryonic fibroblasts,Embryonic,EMB
0.08476779271769112,Embryonic fibroblasts,Embryonic,EMB
0.04724800546132733,Embryonic fibroblasts,Embryonic,EMB
0.2625946254980446,Embryonic fibroblasts,Embryonic,EMB
0.011026764245405638,Embryonic fibroblasts,Embryonic,EMB
0.06626365373117833,Embryonic fibroblasts,Embryonic,EMB
0.21119933628548623,Embryonic fibroblasts,Embryonic,EMB
0.061779735670453466,Embryonic fibroblasts,Embryonic,EMB
0.27255383295207586,Embryonic fibroblasts,Embryonic,EMB
0.3490496245014303,Embryonic fibroblasts,Embryonic,EMB
0.18367650379374792,Embryonic fibroblasts,Embryonic,EMB
0.16347746110468842,Embryonic fibroblasts,Embryonic,EMB
0.12933970512475498,Embryonic fibroblasts,Embryonic,EMB
0.1562152719612551,Embryonic fibroblasts,Embryonic,EMB
0.08399675902188208,Embryonic fibroblasts,Embryonic,EMB
0.22791293427962142,Embryonic fibroblasts,Embryonic,EMB
0.16761269592695302,Embryonic fibroblasts,Embryonic,EMB
0.32443075374400876,Embryonic fibroblasts,Embryonic,EMB
0.3004584801334811,Embryonic fibroblasts,Embryonic,EMB
0.29793049508150266,Embryonic fibroblasts,Embryonic,EMB
0.08224393887221276,Embryonic fibroblasts,Embryonic,EMB
0.21584123904319125,Embryonic fibroblasts,Embryonic,EMB
0.029222286095168026,Embryonic fibroblasts,Embryonic,EMB
0.30735414617437695,Embryonic fibroblasts,Embryonic,EMB
0.3188102401865158,Embryonic fibroblasts,Embryonic,EMB
0.21843057492308263,Embryonic fibroblasts,Embryonic,EMB
-0.027115168183110022,Embryonic fibroblasts,Embryonic,EMB
0.1476045513289276,Embryonic fibroblasts,Embryonic,EMB
0.38316497040142294,Embryonic fibroblasts,Embryonic,EMB
0.09067903969999531,Embryonic fibroblasts,Embryonic,EMB
0.39199734032954475,Embryonic fibroblasts,Embryonic,EMB
0.17921895345983677,Embryonic fibroblasts,Embryonic,EMB
0.11581556715251379,Embryonic fibroblasts,Embryonic,EMB
0.31959807486553604,Embryonic fibroblasts,Embryonic,EMB
0.20454321753904997,Embryonic fibroblasts,Embryonic,EMB
0.17612392247140946,Embryonic fibroblasts,Embryonic,EMB
0.03075158361488283,Embryonic fibroblasts,Embryonic,EMB
0.340508662054765,Embryonic fibroblasts,Embryonic,EMB
0.24264430147804963,Embryonic fibroblasts,Embryonic,EMB
0.1809095254338514,Embryonic fibroblasts,Embryonic,EMB
0.24845022751467355,Embryonic fibroblasts,Embryonic,EMB
0.056592858513385094,Embryonic fibroblasts,Embryonic,EMB
0.215204432565337,Embryonic fibroblasts,Embryonic,EMB
0.26841408059684874,Embryonic fibroblasts,Embryonic,EMB
0.13984714576963075,Embryonic fibroblasts,Embryonic,EMB
-0.06321585943649147,Embryonic fibroblasts,Embryonic,EMB
0.242700654430747,Embryonic fibroblasts,Embryonic,EMB
0.05848377670170295,Embryonic fibroblasts,Embryonic,EMB
0.10938171711772862,Embryonic fibroblasts,Embryonic,EMB
0.25997244580233264,Embryonic fibroblasts,Embryonic,EMB
0.03556215027979252,Embryonic fibroblasts,Embryonic,EMB
0.21200726781345122,Embryonic fibroblasts,Embryonic,EMB
0.18292401555662927,Embryonic fibroblasts,Embryonic,EMB
0.3400214316579378,Embryonic fibroblasts,Embryonic,EMB
0.19385415726842165,Embryonic fibroblasts,Embryonic,EMB
0.22636474823410238,Embryonic fibroblasts,Embryonic,EMB
0.4206082314291052,Embryonic fibroblasts,Embryonic,EMB
-0.07034489750764504,Embryonic fibroblasts,Embryonic,EMB
0.0875320658396402,Embryonic fibroblasts,Embryonic,EMB
0.18426087990738604,Embryonic fibroblasts,Embryonic,EMB
0.3303581363816912,Embryonic fibroblasts,Embryonic,EMB
0.31587981604640114,Embryonic fibroblasts,Embryonic,EMB
0.13520979931097,Embryonic fibroblasts,Embryonic,EMB
0.140254155538927,Embryonic fibroblasts,Embryonic,EMB
0.11319027303817099,Embryonic fibroblasts,Embryonic,EMB
0.03668024592934405,Embryonic fibroblasts,Embryonic,EMB
0.1403571568720942,Embryonic fibroblasts,Embryonic,EMB
0.1102432807511286,Embryonic fibroblasts,Embryonic,EMB
0.3444626478730676,Embryonic fibroblasts,Embryonic,EMB
0.052058887385763565,Embryonic fibroblasts,Embryonic,EMB
0.19536704474119,Embryonic fibroblasts,Embryonic,EMB
0.25921214970258993,Embryonic fibroblasts,Embryonic,EMB
0.1742712425528661,Embryonic fibroblasts,Embryonic,EMB
0.17445461997604295,Embryonic fibroblasts,Embryonic,EMB
0.2767909174384741,Embryonic fibroblasts,Embryonic,EMB
0.053397373929719445,Embryonic fibroblasts,Embryonic,EMB
0.23210846616803577,Embryonic fibroblasts,Embryonic,EMB
0.0023696804979246424,Embryonic fibroblasts,Embryonic,EMB
0.17564154982139635,Embryonic fibroblasts,Embryonic,EMB
0.15987639597569267,Embryonic fibroblasts,Embryonic,EMB
0.09460062522858359,Embryonic fibroblasts,Embryonic,EMB
0.11903877728832572,Embryonic fibroblasts,Embryonic,EMB
0.23842819723624395,Embryonic fibroblasts,Embryonic,EMB
0.22705888702178992,Embryonic fibroblasts,Embryonic,EMB
0.16317795931262377,Embryonic fibroblasts,Embryonic,EMB
0.1496637378516455,Embryonic fibroblasts,Embryonic,EMB
0.25608995547138547,Embryonic fibroblasts,Embryonic,EMB
0.0026085875199096872,Embryonic fibroblasts,Embryonic,EMB
0.17814607316522676,Embryonic fibroblasts,Embryonic,EMB
0.14979056101584717,Embryonic fibroblasts,Embryonic,EMB
0.1410558283890196,Embryonic fibroblasts,Embryonic,EMB
0.44246384594058463,Embryonic fibroblasts,Embryonic,EMB
0.07688676662258247,Embryonic fibroblasts,Embryonic,EMB
0.27416840490828875,Embryonic fibroblasts,Embryonic,EMB
0.23024022076036135,Embryonic fibroblasts,Embryonic,EMB
0.14844667476110787,Embryonic fibroblasts,Embryonic,EMB
0.1321202609999723,Embryonic fibroblasts,Embryonic,EMB
0.09500536290385901,Embryonic fibroblasts,Embryonic,EMB
0.09170711144765721,Embryonic fibroblasts,Embryonic,EMB
0.22925998681909932,Embryonic fibroblasts,Embryonic,EMB
0.12387531827851775,Embryonic fibroblasts,Embryonic,EMB
0.11108613939817907,Embryonic fibroblasts,Embryonic,EMB
0.21233179531021557,Embryonic fibroblasts,Embryonic,EMB
-0.015075803292894827,Embryonic fibroblasts,Embryonic,EMB
0.20005136229429327,Embryonic fibroblasts,Embryonic,EMB
0.12429540642715335,Embryonic fibroblasts,Embryonic,EMB
0.28431530760987284,Embryonic fibroblasts,Embryonic,EMB
0.29982406519217264,Embryonic fibroblasts,Embryonic,EMB
0.0743443384942707,Embryonic fibroblasts,Embryonic,EMB
0.3171918487025426,Embryonic fibroblasts,Embryonic,EMB
0.3305962194502839,Embryonic fibroblasts,Embryonic,EMB
0.23690549036071473,Embryonic fibroblasts,Embryonic,EMB
0.23818178020009861,Embryonic fibroblasts,Embryonic,EMB
0.10613290073066736,Embryonic fibroblasts,Embryonic,EMB
0.12406675442853812,Embryonic fibroblasts,Embryonic,EMB
0.2235983510075103,Embryonic fibroblasts,Embryonic,EMB
0.3280021865420568,Embryonic fibroblasts,Embryonic,EMB
0.22320021087870812,Embryonic fibroblasts,Embryonic,EMB
0.14673660132125144,Embryonic fibroblasts,Embryonic,EMB
0.24084669532610845,Embryonic fibroblasts,Embryonic,EMB
0.27830159252829967,Embryonic fibroblasts,Embryonic,EMB
0.24382157973077803,Embryonic fibroblasts,Embryonic,EMB
0.1417636081589717,Embryonic fibroblasts,Embryonic,EMB
0.21919983562060488,Embryonic fibroblasts,Embryonic,EMB
0.17891920572097664,Embryonic fibroblasts,Embryonic,EMB
0.11228512659152114,Embryonic fibroblasts,Embryonic,EMB
0.09791514596715961,Embryonic fibroblasts,Embryonic,EMB
0.4139906662015724,Embryonic fibroblasts,Embryonic,EMB
0.33306215003063316,Embryonic fibroblasts,Embryonic,EMB
0.2950894397608248,Embryonic fibroblasts,Embryonic,EMB
0.15415797741294573,Embryonic fibroblasts,Embryonic,EMB
-0.02787160655327946,Embryonic fibroblasts,Embryonic,EMB
0.2457592538739416,Embryonic fibroblasts,Embryonic,EMB
0.05462572153592652,Embryonic fibroblasts,Embryonic,EMB
0.048558935771241436,Embryonic fibroblasts,Embryonic,EMB
0.15931092913329342,Embryonic fibroblasts,Embryonic,EMB
0.3261204137432066,Embryonic fibroblasts,Embryonic,EMB
0.404404254400091,Embryonic fibroblasts,Embryonic,EMB
0.2075016699234068,Embryonic fibroblasts,Embryonic,EMB
0.06093295549442928,Embryonic fibroblasts,Embryonic,EMB
0.11796016285917965,Embryonic fibroblasts,Embryonic,EMB
0.15940844155981246,Embryonic fibroblasts,Embryonic,EMB
0.26175269452819144,Embryonic fibroblasts,Embryonic,EMB
0.2127351632891041,Embryonic fibroblasts,Embryonic,EMB
0.16924490993417934,Embryonic fibroblasts,Embryonic,EMB
0.22070372270117689,Embryonic fibroblasts,Embryonic,EMB
0.15482418844288182,Embryonic fibroblasts,Embryonic,EMB
0.27182929625156577,Embryonic fibroblasts,Embryonic,EMB
0.12384225747326831,Embryonic fibroblasts,Embryonic,EMB
-0.017719270515535037,Embryonic fibroblasts,Embryonic,EMB
0.34003063437516634,Embryonic fibroblasts,Embryonic,EMB
0.23112319496264586,Embryonic fibroblasts,Embryonic,EMB
0.4011630215799527,Embryonic fibroblasts,Embryonic,EMB
0.1798394988587017,Embryonic fibroblasts,Embryonic,EMB
0.19778521697270324,Embryonic fibroblasts,Embryonic,EMB
0.1908119447993676,Embryonic fibroblasts,Embryonic,EMB
0.29376481156791734,Embryonic fibroblasts,Embryonic,EMB
0.24006865234015015,Embryonic fibroblasts,Embryonic,EMB
-0.050318974027722056,Embryonic fibroblasts,Embryonic,EMB
0.0011335921171184461,Embryonic fibroblasts,Embryonic,EMB
0.2769435825818205,Embryonic fibroblasts,Embryonic,EMB
0.00343549084751725,Embryonic fibroblasts,Embryonic,EMB
0.1016679099938406,Embryonic fibroblasts,Embryonic,EMB
0.12046117659333558,Embryonic fibroblasts,Embryonic,EMB
0.0917024843542754,Embryonic fibroblasts,Embryonic,EMB
0.24466155162720796,Embryonic fibroblasts,Embryonic,EMB
0.2127255026057641,Embryonic fibroblasts,Embryonic,EMB
0.1352722501317851,Embryonic fibroblasts,Embryonic,EMB
0.2586259111965204,Embryonic fibroblasts,Embryonic,EMB
0.19375777832426969,Embryonic fibroblasts,Embryonic,EMB
0.16063735165742954,Embryonic fibroblasts,Embryonic,EMB
0.06209841572046577,Embryonic fibroblasts,Embryonic,EMB
0.15633250132273732,Embryonic fibroblasts,Embryonic,EMB
0.2736578003831008,Embryonic fibroblasts,Embryonic,EMB
0.23422788774726216,Embryonic fibroblasts,Embryonic,EMB
0.29588852598113324,Embryonic fibroblasts,Embryonic,EMB
0.1383570176613729,Embryonic fibroblasts,Embryonic,EMB
0.05984243334630669,Embryonic fibroblasts,Embryonic,EMB
0.022317644476655494,Embryonic fibroblasts,Embryonic,EMB
0.08546996721544285,Embryonic fibroblasts,Embryonic,EMB
-0.151528274463235,Embryonic fibroblasts,Embryonic,EMB
0.1103729103052042,Embryonic fibroblasts,Embryonic,EMB
0.2182223692528512,Embryonic fibroblasts,Embryonic,EMB
0.08094984498538178,Embryonic fibroblasts,Embryonic,EMB
0.4244916780703377,Embryonic fibroblasts,Embryonic,EMB
0.3191667642696311,Embryonic fibroblasts,Embryonic,EMB
0.2223336652994333,Embryonic fibroblasts,Embryonic,EMB
0.15726380539463383,Embryonic fibroblasts,Embryonic,EMB
0.12623636401632202,Embryonic fibroblasts,Embryonic,EMB
0.0463440641202074,Embryonic fibroblasts,Embryonic,EMB
0.37475391933482377,Embryonic fibroblasts,Embryonic,EMB
0.19871302392499307,Embryonic fibroblasts,Embryonic,EMB
0.20210503979341005,Embryonic fibroblasts,Embryonic,EMB
0.13761950802161557,Embryonic fibroblasts,Embryonic,EMB
0.11072484615075409,Embryonic fibroblasts,Embryonic,EMB
-0.03990234652727215,Embryonic fibroblasts,Embryonic,EMB
0.26377529559356394,Embryonic fibroblasts,Embryonic,EMB
0.3374631332268814,Embryonic fibroblasts,Embryonic,EMB
0.08388161944745856,Embryonic fibroblasts,Embryonic,EMB
0.18203622626138333,Embryonic fibroblasts,Embryonic,EMB
0.2257243203722559,Embryonic fibroblasts,Embryonic,EMB
0.08622435092629943,Embryonic fibroblasts,Embryonic,EMB
0.13045263240168642,Embryonic fibroblasts,Embryonic,EMB
0.2527968054706051,Embryonic fibroblasts,Embryonic,EMB
0.04387383801032948,Embryonic fibroblasts,Embryonic,EMB
0.22480396390989188,Embryonic fibroblasts,Embryonic,EMB
0.04645959308110737,Embryonic fibroblasts,Embryonic,EMB
0.20091695324634296,Embryonic fibroblasts,Embryonic,EMB
0.2714520898988723,Embryonic fibroblasts,Embryonic,EMB
0.24997354823249765,Embryonic fibroblasts,Embryonic,EMB
0.26555302155069194,Embryonic fibroblasts,Embryonic,EMB
0.14877169758620523,Embryonic fibroblasts,Embryonic,EMB
0.22075594971160312,Embryonic fibroblasts,Embryonic,EMB
-0.05455983384296198,Embryonic fibroblasts,Embryonic,EMB
0.06847973734284446,Embryonic fibroblasts,Embryonic,EMB
0.13515472676958762,Embryonic fibroblasts,Embryonic,EMB
0.15664967999601345,Embryonic fibroblasts,Embryonic,EMB
0.2731344286005671,Embryonic fibroblasts,Embryonic,EMB
0.02108677585418612,Embryonic fibroblasts,Embryonic,EMB
0.22718811060423322,Embryonic fibroblasts,Embryonic,EMB
0.12767952059114235,Embryonic fibroblasts,Embryonic,EMB
0.10473445436431611,Embryonic fibroblasts,Embryonic,EMB
0.39253665410597793,Embryonic fibroblasts,Embryonic,EMB
0.28079013603600805,Embryonic fibroblasts,Embryonic,EMB
0.19758798116866844,Embryonic fibroblasts,Embryonic,EMB
0.014131214735168492,Embryonic fibroblasts,Embryonic,EMB
0.18413141024028945,Embryonic fibroblasts,Embryonic,EMB
-0.0103530682446476,Embryonic fibroblasts,Embryonic,EMB
0.19317823170179205,Embryonic fibroblasts,Embryonic,EMB
0.0805918364805129,Embryonic fibroblasts,Embryonic,EMB
0.08740670359825427,Embryonic fibroblasts,Embryonic,EMB
0.21418688010190354,Embryonic fibroblasts,Embryonic,EMB
0.2521962226270701,Embryonic fibroblasts,Embryonic,EMB
0.005524611747376711,Embryonic fibroblasts,Embryonic,EMB
0.16266996058465016,Embryonic fibroblasts,Embryonic,EMB
0.06824003696752375,Embryonic fibroblasts,Embryonic,EMB
0.24038904660863994,Embryonic fibroblasts,Embryonic,EMB
0.23298729531903786,Embryonic fibroblasts,Embryonic,EMB
0.2314397470890425,Embryonic fibroblasts,Embryonic,EMB
0.2974258843314732,Embryonic fibroblasts,Embryonic,EMB
0.08477374975826335,Embryonic fibroblasts,Embryonic,EMB
-0.022644238246721918,Embryonic fibroblasts,Embryonic,EMB
0.3263127381095525,Embryonic fibroblasts,Embryonic,EMB
0.20962849861086527,Embryonic fibroblasts,Embryonic,EMB
0.09333149949703351,Embryonic fibroblasts,Embryonic,EMB
0.37734299836287266,Embryonic fibroblasts,Embryonic,EMB
0.06551625394704234,Embryonic fibroblasts,Embryonic,EMB
0.16059525521713697,Embryonic fibroblasts,Embryonic,EMB
0.07564344001869447,Embryonic fibroblasts,Embryonic,EMB
0.28875807274174825,Embryonic fibroblasts,Embryonic,EMB
0.25849926287742114,Embryonic fibroblasts,Embryonic,EMB
0.22010458454628623,Embryonic fibroblasts,Embryonic,EMB
0.12339997219589975,Embryonic fibroblasts,Embryonic,EMB
0.052578154640375324,Embryonic fibroblasts,Embryonic,EMB
0.2822599661229816,Embryonic fibroblasts,Embryonic,EMB
0.2344854424047293,Embryonic fibroblasts,Embryonic,EMB
0.27681075470406913,Embryonic fibroblasts,Embryonic,EMB
0.04530434303065989,Embryonic fibroblasts,Embryonic,EMB
0.14431379114928072,Embryonic fibroblasts,Embryonic,EMB
0.247705247179805,Embryonic fibroblasts,Embryonic,EMB
0.1982079321215906,Embryonic fibroblasts,Embryonic,EMB
0.05895728712412472,Embryonic fibroblasts,Embryonic,EMB
0.2636799242708394,Embryonic fibroblasts,Embryonic,EMB
0.03278365809027492,Embryonic fibroblasts,Embryonic,EMB
0.18818223582886995,Embryonic fibroblasts,Embryonic,EMB
0.27058478524432483,Embryonic fibroblasts,Embryonic,EMB
0.14116286953838345,Embryonic fibroblasts,Embryonic,EMB
0.2539970457274609,Embryonic fibroblasts,Embryonic,EMB
0.04332217927573779,Embryonic fibroblasts,Embryonic,EMB
0.19875031225509127,Embryonic fibroblasts,Embryonic,EMB
0.29031717651269345,Embryonic fibroblasts,Embryonic,EMB
0.2811790090635837,Embryonic fibroblasts,Embryonic,EMB
0.19476815570962386,Embryonic fibroblasts,Embryonic,EMB
0.2620908741032657,Embryonic fibroblasts,Embryonic,EMB
0.1637201888569151,Embryonic fibroblasts,Embryonic,EMB
0.1089806465211545,Embryonic fibroblasts,Embryonic,EMB
-0.08656217905073291,Embryonic fibroblasts,Embryonic,EMB
0.09274104997469759,Embryonic fibroblasts,Embryonic,EMB
-0.020192720311946702,Embryonic fibroblasts,Embryonic,EMB
-0.023833003789413797,Embryonic fibroblasts,Embryonic,EMB
0.0934366296750642,Embryonic fibroblasts,Embryonic,EMB
0.07038684320840369,Embryonic fibroblasts,Embryonic,EMB
0.030548002762264315,Embryonic fibroblasts,Embryonic,EMB
-0.035383027380993096,Embryonic fibroblasts,Embryonic,EMB
0.18015257239439145,Embryonic fibroblasts,Embryonic,EMB
0.058008099561177445,Embryonic fibroblasts,Embryonic,EMB
0.10277446011018998,Embryonic fibroblasts,Embryonic,EMB
0.1424362533872468,Embryonic fibroblasts,Embryonic,EMB
0.13680878098323004,Embryonic fibroblasts,Embryonic,EMB
0.24262919011776973,Embryonic fibroblasts,Embryonic,EMB
0.12248478724862001,Embryonic fibroblasts,Embryonic,EMB
0.025912140399348207,Embryonic fibroblasts,Embryonic,EMB
0.055472204851323564,Embryonic fibroblasts,Embryonic,EMB
0.11361832137706554,Embryonic fibroblasts,Embryonic,EMB
0.13979083556980784,Embryonic fibroblasts,Embryonic,EMB
0.035416998837546294,Embryonic fibroblasts,Embryonic,EMB
0.049011708769436446,Embryonic fibroblasts,Embryonic,EMB
0.07460430679886124,Embryonic fibroblasts,Embryonic,EMB
0.06246790738465287,Embryonic fibroblasts,Embryonic,EMB
0.0647565693509694,Embryonic fibroblasts,Embryonic,EMB
0.19630507217857923,Embryonic fibroblasts,Embryonic,EMB
0.04335058828770925,Embryonic fibroblasts,Embryonic,EMB
0.06135428204470518,Embryonic fibroblasts,Embryonic,EMB
-0.36501336654355565,Embryonic fibroblasts,Embryonic,EMB
0.14281205767937882,Embryonic fibroblasts,Embryonic,EMB
0.11307643621911817,Embryonic fibroblasts,Embryonic,EMB
0.14520097909093765,Embryonic fibroblasts,Embryonic,EMB
-0.005874225077381376,Embryonic fibroblasts,Embryonic,EMB
0.20590431852523833,Embryonic fibroblasts,Embryonic,EMB
-0.008445831068716339,Embryonic fibroblasts,Embryonic,EMB
0.19026691332302798,Embryonic fibroblasts,Embryonic,EMB
-0.023540938190729707,Embryonic fibroblasts,Embryonic,EMB
-0.21076955568353362,Embryonic fibroblasts,Embryonic,EMB
0.02698487844358248,Embryonic fibroblasts,Embryonic,EMB
0.20810054742034936,Embryonic fibroblasts,Embryonic,EMB
0.03845247348665384,Embryonic fibroblasts,Embryonic,EMB
-0.30835468499209234,Embryonic fibroblasts,Embryonic,EMB
0.03342992521367282,Embryonic fibroblasts,Embryonic,EMB
0.0775651935437244,Embryonic fibroblasts,Embryonic,EMB
0.12438333017239234,Embryonic fibroblasts,Embryonic,EMB
0.14627567957014392,Embryonic fibroblasts,Embryonic,EMB
0.18928356637591112,Embryonic fibroblasts,Embryonic,EMB
0.10533344546636177,Embryonic fibroblasts,Embryonic,EMB
0.1676496434036144,Embryonic fibroblasts,Embryonic,EMB
0.0001929145633485646,Embryonic fibroblasts,Embryonic,EMB
0.20214829323013678,Embryonic fibroblasts,Embryonic,EMB
0.20718326941457052,Embryonic fibroblasts,Embryonic,EMB
0.20355631204259247,Embryonic fibroblasts,Embryonic,EMB
0.2367691358264393,Embryonic fibroblasts,Embryonic,EMB
0.16676478099830577,Embryonic fibroblasts,Embryonic,EMB
0.09252474897726232,Embryonic fibroblasts,Embryonic,EMB
0.18713588673714376,Embryonic fibroblasts,Embryonic,EMB
0.0689954269403651,Embryonic fibroblasts,Embryonic,EMB
-0.15109195826560456,Embryonic fibroblasts,Embryonic,EMB
0.13179535832600203,Embryonic fibroblasts,Embryonic,EMB
0.2766959818022542,Embryonic fibroblasts,Embryonic,EMB
0.26329971252753975,Embryonic fibroblasts,Embryonic,EMB
0.12211610531113785,Embryonic fibroblasts,Embryonic,EMB
0.03369101079010421,Embryonic fibroblasts,Embryonic,EMB
0.232762190135392,Embryonic fibroblasts,Embryonic,EMB
0.276641251337119,Embryonic fibroblasts,Embryonic,EMB
-0.048923502339923944,Embryonic fibroblasts,Embryonic,EMB
0.2816235138193632,Embryonic fibroblasts,Embryonic,EMB
0.10871516464460515,Embryonic fibroblasts,Embryonic,EMB
0.1715492387403508,Embryonic fibroblasts,Embryonic,EMB
0.09239095277154434,Embryonic fibroblasts,Embryonic,EMB
0.09134534547184747,Embryonic fibroblasts,Embryonic,EMB
0.21992323981061268,Embryonic fibroblasts,Embryonic,EMB
0.06678036735969069,Embryonic fibroblasts,Embryonic,EMB
0.22799291191808044,Embryonic fibroblasts,Embryonic,EMB
0.1919880921890377,Embryonic fibroblasts,Embryonic,EMB
0.09779907040001544,Embryonic fibroblasts,Embryonic,EMB
0.0702290856939658,Embryonic fibroblasts,Embryonic,EMB
0.21635087886766377,Embryonic fibroblasts,Embryonic,EMB
-0.032411009533590426,Embryonic fibroblasts,Embryonic,EMB
0.16262351032882982,Embryonic fibroblasts,Embryonic,EMB
0.16954314861579792,Embryonic fibroblasts,Embryonic,EMB
0.03355259953839242,Embryonic fibroblasts,Embryonic,EMB
-0.06298234858023623,Embryonic fibroblasts,Embryonic,EMB
0.21051848981282467,Embryonic fibroblasts,Embryonic,EMB
0.19336307789690033,Embryonic fibroblasts,Embryonic,EMB
0.008403076602581026,Embryonic fibroblasts,Embryonic,EMB
0.3011297709488796,Embryonic fibroblasts,Embryonic,EMB
0.07236823871341716,Embryonic fibroblasts,Embryonic,EMB
0.25559221068452154,Embryonic fibroblasts,Embryonic,EMB
0.15837175822278918,Embryonic fibroblasts,Embryonic,EMB
0.22006549723211835,Embryonic fibroblasts,Embryonic,EMB
0.09815321878350333,Embryonic fibroblasts,Embryonic,EMB
0.08808343900060066,Embryonic fibroblasts,Embryonic,EMB
-0.054502695918044866,Embryonic fibroblasts,Embryonic,EMB
0.2052890946757042,Embryonic fibroblasts,Embryonic,EMB
0.21301011192616084,Embryonic fibroblasts,Embryonic,EMB
-0.024134621513991483,Embryonic fibroblasts,Embryonic,EMB
-0.15876164673890097,Embryonic fibroblasts,Embryonic,EMB
0.01976071340813781,Embryonic fibroblasts,Embryonic,EMB
0.19775503001817085,Embryonic fibroblasts,Embryonic,EMB
0.2738287300821775,Embryonic fibroblasts,Embryonic,EMB
0.00994167926273995,Embryonic fibroblasts,Embryonic,EMB
0.29844055430907784,Embryonic fibroblasts,Embryonic,EMB
0.041788856025684426,Embryonic fibroblasts,Embryonic,EMB
0.14067175813267066,Embryonic fibroblasts,Embryonic,EMB
-0.02235222861967296,Embryonic fibroblasts,Embryonic,EMB
0.13510347760197808,Embryonic fibroblasts,Embryonic,EMB
0.12952179986682882,Embryonic fibroblasts,Embryonic,EMB
0.2877337579972197,Embryonic fibroblasts,Embryonic,EMB
-0.17357827601865933,Embryonic fibroblasts,Embryonic,EMB
0.01605954594417037,Embryonic fibroblasts,Embryonic,EMB
0.2723212620212466,Embryonic fibroblasts,Embryonic,EMB
0.19871187020583111,Embryonic fibroblasts,Embryonic,EMB
0.1194179408166195,Embryonic fibroblasts,Embryonic,EMB
0.22701625748349613,Embryonic fibroblasts,Embryonic,EMB
0.17368055492976675,Embryonic fibroblasts,Embryonic,EMB
0.03519831385920211,Embryonic fibroblasts,Embryonic,EMB
0.25372311558890953,Embryonic fibroblasts,Embryonic,EMB
0.12538081853325006,Embryonic fibroblasts,Embryonic,EMB
0.06811654683155575,Embryonic fibroblasts,Embryonic,EMB
0.09182027005223514,Embryonic fibroblasts,Embryonic,EMB
-0.027209421727007924,Embryonic fibroblasts,Embryonic,EMB
0.24828086036230665,Embryonic fibroblasts,Embryonic,EMB
-0.07427724149378319,Embryonic fibroblasts,Embryonic,EMB
0.04406739920379925,Embryonic fibroblasts,Embryonic,EMB
0.0909782261738148,Embryonic fibroblasts,Embryonic,EMB
0.15115216383443317,Embryonic fibroblasts,Embryonic,EMB
0.24322003366754072,Embryonic fibroblasts,Embryonic,EMB
0.053881364480388605,Embryonic fibroblasts,Embryonic,EMB
-0.036027457809611405,Embryonic fibroblasts,Embryonic,EMB
0.11570896932356772,Embryonic fibroblasts,Embryonic,EMB
0.24340480143347026,Embryonic fibroblasts,Embryonic,EMB
0.10302030809804048,Embryonic fibroblasts,Embryonic,EMB
0.0417286164774854,Embryonic fibroblasts,Embryonic,EMB
