embryonic_score,celltype,condition,x_group,color_cond
-0.0037723263502003456,All fibroblasts,Control,CTRL,Control
-0.10048196008581749,All fibroblasts,Control,CTRL,Control
-0.08529050308452363,All fibroblasts,Control,CTRL,Control
-0.14544818322071915,All fibroblasts,Control,CTRL,Control
-0.22024154635721935,All fibroblasts,Control,CTRL,Control
-0.046861973608823757,All fibroblasts,Control,CTRL,Control
-0.08026935800429769,All fibroblasts,Control,CTRL,Control
-0.0671660281241938,All fibroblasts,Control,CTRL,Control
-0.11148617426756219,All fibroblasts,Control,CTRL,Control
-0.01630209131152971,All fibroblasts,Control,CTRL,Control
-0.07644163455544421,All fibroblasts,Control,CTRL,Control
-0.0556877366326298,All fibroblasts,Control,CTRL,Control
0.02186877347749573,All fibroblasts,Control,CTRL,Control
-0.11248694806773499,All fibroblasts,Control,CTRL,Control
-0.05729480290090112,All fibroblasts,Control,CTRL,Control
-0.045657681512668975,All fibroblasts,Control,CTRL,Control
-0.0242127963229903,All fibroblasts,Control,CTRL,Control
0.004891805921663092,All fibroblasts,Control,CTRL,Control
-0.052712668374447796,All fibroblasts,Control,CTRL,Control
-0.040436236354205464,All fibroblasts,Control,CTRL,Control
-0.13160082044088076,All fibroblasts,Control,CTRL,Control
-0.11138920605209676,All fibroblasts,Control,CTRL,Control
-0.02348700180561509,All fibroblasts,Control,CTRL,Control
-0.08774618013973742,All fibroblasts,Control,CTRL,Control
-0.02133914643214327,All fibroblasts,Control,CTRL,Control
-0.11289347411727843,All fibroblasts,Control,CTRL,Control
-0.1584312648778119,All fibroblasts,Control,CTRL,Control
-0.09379749761480895,All fibroblasts,Control,CTRL,Control
-0.05069381166104068,All fibroblasts,Control,CTRL,Control
-0.12650535791074374,All fibroblasts,Control,CTRL,Control
-0.06702837458262724,All fibroblasts,Control,CTRL,Control
-0.12318027290846674,All fibroblasts,Control,CTRL,Control
-0.16360533341652336,All fibroblasts,Control,CTRL,Control
-0.09852956062763545,All fibroblasts,Control,CTRL,Control
-0.03770616878376271,All fibroblasts,Control,CTRL,Control
-0.13628401754385402,All fibroblasts,Control,CTRL,Control
-0.16777690395018377,All fibroblasts,Control,CTRL,Control
-0.21148518205802835,All fibroblasts,Control,CTRL,Control
-0.14373604103473864,All fibroblasts,Control,CTRL,Control
-0.05501699011128646,All fibroblasts,Control,CTRL,Control
-0.17361238683848607,All fibroblasts,Control,CTRL,Control
-0.13103283004510446,All fibroblasts,Control,CTRL,Control
-0.024928772794515483,All fibroblasts,Control,CTRL,Control
-0.022403553596245948,All fibroblasts,Control,CTRL,Control
-0.11442400623052096,All fibroblasts,Control,CTRL,Control
-0.005610418106994287,All fibroblasts,Control,CTRL,Control
0.004432236057293277,All fibroblasts,Control,CTRL,Control
-0.23282712522730922,All fibroblasts,Control,CTRL,Control
-0.09638905653547102,All fibroblasts,Control,CTRL,Control
-0.06465327147801632,All fibroblasts,Control,CTRL,Control
-0.013778266689015196,All fibroblasts,Control,CTRL,Control
-0.21438230049319326,All fibroblasts,Control,CTRL,Control
-0.10326777938678192,All fibroblasts,Control,CTRL,Control
0.0014455042760417001,All fibroblasts,Control,CTRL,Control
-0.06521995153621497,All fibroblasts,Control,CTRL,Control
-0.13467149327510058,All fibroblasts,Control,CTRL,Control
0.004214940877425641,All fibroblasts,Control,CTRL,Control
-0.1463146131383674,All fibroblasts,Control,CTRL,Control
-0.0009911872292488744,All fibroblasts,Control,CTRL,Control
-0.22036144103827504,All fibroblasts,Control,CTRL,Control
-0.058782944054347835,All fibroblasts,Control,CTRL,Control
-0.11947916698574101,All fibroblasts,Control,CTRL,Control
0.010670823888747462,All fibroblasts,Control,CTRL,Control
-0.114115924145847,All fibroblasts,Control,CTRL,Control
-0.12249564629329204,All fibroblasts,Control,CTRL,Control
-0.06520403433595497,All fibroblasts,Control,CTRL,Control
-0.11881199852410179,All fibroblasts,Control,CTRL,Control
0.034387887893011934,All fibroblasts,Control,CTRL,Control
-0.12458305440323104,All fibroblasts,Control,CTRL,Control
0.0738718750759813,All fibroblasts,Control,CTRL,Control
-0.07753606448333279,All fibroblasts,Control,CTRL,Control
-0.1440894809659366,All fibroblasts,Control,CTRL,Control
-0.18592002844156016,All fibroblasts,Control,CTRL,Control
-0.11533886849948616,All fibroblasts,Control,CTRL,Control
-0.13406973812654557,All fibroblasts,Control,CTRL,Control
-0.08814201946169212,All fibroblasts,Control,CTRL,Control
-0.09854025325931046,All fibroblasts,Control,CTRL,Control
-0.05486824876208212,All fibroblasts,Control,CTRL,Control
-0.194401091684116,All fibroblasts,Control,CTRL,Control
-0.07937444900621084,All fibroblasts,Control,CTRL,Control
-0.1660409805361101,All fibroblasts,Control,CTRL,Control
0.013736878095368586,All fibroblasts,Control,CTRL,Control
-0.17591174029781725,All fibroblasts,Control,CTRL,Control
-0.11457953804954615,All fibroblasts,Control,CTRL,Control
-0.07072515318384391,All fibroblasts,Control,CTRL,Control
-0.08883833035849659,All fibroblasts,Control,CTRL,Control
-0.16748216819791187,All fibroblasts,Control,CTRL,Control
-0.10169474620746036,All fibroblasts,Control,CTRL,Control
-0.1431922753006511,All fibroblasts,Control,CTRL,Control
-0.06350019541579333,All fibroblasts,Control,CTRL,Control
-0.060948660453171294,All fibroblasts,Control,CTRL,Control
-0.13314925574054762,All fibroblasts,Control,CTRL,Control
-0.09077385249717274,All fibroblasts,Control,CTRL,Control
-0.17340526365475795,All fibroblasts,Control,CTRL,Control
-0.0785122696866188,All fibroblasts,Control,CTRL,Control
0.03546735491089922,All fibroblasts,Control,CTRL,Control
-0.06527835904141842,All fibroblasts,Control,CTRL,Control
-0.08432328288346176,All fibroblasts,Control,CTRL,Control
-0.0924026615008613,All fibroblasts,Control,CTRL,Control
-0.11122508083346408,All fibroblasts,Control,CTRL,Control
-0.007313001174739781,All fibroblasts,Control,CTRL,Control
-0.11335379485082975,All fibroblasts,Control,CTRL,Control
-0.06451681801269099,All fibroblasts,Control,CTRL,Control
-0.02736734609306145,All fibroblasts,Control,CTRL,Control
-0.10357027108502752,All fibroblasts,Control,CTRL,Control
-0.12608330580813598,All fibroblasts,Control,CTRL,Control
-0.031513407237732674,All fibroblasts,Control,CTRL,Control
-0.02716331481761866,All fibroblasts,Control,CTRL,Control
-0.16547359257526117,All fibroblasts,Control,CTRL,Control
-0.07321864660804075,All fibroblasts,Control,CTRL,Control
-0.09025303959145162,All fibroblasts,Control,CTRL,Control
-0.25336866903724886,All fibroblasts,Control,CTRL,Control
-0.09293056455144443,All fibroblasts,Control,CTRL,Control
-0.10230605323819504,All fibroblasts,Control,CTRL,Control
-0.17351710582079183,All fibroblasts,Control,CTRL,Control
0.010860139341535839,All fibroblasts,Control,CTRL,Control
-0.06329453133409577,All fibroblasts,Control,CTRL,Control
-0.11361924721457298,All fibroblasts,Control,CTRL,Control
-0.14803666261036355,All fibroblasts,Control,CTRL,Control
-0.08237588764384832,All fibroblasts,Control,CTRL,Control
-0.03431587517124047,All fibroblasts,Control,CTRL,Control
-0.040810585975404864,All fibroblasts,Control,CTRL,Control
-0.19082914690676012,All fibroblasts,Control,CTRL,Control
-0.05850289057118349,All fibroblasts,Control,CTRL,Control
-0.062016640640739785,All fibroblasts,Control,CTRL,Control
-0.1039040744989547,All fibroblasts,Control,CTRL,Control
-0.03159981619523319,All fibroblasts,Control,CTRL,Control
-0.056501460054770226,All fibroblasts,Control,CTRL,Control
-0.0529782315936492,All fibroblasts,Control,CTRL,Control
-0.011884079368968802,All fibroblasts,Control,CTRL,Control
-0.08931733763420296,All fibroblasts,Control,CTRL,Control
-0.033677802276933434,All fibroblasts,Control,CTRL,Control
-0.12997381242921013,All fibroblasts,Control,CTRL,Control
-0.06232987889739658,All fibroblasts,Control,CTRL,Control
-0.08138037280041027,All fibroblasts,Control,CTRL,Control
-0.13471510141565166,All fibroblasts,Control,CTRL,Control
0.07966353898094862,All fibroblasts,Control,CTRL,Control
0.004072543477503231,All fibroblasts,Control,CTRL,Control
-0.24058436162788188,All fibroblasts,Control,CTRL,Control
0.0007205149950365031,All fibroblasts,Control,CTRL,Control
-0.07586939377897597,All fibroblasts,Control,CTRL,Control
0.02706650918769287,All fibroblasts,Control,CTRL,Control
-0.15143442295141474,All fibroblasts,Control,CTRL,Control
-0.12511897990244675,All fibroblasts,Control,CTRL,Control
0.010699208104007013,All fibroblasts,Control,CTRL,Control
-0.12227876495965423,All fibroblasts,Control,CTRL,Control
-0.05935887140904106,All fibroblasts,Control,CTRL,Control
-0.11849095165021963,All fibroblasts,Control,CTRL,Control
-0.05215888323724237,All fibroblasts,Control,CTRL,Control
-0.029543027621325095,All fibroblasts,Control,CTRL,Control
-0.14716934258390113,All fibroblasts,Control,CTRL,Control
-0.033561180116442504,All fibroblasts,Control,CTRL,Control
-0.04584108245353846,All fibroblasts,Control,CTRL,Control
-0.056218087007839215,All fibroblasts,Control,CTRL,Control
0.019075402426705364,All fibroblasts,Control,CTRL,Control
-0.05024973866818071,All fibroblasts,Control,CTRL,Control
-0.08174304659666656,All fibroblasts,Control,CTRL,Control
-0.180900638512835,All fibroblasts,Control,CTRL,Control
-0.0872704816462222,All fibroblasts,Control,CTRL,Control
-0.06378657112837798,All fibroblasts,Control,CTRL,Control
-0.08338631934784604,All fibroblasts,Control,CTRL,Control
-0.14516916286716924,All fibroblasts,Control,CTRL,Control
-0.0895055877252949,All fibroblasts,Control,CTRL,Control
0.004253623200575873,All fibroblasts,Control,CTRL,Control
-0.13247776141214965,All fibroblasts,Control,CTRL,Control
-0.029964856961588335,All fibroblasts,Control,CTRL,Control
-0.35658120235998064,All fibroblasts,Control,CTRL,Control
-0.032323804025724046,All fibroblasts,Control,CTRL,Control
0.009194299830520093,All fibroblasts,Control,CTRL,Control
-0.11058240505064355,All fibroblasts,Control,CTRL,Control
0.008646850602657328,All fibroblasts,Control,CTRL,Control
-0.1655413448884328,All fibroblasts,Control,CTRL,Control
0.008354483580347218,All fibroblasts,Control,CTRL,Control
-0.17741253480843594,All fibroblasts,Control,CTRL,Control
-0.19967791145390132,All fibroblasts,Control,CTRL,Control
-0.02733663525986293,All fibroblasts,Control,CTRL,Control
-0.10267706768529182,All fibroblasts,Control,CTRL,Control
-0.1337994452857041,All fibroblasts,Control,CTRL,Control
-0.08137129581570672,All fibroblasts,Control,CTRL,Control
0.06817297220288403,All fibroblasts,Control,CTRL,Control
-0.20997759258683713,All fibroblasts,Control,CTRL,Control
-0.04776745036233539,All fibroblasts,Control,CTRL,Control
-0.18505827398537902,All fibroblasts,Control,CTRL,Control
-0.13529477364158302,All fibroblasts,Control,CTRL,Control
-0.11657625683082086,All fibroblasts,Control,CTRL,Control
-0.04178966329708916,All fibroblasts,Control,CTRL,Control
-0.09781044227549852,All fibroblasts,Control,CTRL,Control
-0.05420405186350305,All fibroblasts,Control,CTRL,Control
-0.15606737750733427,All fibroblasts,Control,CTRL,Control
-0.05071333608103,All fibroblasts,Control,CTRL,Control
-0.10399018579412427,All fibroblasts,Control,CTRL,Control
0.00929768719766344,All fibroblasts,Control,CTRL,Control
-0.057692504351117,All fibroblasts,Control,CTRL,Control
-0.12626938388279413,All fibroblasts,Control,CTRL,Control
-0.13584082994857286,All fibroblasts,Control,CTRL,Control
-0.014194605076256252,All fibroblasts,Control,CTRL,Control
0.06830610934005928,All fibroblasts,Control,CTRL,Control
-0.04397616186638257,All fibroblasts,Control,CTRL,Control
0.062483798045204667,All fibroblasts,Control,CTRL,Control
-0.0503232892235218,All fibroblasts,Control,CTRL,Control
-0.09734232619302965,All fibroblasts,Control,CTRL,Control
-0.004049984668463437,All fibroblasts,Control,CTRL,Control
-0.13548766487904546,All fibroblasts,Control,CTRL,Control
-0.17434853051777172,All fibroblasts,Control,CTRL,Control
-0.10470662976820069,All fibroblasts,Control,CTRL,Control
-0.05754412002337052,All fibroblasts,Control,CTRL,Control
-0.08392645206342682,All fibroblasts,Control,CTRL,Control
-0.07725626276723657,All fibroblasts,Control,CTRL,Control
0.04597706294359793,All fibroblasts,Control,CTRL,Control
-0.007057459273197217,All fibroblasts,Control,CTRL,Control
-0.020540275028128004,All fibroblasts,Control,CTRL,Control
-0.08234937366139465,All fibroblasts,Control,CTRL,Control
-0.09723068961212393,All fibroblasts,Control,CTRL,Control
0.05459797523091475,All fibroblasts,Control,CTRL,Control
-0.12374226627681756,All fibroblasts,Control,CTRL,Control
-0.03614579681519447,All fibroblasts,Control,CTRL,Control
-0.14914712106276382,All fibroblasts,Control,CTRL,Control
-0.14226431556801558,All fibroblasts,Control,CTRL,Control
-0.13855410542601507,All fibroblasts,Control,CTRL,Control
-0.1108060970320669,All fibroblasts,Control,CTRL,Control
-0.05118944064381296,All fibroblasts,Control,CTRL,Control
-0.0206902348646758,All fibroblasts,Control,CTRL,Control
-0.11027756172501302,All fibroblasts,Control,CTRL,Control
-0.06314574031195706,All fibroblasts,Control,CTRL,Control
-0.11994450481039248,All fibroblasts,Control,CTRL,Control
-0.09769127636997507,All fibroblasts,Control,CTRL,Control
-0.0870439955612414,All fibroblasts,Control,CTRL,Control
-0.07459102248242562,All fibroblasts,Control,CTRL,Control
-0.2355290615565404,All fibroblasts,Control,CTRL,Control
-0.054203399862980534,All fibroblasts,Control,CTRL,Control
-0.15164913019420193,All fibroblasts,Control,CTRL,Control
-0.055930680358282234,All fibroblasts,Control,CTRL,Control
-0.12645522419469984,All fibroblasts,Control,CTRL,Control
-0.11541852072893212,All fibroblasts,Control,CTRL,Control
-0.000775583714324438,All fibroblasts,Control,CTRL,Control
-0.15045880429386227,All fibroblasts,Control,CTRL,Control
-0.05858536980916147,All fibroblasts,Control,CTRL,Control
-0.10451108411414405,All fibroblasts,Control,CTRL,Control
-0.15421493874623687,All fibroblasts,Control,CTRL,Control
-0.18878056540041405,All fibroblasts,Control,CTRL,Control
-0.14194887790515864,All fibroblasts,Control,CTRL,Control
-0.14618925360619342,All fibroblasts,Control,CTRL,Control
-0.005083400969535072,All fibroblasts,Control,CTRL,Control
-0.15888459065905514,All fibroblasts,Control,CTRL,Control
-0.06965671742142256,All fibroblasts,Control,CTRL,Control
-0.08409487738717515,All fibroblasts,Control,CTRL,Control
-0.15376570657401165,All fibroblasts,Control,CTRL,Control
-0.10877336657852217,All fibroblasts,Control,CTRL,Control
-0.11111587143605778,All fibroblasts,Control,CTRL,Control
-0.11895446424278901,All fibroblasts,Control,CTRL,Control
-0.02837595542999679,All fibroblasts,Control,CTRL,Control
-0.04061355860142009,All fibroblasts,Control,CTRL,Control
-0.24127716000809052,All fibroblasts,Control,CTRL,Control
-0.06874999856016911,All fibroblasts,Control,CTRL,Control
-0.04712408787706021,All fibroblasts,Control,CTRL,Control
-0.08075180550136832,All fibroblasts,Control,CTRL,Control
-0.08858569210383048,All fibroblasts,Control,CTRL,Control
-0.10375906514392778,All fibroblasts,Control,CTRL,Control
-0.10924520759627797,All fibroblasts,Control,CTRL,Control
-0.11963121655719242,All fibroblasts,Control,CTRL,Control
-0.04381697396384815,All fibroblasts,Control,CTRL,Control
-0.12122882380579554,All fibroblasts,Control,CTRL,Control
-0.343575041171608,All fibroblasts,Control,CTRL,Control
-0.035054414331241214,All fibroblasts,Control,CTRL,Control
-0.2712161104350602,All fibroblasts,Control,CTRL,Control
0.0024012702442323675,All fibroblasts,Control,CTRL,Control
-0.06496340018386892,All fibroblasts,Control,CTRL,Control
-0.16852125643506483,All fibroblasts,Control,CTRL,Control
-0.0958385695367666,All fibroblasts,Control,CTRL,Control
-0.021249406981379795,All fibroblasts,Control,CTRL,Control
-0.017535055530508985,All fibroblasts,Control,CTRL,Control
-0.21885182727494157,All fibroblasts,Control,CTRL,Control
-0.0743602109720512,All fibroblasts,Control,CTRL,Control
-0.05846951032928399,All fibroblasts,Control,CTRL,Control
-0.06791430133454308,All fibroblasts,Control,CTRL,Control
-0.1390966387843571,All fibroblasts,Control,CTRL,Control
0.13072715900290913,All fibroblasts,Control,CTRL,Control
-0.08930999869278933,All fibroblasts,Control,CTRL,Control
-0.10374259447778489,All fibroblasts,Control,CTRL,Control
-0.0674261643392812,All fibroblasts,Control,CTRL,Control
-0.03185066947528588,All fibroblasts,Control,CTRL,Control
-0.1077805968064294,All fibroblasts,Control,CTRL,Control
-0.10903252814901926,All fibroblasts,Control,CTRL,Control
-0.1324245625950976,All fibroblasts,Control,CTRL,Control
0.14355443638686569,All fibroblasts,Control,CTRL,Control
0.02513959454431549,All fibroblasts,Control,CTRL,Control
-0.26513357381227387,All fibroblasts,Control,CTRL,Control
-0.12715443040423008,All fibroblasts,Control,CTRL,Control
-0.09698364382978422,All fibroblasts,Control,CTRL,Control
0.06246128799613894,All fibroblasts,Control,CTRL,Control
-0.19069596863232485,All fibroblasts,Control,CTRL,Control
-0.16105222778657274,All fibroblasts,Control,CTRL,Control
-0.20381051323063148,All fibroblasts,Control,CTRL,Control
-0.038755145055563045,All fibroblasts,Control,CTRL,Control
0.05821655904349861,All fibroblasts,Control,CTRL,Control
-0.09275053531089081,All fibroblasts,Control,CTRL,Control
-0.094803286849759,All fibroblasts,Control,CTRL,Control
-0.1227612817918975,All fibroblasts,Control,CTRL,Control
-0.02689138880708476,All fibroblasts,Control,CTRL,Control
-0.07841261512969658,All fibroblasts,Control,CTRL,Control
-0.03344711103387925,All fibroblasts,Control,CTRL,Control
-0.08069081527494872,All fibroblasts,Control,CTRL,Control
-0.07343018105868607,All fibroblasts,Control,CTRL,Control
0.03376066745027529,All fibroblasts,Control,CTRL,Control
-0.07183986398491993,All fibroblasts,Control,CTRL,Control
-0.12855399159554878,All fibroblasts,Control,CTRL,Control
-0.24063165571438624,All fibroblasts,Control,CTRL,Control
-0.16522832525447612,All fibroblasts,Control,CTRL,Control
-0.30679053274555296,All fibroblasts,Control,CTRL,Control
-0.0760620781984284,All fibroblasts,Control,CTRL,Control
-0.1411062288179395,All fibroblasts,Control,CTRL,Control
-0.10497278588456652,All fibroblasts,Control,CTRL,Control
-0.06649337683236672,All fibroblasts,Control,CTRL,Control
-0.15898169393343392,All fibroblasts,Control,CTRL,Control
-0.04333996515237657,All fibroblasts,Control,CTRL,Control
-0.1045380935101019,All fibroblasts,Control,CTRL,Control
-0.0004686090178357702,All fibroblasts,Control,CTRL,Control
-0.3119241140082579,All fibroblasts,Control,CTRL,Control
-0.052122831477072584,All fibroblasts,Control,CTRL,Control
-0.12227611534995365,All fibroblasts,Control,CTRL,Control
-0.007723359811889832,All fibroblasts,Control,CTRL,Control
-0.08758359985436501,All fibroblasts,Control,CTRL,Control
0.09951382407229531,All fibroblasts,Control,CTRL,Control
-0.09826631356795484,All fibroblasts,Control,CTRL,Control
0.04703894407467522,All fibroblasts,Control,CTRL,Control
-0.0551940577165249,All fibroblasts,Control,CTRL,Control
-0.17387390531090424,All fibroblasts,Control,CTRL,Control
-0.061459929509698814,All fibroblasts,Control,CTRL,Control
-0.09378766878066731,All fibroblasts,Control,CTRL,Control
-0.16935164810524037,All fibroblasts,Control,CTRL,Control
0.05423113253181398,All fibroblasts,Control,CTRL,Control
-0.050273014104636804,All fibroblasts,Control,CTRL,Control
-0.04520165477480684,All fibroblasts,Control,CTRL,Control
-0.1363382160989059,All fibroblasts,Control,CTRL,Control
-0.13691735937318328,All fibroblasts,Control,CTRL,Control
-0.04409412754440328,All fibroblasts,Control,CTRL,Control
-0.035421022210502175,All fibroblasts,Control,CTRL,Control
0.008526162963593872,All fibroblasts,Control,CTRL,Control
-0.13925534615973784,All fibroblasts,Control,CTRL,Control
0.08379935579851416,All fibroblasts,Control,CTRL,Control
-0.07435561783234303,All fibroblasts,Control,CTRL,Control
-0.06260658146635864,All fibroblasts,Control,CTRL,Control
-0.10655445748237613,All fibroblasts,Control,CTRL,Control
-0.10177492349990014,All fibroblasts,Control,CTRL,Control
-0.1193749706114269,All fibroblasts,Control,CTRL,Control
-0.14753764062451208,All fibroblasts,Control,CTRL,Control
-0.0720753440895816,All fibroblasts,Control,CTRL,Control
-0.05507477032427196,All fibroblasts,Control,CTRL,Control
-0.1034997260368832,All fibroblasts,Control,CTRL,Control
-0.09427006154674056,All fibroblasts,Control,CTRL,Control
0.057406550983020395,All fibroblasts,Control,CTRL,Control
-0.16063312771732474,All fibroblasts,Control,CTRL,Control
-0.07098003562486131,All fibroblasts,Control,CTRL,Control
-0.0610846581714895,All fibroblasts,Control,CTRL,Control
-0.024889405246465546,All fibroblasts,Control,CTRL,Control
-0.015048304841345284,All fibroblasts,Control,CTRL,Control
0.0234546998256736,All fibroblasts,Control,CTRL,Control
0.11512083296654782,All fibroblasts,Control,CTRL,Control
-0.11631589171490475,All fibroblasts,Control,CTRL,Control
-0.11982520920362538,All fibroblasts,Control,CTRL,Control
-0.17624675597451211,All fibroblasts,Control,CTRL,Control
-0.17001531686818214,All fibroblasts,Control,CTRL,Control
-0.08592340628150051,All fibroblasts,Control,CTRL,Control
-0.068303178016923,All fibroblasts,Control,CTRL,Control
-0.24299507913244864,All fibroblasts,Control,CTRL,Control
-0.14411521039457942,All fibroblasts,Control,CTRL,Control
-0.13902913976647446,All fibroblasts,Control,CTRL,Control
0.004297935828451699,All fibroblasts,Control,CTRL,Control
-0.03502735364209909,All fibroblasts,Control,CTRL,Control
0.035440427615545625,All fibroblasts,Control,CTRL,Control
-0.2534405023863252,All fibroblasts,Control,CTRL,Control
-0.034232431533133274,All fibroblasts,Control,CTRL,Control
-0.11468828036401893,All fibroblasts,Control,CTRL,Control
-0.13651293891193936,All fibroblasts,Control,CTRL,Control
-0.06775169105858458,All fibroblasts,Control,CTRL,Control
-0.025451987493001968,All fibroblasts,Control,CTRL,Control
-0.04510712986498375,All fibroblasts,Control,CTRL,Control
-0.018218952497953474,All fibroblasts,Control,CTRL,Control
-0.018866230223252983,All fibroblasts,Control,CTRL,Control
-0.025873031710750023,All fibroblasts,Control,CTRL,Control
-0.147409137046853,All fibroblasts,Control,CTRL,Control
-0.0914857677419648,All fibroblasts,Control,CTRL,Control
-0.07356073205831613,All fibroblasts,Control,CTRL,Control
-0.21153835346096028,All fibroblasts,Control,CTRL,Control
-0.13432564716372686,All fibroblasts,Control,CTRL,Control
-0.10798966806648483,All fibroblasts,Control,CTRL,Control
-0.13431606492826234,All fibroblasts,Control,CTRL,Control
-0.06990720652125564,All fibroblasts,Control,CTRL,Control
-0.13875139979706866,All fibroblasts,Control,CTRL,Control
-0.03515723108619498,All fibroblasts,Control,CTRL,Control
-0.07196161076133517,All fibroblasts,Control,CTRL,Control
-0.046034028999244234,All fibroblasts,Control,CTRL,Control
0.03191526650400457,All fibroblasts,Control,CTRL,Control
-0.06142590437845347,All fibroblasts,Control,CTRL,Control
-0.12594192421715264,All fibroblasts,Control,CTRL,Control
-0.08823428533977341,All fibroblasts,Control,CTRL,Control
-0.002908778404650308,All fibroblasts,Control,CTRL,Control
0.1253641080746704,All fibroblasts,Control,CTRL,Control
-0.025190025880396684,All fibroblasts,Control,CTRL,Control
-0.11532455727598846,All fibroblasts,Control,CTRL,Control
-0.044363573457136665,All fibroblasts,Control,CTRL,Control
-0.12232830245982561,All fibroblasts,Control,CTRL,Control
-0.06669380409023869,All fibroblasts,Control,CTRL,Control
-0.1833982611306359,All fibroblasts,Control,CTRL,Control
-0.03383030962143437,All fibroblasts,Control,CTRL,Control
0.0848287306114725,All fibroblasts,Control,CTRL,Control
-0.14219584389190454,All fibroblasts,Control,CTRL,Control
-0.10586093102320143,All fibroblasts,Control,CTRL,Control
-0.4988916224533015,All fibroblasts,Control,CTRL,Control
-0.17797907174782154,All fibroblasts,Control,CTRL,Control
0.09171999749855132,All fibroblasts,Control,CTRL,Control
0.01203766954589169,All fibroblasts,Control,CTRL,Control
-0.1741206842757579,All fibroblasts,Control,CTRL,Control
-0.10200121659315337,All fibroblasts,Control,CTRL,Control
-0.09548168417931216,All fibroblasts,Control,CTRL,Control
-0.04378590493274115,All fibroblasts,Control,CTRL,Control
-0.1002389554372558,All fibroblasts,Control,CTRL,Control
0.04045379646883102,All fibroblasts,Control,CTRL,Control
-0.061948624271517455,All fibroblasts,Control,CTRL,Control
-0.19789562963037535,All fibroblasts,Control,CTRL,Control
-0.09487169537517401,All fibroblasts,Control,CTRL,Control
-0.05900359835477685,All fibroblasts,Control,CTRL,Control
0.0006121623728600339,All fibroblasts,Control,CTRL,Control
-0.10512412301110748,All fibroblasts,Control,CTRL,Control
0.007665044964723786,All fibroblasts,Control,CTRL,Control
-0.09771381325494197,All fibroblasts,Control,CTRL,Control
-0.15709317675669052,All fibroblasts,Control,CTRL,Control
-0.015399027035170787,All fibroblasts,Control,CTRL,Control
-0.08828279461938274,All fibroblasts,Control,CTRL,Control
-0.2106290515219093,All fibroblasts,Control,CTRL,Control
-0.11811760933812514,All fibroblasts,Control,CTRL,Control
-0.07654263592961841,All fibroblasts,Control,CTRL,Control
-0.06696803397069237,All fibroblasts,Control,CTRL,Control
0.16124757618029892,All fibroblasts,Control,CTRL,Control
-0.07180533612572489,All fibroblasts,Control,CTRL,Control
-0.1707670554193815,All fibroblasts,Control,CTRL,Control
-0.04773738182259871,All fibroblasts,Control,CTRL,Control
-0.09590155367465392,All fibroblasts,Control,CTRL,Control
0.2408560245562212,All fibroblasts,Control,CTRL,Control
-0.13603487876707743,All fibroblasts,Control,CTRL,Control
-0.012513722569871571,All fibroblasts,Control,CTRL,Control
-0.11001216658990484,All fibroblasts,Control,CTRL,Control
-0.16073312170305232,All fibroblasts,Control,CTRL,Control
-0.0888366085064487,All fibroblasts,Control,CTRL,Control
-0.2819366204027315,All fibroblasts,Control,CTRL,Control
0.044235306568243156,All fibroblasts,Control,CTRL,Control
-0.0954511978982921,All fibroblasts,Control,CTRL,Control
-0.052970673698504986,All fibroblasts,Control,CTRL,Control
0.02431803019325193,All fibroblasts,Control,CTRL,Control
-0.05989460016629841,All fibroblasts,Control,CTRL,Control
0.006158939107325323,All fibroblasts,Control,CTRL,Control
-0.1464151226987546,All fibroblasts,Control,CTRL,Control
-0.004569715175936198,All fibroblasts,Control,CTRL,Control
-0.02523081087331181,All fibroblasts,Control,CTRL,Control
-0.040402896795021584,All fibroblasts,Control,CTRL,Control
-0.053848393272079874,All fibroblasts,Control,CTRL,Control
-0.06389454767237428,All fibroblasts,Control,CTRL,Control
-0.016252319422483685,All fibroblasts,Control,CTRL,Control
-0.11117202532828827,All fibroblasts,Control,CTRL,Control
-0.13277529204857139,All fibroblasts,Control,CTRL,Control
-0.11491943140975615,All fibroblasts,Control,CTRL,Control
-0.11867824708140484,All fibroblasts,Control,CTRL,Control
-0.13524058958572294,All fibroblasts,Control,CTRL,Control
-0.06509787848801657,All fibroblasts,Control,CTRL,Control
-0.05512004210019435,All fibroblasts,Control,CTRL,Control
0.014628419947347135,All fibroblasts,Control,CTRL,Control
-0.06988172491718567,All fibroblasts,Control,CTRL,Control
-0.049482880459722094,All fibroblasts,Control,CTRL,Control
0.0008031375948420391,All fibroblasts,Control,CTRL,Control
-0.14548809024285994,All fibroblasts,Control,CTRL,Control
-0.10551735635756802,All fibroblasts,Control,CTRL,Control
-0.12460847862429131,All fibroblasts,Control,CTRL,Control
-0.01819075301501446,All fibroblasts,Control,CTRL,Control
-0.08017804384947291,All fibroblasts,Control,CTRL,Control
-0.07284804553719867,All fibroblasts,Control,CTRL,Control
-0.10122327938402995,All fibroblasts,Control,CTRL,Control
-0.1266140685285961,All fibroblasts,Control,CTRL,Control
-0.18569238812123412,All fibroblasts,Control,CTRL,Control
-0.061474069525720196,All fibroblasts,Control,CTRL,Control
-0.21775553550652674,All fibroblasts,Control,CTRL,Control
-0.06094279692845874,All fibroblasts,Control,CTRL,Control
-0.08823393634520237,All fibroblasts,Control,CTRL,Control
-0.14606124234763618,All fibroblasts,Control,CTRL,Control
-0.1400265914552622,All fibroblasts,Control,CTRL,Control
-0.06646473850889428,All fibroblasts,Control,CTRL,Control
-0.05340390078296438,All fibroblasts,Control,CTRL,Control
-0.22576847509195347,All fibroblasts,Control,CTRL,Control
-0.11662629373992286,All fibroblasts,Control,CTRL,Control
-0.062307040603701166,All fibroblasts,Control,CTRL,Control
-0.050617096916197195,All fibroblasts,Control,CTRL,Control
-0.10618534228981764,All fibroblasts,Control,CTRL,Control
0.07651679486184138,All fibroblasts,Control,CTRL,Control
-0.14174402249452084,All fibroblasts,Control,CTRL,Control
0.00532327559712148,All fibroblasts,Control,CTRL,Control
-0.08391482167403749,All fibroblasts,Control,CTRL,Control
-0.05384617474773727,All fibroblasts,Control,CTRL,Control
-0.16596860159497595,All fibroblasts,Control,CTRL,Control
0.01498986640925696,All fibroblasts,Control,CTRL,Control
-0.11970069106300252,All fibroblasts,Control,CTRL,Control
-0.08836675348659741,All fibroblasts,Control,CTRL,Control
-0.09966848402084326,All fibroblasts,Control,CTRL,Control
-0.06752477210306737,All fibroblasts,Control,CTRL,Control
-0.07657410003755102,All fibroblasts,Control,CTRL,Control
-0.14039709811678566,All fibroblasts,Control,CTRL,Control
-0.12257208228980965,All fibroblasts,Control,CTRL,Control
-0.007827519830498252,All fibroblasts,Control,CTRL,Control
0.04041487432120968,All fibroblasts,Control,CTRL,Control
-0.1294574558716147,All fibroblasts,Control,CTRL,Control
0.1027184793622842,All fibroblasts,Control,CTRL,Control
0.021331465719388945,All fibroblasts,Control,CTRL,Control
-0.06564405616946054,All fibroblasts,Control,CTRL,Control
-0.11321669475849501,All fibroblasts,Control,CTRL,Control
-0.1848767316092111,All fibroblasts,Control,CTRL,Control
-0.07649822474545173,All fibroblasts,Control,CTRL,Control
-0.14572763087406976,All fibroblasts,Control,CTRL,Control
-0.10846370743997692,All fibroblasts,Control,CTRL,Control
-0.02869183142960678,All fibroblasts,Control,CTRL,Control
-0.18906413702534883,All fibroblasts,Control,CTRL,Control
-0.12983350206959882,All fibroblasts,Control,CTRL,Control
-0.1352931671211725,All fibroblasts,Control,CTRL,Control
-0.09112912161246872,All fibroblasts,Control,CTRL,Control
-0.06116267330120177,All fibroblasts,Control,CTRL,Control
-0.1396425994553448,All fibroblasts,Control,CTRL,Control
-0.02861256700178439,All fibroblasts,Control,CTRL,Control
-0.06869111124752855,All fibroblasts,Control,CTRL,Control
-0.1762339931874569,All fibroblasts,Control,CTRL,Control
-0.12816700613116622,All fibroblasts,Control,CTRL,Control
-0.10692502079544479,All fibroblasts,Control,CTRL,Control
-0.014774267171638442,All fibroblasts,Control,CTRL,Control
-0.03821821691592373,All fibroblasts,Control,CTRL,Control
0.13710883560362291,All fibroblasts,Control,CTRL,Control
-0.003193411423455715,All fibroblasts,Control,CTRL,Control
-0.10370228739341569,All fibroblasts,Control,CTRL,Control
0.02291099329175708,All fibroblasts,Control,CTRL,Control
-0.012003959095522015,All fibroblasts,Control,CTRL,Control
-0.18147802796960835,All fibroblasts,Control,CTRL,Control
-0.08781105463805601,All fibroblasts,Control,CTRL,Control
-0.008794815166872725,All fibroblasts,Control,CTRL,Control
-0.15738453593644647,All fibroblasts,Control,CTRL,Control
-0.08832562427765096,All fibroblasts,Control,CTRL,Control
-0.13327307999851867,All fibroblasts,Control,CTRL,Control
-0.10780439376000843,All fibroblasts,Control,CTRL,Control
-0.2802450131238865,All fibroblasts,Control,CTRL,Control
0.009218363674927364,All fibroblasts,Control,CTRL,Control
-0.06487646434539648,All fibroblasts,Control,CTRL,Control
-0.06496891571198463,All fibroblasts,Control,CTRL,Control
0.027458075711008237,All fibroblasts,Control,CTRL,Control
-0.0497892327687488,All fibroblasts,Control,CTRL,Control
-0.11090050281692855,All fibroblasts,Control,CTRL,Control
-0.11397843950816111,All fibroblasts,Control,CTRL,Control
-0.1194608702247676,All fibroblasts,Control,CTRL,Control
-0.03611609021307838,All fibroblasts,Control,CTRL,Control
-0.12628125107922963,All fibroblasts,Control,CTRL,Control
-0.03805847559221988,All fibroblasts,Control,CTRL,Control
-0.19197684636862022,All fibroblasts,Control,CTRL,Control
-0.08323309431125202,All fibroblasts,Control,CTRL,Control
-0.21090428321679125,All fibroblasts,Control,CTRL,Control
-0.10466957996033457,All fibroblasts,Control,CTRL,Control
-0.11109511241213993,All fibroblasts,Control,CTRL,Control
-0.28251950850370056,All fibroblasts,Control,CTRL,Control
-0.15800539037403452,All fibroblasts,Control,CTRL,Control
-0.1387796363619896,All fibroblasts,Control,CTRL,Control
-0.0312502258120648,All fibroblasts,Control,CTRL,Control
-0.03996208726352617,All fibroblasts,Control,CTRL,Control
-0.1903665340041042,All fibroblasts,Control,CTRL,Control
0.06883282806087813,All fibroblasts,Control,CTRL,Control
-0.03511140695653078,All fibroblasts,Control,CTRL,Control
-0.051291982191685626,All fibroblasts,Control,CTRL,Control
-0.02160915238771135,All fibroblasts,Control,CTRL,Control
-0.1245363987748902,All fibroblasts,Control,CTRL,Control
-0.07318981883413936,All fibroblasts,Control,CTRL,Control
-0.1272178678166239,All fibroblasts,Control,CTRL,Control
-0.06720007116653987,All fibroblasts,Control,CTRL,Control
-0.06677623142110001,All fibroblasts,Control,CTRL,Control
-0.05403844200068576,All fibroblasts,Control,CTRL,Control
-0.10978420525014254,All fibroblasts,Control,CTRL,Control
0.11629841944027458,All fibroblasts,Control,CTRL,Control
0.0413205997997893,All fibroblasts,Control,CTRL,Control
-0.039589699539039847,All fibroblasts,Control,CTRL,Control
-0.044772192477862696,All fibroblasts,Control,CTRL,Control
-0.10139629714580084,All fibroblasts,Control,CTRL,Control
0.09796662044914277,All fibroblasts,Control,CTRL,Control
-0.10782261140667254,All fibroblasts,Control,CTRL,Control
-0.13286288038274663,All fibroblasts,Control,CTRL,Control
-0.09636343990274597,All fibroblasts,Control,CTRL,Control
-0.1635383266440355,All fibroblasts,Control,CTRL,Control
-0.07980045677878418,All fibroblasts,Control,CTRL,Control
-0.15790498877667003,All fibroblasts,Control,CTRL,Control
-0.11266045105538526,All fibroblasts,Control,CTRL,Control
-0.15154613366581882,All fibroblasts,Control,CTRL,Control
-0.07310099949533942,All fibroblasts,Control,CTRL,Control
-0.07160761937001517,All fibroblasts,Control,CTRL,Control
-0.3216792643717594,All fibroblasts,Control,CTRL,Control
-0.0577801094071129,All fibroblasts,Control,CTRL,Control
-0.11635604230914309,All fibroblasts,Control,CTRL,Control
-0.13246413644470537,All fibroblasts,Control,CTRL,Control
-0.09916369754954216,All fibroblasts,Control,CTRL,Control
-0.03941004357956214,All fibroblasts,Control,CTRL,Control
-0.18678594445213006,All fibroblasts,Control,CTRL,Control
-0.07353519076933826,All fibroblasts,Control,CTRL,Control
-0.04659221885549159,All fibroblasts,Control,CTRL,Control
-0.1549116089938544,All fibroblasts,Control,CTRL,Control
-0.09561620506962548,All fibroblasts,Control,CTRL,Control
-0.06337543800918624,All fibroblasts,Control,CTRL,Control
-0.06372475609582419,All fibroblasts,Control,CTRL,Control
-0.04882539497723586,All fibroblasts,Control,CTRL,Control
-0.10947700392085269,All fibroblasts,Control,CTRL,Control
0.06660269266592775,All fibroblasts,Control,CTRL,Control
-0.03866943066281743,All fibroblasts,Control,CTRL,Control
-0.05264059759713777,All fibroblasts,Control,CTRL,Control
-0.09647389403097781,All fibroblasts,Control,CTRL,Control
-0.04243716895178576,All fibroblasts,Control,CTRL,Control
-0.265475031303394,All fibroblasts,Control,CTRL,Control
-0.04319080761394194,All fibroblasts,Control,CTRL,Control
-0.06923030284340045,All fibroblasts,Control,CTRL,Control
-0.18597652297987874,All fibroblasts,Control,CTRL,Control
-0.17633325024135235,All fibroblasts,Control,CTRL,Control
-0.11724320986985812,All fibroblasts,Control,CTRL,Control
0.017619732013506445,All fibroblasts,Control,CTRL,Control
-0.10280842544471283,All fibroblasts,Control,CTRL,Control
-0.03263396394610346,All fibroblasts,Control,CTRL,Control
-0.06774019340097764,All fibroblasts,Control,CTRL,Control
-0.11131162509121918,All fibroblasts,Control,CTRL,Control
-0.0787496407928306,All fibroblasts,Control,CTRL,Control
-0.15425512840424635,All fibroblasts,Control,CTRL,Control
-0.08845203672989585,All fibroblasts,Control,CTRL,Control
-0.06552046866683747,All fibroblasts,Control,CTRL,Control
-0.00973975636304297,All fibroblasts,Control,CTRL,Control
-0.10930510547602965,All fibroblasts,Control,CTRL,Control
-0.121549553922329,All fibroblasts,Control,CTRL,Control
-0.05463175506508462,All fibroblasts,Control,CTRL,Control
0.0007776760797568102,All fibroblasts,Control,CTRL,Control
-0.1266295880969463,All fibroblasts,Control,CTRL,Control
-0.12597628721107573,All fibroblasts,Control,CTRL,Control
-0.29088097397586543,All fibroblasts,Control,CTRL,Control
-0.0983950805909668,All fibroblasts,Control,CTRL,Control
-0.09593663528832597,All fibroblasts,Control,CTRL,Control
-0.12768642819835968,All fibroblasts,Control,CTRL,Control
-0.09757330579008174,All fibroblasts,Control,CTRL,Control
-0.05922246903813061,All fibroblasts,Control,CTRL,Control
-0.20747400044130268,All fibroblasts,Control,CTRL,Control
-0.07140167022417045,All fibroblasts,Control,CTRL,Control
-0.09938333693232293,All fibroblasts,Control,CTRL,Control
-0.14841610064301453,All fibroblasts,Control,CTRL,Control
0.10044703568112223,All fibroblasts,Control,CTRL,Control
-0.09997568211151327,All fibroblasts,Control,CTRL,Control
-0.101234565875851,All fibroblasts,Control,CTRL,Control
-0.09206443366855094,All fibroblasts,Control,CTRL,Control
-0.007682187984782887,All fibroblasts,Control,CTRL,Control
-0.14431610333847972,All fibroblasts,Control,CTRL,Control
-0.15965588134356626,All fibroblasts,Control,CTRL,Control
-0.112063481154287,All fibroblasts,Control,CTRL,Control
-0.17914144914629948,All fibroblasts,Control,CTRL,Control
-0.11957431138833899,All fibroblasts,Control,CTRL,Control
-0.07061460781719166,All fibroblasts,Control,CTRL,Control
-0.003756496976989876,All fibroblasts,Control,CTRL,Control
-0.11403406607237662,All fibroblasts,Control,CTRL,Control
0.009288927423060638,All fibroblasts,Control,CTRL,Control
-0.250589124953899,All fibroblasts,Control,CTRL,Control
-0.1255341883819998,All fibroblasts,Control,CTRL,Control
-0.11397132967042584,All fibroblasts,Control,CTRL,Control
-0.364091072212526,All fibroblasts,Control,CTRL,Control
-0.10124467537085266,All fibroblasts,Control,CTRL,Control
-0.0524138771740569,All fibroblasts,Control,CTRL,Control
-0.04712517697495322,All fibroblasts,Control,CTRL,Control
-0.03140804015102306,All fibroblasts,Control,CTRL,Control
-0.0579873082752749,All fibroblasts,Control,CTRL,Control
-0.05614675617835165,All fibroblasts,Control,CTRL,Control
-0.08212952676237609,All fibroblasts,Control,CTRL,Control
-0.23667990128462715,All fibroblasts,Control,CTRL,Control
-0.2026241654753108,All fibroblasts,Control,CTRL,Control
-0.04507449598304806,All fibroblasts,Control,CTRL,Control
-0.0065774753158679075,All fibroblasts,Control,CTRL,Control
-0.030715990115048997,All fibroblasts,Control,CTRL,Control
-0.0009713954107777381,All fibroblasts,Control,CTRL,Control
-0.06974331043370771,All fibroblasts,Control,CTRL,Control
-0.0868877323898552,All fibroblasts,Control,CTRL,Control
-0.03727086062051127,All fibroblasts,Control,CTRL,Control
-0.060026448629839725,All fibroblasts,Control,CTRL,Control
0.06054405168369044,All fibroblasts,Control,CTRL,Control
-0.10935629360778822,All fibroblasts,Control,CTRL,Control
-0.05908304644348051,All fibroblasts,Control,CTRL,Control
0.011184139862801742,All fibroblasts,Control,CTRL,Control
0.004054896109479511,All fibroblasts,Control,CTRL,Control
-0.07570184194411389,All fibroblasts,Control,CTRL,Control
-0.17510646754378592,All fibroblasts,Control,CTRL,Control
-0.02951471374536764,All fibroblasts,Control,CTRL,Control
-0.05108034636900276,All fibroblasts,Control,CTRL,Control
-0.14167185460039802,All fibroblasts,Control,CTRL,Control
-0.17991065659551897,All fibroblasts,Control,CTRL,Control
-0.08936286774049296,All fibroblasts,Control,CTRL,Control
-0.079286604196007,All fibroblasts,Control,CTRL,Control
-0.03768475470501012,All fibroblasts,Control,CTRL,Control
-0.09720885238442244,All fibroblasts,Control,CTRL,Control
-0.19743418145432692,All fibroblasts,Control,CTRL,Control
0.039893786543028345,All fibroblasts,Control,CTRL,Control
-0.17285894926705964,All fibroblasts,Control,CTRL,Control
-0.14422018994516905,All fibroblasts,Control,CTRL,Control
-0.14615999673826774,All fibroblasts,Control,CTRL,Control
-0.05760916178213849,All fibroblasts,Control,CTRL,Control
-0.16077854227017732,All fibroblasts,Control,CTRL,Control
-0.17567987397033888,All fibroblasts,Control,CTRL,Control
-0.04088133032806955,All fibroblasts,Control,CTRL,Control
-0.0551637218419809,All fibroblasts,Control,CTRL,Control
-0.0013944513333419076,All fibroblasts,Control,CTRL,Control
-0.2841173058961094,All fibroblasts,Control,CTRL,Control
-0.08999788796075964,All fibroblasts,Control,CTRL,Control
-0.0781675976935133,All fibroblasts,Control,CTRL,Control
-0.12177067338540679,All fibroblasts,Control,CTRL,Control
-0.24123706102329887,All fibroblasts,Control,CTRL,Control
-0.16677278319547498,All fibroblasts,Control,CTRL,Control
0.01404086295200005,All fibroblasts,Control,CTRL,Control
0.01559078391266291,All fibroblasts,Control,CTRL,Control
-0.06517141350615137,All fibroblasts,Control,CTRL,Control
-0.1033763481802917,All fibroblasts,Control,CTRL,Control
0.02413136141654311,All fibroblasts,Control,CTRL,Control
-0.11663789170442723,All fibroblasts,Control,CTRL,Control
-0.01836690537853759,All fibroblasts,Control,CTRL,Control
-0.09690032758568991,All fibroblasts,Control,CTRL,Control
-0.09793772055985595,All fibroblasts,Control,CTRL,Control
-0.08927147605133054,All fibroblasts,Control,CTRL,Control
-0.08287026734633328,All fibroblasts,Control,CTRL,Control
-0.007464910685858583,All fibroblasts,Control,CTRL,Control
-0.15040332605178158,All fibroblasts,Control,CTRL,Control
-0.09431056748216801,All fibroblasts,Control,CTRL,Control
-0.07377666114797143,All fibroblasts,Control,CTRL,Control
-0.05999903952142334,All fibroblasts,Control,CTRL,Control
0.02575998432386588,All fibroblasts,Control,CTRL,Control
-0.049992123954513974,All fibroblasts,Control,CTRL,Control
-0.12218915832963509,All fibroblasts,Control,CTRL,Control
-0.11379619405775822,All fibroblasts,Control,CTRL,Control
-0.13531911154325024,All fibroblasts,Control,CTRL,Control
-0.1660304364207792,All fibroblasts,Control,CTRL,Control
-0.05938004559061941,All fibroblasts,Control,CTRL,Control
-0.09787164672350976,All fibroblasts,Control,CTRL,Control
-0.005295219943314278,All fibroblasts,Control,CTRL,Control
-0.13650506544431476,All fibroblasts,Control,CTRL,Control
-0.22292167063338164,All fibroblasts,Control,CTRL,Control
-0.09504298177465907,All fibroblasts,Control,CTRL,Control
-0.05636738193796373,All fibroblasts,Control,CTRL,Control
-0.177548431369586,All fibroblasts,Control,CTRL,Control
-0.09641334129591103,All fibroblasts,Control,CTRL,Control
-0.07616034240695091,All fibroblasts,Control,CTRL,Control
-0.08260286255440069,All fibroblasts,Control,CTRL,Control
-0.09073356480443559,All fibroblasts,Control,CTRL,Control
-0.08438001439069062,All fibroblasts,Control,CTRL,Control
-0.04828592831697732,All fibroblasts,Control,CTRL,Control
-0.08751371507352343,All fibroblasts,Control,CTRL,Control
-0.13088188866325456,All fibroblasts,Control,CTRL,Control
0.006269854511863718,All fibroblasts,Control,CTRL,Control
0.22384727904232268,All fibroblasts,Control,CTRL,Control
-0.020415019142121495,All fibroblasts,Control,CTRL,Control
0.022603196505182485,All fibroblasts,Control,CTRL,Control
-0.24484730714967629,All fibroblasts,Control,CTRL,Control
-0.012471947354566278,All fibroblasts,Control,CTRL,Control
-0.11739373482603632,All fibroblasts,Control,CTRL,Control
-0.07214135389893955,All fibroblasts,Control,CTRL,Control
0.06558809297040338,All fibroblasts,Control,CTRL,Control
0.09326543814696395,All fibroblasts,Control,CTRL,Control
-0.08217626168614035,All fibroblasts,Control,CTRL,Control
-0.11529820546395285,All fibroblasts,Control,CTRL,Control
-0.06169495600462083,All fibroblasts,Control,CTRL,Control
-0.07266671199739122,All fibroblasts,Control,CTRL,Control
-0.11717296907697632,All fibroblasts,Control,CTRL,Control
-0.06854960220826903,All fibroblasts,Control,CTRL,Control
-0.05997466774619464,All fibroblasts,Control,CTRL,Control
-0.06167213714039714,All fibroblasts,Control,CTRL,Control
-0.1385301830236307,All fibroblasts,Control,CTRL,Control
-0.09593062756739364,All fibroblasts,Control,CTRL,Control
-0.2364534792979639,All fibroblasts,Control,CTRL,Control
-0.10438544043212838,All fibroblasts,Control,CTRL,Control
-0.06207490938278892,All fibroblasts,Control,CTRL,Control
-0.09747492482381324,All fibroblasts,Control,CTRL,Control
-0.08318601839621931,All fibroblasts,Control,CTRL,Control
-0.14869207489305944,All fibroblasts,Control,CTRL,Control
-0.21898953815297284,All fibroblasts,Control,CTRL,Control
-0.05683258809746465,All fibroblasts,Control,CTRL,Control
0.01713846203480491,All fibroblasts,Control,CTRL,Control
-0.09504028854464523,All fibroblasts,Control,CTRL,Control
-0.11106137930067042,All fibroblasts,Control,CTRL,Control
0.017148099888906178,All fibroblasts,Control,CTRL,Control
-0.09573713784242788,All fibroblasts,Control,CTRL,Control
-0.13064486645602816,All fibroblasts,Control,CTRL,Control
-0.09732082243374257,All fibroblasts,Control,CTRL,Control
-0.159973062295072,All fibroblasts,Control,CTRL,Control
-0.16849706379447055,All fibroblasts,Control,CTRL,Control
-0.05740996264862709,All fibroblasts,Control,CTRL,Control
0.00968025003074023,All fibroblasts,Control,CTRL,Control
-0.18581513884439754,All fibroblasts,Control,CTRL,Control
-0.08664524417047675,All fibroblasts,Control,CTRL,Control
0.11446477113507139,All fibroblasts,Control,CTRL,Control
-0.13673478943424186,All fibroblasts,Control,CTRL,Control
-0.1543141148728848,All fibroblasts,Control,CTRL,Control
-0.017684741586650045,All fibroblasts,Control,CTRL,Control
0.01414181571449526,All fibroblasts,Control,CTRL,Control
-0.1270541588073798,All fibroblasts,Control,CTRL,Control
-0.08842540896399961,All fibroblasts,Control,CTRL,Control
0.06736935589945586,All fibroblasts,Control,CTRL,Control
-0.34587859401831206,All fibroblasts,Control,CTRL,Control
0.014550319855588537,All fibroblasts,Control,CTRL,Control
-0.007379442031922409,All fibroblasts,Control,CTRL,Control
-0.1713186586544312,All fibroblasts,Control,CTRL,Control
-0.12023592738409253,All fibroblasts,Control,CTRL,Control
0.008500298421983625,All fibroblasts,Control,CTRL,Control
-0.07765660091136548,All fibroblasts,Control,CTRL,Control
-0.06438784285773516,All fibroblasts,Control,CTRL,Control
-0.1878701935677964,All fibroblasts,Control,CTRL,Control
0.0025361198880634417,All fibroblasts,Control,CTRL,Control
0.00549223892832474,All fibroblasts,Control,CTRL,Control
-0.0516452242102267,All fibroblasts,Control,CTRL,Control
-0.18971871903790408,All fibroblasts,Control,CTRL,Control
-0.09837637978934394,All fibroblasts,Control,CTRL,Control
-0.006358417397975439,All fibroblasts,Control,CTRL,Control
-0.17399359509540002,All fibroblasts,Control,CTRL,Control
-0.07460045494782933,All fibroblasts,Control,CTRL,Control
-0.059663797192220175,All fibroblasts,Control,CTRL,Control
-0.21878738977628098,All fibroblasts,Control,CTRL,Control
-0.04966269625148237,All fibroblasts,Control,CTRL,Control
-0.0590628505895201,All fibroblasts,Control,CTRL,Control
-0.04119772412371784,All fibroblasts,Control,CTRL,Control
-0.18456471195035373,All fibroblasts,Control,CTRL,Control
-0.015240822727222752,All fibroblasts,Control,CTRL,Control
-0.1613176055436901,All fibroblasts,Control,CTRL,Control
-0.10402284179288852,All fibroblasts,Control,CTRL,Control
-0.08524743095019512,All fibroblasts,Control,CTRL,Control
-0.055554658099852036,All fibroblasts,Control,CTRL,Control
-0.03993430154462875,All fibroblasts,Control,CTRL,Control
-0.07563638242398658,All fibroblasts,Control,CTRL,Control
0.0481972603092404,All fibroblasts,Control,CTRL,Control
-0.07642402095877064,All fibroblasts,Control,CTRL,Control
-0.23840278452651784,All fibroblasts,Control,CTRL,Control
-0.02821168876923186,All fibroblasts,Control,CTRL,Control
0.01267798195622765,All fibroblasts,Control,CTRL,Control
-0.11694726248853572,All fibroblasts,Control,CTRL,Control
-0.16857152650945462,All fibroblasts,Control,CTRL,Control
-0.11066010369632259,All fibroblasts,Control,CTRL,Control
-0.14675660120972822,All fibroblasts,Control,CTRL,Control
-0.21629160656493698,All fibroblasts,Control,CTRL,Control
-0.12637084644669747,All fibroblasts,Control,CTRL,Control
-0.1141186098759297,All fibroblasts,Control,CTRL,Control
-0.0646018976107724,All fibroblasts,Control,CTRL,Control
-0.16465193230526146,All fibroblasts,Control,CTRL,Control
0.01737976490394305,All fibroblasts,Control,CTRL,Control
0.05464136273234658,All fibroblasts,Control,CTRL,Control
-0.133615265271389,All fibroblasts,Control,CTRL,Control
0.04385862080148219,All fibroblasts,Control,CTRL,Control
0.0010919763609713539,All fibroblasts,Control,CTRL,Control
-0.07023661814580769,All fibroblasts,Control,CTRL,Control
-0.10748139351549682,All fibroblasts,Control,CTRL,Control
-0.12139285820155249,All fibroblasts,Control,CTRL,Control
-0.1307881709684333,All fibroblasts,Control,CTRL,Control
-0.15974773193624908,All fibroblasts,Control,CTRL,Control
-0.13788175669859534,All fibroblasts,Control,CTRL,Control
-0.09180568125521132,All fibroblasts,Control,CTRL,Control
-0.0807178997536758,All fibroblasts,Control,CTRL,Control
-0.02231625288469621,All fibroblasts,Control,CTRL,Control
-0.20392749685848244,All fibroblasts,Control,CTRL,Control
-0.09479488300849975,All fibroblasts,Control,CTRL,Control
-0.0686986603574478,All fibroblasts,Control,CTRL,Control
-0.2251967457321633,All fibroblasts,Control,CTRL,Control
-0.09962556248698198,All fibroblasts,Control,CTRL,Control
-0.18004576921519075,All fibroblasts,Control,CTRL,Control
-0.08423190054940294,All fibroblasts,Control,CTRL,Control
-0.12847287920544598,All fibroblasts,Control,CTRL,Control
-0.13097670056006447,All fibroblasts,Control,CTRL,Control
-0.08851096512511322,All fibroblasts,Control,CTRL,Control
0.004391738176289347,All fibroblasts,Control,CTRL,Control
-0.14173293706628226,All fibroblasts,Control,CTRL,Control
-0.08829626824693243,All fibroblasts,Control,CTRL,Control
-0.24603162867010467,All fibroblasts,Control,CTRL,Control
-0.14884358399469572,All fibroblasts,Control,CTRL,Control
-0.10546885713796769,All fibroblasts,Control,CTRL,Control
-0.1671908356567933,All fibroblasts,Control,CTRL,Control
-0.06363938932042693,All fibroblasts,Control,CTRL,Control
-0.025770005243367228,All fibroblasts,Control,CTRL,Control
-0.051025475116982986,All fibroblasts,Control,CTRL,Control
-0.04699828855938286,All fibroblasts,Control,CTRL,Control
-0.2281939024374583,All fibroblasts,Control,CTRL,Control
-0.3565395774926993,All fibroblasts,Control,CTRL,Control
-0.12463992620707634,All fibroblasts,Control,CTRL,Control
-0.05950038204428258,All fibroblasts,Control,CTRL,Control
-0.03528657313249272,All fibroblasts,Control,CTRL,Control
-0.1480593942487494,All fibroblasts,Control,CTRL,Control
-0.14566438686600677,All fibroblasts,Control,CTRL,Control
-0.12457691117555139,All fibroblasts,Control,CTRL,Control
-0.0032054575894960215,All fibroblasts,Control,CTRL,Control
0.049747297046069915,All fibroblasts,Control,CTRL,Control
-0.16094160889528009,All fibroblasts,Control,CTRL,Control
-0.07134990682577604,All fibroblasts,Control,CTRL,Control
0.18327260017609606,All fibroblasts,Control,CTRL,Control
-0.06037382540208254,All fibroblasts,Control,CTRL,Control
-0.07045650606562634,All fibroblasts,Control,CTRL,Control
-0.04573353244169427,All fibroblasts,Control,CTRL,Control
-0.0016108310147589441,All fibroblasts,Control,CTRL,Control
0.004260314038580029,All fibroblasts,Control,CTRL,Control
-0.04841413835560952,All fibroblasts,Control,CTRL,Control
-0.004831404897924477,All fibroblasts,Control,CTRL,Control
-0.1581820781945344,All fibroblasts,Control,CTRL,Control
-0.25484529709185366,All fibroblasts,Control,CTRL,Control
-0.13650476357520863,All fibroblasts,Control,CTRL,Control
-0.07955144726718621,All fibroblasts,Control,CTRL,Control
-0.07443118015370932,All fibroblasts,Control,CTRL,Control
0.06451086842420124,All fibroblasts,Control,CTRL,Control
-0.14178653722987616,All fibroblasts,Control,CTRL,Control
-0.17212004800096053,All fibroblasts,Control,CTRL,Control
0.08371362773334459,All fibroblasts,Control,CTRL,Control
-0.12587390294206063,All fibroblasts,Control,CTRL,Control
-0.13938159522299867,All fibroblasts,Control,CTRL,Control
-0.05992600570232031,All fibroblasts,Control,CTRL,Control
-0.09294203058768569,All fibroblasts,Control,CTRL,Control
-0.018735673895269506,All fibroblasts,Control,CTRL,Control
-0.19005383495237646,All fibroblasts,Control,CTRL,Control
-0.12747981492970525,All fibroblasts,Control,CTRL,Control
-0.09493252800957111,All fibroblasts,Control,CTRL,Control
-0.03348791141276589,All fibroblasts,Control,CTRL,Control
-0.04914580620565805,All fibroblasts,Control,CTRL,Control
-0.1334480273421404,All fibroblasts,Control,CTRL,Control
-0.2138497330328793,All fibroblasts,Control,CTRL,Control
-0.15418338547235916,All fibroblasts,Control,CTRL,Control
-0.06536200123202514,All fibroblasts,Control,CTRL,Control
-0.06214628622451251,All fibroblasts,Control,CTRL,Control
-0.06667802427033345,All fibroblasts,Control,CTRL,Control
-0.08051112379225137,All fibroblasts,Control,CTRL,Control
-0.14040596429248717,All fibroblasts,Control,CTRL,Control
0.01675063595564215,All fibroblasts,Control,CTRL,Control
-0.005460790010203942,All fibroblasts,Control,CTRL,Control
-0.061825214470739735,All fibroblasts,Control,CTRL,Control
-0.08410219159647062,All fibroblasts,Control,CTRL,Control
-0.0744308693999429,All fibroblasts,Control,CTRL,Control
-0.021620121639683847,All fibroblasts,Control,CTRL,Control
0.00043090531766970357,All fibroblasts,Control,CTRL,Control
-0.03534338578032904,All fibroblasts,Control,CTRL,Control
-0.059191608937053164,All fibroblasts,Control,CTRL,Control
-0.14775332772403904,All fibroblasts,Control,CTRL,Control
-0.13543274510305503,All fibroblasts,Control,CTRL,Control
-0.2054265014012321,All fibroblasts,Control,CTRL,Control
0.03186690362339177,All fibroblasts,Control,CTRL,Control
-0.02824767263369983,All fibroblasts,Control,CTRL,Control
0.018426893527142035,All fibroblasts,Control,CTRL,Control
-0.09773315072437548,All fibroblasts,Control,CTRL,Control
-0.11694767409384468,All fibroblasts,Control,CTRL,Control
0.058453980060747326,All fibroblasts,Control,CTRL,Control
-0.04516074837711326,All fibroblasts,Control,CTRL,Control
-0.12503966551379117,All fibroblasts,Control,CTRL,Control
-0.04258396699579488,All fibroblasts,Control,CTRL,Control
-0.0011848627545571738,All fibroblasts,Control,CTRL,Control
-0.14257074290206284,All fibroblasts,Control,CTRL,Control
-0.0678431785851017,All fibroblasts,Control,CTRL,Control
-0.07040353800514425,All fibroblasts,Control,CTRL,Control
-0.16114655200793676,All fibroblasts,Control,CTRL,Control
-0.010836530633097674,All fibroblasts,Control,CTRL,Control
-0.08055490964601236,All fibroblasts,Control,CTRL,Control
-0.09402248150473208,All fibroblasts,Control,CTRL,Control
-0.1312539696660684,All fibroblasts,Control,CTRL,Control
-0.07189507009993971,All fibroblasts,Control,CTRL,Control
-0.13206763191263937,All fibroblasts,Control,CTRL,Control
-0.005490556638468198,All fibroblasts,Control,CTRL,Control
-0.09975509637428993,All fibroblasts,Control,CTRL,Control
-0.1780304991824426,All fibroblasts,Control,CTRL,Control
-0.15471045101383712,All fibroblasts,Control,CTRL,Control
-0.1538058830192383,All fibroblasts,Control,CTRL,Control
-0.12241251780374597,All fibroblasts,Control,CTRL,Control
-0.1223626033612582,All fibroblasts,Control,CTRL,Control
-0.05107311181407598,All fibroblasts,Control,CTRL,Control
-0.07479075513018552,All fibroblasts,Control,CTRL,Control
-0.003052897047725156,All fibroblasts,Control,CTRL,Control
-0.06290305272951544,All fibroblasts,Control,CTRL,Control
-0.026975936246084194,All fibroblasts,Control,CTRL,Control
-0.17425398113887394,All fibroblasts,Control,CTRL,Control
-0.08911387146320057,All fibroblasts,Control,CTRL,Control
-0.06484028042401961,All fibroblasts,Control,CTRL,Control
-0.3038768235281636,All fibroblasts,Control,CTRL,Control
-0.11256264117854156,All fibroblasts,Control,CTRL,Control
-0.07013626815294743,All fibroblasts,Control,CTRL,Control
0.013530925032667448,All fibroblasts,Control,CTRL,Control
0.001605943403542566,All fibroblasts,Control,CTRL,Control
-0.12370639115869221,All fibroblasts,Control,CTRL,Control
0.08676422335771838,All fibroblasts,Control,CTRL,Control
-0.014646171484739337,All fibroblasts,Control,CTRL,Control
-0.04255321894897018,All fibroblasts,Control,CTRL,Control
-0.08632315133064543,All fibroblasts,Control,CTRL,Control
0.00804098258034842,All fibroblasts,Control,CTRL,Control
-0.1561364592558412,All fibroblasts,Control,CTRL,Control
-0.14255516569079332,All fibroblasts,Control,CTRL,Control
-0.13528214263202093,All fibroblasts,Control,CTRL,Control
0.0284680065999351,All fibroblasts,Control,CTRL,Control
-0.045614361781097665,All fibroblasts,Control,CTRL,Control
-0.08777437878571419,All fibroblasts,Control,CTRL,Control
0.07889054300701746,All fibroblasts,Control,CTRL,Control
-0.12393829531210351,All fibroblasts,Control,CTRL,Control
0.007860724544710202,All fibroblasts,Control,CTRL,Control
0.005397912878980563,All fibroblasts,Control,CTRL,Control
-0.027807647180141646,All fibroblasts,Control,CTRL,Control
-0.1790391847293954,All fibroblasts,Control,CTRL,Control
0.01172915311293573,All fibroblasts,Control,CTRL,Control
-0.11134643408641948,All fibroblasts,Control,CTRL,Control
-0.051519122873907246,All fibroblasts,Control,CTRL,Control
-0.09542026674035851,All fibroblasts,Control,CTRL,Control
-0.05281723361313262,All fibroblasts,Control,CTRL,Control
0.004462364677275553,All fibroblasts,Control,CTRL,Control
-0.10499411736832251,All fibroblasts,Control,CTRL,Control
-0.004177334427622786,All fibroblasts,Control,CTRL,Control
-0.1575539555520279,All fibroblasts,Control,CTRL,Control
-0.033778183257160574,All fibroblasts,Control,CTRL,Control
-0.06573970211241843,All fibroblasts,Control,CTRL,Control
-0.1825922549378382,All fibroblasts,Control,CTRL,Control
0.09621082416821759,All fibroblasts,Control,CTRL,Control
-0.0260519033158635,All fibroblasts,Control,CTRL,Control
0.05549695979393664,All fibroblasts,Control,CTRL,Control
-0.051542137828428494,All fibroblasts,Control,CTRL,Control
0.035139869089716086,All fibroblasts,Control,CTRL,Control
-0.14892883887544073,All fibroblasts,Control,CTRL,Control
-0.13385443958782042,All fibroblasts,Control,CTRL,Control
-0.1515011213927685,All fibroblasts,Control,CTRL,Control
-0.1622117386930821,All fibroblasts,Control,CTRL,Control
0.05829812057853849,All fibroblasts,Control,CTRL,Control
-0.04935099192300092,All fibroblasts,Control,CTRL,Control
-0.09651540317941246,All fibroblasts,Control,CTRL,Control
-0.07277136475186538,All fibroblasts,Control,CTRL,Control
-0.11235785757815384,All fibroblasts,Control,CTRL,Control
-0.04483265541591268,All fibroblasts,Control,CTRL,Control
0.05667552841950278,All fibroblasts,Control,CTRL,Control
-0.0861621915900901,All fibroblasts,Control,CTRL,Control
-0.019101562735188315,All fibroblasts,Control,CTRL,Control
-0.0952692198645386,All fibroblasts,Control,CTRL,Control
-0.09437937290139813,All fibroblasts,Control,CTRL,Control
-0.1034295158279424,All fibroblasts,Control,CTRL,Control
-0.13449635260607218,All fibroblasts,Control,CTRL,Control
-0.05634723993374423,All fibroblasts,Control,CTRL,Control
-0.20593252797227748,All fibroblasts,Control,CTRL,Control
-0.14716329282035878,All fibroblasts,Control,CTRL,Control
-0.03330503778045438,All fibroblasts,Control,CTRL,Control
-0.14777464405912713,All fibroblasts,Control,CTRL,Control
-0.09360219680014663,All fibroblasts,Control,CTRL,Control
-0.16280836951181715,All fibroblasts,Control,CTRL,Control
-0.1247783326389019,All fibroblasts,Control,CTRL,Control
-0.0899067061691826,All fibroblasts,Control,CTRL,Control
-0.1089324786114823,All fibroblasts,Control,CTRL,Control
-0.0883981562428699,All fibroblasts,Control,CTRL,Control
-0.18710328349734384,All fibroblasts,Control,CTRL,Control
-0.08788581707212197,All fibroblasts,Control,CTRL,Control
-0.07498526968404298,All fibroblasts,Control,CTRL,Control
-0.09046519306496523,All fibroblasts,Control,CTRL,Control
-0.12276585207721992,All fibroblasts,Control,CTRL,Control
-0.1739164852848374,All fibroblasts,Control,CTRL,Control
-0.0058505885720305205,All fibroblasts,Control,CTRL,Control
0.08156436937946657,All fibroblasts,Control,CTRL,Control
-0.11855427515996528,All fibroblasts,Control,CTRL,Control
-0.01569161080800304,All fibroblasts,Control,CTRL,Control
-0.09651806141105736,All fibroblasts,Control,CTRL,Control
0.08061859073371995,All fibroblasts,Control,CTRL,Control
-0.06680845554813616,All fibroblasts,Control,CTRL,Control
0.04630609197634067,All fibroblasts,Control,CTRL,Control
-0.11177710274274598,All fibroblasts,Control,CTRL,Control
-0.14459252488597266,All fibroblasts,Control,CTRL,Control
-0.16939866371310353,All fibroblasts,Control,CTRL,Control
-0.0531055919107779,All fibroblasts,Control,CTRL,Control
0.0005344000659453021,All fibroblasts,Control,CTRL,Control
-0.14181350156280612,All fibroblasts,Control,CTRL,Control
-0.13843189980467116,All fibroblasts,Control,CTRL,Control
-0.039036659166602025,All fibroblasts,Control,CTRL,Control
-0.049054447608986536,All fibroblasts,Control,CTRL,Control
-0.051791875947948394,All fibroblasts,Control,CTRL,Control
0.035091604477531534,All fibroblasts,Control,CTRL,Control
-0.08157782050316371,All fibroblasts,Control,CTRL,Control
-0.036759235991073114,All fibroblasts,Control,CTRL,Control
-0.07408434883016428,All fibroblasts,Control,CTRL,Control
-0.09181450445637093,All fibroblasts,Control,CTRL,Control
0.027260804247463022,All fibroblasts,Control,CTRL,Control
-0.009599950455938968,All fibroblasts,Control,CTRL,Control
-0.14373453663005387,All fibroblasts,Control,CTRL,Control
-0.06948389774594049,All fibroblasts,Control,CTRL,Control
-0.1001223629155294,All fibroblasts,Control,CTRL,Control
-0.1347689092691119,All fibroblasts,Control,CTRL,Control
-0.13618370125203133,All fibroblasts,Control,CTRL,Control
-0.32881314912801995,All fibroblasts,Control,CTRL,Control
0.03167814464681459,All fibroblasts,Control,CTRL,Control
-0.22729772712821378,All fibroblasts,Control,CTRL,Control
-0.17062599577567664,All fibroblasts,Control,CTRL,Control
-0.09774757777728155,All fibroblasts,Control,CTRL,Control
-0.06901702365164225,All fibroblasts,Control,CTRL,Control
-0.10170627350166918,All fibroblasts,Control,CTRL,Control
-0.1050673817429111,All fibroblasts,Control,CTRL,Control
-0.00603371106240555,All fibroblasts,Control,CTRL,Control
-0.14503930710130322,All fibroblasts,Control,CTRL,Control
-0.24843691823511638,All fibroblasts,Control,CTRL,Control
-0.11761409436954325,All fibroblasts,Control,CTRL,Control
-0.14728798541285168,All fibroblasts,Control,CTRL,Control
-0.04921571054991461,All fibroblasts,Control,CTRL,Control
0.00214850686937779,All fibroblasts,Control,CTRL,Control
-0.03985607125902563,All fibroblasts,Control,CTRL,Control
-0.037891361491510026,All fibroblasts,Control,CTRL,Control
-0.09210182464622577,All fibroblasts,Control,CTRL,Control
-0.0021914348388459787,All fibroblasts,Control,CTRL,Control
-0.018434053710603804,All fibroblasts,Control,CTRL,Control
-0.18150586314069816,All fibroblasts,Control,CTRL,Control
-0.11931041362545164,All fibroblasts,Control,CTRL,Control
-0.0518771287412666,All fibroblasts,Control,CTRL,Control
-0.19035884800659986,All fibroblasts,Control,CTRL,Control
-0.050713582918508686,All fibroblasts,Control,CTRL,Control
0.0051101242990484776,All fibroblasts,Control,CTRL,Control
-0.025456140078763203,All fibroblasts,Control,CTRL,Control
-0.10248621668264157,All fibroblasts,Control,CTRL,Control
-0.12021070572612758,All fibroblasts,Control,CTRL,Control
-0.2067021036577228,All fibroblasts,Control,CTRL,Control
-0.14349778818591755,All fibroblasts,Control,CTRL,Control
-0.023123881192451973,All fibroblasts,Control,CTRL,Control
-0.055552031202098125,All fibroblasts,Control,CTRL,Control
-0.12495349598985081,All fibroblasts,Control,CTRL,Control
-0.008870131584995444,All fibroblasts,Control,CTRL,Control
-0.07109127347457413,All fibroblasts,Control,CTRL,Control
-0.09305283609125398,All fibroblasts,Control,CTRL,Control
-0.044459025905835545,All fibroblasts,Control,CTRL,Control
-0.1496373786653644,All fibroblasts,Control,CTRL,Control
-0.05915185130618634,All fibroblasts,Control,CTRL,Control
-0.11157955637078756,All fibroblasts,Control,CTRL,Control
-0.057596780824924726,All fibroblasts,Control,CTRL,Control
0.01781643831830171,All fibroblasts,Control,CTRL,Control
-0.13906591504614388,All fibroblasts,Control,CTRL,Control
-0.05379317239411272,All fibroblasts,Control,CTRL,Control
-0.01093800678323607,All fibroblasts,Control,CTRL,Control
-0.11901605000675838,All fibroblasts,Control,CTRL,Control
0.01347826774802573,All fibroblasts,Control,CTRL,Control
-0.1353706501109233,All fibroblasts,Control,CTRL,Control
-0.13607824730127777,All fibroblasts,Control,CTRL,Control
-0.10890267446721068,All fibroblasts,Control,CTRL,Control
-0.05792123292118796,All fibroblasts,Control,CTRL,Control
-0.12403384247413962,All fibroblasts,Control,CTRL,Control
-0.1078922525481727,All fibroblasts,Control,CTRL,Control
-0.03879182583078712,All fibroblasts,Control,CTRL,Control
-0.13491264616737153,All fibroblasts,Control,CTRL,Control
-0.05220657237129675,All fibroblasts,Control,CTRL,Control
-0.057220874483556956,All fibroblasts,Control,CTRL,Control
-0.10272844302785582,All fibroblasts,Control,CTRL,Control
-0.07197696805422717,All fibroblasts,Control,CTRL,Control
-0.03662267265479793,All fibroblasts,Control,CTRL,Control
0.01685214950523722,All fibroblasts,Control,CTRL,Control
0.030888413471481656,All fibroblasts,Control,CTRL,Control
-0.05616579087307892,All fibroblasts,Control,CTRL,Control
-0.11969150086224369,All fibroblasts,Control,CTRL,Control
-0.1829992446239356,All fibroblasts,Control,CTRL,Control
-0.1493646557526476,All fibroblasts,Control,CTRL,Control
-0.04858684077344923,All fibroblasts,Control,CTRL,Control
-0.07586096653073893,All fibroblasts,Control,CTRL,Control
-0.14312319604927443,All fibroblasts,Control,CTRL,Control
-0.07369987991388736,All fibroblasts,Control,CTRL,Control
-0.13772136716542055,All fibroblasts,Control,CTRL,Control
-0.09070740029710153,All fibroblasts,Control,CTRL,Control
-0.08110155870853086,All fibroblasts,Control,CTRL,Control
0.013527526054432665,All fibroblasts,Control,CTRL,Control
-0.13830209017862266,All fibroblasts,Control,CTRL,Control
-0.05419646039504571,All fibroblasts,Control,CTRL,Control
-0.09668233746610536,All fibroblasts,Control,CTRL,Control
-0.11878816133659886,All fibroblasts,Control,CTRL,Control
-0.07393041067132211,All fibroblasts,Control,CTRL,Control
-0.24017589759640798,All fibroblasts,Control,CTRL,Control
0.07743090346124734,All fibroblasts,Control,CTRL,Control
-0.06326067158834894,All fibroblasts,Control,CTRL,Control
-0.18399661386236102,All fibroblasts,Control,CTRL,Control
-0.0408734663053662,All fibroblasts,Control,CTRL,Control
0.0274368585706471,All fibroblasts,Control,CTRL,Control
-0.141641270568283,All fibroblasts,Control,CTRL,Control
-0.09937338238663673,All fibroblasts,Control,CTRL,Control
-0.027452688005417114,All fibroblasts,Control,CTRL,Control
-0.021645917621223035,All fibroblasts,Control,CTRL,Control
-0.05193092841978033,All fibroblasts,Control,CTRL,Control
0.01650867481338599,All fibroblasts,Control,CTRL,Control
-0.06219400515134206,All fibroblasts,Control,CTRL,Control
-0.11093722427743952,All fibroblasts,Control,CTRL,Control
-0.07451120395218334,All fibroblasts,Control,CTRL,Control
-0.07082289698531577,All fibroblasts,Control,CTRL,Control
-0.07457437541184779,All fibroblasts,Control,CTRL,Control
0.008767649442057289,All fibroblasts,Control,CTRL,Control
-0.08915610440870556,All fibroblasts,Control,CTRL,Control
-0.07203262803621667,All fibroblasts,Control,CTRL,Control
-0.033540159961991084,All fibroblasts,Control,CTRL,Control
-0.21956301492177674,All fibroblasts,Control,CTRL,Control
0.28102025415438614,All fibroblasts,Control,CTRL,Control
-0.13926299685261517,All fibroblasts,Control,CTRL,Control
-0.061022930800920486,All fibroblasts,Control,CTRL,Control
-0.17000926984238438,All fibroblasts,Control,CTRL,Control
-0.061173285756059716,All fibroblasts,Control,CTRL,Control
-0.15885839636883523,All fibroblasts,Control,CTRL,Control
-0.026140214786400384,All fibroblasts,Control,CTRL,Control
-0.10435845520337347,All fibroblasts,Control,CTRL,Control
-0.031226972911662224,All fibroblasts,Control,CTRL,Control
-0.18334841947465452,All fibroblasts,Control,CTRL,Control
-0.07689086729750164,All fibroblasts,Control,CTRL,Control
0.014190222156957078,All fibroblasts,Control,CTRL,Control
-0.19681915499174477,All fibroblasts,Control,CTRL,Control
-0.08706336388796254,All fibroblasts,Control,CTRL,Control
-0.09333947562259765,All fibroblasts,Control,CTRL,Control
-0.1195235944329891,All fibroblasts,Control,CTRL,Control
-0.12812381459406852,All fibroblasts,Control,CTRL,Control
-0.15915018212884616,All fibroblasts,Control,CTRL,Control
-0.0786045762441852,All fibroblasts,Control,CTRL,Control
-0.11061289927461579,All fibroblasts,Control,CTRL,Control
-0.052652049692580076,All fibroblasts,Control,CTRL,Control
0.05829062207297318,All fibroblasts,Control,CTRL,Control
-0.04398177597489354,All fibroblasts,Control,CTRL,Control
-0.1086423960900948,All fibroblasts,Control,CTRL,Control
-0.17260206675738102,All fibroblasts,Control,CTRL,Control
-0.08749000845190051,All fibroblasts,Control,CTRL,Control
-0.0946097371005869,All fibroblasts,Control,CTRL,Control
-0.02538306250783074,All fibroblasts,Control,CTRL,Control
-0.010897666924493024,All fibroblasts,Control,CTRL,Control
-0.05853489415575441,All fibroblasts,Control,CTRL,Control
-0.06825888407125609,All fibroblasts,Control,CTRL,Control
-0.11751137518351162,All fibroblasts,Control,CTRL,Control
-0.09503504267310117,All fibroblasts,Control,CTRL,Control
0.007955126184943422,All fibroblasts,Control,CTRL,Control
-0.007839031318424696,All fibroblasts,Control,CTRL,Control
-0.139456713299638,All fibroblasts,Control,CTRL,Control
0.02284786465289462,All fibroblasts,Control,CTRL,Control
-0.09625616722695057,All fibroblasts,Control,CTRL,Control
-0.06997795804783966,All fibroblasts,Control,CTRL,Control
0.05469485012037377,All fibroblasts,Control,CTRL,Control
-0.013678231387567432,All fibroblasts,Control,CTRL,Control
-0.049818180607925665,All fibroblasts,Control,CTRL,Control
0.009178283818579963,All fibroblasts,Control,CTRL,Control
-0.10926240757345122,All fibroblasts,Control,CTRL,Control
-0.18779057024286683,All fibroblasts,Control,CTRL,Control
0.02726653493275145,All fibroblasts,Control,CTRL,Control
0.0558924459909458,All fibroblasts,Control,CTRL,Control
-0.10760152639199028,All fibroblasts,Control,CTRL,Control
-0.0671660507152765,All fibroblasts,Control,CTRL,Control
-0.04632046208428798,All fibroblasts,Control,CTRL,Control
-0.055568041334897705,All fibroblasts,Control,CTRL,Control
-0.021770607055978268,All fibroblasts,Control,CTRL,Control
-0.1509398870537692,All fibroblasts,Control,CTRL,Control
-0.09251048471216405,All fibroblasts,Control,CTRL,Control
0.0955291467989386,All fibroblasts,Control,CTRL,Control
-0.2272863809537846,All fibroblasts,Control,CTRL,Control
-0.005481732656482271,All fibroblasts,Control,CTRL,Control
-0.08208929728648484,All fibroblasts,Control,CTRL,Control
-0.12207237167955111,All fibroblasts,Control,CTRL,Control
-0.14460444238239148,All fibroblasts,Control,CTRL,Control
-0.1471607321472408,All fibroblasts,Control,CTRL,Control
-0.13402816307670662,All fibroblasts,Control,CTRL,Control
-0.0267955346281916,All fibroblasts,Control,CTRL,Control
-0.08080726311806945,All fibroblasts,Control,CTRL,Control
-0.05909756279539953,All fibroblasts,Control,CTRL,Control
-0.07215558323553306,All fibroblasts,Control,CTRL,Control
-0.029207770460607657,All fibroblasts,Control,CTRL,Control
0.041843706308570636,All fibroblasts,Control,CTRL,Control
-0.06319202397634822,All fibroblasts,Control,CTRL,Control
-0.03637493428546692,All fibroblasts,Control,CTRL,Control
-0.16917061996441463,All fibroblasts,Control,CTRL,Control
-0.2883507739641131,All fibroblasts,Control,CTRL,Control
-0.02761832783011367,All fibroblasts,Control,CTRL,Control
-0.08057578089781663,All fibroblasts,Control,CTRL,Control
-0.09739945916404776,All fibroblasts,Control,CTRL,Control
-0.03727235020004806,All fibroblasts,Control,CTRL,Control
-0.10519084426080197,All fibroblasts,Control,CTRL,Control
-0.21256175958288356,All fibroblasts,Control,CTRL,Control
-0.0447543226489211,All fibroblasts,Control,CTRL,Control
-0.10578330880222779,All fibroblasts,Control,CTRL,Control
0.23654612466547295,All fibroblasts,Control,CTRL,Control
-0.18090390348944288,All fibroblasts,Control,CTRL,Control
-0.08697250276463005,All fibroblasts,Control,CTRL,Control
-0.16678098185371348,All fibroblasts,Control,CTRL,Control
-0.19369083793291816,All fibroblasts,Control,CTRL,Control
-0.017814642159670914,All fibroblasts,Control,CTRL,Control
0.010258014351600904,All fibroblasts,Control,CTRL,Control
-0.059414613432514474,All fibroblasts,Control,CTRL,Control
-0.03345571139471183,All fibroblasts,Control,CTRL,Control
-0.04972932257738469,All fibroblasts,Control,CTRL,Control
-0.047778761288389926,All fibroblasts,Control,CTRL,Control
-0.0769057983609426,All fibroblasts,Control,CTRL,Control
-0.16712016287839448,All fibroblasts,Control,CTRL,Control
-0.14754107019467252,All fibroblasts,Control,CTRL,Control
-0.026691089284343356,All fibroblasts,Control,CTRL,Control
-0.13546964624151145,All fibroblasts,Control,CTRL,Control
-0.054253138837582926,All fibroblasts,Control,CTRL,Control
0.010568523977156222,All fibroblasts,Control,CTRL,Control
-0.08191316554780947,All fibroblasts,Control,CTRL,Control
-0.05663964467706238,All fibroblasts,Control,CTRL,Control
-0.07382133395933235,All fibroblasts,Control,CTRL,Control
-0.050973145455167936,All fibroblasts,Control,CTRL,Control
-0.12176344760124112,All fibroblasts,Control,CTRL,Control
-0.07641236663753587,All fibroblasts,Control,CTRL,Control
-0.14512792280013453,All fibroblasts,Control,CTRL,Control
-0.12211121564138548,All fibroblasts,Control,CTRL,Control
-0.0700299431680117,All fibroblasts,Control,CTRL,Control
-0.1328428241731412,All fibroblasts,Control,CTRL,Control
-0.031865552582662174,All fibroblasts,Control,CTRL,Control
-0.1175221347843644,All fibroblasts,Control,CTRL,Control
-0.1125569955973765,All fibroblasts,Control,CTRL,Control
0.03481026667056712,All fibroblasts,Control,CTRL,Control
-0.11861285632837754,All fibroblasts,Control,CTRL,Control
0.012679509594946296,All fibroblasts,Control,CTRL,Control
-0.09655959160309192,All fibroblasts,Control,CTRL,Control
-0.05008023966877811,All fibroblasts,Control,CTRL,Control
0.0388286522827523,All fibroblasts,Control,CTRL,Control
-0.01898920536258797,All fibroblasts,Control,CTRL,Control
-0.02665496613224152,All fibroblasts,Control,CTRL,Control
-0.18188427561090298,All fibroblasts,Control,CTRL,Control
-0.09165332064614408,All fibroblasts,Control,CTRL,Control
-0.14712007708041083,All fibroblasts,Control,CTRL,Control
-0.027539155730395455,All fibroblasts,Control,CTRL,Control
-0.1252240292746788,All fibroblasts,Control,CTRL,Control
-0.02343192570418887,All fibroblasts,Control,CTRL,Control
-0.11655399349066295,All fibroblasts,Control,CTRL,Control
-0.1256320468094262,All fibroblasts,Control,CTRL,Control
-0.018193750317657676,All fibroblasts,Control,CTRL,Control
-0.13097725420884135,All fibroblasts,Control,CTRL,Control
-0.1400531828735229,All fibroblasts,Control,CTRL,Control
-0.0207224614339409,All fibroblasts,Control,CTRL,Control
-0.20667124068901627,All fibroblasts,Control,CTRL,Control
-0.04789498807519909,All fibroblasts,Control,CTRL,Control
0.014974348296776182,All fibroblasts,Control,CTRL,Control
-0.14972697020828685,All fibroblasts,Control,CTRL,Control
-0.0782399628386453,All fibroblasts,Control,CTRL,Control
-0.03364912771266097,All fibroblasts,Control,CTRL,Control
-0.012540152195181585,All fibroblasts,Control,CTRL,Control
-0.1958910622128097,All fibroblasts,Control,CTRL,Control
0.05096649522038575,All fibroblasts,Control,CTRL,Control
-0.1301569823593406,All fibroblasts,Control,CTRL,Control
-0.14726321756661775,All fibroblasts,Control,CTRL,Control
-0.18092873279017768,All fibroblasts,Control,CTRL,Control
0.11410073871795219,All fibroblasts,Control,CTRL,Control
-0.09802167433365333,All fibroblasts,Control,CTRL,Control
-0.0018482822528567795,All fibroblasts,Control,CTRL,Control
-0.13023347353686682,All fibroblasts,Control,CTRL,Control
0.03677342657674832,All fibroblasts,Control,CTRL,Control
-0.0410443987779515,All fibroblasts,Control,CTRL,Control
-0.020789647962687622,All fibroblasts,Control,CTRL,Control
-0.11192396128952627,All fibroblasts,Control,CTRL,Control
0.05948658091150113,All fibroblasts,Control,CTRL,Control
-0.010980963219426583,All fibroblasts,Control,CTRL,Control
-0.10326948903926346,All fibroblasts,Control,CTRL,Control
-0.11796007966274556,All fibroblasts,Control,CTRL,Control
-0.12437892812381958,All fibroblasts,Control,CTRL,Control
0.14042216658807433,All fibroblasts,Control,CTRL,Control
0.03236908404317581,All fibroblasts,Control,CTRL,Control
-0.10936987670012796,All fibroblasts,Control,CTRL,Control
-0.03199544125624838,All fibroblasts,Control,CTRL,Control
-0.18078760333509028,All fibroblasts,Control,CTRL,Control
-0.0560185586594849,All fibroblasts,Control,CTRL,Control
-0.003971570280809328,All fibroblasts,Control,CTRL,Control
-0.14006779618870457,All fibroblasts,Control,CTRL,Control
-0.10981149717477853,All fibroblasts,Control,CTRL,Control
-0.0671766161300788,All fibroblasts,Control,CTRL,Control
-0.17355407339403714,All fibroblasts,Control,CTRL,Control
-0.10898360058564682,All fibroblasts,Control,CTRL,Control
0.0024548146479214834,All fibroblasts,Control,CTRL,Control
0.11893712249748942,All fibroblasts,Control,CTRL,Control
-0.12976823927678735,All fibroblasts,Control,CTRL,Control
-0.11655689982168049,All fibroblasts,Control,CTRL,Control
-0.031871822579156495,All fibroblasts,Control,CTRL,Control
-0.04212262477578707,All fibroblasts,Control,CTRL,Control
-0.1680826309683544,All fibroblasts,Control,CTRL,Control
-0.07034876781084744,All fibroblasts,Control,CTRL,Control
-0.08631108385700993,All fibroblasts,Control,CTRL,Control
-0.008363130763431044,All fibroblasts,Control,CTRL,Control
-0.006965918884571368,All fibroblasts,Control,CTRL,Control
-0.11707598887236208,All fibroblasts,Control,CTRL,Control
-0.09255988663483902,All fibroblasts,Control,CTRL,Control
-0.0826060910261116,All fibroblasts,Control,CTRL,Control
0.0755808196283083,All fibroblasts,Control,CTRL,Control
-0.1527367635090254,All fibroblasts,Control,CTRL,Control
0.035158177749856204,All fibroblasts,Control,CTRL,Control
-0.1596307436665071,All fibroblasts,Control,CTRL,Control
-0.06321850166383779,All fibroblasts,Control,CTRL,Control
-0.10702501018991714,All fibroblasts,Control,CTRL,Control
-0.08720393776369506,All fibroblasts,Control,CTRL,Control
-0.13694043548282553,All fibroblasts,Control,CTRL,Control
-0.10964411627877887,All fibroblasts,Control,CTRL,Control
-0.061962885317250076,All fibroblasts,Control,CTRL,Control
-0.09162375249198518,All fibroblasts,Control,CTRL,Control
-0.010171089910635991,All fibroblasts,Control,CTRL,Control
-0.10205204863971662,All fibroblasts,Control,CTRL,Control
-0.15360318145312035,All fibroblasts,Control,CTRL,Control
-0.07103049612682241,All fibroblasts,Control,CTRL,Control
-0.08231187978744672,All fibroblasts,Control,CTRL,Control
-0.11644969985790118,All fibroblasts,Control,CTRL,Control
-0.04049502852977842,All fibroblasts,Control,CTRL,Control
-0.14015428635555205,All fibroblasts,Control,CTRL,Control
-0.06142753233598593,All fibroblasts,Control,CTRL,Control
-0.04330283494811236,All fibroblasts,Control,CTRL,Control
-0.06106432617984078,All fibroblasts,Control,CTRL,Control
-0.12778727409775834,All fibroblasts,Control,CTRL,Control
-0.0035069958834529538,All fibroblasts,Control,CTRL,Control
-0.13079049379461447,All fibroblasts,Control,CTRL,Control
-0.10436336564946994,All fibroblasts,Control,CTRL,Control
-0.017503274237795456,All fibroblasts,Control,CTRL,Control
-0.15390065814461137,All fibroblasts,Control,CTRL,Control
-0.13011013180764264,All fibroblasts,Control,CTRL,Control
0.043339129461829655,All fibroblasts,Control,CTRL,Control
-0.09233061966520151,All fibroblasts,Control,CTRL,Control
-0.0737101888863004,All fibroblasts,Control,CTRL,Control
-0.06522549497158933,All fibroblasts,Control,CTRL,Control
0.18521530307672185,All fibroblasts,Control,CTRL,Control
0.07863662519013721,All fibroblasts,Control,CTRL,Control
0.002311887333324792,All fibroblasts,Control,CTRL,Control
0.029732238740593112,All fibroblasts,Control,CTRL,Control
-0.16118993360017514,All fibroblasts,Control,CTRL,Control
-0.18586745399074073,All fibroblasts,Control,CTRL,Control
-0.05461045646134364,All fibroblasts,Control,CTRL,Control
-0.0828536800485476,All fibroblasts,Control,CTRL,Control
-0.021241561014457948,All fibroblasts,Control,CTRL,Control
-0.10499938257229961,All fibroblasts,Control,CTRL,Control
-0.025436868143510656,All fibroblasts,Control,CTRL,Control
-0.1028203479612212,All fibroblasts,Control,CTRL,Control
-0.1081460425821109,All fibroblasts,Control,CTRL,Control
-0.19895905092283508,All fibroblasts,Control,CTRL,Control
-0.17507554563477656,All fibroblasts,Control,CTRL,Control
-0.13550576799721573,All fibroblasts,Control,CTRL,Control
-0.19446761735800588,All fibroblasts,Control,CTRL,Control
-0.07553487352953524,All fibroblasts,Control,CTRL,Control
-0.18237884519698314,All fibroblasts,Control,CTRL,Control
-0.10853807376965,All fibroblasts,Control,CTRL,Control
-0.11982751307503502,All fibroblasts,Control,CTRL,Control
-0.04277163666730196,All fibroblasts,Control,CTRL,Control
-0.02468649869865972,All fibroblasts,Control,CTRL,Control
0.02868553656073155,All fibroblasts,Control,CTRL,Control
-0.11174564023232528,All fibroblasts,Control,CTRL,Control
-0.052692935284292655,All fibroblasts,Control,CTRL,Control
-0.11793111255857842,All fibroblasts,Control,CTRL,Control
-0.1659149647380001,All fibroblasts,Control,CTRL,Control
-0.10322707177516866,All fibroblasts,Control,CTRL,Control
0.05423695365455014,All fibroblasts,Control,CTRL,Control
-0.16030820851698852,All fibroblasts,Control,CTRL,Control
-0.031292287498689605,All fibroblasts,Control,CTRL,Control
-0.14074416024904615,All fibroblasts,Control,CTRL,Control
-0.03582731644708869,All fibroblasts,Control,CTRL,Control
-0.1617687279335854,All fibroblasts,Control,CTRL,Control
-0.14457173602998186,All fibroblasts,Control,CTRL,Control
-0.12274059202345314,All fibroblasts,Control,CTRL,Control
-0.11258990857324501,All fibroblasts,Control,CTRL,Control
-0.1451600087161817,All fibroblasts,Control,CTRL,Control
-0.1362800699409533,All fibroblasts,Control,CTRL,Control
-0.10362911844035266,All fibroblasts,Control,CTRL,Control
-0.10864285248594932,All fibroblasts,Control,CTRL,Control
-0.022764278516711707,All fibroblasts,Control,CTRL,Control
-0.22354374405849117,All fibroblasts,Control,CTRL,Control
-0.11835505945796632,All fibroblasts,Control,CTRL,Control
-0.13399549643606112,All fibroblasts,Control,CTRL,Control
-0.11776876088021183,All fibroblasts,Control,CTRL,Control
-0.11355657138895169,All fibroblasts,Control,CTRL,Control
-0.048648134611530267,All fibroblasts,Control,CTRL,Control
-0.09088221448132702,All fibroblasts,Control,CTRL,Control
-0.13466169394972458,All fibroblasts,Control,CTRL,Control
-0.06129091050461717,All fibroblasts,Control,CTRL,Control
-0.06862291633178018,All fibroblasts,Control,CTRL,Control
-0.21219757229559627,All fibroblasts,Control,CTRL,Control
-0.0765293557458583,All fibroblasts,Control,CTRL,Control
-0.025766638852180168,All fibroblasts,Control,CTRL,Control
-0.044355716672532165,All fibroblasts,Control,CTRL,Control
-0.04044403065368918,All fibroblasts,Control,CTRL,Control
-0.11249746809255848,All fibroblasts,Control,CTRL,Control
-0.056732313135276255,All fibroblasts,Control,CTRL,Control
-0.14452260116768953,All fibroblasts,Control,CTRL,Control
-0.09689421831499753,All fibroblasts,Control,CTRL,Control
-0.1367306575358464,All fibroblasts,Control,CTRL,Control
-0.01703755763299105,All fibroblasts,Control,CTRL,Control
0.08034335547159088,All fibroblasts,Control,CTRL,Control
-0.08117161837496596,All fibroblasts,Control,CTRL,Control
-0.07345328618250574,All fibroblasts,Control,CTRL,Control
-0.12398639038336667,All fibroblasts,Control,CTRL,Control
-0.015573838517128694,All fibroblasts,Control,CTRL,Control
-0.13847930021722793,All fibroblasts,Control,CTRL,Control
-0.07124587309560935,All fibroblasts,Control,CTRL,Control
-0.06673702206671644,All fibroblasts,Control,CTRL,Control
-0.06388970443466319,All fibroblasts,Control,CTRL,Control
-0.04302292777171672,All fibroblasts,Control,CTRL,Control
-0.22583756236676011,All fibroblasts,Control,CTRL,Control
-0.17700656389399214,All fibroblasts,Control,CTRL,Control
-0.041724802113165434,All fibroblasts,Control,CTRL,Control
-0.0403226981613597,All fibroblasts,Control,CTRL,Control
-0.1761101925622578,All fibroblasts,Control,CTRL,Control
-0.09098646484898282,All fibroblasts,Control,CTRL,Control
-0.05412339774490007,All fibroblasts,Control,CTRL,Control
-0.01515587506206352,All fibroblasts,Control,CTRL,Control
-0.09695240901251483,All fibroblasts,Control,CTRL,Control
-0.04745064625529625,All fibroblasts,Control,CTRL,Control
-0.07363819039518939,All fibroblasts,Control,CTRL,Control
0.1858896579078478,All fibroblasts,Control,CTRL,Control
-0.21220165779922895,All fibroblasts,Control,CTRL,Control
-0.11070500077525199,All fibroblasts,Control,CTRL,Control
-0.021871902750092598,All fibroblasts,Control,CTRL,Control
-0.2501956777461656,All fibroblasts,Control,CTRL,Control
-0.11425844605933125,All fibroblasts,Control,CTRL,Control
-0.1865573338011298,All fibroblasts,Control,CTRL,Control
-0.069091153091114,All fibroblasts,Control,CTRL,Control
-0.054340272690980934,All fibroblasts,Control,CTRL,Control
-0.05347852372673168,All fibroblasts,Control,CTRL,Control
-0.09570160778585379,All fibroblasts,Control,CTRL,Control
-0.06629012105103038,All fibroblasts,Control,CTRL,Control
-0.09831928014727528,All fibroblasts,Control,CTRL,Control
-0.09069765191789156,All fibroblasts,Control,CTRL,Control
-0.017855188815302826,All fibroblasts,Control,CTRL,Control
-0.04884470613894767,All fibroblasts,Control,CTRL,Control
-0.20393297870083807,All fibroblasts,Control,CTRL,Control
-0.1106813161489667,All fibroblasts,Control,CTRL,Control
-0.10821712310396572,All fibroblasts,Control,CTRL,Control
-0.10674016827583001,All fibroblasts,Control,CTRL,Control
-0.006619616437871175,All fibroblasts,Control,CTRL,Control
-0.15468710431010443,All fibroblasts,Control,CTRL,Control
-0.1538727561717438,All fibroblasts,Control,CTRL,Control
-0.0754382436120169,All fibroblasts,Control,CTRL,Control
-0.053610828250054296,All fibroblasts,Control,CTRL,Control
-0.22225388196990853,All fibroblasts,Control,CTRL,Control
-0.08105528388857383,All fibroblasts,Control,CTRL,Control
-0.07407953423614615,All fibroblasts,Control,CTRL,Control
-0.10657405253618757,All fibroblasts,Control,CTRL,Control
-0.08224990980979145,All fibroblasts,Control,CTRL,Control
0.038879642061014186,All fibroblasts,Control,CTRL,Control
-0.05045715914396495,All fibroblasts,Control,CTRL,Control
-0.1340204994073078,All fibroblasts,Control,CTRL,Control
-0.15566886550715237,All fibroblasts,Control,CTRL,Control
-0.0426982647459731,All fibroblasts,Control,CTRL,Control
-0.11577599327775032,All fibroblasts,Control,CTRL,Control
-0.13132692412709035,All fibroblasts,Control,CTRL,Control
-0.025475512049146797,All fibroblasts,Control,CTRL,Control
-0.17364468522236667,All fibroblasts,Control,CTRL,Control
0.026785223035025608,All fibroblasts,Control,CTRL,Control
-0.040680465042228525,All fibroblasts,Control,CTRL,Control
0.18853565221985508,All fibroblasts,Control,CTRL,Control
-0.07096455969342316,All fibroblasts,Control,CTRL,Control
-0.03875609179840771,All fibroblasts,Control,CTRL,Control
-0.19805001056207236,All fibroblasts,Control,CTRL,Control
-0.17391093883442918,All fibroblasts,Control,CTRL,Control
0.04104793275308431,All fibroblasts,Control,CTRL,Control
0.009435477528266803,All fibroblasts,Control,CTRL,Control
-0.013811044571250881,All fibroblasts,Control,CTRL,Control
-0.06394044907267259,All fibroblasts,Control,CTRL,Control
-0.11224258778191569,All fibroblasts,Control,CTRL,Control
-0.11942607258402727,All fibroblasts,Control,CTRL,Control
-0.14843204472464974,All fibroblasts,Control,CTRL,Control
-0.12839238840370898,All fibroblasts,Control,CTRL,Control
-0.06936032658505334,All fibroblasts,Control,CTRL,Control
-0.16101740581264098,All fibroblasts,Control,CTRL,Control
-0.1832035510123976,All fibroblasts,Control,CTRL,Control
-0.2762546136295872,All fibroblasts,Control,CTRL,Control
-0.17951311055668007,All fibroblasts,Control,CTRL,Control
-0.1192035594256107,All fibroblasts,Control,CTRL,Control
-0.029902442377105026,All fibroblasts,Control,CTRL,Control
0.1205448710032869,All fibroblasts,Control,CTRL,Control
-0.13406254820828317,All fibroblasts,Control,CTRL,Control
-0.1125622933649541,All fibroblasts,Control,CTRL,Control
-0.10036995555687885,All fibroblasts,Control,CTRL,Control
-0.04997446533521134,All fibroblasts,Control,CTRL,Control
-0.10241988824323378,All fibroblasts,Control,CTRL,Control
-0.08789970706801806,All fibroblasts,Control,CTRL,Control
-0.17915776833080121,All fibroblasts,Control,CTRL,Control
0.006064651589638853,All fibroblasts,Control,CTRL,Control
-0.36037117120216067,All fibroblasts,Control,CTRL,Control
0.0565419947957478,All fibroblasts,Control,CTRL,Control
-0.04724337746130068,All fibroblasts,Control,CTRL,Control
-0.03713905192009315,All fibroblasts,Control,CTRL,Control
-0.038134452295256804,All fibroblasts,Control,CTRL,Control
-0.1090261252735851,All fibroblasts,Control,CTRL,Control
-0.02712435259697589,All fibroblasts,Control,CTRL,Control
0.07169526203540852,All fibroblasts,Control,CTRL,Control
-0.11463790828735138,All fibroblasts,Control,CTRL,Control
-0.0292293476242122,All fibroblasts,Control,CTRL,Control
-0.1026377543497514,All fibroblasts,Control,CTRL,Control
-0.1121485712254178,All fibroblasts,Control,CTRL,Control
-0.095082229005744,All fibroblasts,Control,CTRL,Control
-0.03129847024926515,All fibroblasts,Control,CTRL,Control
0.0008844408264667251,All fibroblasts,Control,CTRL,Control
-0.04139423754505461,All fibroblasts,Control,CTRL,Control
-0.1675601964657362,All fibroblasts,Control,CTRL,Control
0.013323607740326603,All fibroblasts,Control,CTRL,Control
0.03292253482372781,All fibroblasts,Control,CTRL,Control
-0.2626324172049213,All fibroblasts,Control,CTRL,Control
-0.039076785874773166,All fibroblasts,Control,CTRL,Control
-0.15330891458518447,All fibroblasts,Control,CTRL,Control
-0.14052272862700496,All fibroblasts,Control,CTRL,Control
-0.025607133115331273,All fibroblasts,Control,CTRL,Control
-0.05379096551126597,All fibroblasts,Control,CTRL,Control
-0.09725674548289351,All fibroblasts,Control,CTRL,Control
-0.07158567689481798,All fibroblasts,Control,CTRL,Control
-0.23833795546742625,All fibroblasts,Control,CTRL,Control
-0.05972910777600334,All fibroblasts,Control,CTRL,Control
-0.08642894327884176,All fibroblasts,Control,CTRL,Control
-0.15213618337024643,All fibroblasts,Control,CTRL,Control
-0.05856658152607597,All fibroblasts,Control,CTRL,Control
-0.03698183781446094,All fibroblasts,Control,CTRL,Control
-0.10327323199131322,All fibroblasts,Control,CTRL,Control
-0.0033215087016298765,All fibroblasts,Control,CTRL,Control
0.022051296817070118,All fibroblasts,Control,CTRL,Control
-0.09515555708151782,All fibroblasts,Control,CTRL,Control
-0.0910387924005922,All fibroblasts,Control,CTRL,Control
0.007394601326637742,All fibroblasts,Control,CTRL,Control
-0.10726479732451981,All fibroblasts,Control,CTRL,Control
-0.01875503684835056,All fibroblasts,Control,CTRL,Control
0.05606696622666812,All fibroblasts,Control,CTRL,Control
-0.1141706984796805,All fibroblasts,Control,CTRL,Control
-0.05791946481284062,All fibroblasts,Control,CTRL,Control
-0.03693672289849892,All fibroblasts,Control,CTRL,Control
-0.052582598157188534,All fibroblasts,Control,CTRL,Control
-0.019795503718830643,All fibroblasts,Control,CTRL,Control
-0.13213400569832126,All fibroblasts,Control,CTRL,Control
-0.2133184681430076,All fibroblasts,Control,CTRL,Control
-0.10020299491365607,All fibroblasts,Control,CTRL,Control
-0.04977121002814294,All fibroblasts,Control,CTRL,Control
-0.05689636315268456,All fibroblasts,Control,CTRL,Control
-0.13721535975040355,All fibroblasts,Control,CTRL,Control
0.030022505353777915,All fibroblasts,Control,CTRL,Control
-0.05437443110912936,All fibroblasts,Control,CTRL,Control
-0.06215205856654896,All fibroblasts,Control,CTRL,Control
-0.10578517104975838,All fibroblasts,Control,CTRL,Control
-0.030214476790014738,All fibroblasts,Control,CTRL,Control
-0.13937788765873774,All fibroblasts,Control,CTRL,Control
-0.031072934787681826,All fibroblasts,Control,CTRL,Control
-0.0768229304765145,All fibroblasts,Control,CTRL,Control
-0.03181840641385862,All fibroblasts,Control,CTRL,Control
-0.13030347746069165,All fibroblasts,Control,CTRL,Control
-0.04869694783878986,All fibroblasts,Control,CTRL,Control
-0.20923837309159107,All fibroblasts,Control,CTRL,Control
-0.022469812920350177,All fibroblasts,Control,CTRL,Control
-0.09459117017176294,All fibroblasts,Control,CTRL,Control
0.16151495579316727,All fibroblasts,Control,CTRL,Control
-0.04810812776266614,All fibroblasts,Control,CTRL,Control
-0.09266693736615644,All fibroblasts,Control,CTRL,Control
-0.10212967564143344,All fibroblasts,Control,CTRL,Control
-0.21745742665693119,All fibroblasts,Control,CTRL,Control
0.009697654434571771,All fibroblasts,Control,CTRL,Control
-0.028141652571219995,All fibroblasts,Control,CTRL,Control
-0.033548510420997754,All fibroblasts,Control,CTRL,Control
-0.1322332187485063,All fibroblasts,Control,CTRL,Control
-0.11920000128483835,All fibroblasts,Control,CTRL,Control
-0.09542113601551058,All fibroblasts,Control,CTRL,Control
-0.07178665638937577,All fibroblasts,Control,CTRL,Control
-0.03389203636993139,All fibroblasts,Control,CTRL,Control
-0.028099935849914756,All fibroblasts,Control,CTRL,Control
-0.024004861394037354,All fibroblasts,Control,CTRL,Control
0.046346219085299976,All fibroblasts,Control,CTRL,Control
-0.11202270320720839,All fibroblasts,Control,CTRL,Control
-0.1407476953892807,All fibroblasts,Control,CTRL,Control
-0.05798768169292095,All fibroblasts,Control,CTRL,Control
-0.09166782857504648,All fibroblasts,Control,CTRL,Control
-0.07656026419512614,All fibroblasts,Control,CTRL,Control
-0.1883277875720782,All fibroblasts,Control,CTRL,Control
0.11410547733903903,All fibroblasts,Control,CTRL,Control
-0.005709510790458533,All fibroblasts,Control,CTRL,Control
-0.11886868641734959,All fibroblasts,Control,CTRL,Control
-0.11931423763695023,All fibroblasts,Control,CTRL,Control
-0.10867986003138146,All fibroblasts,Control,CTRL,Control
-0.07045433833440945,All fibroblasts,Control,CTRL,Control
-0.03378114221311735,All fibroblasts,Control,CTRL,Control
-0.1599639180674382,All fibroblasts,Control,CTRL,Control
-0.039636406762485026,All fibroblasts,Control,CTRL,Control
-0.08759401381218684,All fibroblasts,Control,CTRL,Control
0.0070065847036231005,All fibroblasts,Control,CTRL,Control
-0.15547776038814382,All fibroblasts,Control,CTRL,Control
-0.08853084355488233,All fibroblasts,Control,CTRL,Control
-0.15556678194360846,All fibroblasts,Control,CTRL,Control
-0.08199426077285027,All fibroblasts,Control,CTRL,Control
0.024475280204191388,All fibroblasts,Control,CTRL,Control
-0.07543674529113098,All fibroblasts,Control,CTRL,Control
-0.0784832608733188,All fibroblasts,Control,CTRL,Control
-0.09283443788182227,All fibroblasts,Control,CTRL,Control
0.0021914590902148423,All fibroblasts,Control,CTRL,Control
-0.06012099566637571,All fibroblasts,Control,CTRL,Control
0.020953949013767303,All fibroblasts,Control,CTRL,Control
-0.11967488913476998,All fibroblasts,Control,CTRL,Control
-0.1372325088613984,All fibroblasts,Control,CTRL,Control
-0.07614121344694243,All fibroblasts,Control,CTRL,Control
-0.1596925886301035,All fibroblasts,Control,CTRL,Control
-0.054026039493643374,All fibroblasts,Control,CTRL,Control
-0.17933787240751742,All fibroblasts,Control,CTRL,Control
-0.07439472471364217,All fibroblasts,Control,CTRL,Control
-0.1618448399128581,All fibroblasts,Control,CTRL,Control
-0.07003135134344492,All fibroblasts,Control,CTRL,Control
-0.11214978571358837,All fibroblasts,Control,CTRL,Control
-0.07306526565645952,All fibroblasts,Control,CTRL,Control
-0.11102336646822299,All fibroblasts,Control,CTRL,Control
-0.03652870743098388,All fibroblasts,Control,CTRL,Control
-0.10556189609216425,All fibroblasts,Control,CTRL,Control
0.07199141830430855,All fibroblasts,Control,CTRL,Control
-0.126536239094024,All fibroblasts,Control,CTRL,Control
-0.1626952827393051,All fibroblasts,Control,CTRL,Control
-0.06894330369700787,All fibroblasts,Control,CTRL,Control
-0.17161086733274222,All fibroblasts,Control,CTRL,Control
-0.06277369888693989,All fibroblasts,Control,CTRL,Control
0.023803997563708358,All fibroblasts,Control,CTRL,Control
-0.16545673996615484,All fibroblasts,Control,CTRL,Control
-0.09860642520016422,All fibroblasts,Control,CTRL,Control
-0.18879795343483624,All fibroblasts,Control,CTRL,Control
-0.1562282848120107,All fibroblasts,Control,CTRL,Control
0.028778162867807582,All fibroblasts,Control,CTRL,Control
-0.02378344799143449,All fibroblasts,Control,CTRL,Control
-0.08514763286133803,All fibroblasts,Control,CTRL,Control
-0.10686697040472781,All fibroblasts,Control,CTRL,Control
-0.1990101930425612,All fibroblasts,Control,CTRL,Control
0.0066691539303394,All fibroblasts,Control,CTRL,Control
-0.007596417030818026,All fibroblasts,Control,CTRL,Control
-0.09553685310234955,All fibroblasts,Control,CTRL,Control
-0.09878373615228613,All fibroblasts,Control,CTRL,Control
-0.1941202627608974,All fibroblasts,Control,CTRL,Control
-0.05474125256379828,All fibroblasts,Control,CTRL,Control
-0.2035422640093035,All fibroblasts,Control,CTRL,Control
0.30023230748159835,All fibroblasts,Control,CTRL,Control
0.053191479149518446,All fibroblasts,Control,CTRL,Control
-0.0787609893649362,All fibroblasts,Control,CTRL,Control
-0.05317615729974496,All fibroblasts,Control,CTRL,Control
-0.1462682226016821,All fibroblasts,Control,CTRL,Control
-0.14290207703925795,All fibroblasts,Control,CTRL,Control
-0.05937389171456164,All fibroblasts,Control,CTRL,Control
0.05597432419986503,All fibroblasts,Control,CTRL,Control
-0.04768082094543427,All fibroblasts,Control,CTRL,Control
-0.04939770512267814,All fibroblasts,Control,CTRL,Control
-0.02250937813185363,All fibroblasts,Control,CTRL,Control
-0.16138148364210303,All fibroblasts,Control,CTRL,Control
-0.055949757479843924,All fibroblasts,Control,CTRL,Control
-0.0856074908511533,All fibroblasts,Control,CTRL,Control
-0.12565041601908247,All fibroblasts,Control,CTRL,Control
-0.1921178073824636,All fibroblasts,Control,CTRL,Control
-0.02126212689281619,All fibroblasts,Control,CTRL,Control
0.008646187143081387,All fibroblasts,Control,CTRL,Control
-0.06455132194693658,All fibroblasts,Control,CTRL,Control
-0.14499105942143342,All fibroblasts,Control,CTRL,Control
-0.14798533205981318,All fibroblasts,Control,CTRL,Control
-0.19885040781744318,All fibroblasts,Control,CTRL,Control
-0.028943118791588146,All fibroblasts,Control,CTRL,Control
-0.10555498978198605,All fibroblasts,Control,CTRL,Control
-0.06835216056723502,All fibroblasts,Control,CTRL,Control
-0.14964686350372564,All fibroblasts,Control,CTRL,Control
-0.2574605426611086,All fibroblasts,Control,CTRL,Control
0.014612792271108697,All fibroblasts,Control,CTRL,Control
-0.1571576482023018,All fibroblasts,Control,CTRL,Control
-0.11769706878605611,All fibroblasts,Control,CTRL,Control
-0.10704724370966985,All fibroblasts,Control,CTRL,Control
0.05047218297155174,All fibroblasts,Control,CTRL,Control
-0.06269749604963312,All fibroblasts,Control,CTRL,Control
-0.1665882177873214,All fibroblasts,Control,CTRL,Control
-0.011770463073221125,All fibroblasts,Control,CTRL,Control
-0.19602850536857544,All fibroblasts,Control,CTRL,Control
-0.12750143163300978,All fibroblasts,Control,CTRL,Control
0.025308607680207575,All fibroblasts,Control,CTRL,Control
-0.04258662073725876,All fibroblasts,Control,CTRL,Control
-0.10751864823828515,All fibroblasts,Control,CTRL,Control
0.12371579544737031,All fibroblasts,Control,CTRL,Control
-0.042264569607223315,All fibroblasts,Control,CTRL,Control
-0.2350576406092372,All fibroblasts,Control,CTRL,Control
0.08766021279891281,All fibroblasts,Control,CTRL,Control
0.25064122833733193,All fibroblasts,Control,CTRL,Control
-0.10727668329384507,All fibroblasts,Control,CTRL,Control
-0.014200451504030355,All fibroblasts,Control,CTRL,Control
-0.038170094822533945,All fibroblasts,Control,CTRL,Control
-0.08672132782215966,All fibroblasts,Control,CTRL,Control
-0.0724438594656446,All fibroblasts,Control,CTRL,Control
-0.02874961784215658,All fibroblasts,Control,CTRL,Control
-0.11345871681069788,All fibroblasts,Control,CTRL,Control
-0.12309235089122883,All fibroblasts,Control,CTRL,Control
0.03116325179352138,All fibroblasts,Control,CTRL,Control
-0.03471144468947783,All fibroblasts,Control,CTRL,Control
-0.1782710802806234,All fibroblasts,Control,CTRL,Control
-0.09285829790698828,All fibroblasts,Control,CTRL,Control
-0.08934637434615413,All fibroblasts,Control,CTRL,Control
0.003992848404213899,All fibroblasts,Control,CTRL,Control
-0.05765040902775703,All fibroblasts,Control,CTRL,Control
-0.002616010011735623,All fibroblasts,Control,CTRL,Control
0.026801456741545406,All fibroblasts,Control,CTRL,Control
-0.10658375930560327,All fibroblasts,Control,CTRL,Control
-0.084974790173898,All fibroblasts,Control,CTRL,Control
-0.09143832218393612,All fibroblasts,Control,CTRL,Control
-0.07226031462998012,All fibroblasts,Control,CTRL,Control
-0.09242497210397632,All fibroblasts,Control,CTRL,Control
-0.26496461416807193,All fibroblasts,Control,CTRL,Control
-0.1269726966318,All fibroblasts,Control,CTRL,Control
0.01953007656473344,All fibroblasts,Control,CTRL,Control
-0.0649269699358252,All fibroblasts,Control,CTRL,Control
-0.09749784866571401,All fibroblasts,Control,CTRL,Control
-0.16425226734821202,All fibroblasts,Control,CTRL,Control
-0.1168757883532193,All fibroblasts,Control,CTRL,Control
-0.16690855454928066,All fibroblasts,Control,CTRL,Control
-0.07078027244033949,All fibroblasts,Control,CTRL,Control
-0.1816401868956794,All fibroblasts,Control,CTRL,Control
-0.09834418823735247,All fibroblasts,Control,CTRL,Control
-0.07958001328916303,All fibroblasts,Control,CTRL,Control
-0.08889021177295316,All fibroblasts,Control,CTRL,Control
-0.04201372922917561,All fibroblasts,Control,CTRL,Control
-0.034265241577818475,All fibroblasts,Control,CTRL,Control
-0.14593561247606757,All fibroblasts,Control,CTRL,Control
-0.04163703985804369,All fibroblasts,Control,CTRL,Control
-0.12195698539121513,All fibroblasts,Control,CTRL,Control
0.05350016265592397,All fibroblasts,Control,CTRL,Control
0.030787777284994298,All fibroblasts,Control,CTRL,Control
-0.26037129356066885,All fibroblasts,Control,CTRL,Control
-0.0948743948207206,All fibroblasts,Control,CTRL,Control
-0.0381056943798696,All fibroblasts,Control,CTRL,Control
-0.01677813084436821,All fibroblasts,Control,CTRL,Control
-0.09482765380365743,All fibroblasts,Control,CTRL,Control
-0.01065117299149374,All fibroblasts,Control,CTRL,Control
-0.07087774027267263,All fibroblasts,Control,CTRL,Control
-0.08872595509451894,All fibroblasts,Control,CTRL,Control
-0.013488141362153705,All fibroblasts,Control,CTRL,Control
-0.028639992941482444,All fibroblasts,Control,CTRL,Control
-0.12990119221695823,All fibroblasts,Control,CTRL,Control
-0.06348714057050166,All fibroblasts,Control,CTRL,Control
-0.055807085734489566,All fibroblasts,Control,CTRL,Control
-0.04991813867181456,All fibroblasts,Control,CTRL,Control
-0.08001858167263935,All fibroblasts,Control,CTRL,Control
-0.11446947079649221,All fibroblasts,Control,CTRL,Control
-0.10614438019403356,All fibroblasts,Control,CTRL,Control
-0.08159854749287683,All fibroblasts,Control,CTRL,Control
-0.12916811725581745,All fibroblasts,Control,CTRL,Control
0.07086342562407255,All fibroblasts,Control,CTRL,Control
-0.04374685110003429,All fibroblasts,Control,CTRL,Control
-0.11953785428785753,All fibroblasts,Control,CTRL,Control
-0.03877362580986844,All fibroblasts,Control,CTRL,Control
0.06580699516653361,All fibroblasts,Control,CTRL,Control
-0.15435953800880914,All fibroblasts,Control,CTRL,Control
-0.014788492668922265,All fibroblasts,Control,CTRL,Control
-0.14426493703941487,All fibroblasts,Control,CTRL,Control
0.00633693991979941,All fibroblasts,Control,CTRL,Control
-0.14159982608698063,All fibroblasts,Control,CTRL,Control
-0.10906032352363337,All fibroblasts,Control,CTRL,Control
0.026799847903423595,All fibroblasts,Control,CTRL,Control
-0.011087978902609898,All fibroblasts,Control,CTRL,Control
0.04200044114448932,All fibroblasts,Control,CTRL,Control
-0.16860167703798354,All fibroblasts,Control,CTRL,Control
-0.10008071391005231,All fibroblasts,Control,CTRL,Control
-0.09967277204737399,All fibroblasts,Control,CTRL,Control
-0.1884864627484454,All fibroblasts,Control,CTRL,Control
-0.05185407680881615,All fibroblasts,Control,CTRL,Control
-0.15507566005823695,All fibroblasts,Control,CTRL,Control
-0.13866108472331173,All fibroblasts,Control,CTRL,Control
-0.1919524788580556,All fibroblasts,Control,CTRL,Control
-0.16118631865921218,All fibroblasts,Control,CTRL,Control
-0.11698020474861484,All fibroblasts,Control,CTRL,Control
0.032061440087152684,All fibroblasts,Control,CTRL,Control
-0.07281437292230694,All fibroblasts,Control,CTRL,Control
-0.04736986267189778,All fibroblasts,Control,CTRL,Control
0.001076386868576508,All fibroblasts,Control,CTRL,Control
-0.02107584753532072,All fibroblasts,Control,CTRL,Control
-0.05940285684873709,All fibroblasts,Control,CTRL,Control
-0.16728504928875812,All fibroblasts,Control,CTRL,Control
0.019212404762515664,All fibroblasts,Control,CTRL,Control
-0.09415264695330977,All fibroblasts,Control,CTRL,Control
-0.17457119763976275,All fibroblasts,Control,CTRL,Control
-0.09076607343682032,All fibroblasts,Control,CTRL,Control
-0.13670658773426841,All fibroblasts,Control,CTRL,Control
-0.18570300554858216,All fibroblasts,Control,CTRL,Control
-0.13031148328356054,All fibroblasts,Control,CTRL,Control
0.11608427642729999,All fibroblasts,Control,CTRL,Control
-0.08891567238596762,All fibroblasts,Control,CTRL,Control
0.046961465263265126,All fibroblasts,Control,CTRL,Control
-0.017198234262338522,All fibroblasts,Control,CTRL,Control
-0.04517235800112981,All fibroblasts,Control,CTRL,Control
-0.36727844564676015,All fibroblasts,Control,CTRL,Control
0.02080528576723268,All fibroblasts,Control,CTRL,Control
-0.06663913578254183,All fibroblasts,Control,CTRL,Control
-0.12802058823868365,All fibroblasts,Control,CTRL,Control
-0.058337844720287385,All fibroblasts,Control,CTRL,Control
-0.18167134927014017,All fibroblasts,Control,CTRL,Control
-0.12240354165828048,All fibroblasts,Control,CTRL,Control
-0.12300530089552343,All fibroblasts,Control,CTRL,Control
-0.09392266612038808,All fibroblasts,Control,CTRL,Control
-0.07176794218470747,All fibroblasts,Control,CTRL,Control
-0.03544894080693091,All fibroblasts,Control,CTRL,Control
-0.08735810976528263,All fibroblasts,Control,CTRL,Control
-0.0051599292707445454,All fibroblasts,Control,CTRL,Control
-0.07219042068465865,All fibroblasts,Control,CTRL,Control
-0.16138494397900566,All fibroblasts,Control,CTRL,Control
-0.056145343300548156,All fibroblasts,Control,CTRL,Control
-0.09983187877433672,All fibroblasts,Control,CTRL,Control
-0.17588449106968573,All fibroblasts,Control,CTRL,Control
0.024986676625268812,All fibroblasts,Control,CTRL,Control
-0.004976472031324772,All fibroblasts,Control,CTRL,Control
-0.043026244608142174,All fibroblasts,Control,CTRL,Control
0.04407694457022633,All fibroblasts,Control,CTRL,Control
-0.04230124085234836,All fibroblasts,Control,CTRL,Control
-0.0857804781435118,All fibroblasts,Control,CTRL,Control
-0.05781393540073723,All fibroblasts,Control,CTRL,Control
0.02922867704738452,All fibroblasts,Control,CTRL,Control
-0.021515966838520972,All fibroblasts,Control,CTRL,Control
-0.0013072193449218117,All fibroblasts,Control,CTRL,Control
-0.09394662084045972,All fibroblasts,Control,CTRL,Control
0.016511129335611274,All fibroblasts,Control,CTRL,Control
-0.03761435314293611,All fibroblasts,Control,CTRL,Control
0.0030496784024443835,All fibroblasts,Control,CTRL,Control
-0.047860279962822744,All fibroblasts,Control,CTRL,Control
-0.09109982899703134,All fibroblasts,Control,CTRL,Control
-0.0483884490475869,All fibroblasts,Control,CTRL,Control
-0.02969629528557386,All fibroblasts,Control,CTRL,Control
-0.12035852016483457,All fibroblasts,Control,CTRL,Control
-0.09645682525730445,All fibroblasts,Control,CTRL,Control
-0.11662722812895765,All fibroblasts,Control,CTRL,Control
-0.07680364150125052,All fibroblasts,Control,CTRL,Control
-0.022681126447210476,All fibroblasts,Control,CTRL,Control
0.053711398568062556,All fibroblasts,Control,CTRL,Control
-0.07369488775141067,All fibroblasts,Control,CTRL,Control
0.019948169343150392,All fibroblasts,Control,CTRL,Control
-0.0508514767402595,All fibroblasts,Control,CTRL,Control
-0.1589212773343484,All fibroblasts,Control,CTRL,Control
-0.05416139380229546,All fibroblasts,Control,CTRL,Control
-0.11556255542939851,All fibroblasts,Control,CTRL,Control
-0.13792855294946763,All fibroblasts,Control,CTRL,Control
-0.047478770886358296,All fibroblasts,Control,CTRL,Control
-0.09964569474496171,All fibroblasts,Control,CTRL,Control
-0.0767110020661983,All fibroblasts,Control,CTRL,Control
-0.16280657864646428,All fibroblasts,Control,CTRL,Control
-0.08507479239903008,All fibroblasts,Control,CTRL,Control
-0.09521424506331594,All fibroblasts,Control,CTRL,Control
0.22140930789575,All fibroblasts,Control,CTRL,Control
-0.14781482777529464,All fibroblasts,Control,CTRL,Control
0.02218180579637908,All fibroblasts,Control,CTRL,Control
-0.15199005986516784,All fibroblasts,Control,CTRL,Control
-0.08741897841502708,All fibroblasts,Control,CTRL,Control
-0.01630485044702225,All fibroblasts,Control,CTRL,Control
-0.03304296766885783,All fibroblasts,Control,CTRL,Control
0.03807624656092118,All fibroblasts,Control,CTRL,Control
0.009204940045287305,All fibroblasts,Control,CTRL,Control
-0.09250568925241816,All fibroblasts,Control,CTRL,Control
-0.003792528528898678,All fibroblasts,Control,CTRL,Control
-0.02078591718633665,All fibroblasts,Control,CTRL,Control
-0.14400651771140607,All fibroblasts,Control,CTRL,Control
-0.09531408257639815,All fibroblasts,Control,CTRL,Control
-0.11114353878585528,All fibroblasts,Control,CTRL,Control
-0.06686737488188194,All fibroblasts,Control,CTRL,Control
-0.1642328910496466,All fibroblasts,Control,CTRL,Control
-0.13166231389742136,All fibroblasts,Control,CTRL,Control
-0.05259639220251041,All fibroblasts,Control,CTRL,Control
-0.010459000806172495,All fibroblasts,Control,CTRL,Control
0.008865243136669379,All fibroblasts,Control,CTRL,Control
-0.10005669071655135,All fibroblasts,Control,CTRL,Control
-0.2142990432694641,All fibroblasts,Control,CTRL,Control
-0.11130168842574362,All fibroblasts,Control,CTRL,Control
-0.06252191389584501,All fibroblasts,Control,CTRL,Control
-0.09215137615773288,All fibroblasts,Control,CTRL,Control
-0.1669648137391562,All fibroblasts,Control,CTRL,Control
-0.09654081943443028,All fibroblasts,Control,CTRL,Control
-0.14205925078386383,All fibroblasts,Control,CTRL,Control
0.07766754321288999,All fibroblasts,Control,CTRL,Control
-0.1352926069148864,All fibroblasts,Control,CTRL,Control
-0.07021346569748824,All fibroblasts,Control,CTRL,Control
-0.1335711637874254,All fibroblasts,Control,CTRL,Control
-0.06626100776773482,All fibroblasts,Control,CTRL,Control
-0.18223817571907666,All fibroblasts,Control,CTRL,Control
-0.11249324071880012,All fibroblasts,Control,CTRL,Control
0.0055034410771300215,All fibroblasts,Control,CTRL,Control
-0.11851695974362549,All fibroblasts,Control,CTRL,Control
0.01575544828382127,All fibroblasts,Control,CTRL,Control
-0.0785606924022941,All fibroblasts,Control,CTRL,Control
0.029123079720896658,All fibroblasts,Control,CTRL,Control
-0.14009549093643497,All fibroblasts,Control,CTRL,Control
0.06678682630771254,All fibroblasts,Control,CTRL,Control
-0.12899590267601357,All fibroblasts,Control,CTRL,Control
-0.04595635619649659,All fibroblasts,Control,CTRL,Control
-0.11918388901791398,All fibroblasts,Control,CTRL,Control
-0.08101961328417338,All fibroblasts,Control,CTRL,Control
-0.026842185309638278,All fibroblasts,Control,CTRL,Control
-0.14233495831629128,All fibroblasts,Control,CTRL,Control
0.07601628444883501,All fibroblasts,Control,CTRL,Control
-0.08915983752355093,All fibroblasts,Control,CTRL,Control
-0.1259092686891369,All fibroblasts,Control,CTRL,Control
-0.28765891760813345,All fibroblasts,Control,CTRL,Control
-0.12037320936787438,All fibroblasts,Control,CTRL,Control
-0.21885519416990534,All fibroblasts,Control,CTRL,Control
0.04604273851576601,All fibroblasts,Control,CTRL,Control
-0.15118577413826817,All fibroblasts,Control,CTRL,Control
-0.15537780207142274,All fibroblasts,Control,CTRL,Control
-0.03752550578017691,All fibroblasts,Control,CTRL,Control
-0.02307907753510813,All fibroblasts,Control,CTRL,Control
-0.09072753294003089,All fibroblasts,Control,CTRL,Control
-0.12603743259008304,All fibroblasts,Control,CTRL,Control
-0.03071520504598464,All fibroblasts,Control,CTRL,Control
-0.0021454450852295137,All fibroblasts,Control,CTRL,Control
-0.09078637699964306,All fibroblasts,Control,CTRL,Control
0.049285610495256406,All fibroblasts,Control,CTRL,Control
-0.15914055480407133,All fibroblasts,Control,CTRL,Control
-0.14113116368855935,All fibroblasts,Control,CTRL,Control
-0.07847011488171879,All fibroblasts,Control,CTRL,Control
-0.04276357129557864,All fibroblasts,Control,CTRL,Control
-0.08201574780771465,All fibroblasts,Control,CTRL,Control
0.06654976188550776,All fibroblasts,Control,CTRL,Control
-0.13900985810082764,All fibroblasts,Control,CTRL,Control
-0.033862395392511804,All fibroblasts,Control,CTRL,Control
-0.05603209635111563,All fibroblasts,Control,CTRL,Control
0.02036453401755254,All fibroblasts,Control,CTRL,Control
-0.10424465808889258,All fibroblasts,Control,CTRL,Control
-0.16481469529737053,All fibroblasts,Control,CTRL,Control
-0.16645369365983992,All fibroblasts,Control,CTRL,Control
0.03221283573486545,All fibroblasts,Control,CTRL,Control
-0.10199335366618531,All fibroblasts,Control,CTRL,Control
-0.21261149886182165,All fibroblasts,Control,CTRL,Control
0.02983266745999562,All fibroblasts,Control,CTRL,Control
-0.06646036668320239,All fibroblasts,Control,CTRL,Control
-0.053255364297017466,All fibroblasts,Control,CTRL,Control
0.036860823932211594,All fibroblasts,Control,CTRL,Control
-0.023810079562405037,All fibroblasts,Control,CTRL,Control
-0.11940737206241606,All fibroblasts,Control,CTRL,Control
-0.11173878909946275,All fibroblasts,Control,CTRL,Control
-0.11795480128213479,All fibroblasts,Control,CTRL,Control
-0.04830148183301748,All fibroblasts,Control,CTRL,Control
-0.11064363278673472,All fibroblasts,Control,CTRL,Control
-0.14402841218990717,All fibroblasts,Control,CTRL,Control
-0.10719398153338848,All fibroblasts,Control,CTRL,Control
-0.05039965889430366,All fibroblasts,Control,CTRL,Control
-0.10164139071056133,All fibroblasts,Control,CTRL,Control
-0.16349798349417688,All fibroblasts,Control,CTRL,Control
-0.10739626562460439,All fibroblasts,Control,CTRL,Control
-0.10289651982629384,All fibroblasts,Control,CTRL,Control
-0.12542177630448248,All fibroblasts,Control,CTRL,Control
-0.027308365856236,All fibroblasts,Control,CTRL,Control
-0.08629243967742277,All fibroblasts,Control,CTRL,Control
0.13609027634136894,All fibroblasts,Control,CTRL,Control
-0.0420300121682972,All fibroblasts,Control,CTRL,Control
0.019135321923919854,All fibroblasts,Control,CTRL,Control
-0.09369552675523429,All fibroblasts,Control,CTRL,Control
-0.09738971311325333,All fibroblasts,Control,CTRL,Control
0.007986108269552086,All fibroblasts,Control,CTRL,Control
-0.16619487913353878,All fibroblasts,Control,CTRL,Control
-0.13800597866928666,All fibroblasts,Control,CTRL,Control
-0.04117477536099639,All fibroblasts,Control,CTRL,Control
-0.09005447045586824,All fibroblasts,Control,CTRL,Control
-0.12681887564945216,All fibroblasts,Control,CTRL,Control
-0.1819150475769555,All fibroblasts,Control,CTRL,Control
-0.04682151386142249,All fibroblasts,Control,CTRL,Control
0.0695080029721543,All fibroblasts,Control,CTRL,Control
-0.010166536519041886,All fibroblasts,Control,CTRL,Control
-0.18493496721320696,All fibroblasts,Control,CTRL,Control
-0.08831017172082004,All fibroblasts,Control,CTRL,Control
-0.036427130118556646,All fibroblasts,Control,CTRL,Control
-0.1492484945013241,All fibroblasts,Control,CTRL,Control
-0.048655970551659274,All fibroblasts,Control,CTRL,Control
-0.14100352339956265,All fibroblasts,Control,CTRL,Control
-0.016649878029144916,All fibroblasts,Control,CTRL,Control
-0.18990122181358213,All fibroblasts,Control,CTRL,Control
-0.12007341924458792,All fibroblasts,Control,CTRL,Control
-0.11291126587791506,All fibroblasts,Control,CTRL,Control
-0.16176796414546035,All fibroblasts,Control,CTRL,Control
-0.10128000091684931,All fibroblasts,Control,CTRL,Control
-0.10390396151841491,All fibroblasts,Control,CTRL,Control
-0.10936753954954154,All fibroblasts,Control,CTRL,Control
-0.004937389078955986,All fibroblasts,Control,CTRL,Control
-0.07501423485712107,All fibroblasts,Control,CTRL,Control
0.10030928650580462,All fibroblasts,Control,CTRL,Control
-0.036452153548768365,All fibroblasts,Control,CTRL,Control
-0.01654503547863813,All fibroblasts,Control,CTRL,Control
-0.10137778928381305,All fibroblasts,Control,CTRL,Control
-0.08744893765214706,All fibroblasts,Control,CTRL,Control
-0.10758790922732206,All fibroblasts,Control,CTRL,Control
-0.02332920243680296,All fibroblasts,Control,CTRL,Control
0.055517830443542686,All fibroblasts,Control,CTRL,Control
-0.0025298354499144193,All fibroblasts,Control,CTRL,Control
0.01002930274794614,All fibroblasts,Control,CTRL,Control
-0.02143235125445516,All fibroblasts,Control,CTRL,Control
-0.08047434015551641,All fibroblasts,Control,CTRL,Control
-0.13829872046629063,All fibroblasts,Control,CTRL,Control
-0.12915013654730312,All fibroblasts,Control,CTRL,Control
-0.11944710404289505,All fibroblasts,Control,CTRL,Control
0.08909125205903404,All fibroblasts,Control,CTRL,Control
-0.08329239719734716,All fibroblasts,Control,CTRL,Control
-0.13366952101112256,All fibroblasts,Control,CTRL,Control
-0.015710340041882195,All fibroblasts,Control,CTRL,Control
-0.1993512673067794,All fibroblasts,Control,CTRL,Control
-0.1687824927074958,All fibroblasts,Control,CTRL,Control
-0.107195611812998,All fibroblasts,Control,CTRL,Control
-0.15755974980074922,All fibroblasts,Control,CTRL,Control
-0.08945382570718145,All fibroblasts,Control,CTRL,Control
0.09272926409041962,All fibroblasts,Expanded,EXP,Expanded
0.08790146005930247,All fibroblasts,Expanded,EXP,Expanded
0.04745889956688096,All fibroblasts,Expanded,EXP,Expanded
0.10828726043946485,All fibroblasts,Expanded,EXP,Expanded
0.10710177758959566,All fibroblasts,Expanded,EXP,Expanded
0.13235446163126618,All fibroblasts,Expanded,EXP,Expanded
0.03851821807867983,All fibroblasts,Expanded,EXP,Expanded
0.047999311692851265,All fibroblasts,Expanded,EXP,Expanded
0.04714644605244665,All fibroblasts,Expanded,EXP,Expanded
-0.009262171600687444,All fibroblasts,Expanded,EXP,Expanded
0.003832405961539498,All fibroblasts,Expanded,EXP,Expanded
0.042679318590528745,All fibroblasts,Expanded,EXP,Expanded
0.2235401619056973,All fibroblasts,Expanded,EXP,Expanded
0.09146912450621615,All fibroblasts,Expanded,EXP,Expanded
-0.12186025662876178,All fibroblasts,Expanded,EXP,Expanded
0.07877778040916451,All fibroblasts,Expanded,EXP,Expanded
0.22172449857212564,All fibroblasts,Expanded,EXP,Expanded
0.1513488242063164,All fibroblasts,Expanded,EXP,Expanded
0.29851003912911556,All fibroblasts,Expanded,EXP,Expanded
0.03870398530281887,All fibroblasts,Expanded,EXP,Expanded
0.10958412353731739,All fibroblasts,Expanded,EXP,Expanded
-0.02566764819064289,All fibroblasts,Expanded,EXP,Expanded
0.062648834360909,All fibroblasts,Expanded,EXP,Expanded
0.08262294143026984,All fibroblasts,Expanded,EXP,Expanded
0.135270184293899,All fibroblasts,Expanded,EXP,Expanded
0.12045058958936586,All fibroblasts,Expanded,EXP,Expanded
0.03473456880219753,All fibroblasts,Expanded,EXP,Expanded
0.09126016328614768,All fibroblasts,Expanded,EXP,Expanded
-0.11000210569669143,All fibroblasts,Expanded,EXP,Expanded
0.02539291884074024,All fibroblasts,Expanded,EXP,Expanded
0.06490252771750495,All fibroblasts,Expanded,EXP,Expanded
-0.0024747904173987242,All fibroblasts,Expanded,EXP,Expanded
0.10877047788894488,All fibroblasts,Expanded,EXP,Expanded
0.15016360400104162,All fibroblasts,Expanded,EXP,Expanded
0.06669593658995737,All fibroblasts,Expanded,EXP,Expanded
0.18275686732943014,All fibroblasts,Expanded,EXP,Expanded
0.04849922648068071,All fibroblasts,Expanded,EXP,Expanded
0.019511195172992303,All fibroblasts,Expanded,EXP,Expanded
0.09771270998592688,All fibroblasts,Expanded,EXP,Expanded
0.05391465831421897,All fibroblasts,Expanded,EXP,Expanded
0.04273227197676628,All fibroblasts,Expanded,EXP,Expanded
0.0918771735831781,All fibroblasts,Expanded,EXP,Expanded
0.03752691349528567,All fibroblasts,Expanded,EXP,Expanded
0.06515680761099722,All fibroblasts,Expanded,EXP,Expanded
0.09417318432181676,All fibroblasts,Expanded,EXP,Expanded
0.04779793688962919,All fibroblasts,Expanded,EXP,Expanded
-0.035661382245072724,All fibroblasts,Expanded,EXP,Expanded
0.08681982308638272,All fibroblasts,Expanded,EXP,Expanded
0.15752879915102017,All fibroblasts,Expanded,EXP,Expanded
0.1992307531299906,All fibroblasts,Expanded,EXP,Expanded
0.13042189972193088,All fibroblasts,Expanded,EXP,Expanded
0.12036043309774261,All fibroblasts,Expanded,EXP,Expanded
0.030342787490689353,All fibroblasts,Expanded,EXP,Expanded
0.04975269127440237,All fibroblasts,Expanded,EXP,Expanded
-0.057946174805671866,All fibroblasts,Expanded,EXP,Expanded
0.01675741701046432,All fibroblasts,Expanded,EXP,Expanded
0.13512590463949295,All fibroblasts,Expanded,EXP,Expanded
0.1427667235028085,All fibroblasts,Expanded,EXP,Expanded
0.13444577946391337,All fibroblasts,Expanded,EXP,Expanded
0.08551228228046517,All fibroblasts,Expanded,EXP,Expanded
-0.024187438140295132,All fibroblasts,Expanded,EXP,Expanded
0.11708131033343763,All fibroblasts,Expanded,EXP,Expanded
0.02932668206348947,All fibroblasts,Expanded,EXP,Expanded
0.06494334131211477,All fibroblasts,Expanded,EXP,Expanded
0.3048911190247279,All fibroblasts,Expanded,EXP,Expanded
-0.27259766595093166,All fibroblasts,Expanded,EXP,Expanded
0.15217290012078732,All fibroblasts,Expanded,EXP,Expanded
0.09685314533505154,All fibroblasts,Expanded,EXP,Expanded
0.2063201776936778,All fibroblasts,Expanded,EXP,Expanded
0.05767761693304026,All fibroblasts,Expanded,EXP,Expanded
0.18675935937432092,All fibroblasts,Expanded,EXP,Expanded
0.0996138825930944,All fibroblasts,Expanded,EXP,Expanded
0.10963374643584317,All fibroblasts,Expanded,EXP,Expanded
-0.11119776136065342,All fibroblasts,Expanded,EXP,Expanded
-0.1485150107226011,All fibroblasts,Expanded,EXP,Expanded
0.08268667307934746,All fibroblasts,Expanded,EXP,Expanded
-0.11340444664916298,All fibroblasts,Expanded,EXP,Expanded
0.10181317794200401,All fibroblasts,Expanded,EXP,Expanded
0.10392778621555286,All fibroblasts,Expanded,EXP,Expanded
0.04083852278025413,All fibroblasts,Expanded,EXP,Expanded
-0.007314454179889846,All fibroblasts,Expanded,EXP,Expanded
0.13369756970030056,All fibroblasts,Expanded,EXP,Expanded
0.21664148168229466,All fibroblasts,Expanded,EXP,Expanded
0.0641030165706425,All fibroblasts,Expanded,EXP,Expanded
0.10893706259612909,All fibroblasts,Expanded,EXP,Expanded
-0.0924747368409482,All fibroblasts,Expanded,EXP,Expanded
0.0830918284808588,All fibroblasts,Expanded,EXP,Expanded
0.020372387071672632,All fibroblasts,Expanded,EXP,Expanded
0.11516761290397479,All fibroblasts,Expanded,EXP,Expanded
0.1747946930647829,All fibroblasts,Expanded,EXP,Expanded
0.07706093931553593,All fibroblasts,Expanded,EXP,Expanded
0.11487319049631309,All fibroblasts,Expanded,EXP,Expanded
0.02338526073481979,All fibroblasts,Expanded,EXP,Expanded
0.09655607123439686,All fibroblasts,Expanded,EXP,Expanded
0.21374171106130765,All fibroblasts,Expanded,EXP,Expanded
0.15123136901722495,All fibroblasts,Expanded,EXP,Expanded
0.2134532802203521,All fibroblasts,Expanded,EXP,Expanded
0.22392702224781053,All fibroblasts,Expanded,EXP,Expanded
0.08585319913959837,All fibroblasts,Expanded,EXP,Expanded
-0.10168933229872218,All fibroblasts,Expanded,EXP,Expanded
0.14556085337075825,All fibroblasts,Expanded,EXP,Expanded
0.07850173461159013,All fibroblasts,Expanded,EXP,Expanded
0.007967544706188656,All fibroblasts,Expanded,EXP,Expanded
-0.039254193955398295,All fibroblasts,Expanded,EXP,Expanded
0.13957415537881612,All fibroblasts,Expanded,EXP,Expanded
0.035577454597964596,All fibroblasts,Expanded,EXP,Expanded
0.00709726921685605,All fibroblasts,Expanded,EXP,Expanded
0.02836383617050242,All fibroblasts,Expanded,EXP,Expanded
0.12588639501272228,All fibroblasts,Expanded,EXP,Expanded
0.21975943605500353,All fibroblasts,Expanded,EXP,Expanded
0.10576516230295205,All fibroblasts,Expanded,EXP,Expanded
0.10052725380598221,All fibroblasts,Expanded,EXP,Expanded
0.017697045559573465,All fibroblasts,Expanded,EXP,Expanded
0.0715824078171662,All fibroblasts,Expanded,EXP,Expanded
0.18636456669598012,All fibroblasts,Expanded,EXP,Expanded
0.195884872940078,All fibroblasts,Expanded,EXP,Expanded
0.0838741122949547,All fibroblasts,Expanded,EXP,Expanded
0.10313484912602172,All fibroblasts,Expanded,EXP,Expanded
0.05368796792179732,All fibroblasts,Expanded,EXP,Expanded
0.01446835714559135,All fibroblasts,Expanded,EXP,Expanded
0.023895913486387706,All fibroblasts,Expanded,EXP,Expanded
-0.00036513075095452596,All fibroblasts,Expanded,EXP,Expanded
0.053347303483313055,All fibroblasts,Expanded,EXP,Expanded
0.14465014841559018,All fibroblasts,Expanded,EXP,Expanded
-0.03514944928636317,All fibroblasts,Expanded,EXP,Expanded
0.1453378564588581,All fibroblasts,Expanded,EXP,Expanded
0.19595258785845732,All fibroblasts,Expanded,EXP,Expanded
0.07466534503535144,All fibroblasts,Expanded,EXP,Expanded
0.14625591752419373,All fibroblasts,Expanded,EXP,Expanded
0.06995908202635738,All fibroblasts,Expanded,EXP,Expanded
0.07420552184358113,All fibroblasts,Expanded,EXP,Expanded
0.014370621094812241,All fibroblasts,Expanded,EXP,Expanded
0.027756273861860983,All fibroblasts,Expanded,EXP,Expanded
0.07923943847069971,All fibroblasts,Expanded,EXP,Expanded
-0.053387344374797405,All fibroblasts,Expanded,EXP,Expanded
0.09774558052982006,All fibroblasts,Expanded,EXP,Expanded
0.12150243870894155,All fibroblasts,Expanded,EXP,Expanded
0.007155486173825734,All fibroblasts,Expanded,EXP,Expanded
0.2480700317048696,All fibroblasts,Expanded,EXP,Expanded
0.022446840160826015,All fibroblasts,Expanded,EXP,Expanded
0.04050327603483614,All fibroblasts,Expanded,EXP,Expanded
0.11440914120257217,All fibroblasts,Expanded,EXP,Expanded
-0.03546417170402725,All fibroblasts,Expanded,EXP,Expanded
0.09609532112469484,All fibroblasts,Expanded,EXP,Expanded
0.028479951546358614,All fibroblasts,Expanded,EXP,Expanded
0.04985804244251697,All fibroblasts,Expanded,EXP,Expanded
0.06468558320124014,All fibroblasts,Expanded,EXP,Expanded
0.14943313855309892,All fibroblasts,Expanded,EXP,Expanded
0.04937108077960614,All fibroblasts,Expanded,EXP,Expanded
0.043756222415435794,All fibroblasts,Expanded,EXP,Expanded
0.22863670669291633,All fibroblasts,Expanded,EXP,Expanded
0.1290270332815094,All fibroblasts,Expanded,EXP,Expanded
0.029229483944915632,All fibroblasts,Expanded,EXP,Expanded
0.12562317051499206,All fibroblasts,Expanded,EXP,Expanded
0.05917643392623884,All fibroblasts,Expanded,EXP,Expanded
0.061744794501558925,All fibroblasts,Expanded,EXP,Expanded
0.06600330053372258,All fibroblasts,Expanded,EXP,Expanded
0.16678637523971954,All fibroblasts,Expanded,EXP,Expanded
0.012953813968514753,All fibroblasts,Expanded,EXP,Expanded
0.08753782148172964,All fibroblasts,Expanded,EXP,Expanded
0.08008386234101644,All fibroblasts,Expanded,EXP,Expanded
0.08621414923742063,All fibroblasts,Expanded,EXP,Expanded
0.11020574735489383,All fibroblasts,Expanded,EXP,Expanded
0.14535963083535372,All fibroblasts,Expanded,EXP,Expanded
0.0756819062198941,All fibroblasts,Expanded,EXP,Expanded
0.1271553655020542,All fibroblasts,Expanded,EXP,Expanded
0.0037985510538075667,All fibroblasts,Expanded,EXP,Expanded
0.13879845788273892,All fibroblasts,Expanded,EXP,Expanded
0.11113841641269831,All fibroblasts,Expanded,EXP,Expanded
0.1389967270908729,All fibroblasts,Expanded,EXP,Expanded
0.08730761370575171,All fibroblasts,Expanded,EXP,Expanded
0.04021376460447849,All fibroblasts,Expanded,EXP,Expanded
0.22599168351510812,All fibroblasts,Expanded,EXP,Expanded
0.17086394828064583,All fibroblasts,Expanded,EXP,Expanded
0.15597253176438408,All fibroblasts,Expanded,EXP,Expanded
0.07147435268434346,All fibroblasts,Expanded,EXP,Expanded
0.1567019317921552,All fibroblasts,Expanded,EXP,Expanded
0.07569219138195234,All fibroblasts,Expanded,EXP,Expanded
0.003509506014895372,All fibroblasts,Expanded,EXP,Expanded
0.15183554499670573,All fibroblasts,Expanded,EXP,Expanded
0.11610678514920697,All fibroblasts,Expanded,EXP,Expanded
0.01753428881324652,All fibroblasts,Expanded,EXP,Expanded
-0.09677425635155508,All fibroblasts,Expanded,EXP,Expanded
0.08399156607741881,All fibroblasts,Expanded,EXP,Expanded
-0.009542143326476578,All fibroblasts,Expanded,EXP,Expanded
-0.018598675261069425,All fibroblasts,Expanded,EXP,Expanded
-0.026115052661960084,All fibroblasts,Expanded,EXP,Expanded
0.028246909965348108,All fibroblasts,Expanded,EXP,Expanded
-0.012659329963323543,All fibroblasts,Expanded,EXP,Expanded
0.18760159599328946,All fibroblasts,Expanded,EXP,Expanded
0.009266761683927541,All fibroblasts,Expanded,EXP,Expanded
0.03702570456430759,All fibroblasts,Expanded,EXP,Expanded
0.029609437371654848,All fibroblasts,Expanded,EXP,Expanded
0.16264013670744878,All fibroblasts,Expanded,EXP,Expanded
0.14809398679062694,All fibroblasts,Expanded,EXP,Expanded
0.14420851999283751,All fibroblasts,Expanded,EXP,Expanded
0.0066348535006379265,All fibroblasts,Expanded,EXP,Expanded
0.0605768392082774,All fibroblasts,Expanded,EXP,Expanded
0.05340911367164922,All fibroblasts,Expanded,EXP,Expanded
0.08917841686267458,All fibroblasts,Expanded,EXP,Expanded
-0.014555195859284664,All fibroblasts,Expanded,EXP,Expanded
0.14449432548782581,All fibroblasts,Expanded,EXP,Expanded
0.0290099518162191,All fibroblasts,Expanded,EXP,Expanded
0.05503635485342059,All fibroblasts,Expanded,EXP,Expanded
0.013430162278452597,All fibroblasts,Expanded,EXP,Expanded
0.12576334531444797,All fibroblasts,Expanded,EXP,Expanded
0.08567017732393772,All fibroblasts,Expanded,EXP,Expanded
0.1016516273178196,All fibroblasts,Expanded,EXP,Expanded
-0.022858522723036553,All fibroblasts,Expanded,EXP,Expanded
0.03751172841236093,All fibroblasts,Expanded,EXP,Expanded
0.0914087567554292,All fibroblasts,Expanded,EXP,Expanded
0.06450428846716524,All fibroblasts,Expanded,EXP,Expanded
0.09678972550213333,All fibroblasts,Expanded,EXP,Expanded
0.07022675933594874,All fibroblasts,Expanded,EXP,Expanded
-0.04218777681236281,All fibroblasts,Expanded,EXP,Expanded
0.19260509104459753,All fibroblasts,Expanded,EXP,Expanded
0.15456625081105613,All fibroblasts,Expanded,EXP,Expanded
0.14197195971719712,All fibroblasts,Expanded,EXP,Expanded
0.08385824365245924,All fibroblasts,Expanded,EXP,Expanded
0.29945794283514765,All fibroblasts,Expanded,EXP,Expanded
0.15176509835538182,All fibroblasts,Expanded,EXP,Expanded
-0.017355440174179733,All fibroblasts,Expanded,EXP,Expanded
0.17176729690387327,All fibroblasts,Expanded,EXP,Expanded
0.20465021016537863,All fibroblasts,Expanded,EXP,Expanded
0.03391750460583754,All fibroblasts,Expanded,EXP,Expanded
0.3366328728464136,All fibroblasts,Expanded,EXP,Expanded
-0.06822011319858354,All fibroblasts,Expanded,EXP,Expanded
0.10409676589825567,All fibroblasts,Expanded,EXP,Expanded
0.09893089868649825,All fibroblasts,Expanded,EXP,Expanded
0.16231977102840547,All fibroblasts,Expanded,EXP,Expanded
0.03905061641746865,All fibroblasts,Expanded,EXP,Expanded
0.08265069445784518,All fibroblasts,Expanded,EXP,Expanded
0.10400658295264902,All fibroblasts,Expanded,EXP,Expanded
0.10567315617050392,All fibroblasts,Expanded,EXP,Expanded
0.1818093611594889,All fibroblasts,Expanded,EXP,Expanded
0.11739555123063974,All fibroblasts,Expanded,EXP,Expanded
0.0008671158621497456,All fibroblasts,Expanded,EXP,Expanded
0.014710916160651795,All fibroblasts,Expanded,EXP,Expanded
0.06909117197858347,All fibroblasts,Expanded,EXP,Expanded
-0.030837195104613135,All fibroblasts,Expanded,EXP,Expanded
0.12264760006914985,All fibroblasts,Expanded,EXP,Expanded
0.09140902578828439,All fibroblasts,Expanded,EXP,Expanded
0.15712288617846945,All fibroblasts,Expanded,EXP,Expanded
-0.04595155470556128,All fibroblasts,Expanded,EXP,Expanded
0.07072651683520598,All fibroblasts,Expanded,EXP,Expanded
0.16680333340074643,All fibroblasts,Expanded,EXP,Expanded
-0.043595660218042974,All fibroblasts,Expanded,EXP,Expanded
0.05118897189233959,All fibroblasts,Expanded,EXP,Expanded
0.03782015183701412,All fibroblasts,Expanded,EXP,Expanded
0.14181676196192763,All fibroblasts,Expanded,EXP,Expanded
0.18918810645216788,All fibroblasts,Expanded,EXP,Expanded
0.041041805872286966,All fibroblasts,Expanded,EXP,Expanded
0.033634166204081356,All fibroblasts,Expanded,EXP,Expanded
0.055858394329032716,All fibroblasts,Expanded,EXP,Expanded
0.07480423872316705,All fibroblasts,Expanded,EXP,Expanded
0.20660058823943953,All fibroblasts,Expanded,EXP,Expanded
0.1674004766611007,All fibroblasts,Expanded,EXP,Expanded
0.007294182067222155,All fibroblasts,Expanded,EXP,Expanded
0.03450725151271569,All fibroblasts,Expanded,EXP,Expanded
-0.029318606337360338,All fibroblasts,Expanded,EXP,Expanded
0.10208169261384387,All fibroblasts,Expanded,EXP,Expanded
0.051784672535685486,All fibroblasts,Expanded,EXP,Expanded
0.0691482337757659,All fibroblasts,Expanded,EXP,Expanded
0.04141709067876821,All fibroblasts,Expanded,EXP,Expanded
0.09513889171508169,All fibroblasts,Expanded,EXP,Expanded
0.24108316936377852,All fibroblasts,Expanded,EXP,Expanded
0.21503038196818897,All fibroblasts,Expanded,EXP,Expanded
0.10436746426509634,All fibroblasts,Expanded,EXP,Expanded
0.06313350469367321,All fibroblasts,Expanded,EXP,Expanded
0.06863223634321934,All fibroblasts,Expanded,EXP,Expanded
0.09629322978409477,All fibroblasts,Expanded,EXP,Expanded
0.13751797653110256,All fibroblasts,Expanded,EXP,Expanded
0.3173949106087265,All fibroblasts,Expanded,EXP,Expanded
0.01905699487605311,All fibroblasts,Expanded,EXP,Expanded
0.0809363912756774,All fibroblasts,Expanded,EXP,Expanded
0.15843775759780698,All fibroblasts,Expanded,EXP,Expanded
0.08307720725675777,All fibroblasts,Expanded,EXP,Expanded
0.1660728642344151,All fibroblasts,Expanded,EXP,Expanded
0.015488965668963822,All fibroblasts,Expanded,EXP,Expanded
0.10117224872880187,All fibroblasts,Expanded,EXP,Expanded
0.00951621239192739,All fibroblasts,Expanded,EXP,Expanded
-0.04685325617295355,All fibroblasts,Expanded,EXP,Expanded
0.17172880980519095,All fibroblasts,Expanded,EXP,Expanded
0.08029824822208738,All fibroblasts,Expanded,EXP,Expanded
-0.0145559189680095,All fibroblasts,Expanded,EXP,Expanded
-0.10782897238119338,All fibroblasts,Expanded,EXP,Expanded
-0.02276916524971597,All fibroblasts,Expanded,EXP,Expanded
0.06390101613404799,All fibroblasts,Expanded,EXP,Expanded
0.061597614748016616,All fibroblasts,Expanded,EXP,Expanded
0.10574732617123406,All fibroblasts,Expanded,EXP,Expanded
0.018847767549010366,All fibroblasts,Expanded,EXP,Expanded
0.031870875321044975,All fibroblasts,Expanded,EXP,Expanded
-0.005115056611572778,All fibroblasts,Expanded,EXP,Expanded
0.06313091120016125,All fibroblasts,Expanded,EXP,Expanded
0.02479950043959714,All fibroblasts,Expanded,EXP,Expanded
0.08190039515898613,All fibroblasts,Expanded,EXP,Expanded
0.06096549265192906,All fibroblasts,Expanded,EXP,Expanded
0.15460677726101224,All fibroblasts,Expanded,EXP,Expanded
0.049957616491036486,All fibroblasts,Expanded,EXP,Expanded
0.1068963337902888,All fibroblasts,Expanded,EXP,Expanded
-0.045212860637552185,All fibroblasts,Expanded,EXP,Expanded
0.08171296920617063,All fibroblasts,Expanded,EXP,Expanded
0.06203766818002318,All fibroblasts,Expanded,EXP,Expanded
0.10069492086108961,All fibroblasts,Expanded,EXP,Expanded
0.05474869669101671,All fibroblasts,Expanded,EXP,Expanded
0.07088341985153082,All fibroblasts,Expanded,EXP,Expanded
0.0967018720330996,All fibroblasts,Expanded,EXP,Expanded
-0.0006912545298506474,All fibroblasts,Expanded,EXP,Expanded
0.09123565745877929,All fibroblasts,Expanded,EXP,Expanded
0.21458775214665843,All fibroblasts,Expanded,EXP,Expanded
0.1438233472387219,All fibroblasts,Expanded,EXP,Expanded
-0.008225591124933672,All fibroblasts,Expanded,EXP,Expanded
-0.04405072475035919,All fibroblasts,Expanded,EXP,Expanded
0.18784926172342165,All fibroblasts,Expanded,EXP,Expanded
0.017688988516811117,All fibroblasts,Expanded,EXP,Expanded
0.01148832881557345,All fibroblasts,Expanded,EXP,Expanded
0.10603345879607531,All fibroblasts,Expanded,EXP,Expanded
0.14210970472673898,All fibroblasts,Expanded,EXP,Expanded
0.08442755903545808,All fibroblasts,Expanded,EXP,Expanded
0.02315845930152094,All fibroblasts,Expanded,EXP,Expanded
0.04222701889640904,All fibroblasts,Expanded,EXP,Expanded
-0.006259124728308044,All fibroblasts,Expanded,EXP,Expanded
0.1869435070264868,All fibroblasts,Expanded,EXP,Expanded
0.15695260194055632,All fibroblasts,Expanded,EXP,Expanded
0.010248294128229668,All fibroblasts,Expanded,EXP,Expanded
0.08812838297326969,All fibroblasts,Expanded,EXP,Expanded
0.22458717594150945,All fibroblasts,Expanded,EXP,Expanded
-0.031261999467557054,All fibroblasts,Expanded,EXP,Expanded
0.1520862500677465,All fibroblasts,Expanded,EXP,Expanded
0.16786558817730568,All fibroblasts,Expanded,EXP,Expanded
-0.028083418483772406,All fibroblasts,Expanded,EXP,Expanded
0.18170661907752084,All fibroblasts,Expanded,EXP,Expanded
0.05292814722363232,All fibroblasts,Expanded,EXP,Expanded
0.05631564829332604,All fibroblasts,Expanded,EXP,Expanded
-0.06285978905220231,All fibroblasts,Expanded,EXP,Expanded
0.1904951747840457,All fibroblasts,Expanded,EXP,Expanded
0.061609483928949264,All fibroblasts,Expanded,EXP,Expanded
-0.09580336581456955,All fibroblasts,Expanded,EXP,Expanded
0.1359380063560514,All fibroblasts,Expanded,EXP,Expanded
0.05813686253137772,All fibroblasts,Expanded,EXP,Expanded
0.034492683552443115,All fibroblasts,Expanded,EXP,Expanded
0.16605757450294129,All fibroblasts,Expanded,EXP,Expanded
0.014583485474165474,All fibroblasts,Expanded,EXP,Expanded
0.15660851339368953,All fibroblasts,Expanded,EXP,Expanded
0.003129580883522512,All fibroblasts,Expanded,EXP,Expanded
0.1120341160773104,All fibroblasts,Expanded,EXP,Expanded
-0.055104835438636965,All fibroblasts,Expanded,EXP,Expanded
-0.026079864250060484,All fibroblasts,Expanded,EXP,Expanded
0.02322157576137327,All fibroblasts,Expanded,EXP,Expanded
0.015029279626917545,All fibroblasts,Expanded,EXP,Expanded
0.08753909054200967,All fibroblasts,Expanded,EXP,Expanded
0.02432629690308309,All fibroblasts,Expanded,EXP,Expanded
0.0564085535421698,All fibroblasts,Expanded,EXP,Expanded
0.3104685148283951,All fibroblasts,Expanded,EXP,Expanded
0.04571005262712466,All fibroblasts,Expanded,EXP,Expanded
0.18933802714133158,All fibroblasts,Expanded,EXP,Expanded
0.10022788942589747,All fibroblasts,Expanded,EXP,Expanded
0.1687322196294274,All fibroblasts,Expanded,EXP,Expanded
0.11182908474474224,All fibroblasts,Expanded,EXP,Expanded
0.05544751400076606,All fibroblasts,Expanded,EXP,Expanded
0.020397427052757905,All fibroblasts,Expanded,EXP,Expanded
-0.04396295938377134,All fibroblasts,Expanded,EXP,Expanded
-0.15781764354205452,All fibroblasts,Expanded,EXP,Expanded
0.10571166996393262,All fibroblasts,Expanded,EXP,Expanded
0.13033421179784171,All fibroblasts,Expanded,EXP,Expanded
0.15641743464067642,All fibroblasts,Expanded,EXP,Expanded
0.07446222365959222,All fibroblasts,Expanded,EXP,Expanded
0.13164902492150363,All fibroblasts,Expanded,EXP,Expanded
0.1683298992153004,All fibroblasts,Expanded,EXP,Expanded
-0.0973445115548468,All fibroblasts,Expanded,EXP,Expanded
0.22162024356445623,All fibroblasts,Expanded,EXP,Expanded
0.10087517611286397,All fibroblasts,Expanded,EXP,Expanded
0.10132180152592796,All fibroblasts,Expanded,EXP,Expanded
-0.1276846080060961,All fibroblasts,Expanded,EXP,Expanded
0.03095809099387753,All fibroblasts,Expanded,EXP,Expanded
0.13051674322598397,All fibroblasts,Expanded,EXP,Expanded
0.09869800227997529,All fibroblasts,Expanded,EXP,Expanded
0.11040752557424552,All fibroblasts,Expanded,EXP,Expanded
0.1293404241992301,All fibroblasts,Expanded,EXP,Expanded
0.15614988649240785,All fibroblasts,Expanded,EXP,Expanded
0.2071606306825027,All fibroblasts,Expanded,EXP,Expanded
0.14675025286177343,All fibroblasts,Expanded,EXP,Expanded
0.17742727272778408,All fibroblasts,Expanded,EXP,Expanded
0.23159850780800512,All fibroblasts,Expanded,EXP,Expanded
-0.038688769126066155,All fibroblasts,Expanded,EXP,Expanded
0.14206948901819857,All fibroblasts,Expanded,EXP,Expanded
0.08236034428758243,All fibroblasts,Expanded,EXP,Expanded
-0.03170186515841413,All fibroblasts,Expanded,EXP,Expanded
0.11312558664971661,All fibroblasts,Expanded,EXP,Expanded
0.13512919139652718,All fibroblasts,Expanded,EXP,Expanded
-0.03079752124280738,All fibroblasts,Expanded,EXP,Expanded
0.21215276632362312,All fibroblasts,Expanded,EXP,Expanded
0.26293371907839413,All fibroblasts,Expanded,EXP,Expanded
-0.002119388062947064,All fibroblasts,Expanded,EXP,Expanded
0.17148876723093687,All fibroblasts,Expanded,EXP,Expanded
0.02959730184801032,All fibroblasts,Expanded,EXP,Expanded
0.06680521856443579,All fibroblasts,Expanded,EXP,Expanded
0.12890008988919288,All fibroblasts,Expanded,EXP,Expanded
-0.017724726101125247,All fibroblasts,Expanded,EXP,Expanded
0.09344999210540605,All fibroblasts,Expanded,EXP,Expanded
0.019623655977861032,All fibroblasts,Expanded,EXP,Expanded
0.14964261959705258,All fibroblasts,Expanded,EXP,Expanded
0.13555843882776974,All fibroblasts,Expanded,EXP,Expanded
-0.0034352121282382637,All fibroblasts,Expanded,EXP,Expanded
0.13770089223253557,All fibroblasts,Expanded,EXP,Expanded
0.01175651418685747,All fibroblasts,Expanded,EXP,Expanded
0.09252358915401925,All fibroblasts,Expanded,EXP,Expanded
0.09740249510235548,All fibroblasts,Expanded,EXP,Expanded
0.1307868670372216,All fibroblasts,Expanded,EXP,Expanded
0.055084901139204584,All fibroblasts,Expanded,EXP,Expanded
0.12353335505077108,All fibroblasts,Expanded,EXP,Expanded
0.02659248871571826,All fibroblasts,Expanded,EXP,Expanded
0.052856137092360186,All fibroblasts,Expanded,EXP,Expanded
0.33621591249678856,All fibroblasts,Expanded,EXP,Expanded
0.037490209050746424,All fibroblasts,Expanded,EXP,Expanded
0.09215297031438571,All fibroblasts,Expanded,EXP,Expanded
0.010393624157750678,All fibroblasts,Expanded,EXP,Expanded
0.035967330377695034,All fibroblasts,Expanded,EXP,Expanded
0.13022862301174978,All fibroblasts,Expanded,EXP,Expanded
0.05083596916434173,All fibroblasts,Expanded,EXP,Expanded
0.016193360346842815,All fibroblasts,Expanded,EXP,Expanded
-0.07188151850262887,All fibroblasts,Control,CTRL,Control
-0.03426390699608818,All fibroblasts,Control,CTRL,Control
-0.0682577897253903,All fibroblasts,Control,CTRL,Control
-0.0659194463365674,All fibroblasts,Control,CTRL,Control
-0.13190126569150706,All fibroblasts,Control,CTRL,Control
-0.041923257441900154,All fibroblasts,Control,CTRL,Control
-0.07066824250614603,All fibroblasts,Control,CTRL,Control
-0.10750471290610816,All fibroblasts,Control,CTRL,Control
-0.021973002982451667,All fibroblasts,Control,CTRL,Control
0.051640838061731115,All fibroblasts,Control,CTRL,Control
-0.08041146451190549,All fibroblasts,Control,CTRL,Control
0.029105789569908624,All fibroblasts,Control,CTRL,Control
-0.23295262778147488,All fibroblasts,Control,CTRL,Control
-0.06149357417023397,All fibroblasts,Control,CTRL,Control
-0.1879640414109577,All fibroblasts,Control,CTRL,Control
-0.04814735959009525,All fibroblasts,Control,CTRL,Control
-0.13870261149124938,All fibroblasts,Control,CTRL,Control
-0.2739210102189874,All fibroblasts,Control,CTRL,Control
-0.04144054881882053,All fibroblasts,Control,CTRL,Control
-0.07722690138508241,All fibroblasts,Control,CTRL,Control
0.018312914567765702,All fibroblasts,Control,CTRL,Control
0.044297203594447915,All fibroblasts,Control,CTRL,Control
-0.28386717121214167,All fibroblasts,Control,CTRL,Control
-0.1215585635050834,All fibroblasts,Control,CTRL,Control
-0.03684841685197928,All fibroblasts,Control,CTRL,Control
-0.07539878227496752,All fibroblasts,Control,CTRL,Control
-0.2128089372169595,All fibroblasts,Control,CTRL,Control
-0.05134348495761986,All fibroblasts,Control,CTRL,Control
0.0050079013894767654,All fibroblasts,Control,CTRL,Control
-0.17274050049982703,All fibroblasts,Control,CTRL,Control
-0.20148379234312244,All fibroblasts,Control,CTRL,Control
-0.07332452953019605,All fibroblasts,Control,CTRL,Control
-0.08577238636552925,All fibroblasts,Control,CTRL,Control
-0.07815780501333504,All fibroblasts,Control,CTRL,Control
-0.042939485753164724,All fibroblasts,Control,CTRL,Control
-0.29960071027137525,All fibroblasts,Control,CTRL,Control
-0.011514588876433057,All fibroblasts,Control,CTRL,Control
-0.12112131722395433,All fibroblasts,Control,CTRL,Control
0.014535083459586106,All fibroblasts,Control,CTRL,Control
-0.07827415443030346,All fibroblasts,Control,CTRL,Control
-0.045833500357057494,All fibroblasts,Control,CTRL,Control
-0.07000373095975089,All fibroblasts,Control,CTRL,Control
0.003851567946077288,All fibroblasts,Control,CTRL,Control
-0.16817065615178015,All fibroblasts,Control,CTRL,Control
-0.16201930627663408,All fibroblasts,Control,CTRL,Control
-0.13730661235044955,All fibroblasts,Control,CTRL,Control
-0.07808583829040927,All fibroblasts,Control,CTRL,Control
-0.1340016094702802,All fibroblasts,Control,CTRL,Control
0.0014029528126654322,All fibroblasts,Control,CTRL,Control
-0.12949055801852433,All fibroblasts,Control,CTRL,Control
-0.11982318765533412,All fibroblasts,Control,CTRL,Control
-0.009190439386509125,All fibroblasts,Control,CTRL,Control
0.00838734420401585,All fibroblasts,Control,CTRL,Control
-0.18320550853508094,All fibroblasts,Control,CTRL,Control
0.03850708951573255,All fibroblasts,Control,CTRL,Control
-0.1488788468241507,All fibroblasts,Control,CTRL,Control
-0.025921690150868613,All fibroblasts,Control,CTRL,Control
-0.01697909342345861,All fibroblasts,Control,CTRL,Control
-0.08070316537945131,All fibroblasts,Control,CTRL,Control
-0.016076509497538038,All fibroblasts,Control,CTRL,Control
0.01713524390697797,All fibroblasts,Control,CTRL,Control
-0.019237019965409538,All fibroblasts,Control,CTRL,Control
-0.0800140478325834,All fibroblasts,Control,CTRL,Control
-0.11078138030288956,All fibroblasts,Control,CTRL,Control
-0.08023013540359038,All fibroblasts,Control,CTRL,Control
-0.048053099164069156,All fibroblasts,Control,CTRL,Control
-0.044924295151440766,All fibroblasts,Control,CTRL,Control
-0.150679985025803,All fibroblasts,Control,CTRL,Control
0.1392912939633693,All fibroblasts,Control,CTRL,Control
0.07667232272394198,All fibroblasts,Control,CTRL,Control
-0.06767640569260086,All fibroblasts,Control,CTRL,Control
-0.05313582356755417,All fibroblasts,Control,CTRL,Control
0.10029708161305129,All fibroblasts,Control,CTRL,Control
-0.10888620681050384,All fibroblasts,Control,CTRL,Control
-0.01894512821336683,All fibroblasts,Control,CTRL,Control
-0.09254368672803717,All fibroblasts,Control,CTRL,Control
-0.2679513664784857,All fibroblasts,Control,CTRL,Control
-0.10237495900082628,All fibroblasts,Control,CTRL,Control
-0.06532522736503804,All fibroblasts,Control,CTRL,Control
-0.16431960509085,All fibroblasts,Control,CTRL,Control
-0.20110457489514036,All fibroblasts,Control,CTRL,Control
-0.07966338794119054,All fibroblasts,Control,CTRL,Control
-0.05516078873577558,All fibroblasts,Control,CTRL,Control
-0.05952148801100165,All fibroblasts,Control,CTRL,Control
-0.02994610911944723,All fibroblasts,Control,CTRL,Control
-0.08138767177254086,All fibroblasts,Control,CTRL,Control
-0.18439427968487435,All fibroblasts,Control,CTRL,Control
-0.035061942297231,All fibroblasts,Control,CTRL,Control
-0.1523105528781868,All fibroblasts,Control,CTRL,Control
-0.11587798883589365,All fibroblasts,Control,CTRL,Control
0.003890745543901863,All fibroblasts,Control,CTRL,Control
-0.1868744238223684,All fibroblasts,Control,CTRL,Control
-0.1497695358839185,All fibroblasts,Control,CTRL,Control
-0.20753108637120632,All fibroblasts,Control,CTRL,Control
-0.11298689105220931,All fibroblasts,Control,CTRL,Control
-0.003768732987037355,All fibroblasts,Control,CTRL,Control
-0.06827612395968755,All fibroblasts,Control,CTRL,Control
-0.16160618566903057,All fibroblasts,Control,CTRL,Control
-0.06983037461062394,All fibroblasts,Control,CTRL,Control
-0.06921566505789559,All fibroblasts,Control,CTRL,Control
-0.05725706661159853,All fibroblasts,Control,CTRL,Control
-0.11580683625949512,All fibroblasts,Control,CTRL,Control
-0.12617987370953973,All fibroblasts,Control,CTRL,Control
-0.07048001384093405,All fibroblasts,Control,CTRL,Control
-0.03994576068390177,All fibroblasts,Control,CTRL,Control
-0.06958434428569016,All fibroblasts,Control,CTRL,Control
0.00013397666090292706,All fibroblasts,Control,CTRL,Control
-0.04391229699017453,All fibroblasts,Control,CTRL,Control
0.042183385386161405,All fibroblasts,Control,CTRL,Control
-0.1012357032427882,All fibroblasts,Control,CTRL,Control
-0.16788394568225268,All fibroblasts,Control,CTRL,Control
-0.15012262622452094,All fibroblasts,Control,CTRL,Control
0.01965929584969952,All fibroblasts,Control,CTRL,Control
-0.11376821142902187,All fibroblasts,Control,CTRL,Control
-0.09871249889587613,All fibroblasts,Control,CTRL,Control
-0.020628080824779557,All fibroblasts,Control,CTRL,Control
-0.0847979245114169,All fibroblasts,Control,CTRL,Control
-0.0624239440358875,All fibroblasts,Control,CTRL,Control
-0.051620145771234145,All fibroblasts,Control,CTRL,Control
-0.14241790696117346,All fibroblasts,Control,CTRL,Control
-0.09952001864485793,All fibroblasts,Control,CTRL,Control
-0.012852575621070712,All fibroblasts,Control,CTRL,Control
-0.16592019003370162,All fibroblasts,Control,CTRL,Control
-0.07036749706357859,All fibroblasts,Control,CTRL,Control
-0.15792535676465144,All fibroblasts,Control,CTRL,Control
-0.03797825683189374,All fibroblasts,Control,CTRL,Control
-0.20776326309786056,All fibroblasts,Control,CTRL,Control
-0.21990223245616486,All fibroblasts,Control,CTRL,Control
-0.15884626010444727,All fibroblasts,Control,CTRL,Control
-0.06372218798091579,All fibroblasts,Control,CTRL,Control
-0.12232949004898101,All fibroblasts,Control,CTRL,Control
-0.1314826587095303,All fibroblasts,Control,CTRL,Control
0.005216783404184348,All fibroblasts,Control,CTRL,Control
0.056879131515879235,All fibroblasts,Control,CTRL,Control
-0.1292672775148334,All fibroblasts,Control,CTRL,Control
-0.04010613410259076,All fibroblasts,Control,CTRL,Control
-0.030079249433024032,All fibroblasts,Control,CTRL,Control
-0.08334134846923197,All fibroblasts,Control,CTRL,Control
-0.2140464982716014,All fibroblasts,Control,CTRL,Control
0.07781778292998155,All fibroblasts,Control,CTRL,Control
-0.11947304927462388,All fibroblasts,Control,CTRL,Control
-0.05265131730340046,All fibroblasts,Control,CTRL,Control
-0.19689483592672588,All fibroblasts,Control,CTRL,Control
-0.12608990465492784,All fibroblasts,Control,CTRL,Control
-0.16755886132587663,All fibroblasts,Control,CTRL,Control
-0.11146572143492196,All fibroblasts,Control,CTRL,Control
-0.20021546105630977,All fibroblasts,Control,CTRL,Control
-0.028291690521356355,All fibroblasts,Control,CTRL,Control
0.0036216384878434912,All fibroblasts,Control,CTRL,Control
-0.0020419907554598965,All fibroblasts,Control,CTRL,Control
-0.07905335455063574,All fibroblasts,Control,CTRL,Control
-0.15993410798828797,All fibroblasts,Control,CTRL,Control
-0.0889260310800835,All fibroblasts,Control,CTRL,Control
-0.14179446904766135,All fibroblasts,Control,CTRL,Control
-0.08876169723842779,All fibroblasts,Control,CTRL,Control
-0.30608238325594167,All fibroblasts,Control,CTRL,Control
-0.0014626522090956384,All fibroblasts,Control,CTRL,Control
-0.16717881885368102,All fibroblasts,Control,CTRL,Control
-0.018185592589713088,All fibroblasts,Control,CTRL,Control
-0.16105013569533772,All fibroblasts,Control,CTRL,Control
-0.08691104768713198,All fibroblasts,Control,CTRL,Control
-0.13148911811072553,All fibroblasts,Control,CTRL,Control
-0.06759914485106448,All fibroblasts,Control,CTRL,Control
-0.012475136003408785,All fibroblasts,Control,CTRL,Control
-0.0869133946497117,All fibroblasts,Control,CTRL,Control
-0.07833817331116555,All fibroblasts,Control,CTRL,Control
0.055137853485607,All fibroblasts,Control,CTRL,Control
-0.0713017246871839,All fibroblasts,Control,CTRL,Control
-0.14053817939160493,All fibroblasts,Control,CTRL,Control
0.012306227552137507,All fibroblasts,Control,CTRL,Control
-0.08307330258468991,All fibroblasts,Control,CTRL,Control
-0.09280511451232822,All fibroblasts,Control,CTRL,Control
-0.142589909566148,All fibroblasts,Control,CTRL,Control
-0.040407189788557486,All fibroblasts,Control,CTRL,Control
-0.022812389265744942,All fibroblasts,Control,CTRL,Control
-0.11258100448456292,All fibroblasts,Control,CTRL,Control
-0.27505014419272866,All fibroblasts,Control,CTRL,Control
-0.026920376505364024,All fibroblasts,Control,CTRL,Control
-0.04986339615017036,All fibroblasts,Control,CTRL,Control
-0.07190937885201212,All fibroblasts,Control,CTRL,Control
-0.09719585489054412,All fibroblasts,Control,CTRL,Control
-0.03382832057305257,All fibroblasts,Control,CTRL,Control
-0.05783536239720316,All fibroblasts,Control,CTRL,Control
-0.02793381154850962,All fibroblasts,Control,CTRL,Control
-0.29865711995763866,All fibroblasts,Control,CTRL,Control
-0.018816657616929397,All fibroblasts,Control,CTRL,Control
-0.014107579026240942,All fibroblasts,Control,CTRL,Control
-0.16360693813318417,All fibroblasts,Control,CTRL,Control
-0.16361442150473116,All fibroblasts,Control,CTRL,Control
-0.04829302162477409,All fibroblasts,Control,CTRL,Control
-0.12856759817178842,All fibroblasts,Control,CTRL,Control
-0.2082963300351325,All fibroblasts,Control,CTRL,Control
0.007300902970527108,All fibroblasts,Control,CTRL,Control
-0.1356019458770981,All fibroblasts,Control,CTRL,Control
-0.04999559328570622,All fibroblasts,Control,CTRL,Control
-0.07450839914913837,All fibroblasts,Control,CTRL,Control
-0.14443091087027027,All fibroblasts,Control,CTRL,Control
-0.194646898670124,All fibroblasts,Control,CTRL,Control
-0.1922058888429529,All fibroblasts,Control,CTRL,Control
-0.11185968168622967,All fibroblasts,Control,CTRL,Control
-0.06619903880020941,All fibroblasts,Control,CTRL,Control
0.0062577099806327766,All fibroblasts,Control,CTRL,Control
-0.10820803363264972,All fibroblasts,Control,CTRL,Control
-0.0923865494241634,All fibroblasts,Control,CTRL,Control
-0.1113867743753189,All fibroblasts,Control,CTRL,Control
-0.11015419805799406,All fibroblasts,Control,CTRL,Control
-0.06240415725175312,All fibroblasts,Control,CTRL,Control
-0.09620859095172113,All fibroblasts,Control,CTRL,Control
-0.06371003129571111,All fibroblasts,Control,CTRL,Control
-0.15152974934210045,All fibroblasts,Control,CTRL,Control
-0.09945736392438277,All fibroblasts,Control,CTRL,Control
-0.10187889239681265,All fibroblasts,Control,CTRL,Control
-0.1258852698907259,All fibroblasts,Control,CTRL,Control
-0.13591617013753643,All fibroblasts,Control,CTRL,Control
-0.04212334645911486,All fibroblasts,Control,CTRL,Control
-0.15641708516858024,All fibroblasts,Control,CTRL,Control
-0.0765077838198178,All fibroblasts,Control,CTRL,Control
-0.08753870077297389,All fibroblasts,Control,CTRL,Control
-0.12902578110344964,All fibroblasts,Control,CTRL,Control
-0.11029980369694979,All fibroblasts,Control,CTRL,Control
-0.07915567205148008,All fibroblasts,Control,CTRL,Control
0.11464663566282793,All fibroblasts,Control,CTRL,Control
-0.0982704235809233,All fibroblasts,Control,CTRL,Control
-0.12029640102232217,All fibroblasts,Control,CTRL,Control
-0.23685471091987897,All fibroblasts,Control,CTRL,Control
-0.14946961433247263,All fibroblasts,Control,CTRL,Control
-0.13687577327944675,All fibroblasts,Control,CTRL,Control
-0.09674758766909239,All fibroblasts,Control,CTRL,Control
-0.1350233846479853,All fibroblasts,Control,CTRL,Control
-0.03351024992904667,All fibroblasts,Control,CTRL,Control
-0.10894933719107079,All fibroblasts,Control,CTRL,Control
0.052042664770551146,All fibroblasts,Control,CTRL,Control
0.004831709208056145,All fibroblasts,Control,CTRL,Control
-0.06932854041310504,All fibroblasts,Control,CTRL,Control
-0.02911367916564213,All fibroblasts,Control,CTRL,Control
-0.03341053031073609,All fibroblasts,Control,CTRL,Control
-0.12940276985981067,All fibroblasts,Control,CTRL,Control
-0.08655730274794585,All fibroblasts,Control,CTRL,Control
-0.1244752298176691,All fibroblasts,Control,CTRL,Control
-0.10171074345631133,All fibroblasts,Control,CTRL,Control
0.010992655522577562,All fibroblasts,Control,CTRL,Control
-0.0674814680679838,All fibroblasts,Control,CTRL,Control
-0.06497740382203475,All fibroblasts,Control,CTRL,Control
-0.06081579096949068,All fibroblasts,Control,CTRL,Control
-0.28761390364944434,All fibroblasts,Control,CTRL,Control
-0.0772106393190025,All fibroblasts,Control,CTRL,Control
-0.1096476600076304,All fibroblasts,Control,CTRL,Control
-0.10977822587603804,All fibroblasts,Control,CTRL,Control
-0.07239239416147614,All fibroblasts,Control,CTRL,Control
-0.05781589806369147,All fibroblasts,Control,CTRL,Control
0.09782012916533037,All fibroblasts,Control,CTRL,Control
-0.10823627522435146,All fibroblasts,Control,CTRL,Control
-0.05515907120162494,All fibroblasts,Control,CTRL,Control
0.1326988325284047,All fibroblasts,Control,CTRL,Control
-0.037338174195311685,All fibroblasts,Control,CTRL,Control
-0.10579241033131133,All fibroblasts,Control,CTRL,Control
-0.018241471826702868,All fibroblasts,Control,CTRL,Control
-0.11305920873016079,All fibroblasts,Control,CTRL,Control
-0.004394684023507699,All fibroblasts,Control,CTRL,Control
-0.20005809033190225,All fibroblasts,Control,CTRL,Control
-0.02293720013875375,All fibroblasts,Control,CTRL,Control
-0.19598291249601457,All fibroblasts,Control,CTRL,Control
-0.09663574697021178,All fibroblasts,Control,CTRL,Control
-0.05711381709529289,All fibroblasts,Control,CTRL,Control
0.16069972097391558,All fibroblasts,Control,CTRL,Control
-0.09842094777807092,All fibroblasts,Control,CTRL,Control
-0.08509479861467709,All fibroblasts,Control,CTRL,Control
-0.0022722460159567,All fibroblasts,Control,CTRL,Control
-0.12247653549753001,All fibroblasts,Control,CTRL,Control
-0.08627966270513679,All fibroblasts,Control,CTRL,Control
-0.14404739864952276,All fibroblasts,Control,CTRL,Control
-0.09527799680334725,All fibroblasts,Control,CTRL,Control
-0.15152523341214116,All fibroblasts,Control,CTRL,Control
-0.041000339537578465,All fibroblasts,Control,CTRL,Control
-0.17371012401804803,All fibroblasts,Control,CTRL,Control
-0.11321377780392246,All fibroblasts,Control,CTRL,Control
-0.04398955032129699,All fibroblasts,Control,CTRL,Control
-0.055934047006710445,All fibroblasts,Control,CTRL,Control
-0.018745097182084544,All fibroblasts,Control,CTRL,Control
-0.11690376416884149,All fibroblasts,Control,CTRL,Control
0.0005332430313457065,All fibroblasts,Control,CTRL,Control
-0.20103967835886455,All fibroblasts,Control,CTRL,Control
-0.10627567290445189,All fibroblasts,Control,CTRL,Control
-0.1018394876085604,All fibroblasts,Control,CTRL,Control
-0.21100447907585154,All fibroblasts,Control,CTRL,Control
-0.12009677810889689,All fibroblasts,Control,CTRL,Control
-0.014592276062499437,All fibroblasts,Control,CTRL,Control
0.07267314095207306,All fibroblasts,Control,CTRL,Control
-0.03671622584459659,All fibroblasts,Control,CTRL,Control
-0.009922845746419794,All fibroblasts,Control,CTRL,Control
-0.13269267058135611,All fibroblasts,Control,CTRL,Control
-0.07679239795222352,All fibroblasts,Control,CTRL,Control
-0.06828375070876605,All fibroblasts,Control,CTRL,Control
-0.08767907048328255,All fibroblasts,Control,CTRL,Control
-0.1398011408101947,All fibroblasts,Control,CTRL,Control
-0.006339081588156577,All fibroblasts,Control,CTRL,Control
-0.21341431140472572,All fibroblasts,Control,CTRL,Control
-0.01123916938414754,All fibroblasts,Control,CTRL,Control
-0.10424974838270912,All fibroblasts,Control,CTRL,Control
-0.007612054201226411,All fibroblasts,Control,CTRL,Control
-0.10085407700642046,All fibroblasts,Control,CTRL,Control
-0.14211723528428022,All fibroblasts,Control,CTRL,Control
-0.1099078177735202,All fibroblasts,Control,CTRL,Control
-0.08405038792764807,All fibroblasts,Control,CTRL,Control
-0.1368643024818799,All fibroblasts,Control,CTRL,Control
-0.20124371357802934,All fibroblasts,Control,CTRL,Control
-0.16607605101394893,All fibroblasts,Control,CTRL,Control
-0.15477123915756502,All fibroblasts,Control,CTRL,Control
-0.21346822807276922,All fibroblasts,Control,CTRL,Control
-0.09114728683295976,All fibroblasts,Control,CTRL,Control
-0.12726231014352013,All fibroblasts,Control,CTRL,Control
-0.010202566025036858,All fibroblasts,Control,CTRL,Control
-0.10391753792507144,All fibroblasts,Control,CTRL,Control
-0.044066763341689685,All fibroblasts,Control,CTRL,Control
0.019765764090669727,All fibroblasts,Control,CTRL,Control
-0.09807395249957655,All fibroblasts,Control,CTRL,Control
-0.10114825228229635,All fibroblasts,Control,CTRL,Control
-0.09552216197570951,All fibroblasts,Control,CTRL,Control
-0.10282382179384193,All fibroblasts,Control,CTRL,Control
-0.19465600657182724,All fibroblasts,Control,CTRL,Control
-0.08933293046356222,All fibroblasts,Control,CTRL,Control
-0.0606517933997821,All fibroblasts,Control,CTRL,Control
-0.17714832900577,All fibroblasts,Control,CTRL,Control
-0.06366730666146381,All fibroblasts,Control,CTRL,Control
-0.23319455202725145,All fibroblasts,Control,CTRL,Control
-0.10978590681440503,All fibroblasts,Control,CTRL,Control
-0.0029668496384863026,All fibroblasts,Control,CTRL,Control
-0.14144854753992075,All fibroblasts,Control,CTRL,Control
-0.04709088649806794,All fibroblasts,Control,CTRL,Control
-0.14299572556967544,All fibroblasts,Control,CTRL,Control
-0.15380159356745066,All fibroblasts,Control,CTRL,Control
-0.13202817082185814,All fibroblasts,Control,CTRL,Control
-0.14675317594203952,All fibroblasts,Control,CTRL,Control
-0.10331853734338012,All fibroblasts,Control,CTRL,Control
-0.19247270245335957,All fibroblasts,Control,CTRL,Control
-0.02439713899005823,All fibroblasts,Control,CTRL,Control
-0.04288428037127324,All fibroblasts,Control,CTRL,Control
-0.16003440168121036,All fibroblasts,Control,CTRL,Control
-0.028278188034605387,All fibroblasts,Control,CTRL,Control
-0.05040302316164934,All fibroblasts,Control,CTRL,Control
-0.24942538994581037,All fibroblasts,Control,CTRL,Control
-0.11717490760799401,All fibroblasts,Control,CTRL,Control
4.674479578891007e-06,All fibroblasts,Control,CTRL,Control
-0.014893037955997498,All fibroblasts,Control,CTRL,Control
-0.3556810836727227,All fibroblasts,Control,CTRL,Control
0.06663877250737191,All fibroblasts,Control,CTRL,Control
-0.09151307831593451,All fibroblasts,Control,CTRL,Control
0.2188165467323621,All fibroblasts,Control,CTRL,Control
-0.08535983476461453,All fibroblasts,Control,CTRL,Control
0.02384065911345313,All fibroblasts,Control,CTRL,Control
-0.07552530770276628,All fibroblasts,Control,CTRL,Control
-0.16317891828988332,All fibroblasts,Control,CTRL,Control
-0.1060578466074641,All fibroblasts,Control,CTRL,Control
-0.031045620737384812,All fibroblasts,Control,CTRL,Control
-0.004781227706612132,All fibroblasts,Control,CTRL,Control
-0.16261526171082244,All fibroblasts,Control,CTRL,Control
-0.13820604608842665,All fibroblasts,Control,CTRL,Control
-0.1316973976823841,All fibroblasts,Control,CTRL,Control
-0.01755147375710838,All fibroblasts,Control,CTRL,Control
-0.16243682070831772,All fibroblasts,Control,CTRL,Control
-0.04173221156921889,All fibroblasts,Control,CTRL,Control
-0.09761462098294588,All fibroblasts,Control,CTRL,Control
-0.08363981415519765,All fibroblasts,Control,CTRL,Control
-0.06334972148053335,All fibroblasts,Control,CTRL,Control
-0.14800754245439696,All fibroblasts,Control,CTRL,Control
-0.02330349082675144,All fibroblasts,Control,CTRL,Control
-0.16786880740877919,All fibroblasts,Control,CTRL,Control
-0.06697741423663243,All fibroblasts,Control,CTRL,Control
-0.03466301889314491,All fibroblasts,Control,CTRL,Control
-0.03124612742636174,All fibroblasts,Control,CTRL,Control
-0.1486393749925186,All fibroblasts,Control,CTRL,Control
0.019424996439777423,All fibroblasts,Control,CTRL,Control
-0.15512671091634925,All fibroblasts,Control,CTRL,Control
-0.09514469120377694,All fibroblasts,Control,CTRL,Control
-0.07479091243498887,All fibroblasts,Control,CTRL,Control
-0.1686375319107118,All fibroblasts,Control,CTRL,Control
0.010526481950180569,All fibroblasts,Control,CTRL,Control
-0.2661696824193395,All fibroblasts,Control,CTRL,Control
-0.15331977652582696,All fibroblasts,Control,CTRL,Control
0.050900106928404784,All fibroblasts,Control,CTRL,Control
-0.18509934668885364,All fibroblasts,Control,CTRL,Control
-0.2248161671119719,All fibroblasts,Control,CTRL,Control
-0.20179053291458027,All fibroblasts,Control,CTRL,Control
-0.1007040896041663,All fibroblasts,Control,CTRL,Control
-0.12479218052786706,All fibroblasts,Control,CTRL,Control
-0.014107118513885797,All fibroblasts,Control,CTRL,Control
-0.007255989107125341,All fibroblasts,Control,CTRL,Control
-0.024624500552336295,All fibroblasts,Control,CTRL,Control
-0.06759551949175109,All fibroblasts,Control,CTRL,Control
-0.15484786496971573,All fibroblasts,Control,CTRL,Control
-0.1044319055398832,All fibroblasts,Control,CTRL,Control
-0.10072337064421397,All fibroblasts,Control,CTRL,Control
-0.10406709681696841,All fibroblasts,Control,CTRL,Control
-0.04331384901433039,All fibroblasts,Control,CTRL,Control
-0.040916585152854686,All fibroblasts,Control,CTRL,Control
-0.09730133171815232,All fibroblasts,Control,CTRL,Control
-0.1552936724361127,All fibroblasts,Control,CTRL,Control
0.05649726853510183,All fibroblasts,Control,CTRL,Control
-0.19347627074675947,All fibroblasts,Control,CTRL,Control
-0.29965571807172836,All fibroblasts,Control,CTRL,Control
-0.1737128958861754,All fibroblasts,Control,CTRL,Control
-0.02185061510318293,All fibroblasts,Control,CTRL,Control
-0.05226449229873001,All fibroblasts,Control,CTRL,Control
-0.01187161910597597,All fibroblasts,Control,CTRL,Control
-0.06608646806110419,All fibroblasts,Control,CTRL,Control
-0.09787425885188696,All fibroblasts,Control,CTRL,Control
-0.11866884227827317,All fibroblasts,Control,CTRL,Control
-0.13448395605475,All fibroblasts,Control,CTRL,Control
-0.07193337983644642,All fibroblasts,Control,CTRL,Control
-0.10050081504288871,All fibroblasts,Control,CTRL,Control
-0.12148427311679658,All fibroblasts,Control,CTRL,Control
-0.094688136042154,All fibroblasts,Control,CTRL,Control
-0.1893192476400215,All fibroblasts,Control,CTRL,Control
-0.15026191576330938,All fibroblasts,Control,CTRL,Control
0.03658806317603189,All fibroblasts,Control,CTRL,Control
-0.05127736125240755,All fibroblasts,Control,CTRL,Control
-0.10783164844840205,All fibroblasts,Control,CTRL,Control
-0.10040657801609583,All fibroblasts,Control,CTRL,Control
-0.13419017898120475,All fibroblasts,Control,CTRL,Control
-0.018332940096127875,All fibroblasts,Control,CTRL,Control
-0.05290879908165298,All fibroblasts,Control,CTRL,Control
-0.15087426582278923,All fibroblasts,Control,CTRL,Control
0.07714478265648544,All fibroblasts,Control,CTRL,Control
-0.15664428898263766,All fibroblasts,Control,CTRL,Control
-0.06955474841782615,All fibroblasts,Control,CTRL,Control
-0.24920812768267492,All fibroblasts,Control,CTRL,Control
-0.12731411244265461,All fibroblasts,Control,CTRL,Control
-0.022089284012919562,All fibroblasts,Control,CTRL,Control
-0.23231058651542527,All fibroblasts,Control,CTRL,Control
-0.07594570381982552,All fibroblasts,Control,CTRL,Control
0.023241480875852122,All fibroblasts,Control,CTRL,Control
-0.11292962224982739,All fibroblasts,Control,CTRL,Control
-0.08943780854888987,All fibroblasts,Control,CTRL,Control
-0.1179783148542971,All fibroblasts,Control,CTRL,Control
0.0633345296698728,All fibroblasts,Control,CTRL,Control
-0.2980951969439616,All fibroblasts,Control,CTRL,Control
-0.13166731126490788,All fibroblasts,Control,CTRL,Control
-0.16483749748189916,All fibroblasts,Control,CTRL,Control
-0.07656644639115465,All fibroblasts,Control,CTRL,Control
-0.11793953832709697,All fibroblasts,Control,CTRL,Control
-0.15951481707799958,All fibroblasts,Control,CTRL,Control
0.03306846806886675,All fibroblasts,Control,CTRL,Control
-0.10044580569289979,All fibroblasts,Control,CTRL,Control
-0.042629371194955135,All fibroblasts,Control,CTRL,Control
-0.09533603948087306,All fibroblasts,Control,CTRL,Control
-0.187913845316605,All fibroblasts,Control,CTRL,Control
0.07109655615347504,All fibroblasts,Control,CTRL,Control
-0.16550014619070139,All fibroblasts,Control,CTRL,Control
-0.1357728986610588,All fibroblasts,Control,CTRL,Control
-0.17736108817708252,All fibroblasts,Control,CTRL,Control
0.07295612162528267,All fibroblasts,Control,CTRL,Control
-0.0022604639571099996,All fibroblasts,Control,CTRL,Control
-0.14257167636086035,All fibroblasts,Control,CTRL,Control
-0.10443830904773556,All fibroblasts,Control,CTRL,Control
0.02283505408974952,All fibroblasts,Control,CTRL,Control
0.003712511011310527,All fibroblasts,Control,CTRL,Control
-0.18133490508783012,All fibroblasts,Control,CTRL,Control
-0.15701254030053244,All fibroblasts,Control,CTRL,Control
-0.056869346536117575,All fibroblasts,Control,CTRL,Control
-0.09843705194433595,All fibroblasts,Control,CTRL,Control
0.0014034724816011472,All fibroblasts,Control,CTRL,Control
0.008729316829971565,All fibroblasts,Control,CTRL,Control
-0.0772353196896595,All fibroblasts,Control,CTRL,Control
0.010456947050955786,All fibroblasts,Control,CTRL,Control
-0.026981639997535042,All fibroblasts,Control,CTRL,Control
-0.08610562638209504,All fibroblasts,Control,CTRL,Control
-0.2055636807292302,All fibroblasts,Control,CTRL,Control
-0.12386358047011377,All fibroblasts,Control,CTRL,Control
-0.1641967314030209,All fibroblasts,Control,CTRL,Control
-0.06426939498222739,All fibroblasts,Control,CTRL,Control
-0.16107977470008172,All fibroblasts,Control,CTRL,Control
-0.14457515922252442,All fibroblasts,Control,CTRL,Control
0.027831872285163477,All fibroblasts,Control,CTRL,Control
-0.05699252356724738,All fibroblasts,Control,CTRL,Control
-0.046270899025769044,All fibroblasts,Control,CTRL,Control
-0.07791283744213992,All fibroblasts,Control,CTRL,Control
-0.0006390268411211528,All fibroblasts,Control,CTRL,Control
-0.08336996649089405,All fibroblasts,Control,CTRL,Control
-0.053094770394626206,All fibroblasts,Control,CTRL,Control
-0.019203944011921464,All fibroblasts,Control,CTRL,Control
-0.25768818904262536,All fibroblasts,Control,CTRL,Control
-0.11216416447153826,All fibroblasts,Control,CTRL,Control
-0.05748330849286026,All fibroblasts,Control,CTRL,Control
-0.11935811903650755,All fibroblasts,Control,CTRL,Control
-0.11038504251816061,All fibroblasts,Control,CTRL,Control
-0.10734717818676666,All fibroblasts,Control,CTRL,Control
-0.05732112930052643,All fibroblasts,Control,CTRL,Control
-0.10516009297978351,All fibroblasts,Control,CTRL,Control
-0.14751726054676118,All fibroblasts,Control,CTRL,Control
-0.02545350998751536,All fibroblasts,Control,CTRL,Control
0.015532821117513251,All fibroblasts,Control,CTRL,Control
0.019277100367202826,All fibroblasts,Control,CTRL,Control
-0.11930049513368224,All fibroblasts,Control,CTRL,Control
-0.04779452287762829,All fibroblasts,Control,CTRL,Control
0.023713196024301296,All fibroblasts,Control,CTRL,Control
-0.0551196595567613,All fibroblasts,Control,CTRL,Control
-0.1280736720693335,All fibroblasts,Control,CTRL,Control
-0.11619715053822978,All fibroblasts,Control,CTRL,Control
-0.14339347351134302,All fibroblasts,Control,CTRL,Control
0.08617615188321764,All fibroblasts,Control,CTRL,Control
-0.1690346655816562,All fibroblasts,Control,CTRL,Control
-0.20410318620177265,All fibroblasts,Control,CTRL,Control
-0.12279055048372371,All fibroblasts,Control,CTRL,Control
-0.13782169136127198,All fibroblasts,Control,CTRL,Control
-0.09300946551238308,All fibroblasts,Control,CTRL,Control
-0.12163141084139426,All fibroblasts,Control,CTRL,Control
-0.05551145863806748,All fibroblasts,Control,CTRL,Control
-0.2710742695812093,All fibroblasts,Control,CTRL,Control
-0.07255265593451506,All fibroblasts,Control,CTRL,Control
-0.02474784222273027,All fibroblasts,Control,CTRL,Control
-0.11247065558914832,All fibroblasts,Control,CTRL,Control
-0.217002161117263,All fibroblasts,Control,CTRL,Control
-0.1048239924588168,All fibroblasts,Control,CTRL,Control
-0.01961202684550934,All fibroblasts,Control,CTRL,Control
-0.15691937019315966,All fibroblasts,Control,CTRL,Control
0.054087427121438346,All fibroblasts,Control,CTRL,Control
-0.04827802802802167,All fibroblasts,Control,CTRL,Control
-0.04312396863571971,All fibroblasts,Control,CTRL,Control
0.007989949058427852,All fibroblasts,Control,CTRL,Control
-0.16436777997830396,All fibroblasts,Control,CTRL,Control
-0.10843416534897683,All fibroblasts,Control,CTRL,Control
-0.16853203846588236,All fibroblasts,Control,CTRL,Control
0.012457656305979236,All fibroblasts,Control,CTRL,Control
-0.0798815797405674,All fibroblasts,Control,CTRL,Control
-0.0673941540345545,All fibroblasts,Control,CTRL,Control
-0.041790902457948184,All fibroblasts,Control,CTRL,Control
0.03232239099385055,All fibroblasts,Control,CTRL,Control
-0.059659541617661155,All fibroblasts,Control,CTRL,Control
-0.3073443886745489,All fibroblasts,Control,CTRL,Control
0.01914277566487768,All fibroblasts,Control,CTRL,Control
-0.05746778108339064,All fibroblasts,Control,CTRL,Control
-0.15865087122156024,All fibroblasts,Control,CTRL,Control
-0.11070157143755982,All fibroblasts,Control,CTRL,Control
-0.026483865581373355,All fibroblasts,Control,CTRL,Control
-0.11474763301175078,All fibroblasts,Control,CTRL,Control
-0.041955759898069024,All fibroblasts,Control,CTRL,Control
-0.023798341046237514,All fibroblasts,Control,CTRL,Control
0.01713582073023749,All fibroblasts,Control,CTRL,Control
-0.024925956056201362,All fibroblasts,Control,CTRL,Control
-0.06473473569672566,All fibroblasts,Control,CTRL,Control
-0.15346239528765532,All fibroblasts,Control,CTRL,Control
0.10415693605787568,All fibroblasts,Control,CTRL,Control
-0.11763779765344354,All fibroblasts,Control,CTRL,Control
-0.13349863464747483,All fibroblasts,Control,CTRL,Control
0.059184242516222126,All fibroblasts,Control,CTRL,Control
-0.09971043119430575,All fibroblasts,Control,CTRL,Control
-0.10032553569535975,All fibroblasts,Control,CTRL,Control
-0.26779531577030985,All fibroblasts,Control,CTRL,Control
-0.130513038542607,All fibroblasts,Control,CTRL,Control
-0.19064401210393295,All fibroblasts,Control,CTRL,Control
-0.1758550244957239,All fibroblasts,Control,CTRL,Control
0.08378292908443322,All fibroblasts,Control,CTRL,Control
0.0044998288813145595,All fibroblasts,Control,CTRL,Control
-0.05898500301964046,All fibroblasts,Control,CTRL,Control
-0.08998036530758494,All fibroblasts,Control,CTRL,Control
-0.14369645906751197,All fibroblasts,Control,CTRL,Control
-0.08945613097590557,All fibroblasts,Control,CTRL,Control
-0.11947065313013001,All fibroblasts,Control,CTRL,Control
-0.17126856013295616,All fibroblasts,Control,CTRL,Control
-0.045349910919389246,All fibroblasts,Control,CTRL,Control
-0.10831601300552425,All fibroblasts,Control,CTRL,Control
-0.017116887620252277,All fibroblasts,Control,CTRL,Control
0.06709779328777746,All fibroblasts,Control,CTRL,Control
0.001695485576909149,All fibroblasts,Control,CTRL,Control
-0.12706700557623293,All fibroblasts,Control,CTRL,Control
0.016473395239550333,All fibroblasts,Control,CTRL,Control
-0.17971790665963608,All fibroblasts,Control,CTRL,Control
-0.03974903743529175,All fibroblasts,Control,CTRL,Control
-0.12723930457365307,All fibroblasts,Control,CTRL,Control
-0.11752198595938577,All fibroblasts,Control,CTRL,Control
-0.13310500690122873,All fibroblasts,Control,CTRL,Control
-0.13705172632411577,All fibroblasts,Control,CTRL,Control
-0.024447371256679392,All fibroblasts,Control,CTRL,Control
-0.047740531506060294,All fibroblasts,Control,CTRL,Control
-0.20200767327966634,All fibroblasts,Control,CTRL,Control
-0.09058471457918227,All fibroblasts,Control,CTRL,Control
-0.06917286671036625,All fibroblasts,Control,CTRL,Control
-0.2018281107173196,All fibroblasts,Control,CTRL,Control
0.06259928313519374,All fibroblasts,Control,CTRL,Control
-0.2537646481707533,All fibroblasts,Control,CTRL,Control
-0.10692745708287625,All fibroblasts,Control,CTRL,Control
-0.11088147390888276,All fibroblasts,Control,CTRL,Control
-0.057391055634428464,All fibroblasts,Control,CTRL,Control
-0.1351562122554226,All fibroblasts,Control,CTRL,Control
-0.16490226276943154,All fibroblasts,Control,CTRL,Control
-0.03546440310227762,All fibroblasts,Control,CTRL,Control
-0.07823942816498093,All fibroblasts,Control,CTRL,Control
-0.015892492539035276,All fibroblasts,Control,CTRL,Control
-0.04861036188184289,All fibroblasts,Control,CTRL,Control
0.07336629969291047,All fibroblasts,Control,CTRL,Control
-0.1561617013113122,All fibroblasts,Control,CTRL,Control
-0.07627310501755952,All fibroblasts,Control,CTRL,Control
-0.16825542671214047,All fibroblasts,Control,CTRL,Control
0.021623046687371812,All fibroblasts,Control,CTRL,Control
-0.09330227304705373,All fibroblasts,Control,CTRL,Control
-0.18513327572405616,All fibroblasts,Control,CTRL,Control
-0.09017828162605902,All fibroblasts,Control,CTRL,Control
-0.11732378544268991,All fibroblasts,Control,CTRL,Control
-0.10792170458981996,All fibroblasts,Control,CTRL,Control
-0.07859771048719495,All fibroblasts,Control,CTRL,Control
-0.010904494141125695,All fibroblasts,Control,CTRL,Control
-0.15637824893096974,All fibroblasts,Control,CTRL,Control
-0.06948901120992358,All fibroblasts,Control,CTRL,Control
-0.0703245541804555,All fibroblasts,Control,CTRL,Control
-0.14327175018124963,All fibroblasts,Control,CTRL,Control
-0.1100973412435482,All fibroblasts,Control,CTRL,Control
-0.10327515854905732,All fibroblasts,Control,CTRL,Control
-0.058182200237237025,All fibroblasts,Control,CTRL,Control
-0.03803219772167162,All fibroblasts,Control,CTRL,Control
-0.04358087056040873,All fibroblasts,Control,CTRL,Control
-0.04849346791403663,All fibroblasts,Control,CTRL,Control
-0.12376651379695061,All fibroblasts,Control,CTRL,Control
-0.04547381228258966,All fibroblasts,Control,CTRL,Control
0.03294391099395644,All fibroblasts,Control,CTRL,Control
0.026493637791077197,All fibroblasts,Control,CTRL,Control
0.05095673376499948,All fibroblasts,Control,CTRL,Control
-0.04353070317243756,All fibroblasts,Control,CTRL,Control
-0.05459622906531722,All fibroblasts,Control,CTRL,Control
0.04287632260671477,All fibroblasts,Control,CTRL,Control
-0.10269342909743415,All fibroblasts,Control,CTRL,Control
-0.006359867465084643,All fibroblasts,Control,CTRL,Control
-0.13821648617408658,All fibroblasts,Control,CTRL,Control
0.11104092312796393,All fibroblasts,Control,CTRL,Control
0.10779982775168506,All fibroblasts,Control,CTRL,Control
-0.04683941637738864,All fibroblasts,Control,CTRL,Control
-0.08820203672328197,All fibroblasts,Control,CTRL,Control
-0.10599947679356933,All fibroblasts,Control,CTRL,Control
-0.15451338889979452,All fibroblasts,Control,CTRL,Control
-0.015247729504185747,All fibroblasts,Control,CTRL,Control
0.02299150737343269,All fibroblasts,Control,CTRL,Control
-0.05602787920965589,All fibroblasts,Control,CTRL,Control
-0.08860035062358897,All fibroblasts,Control,CTRL,Control
-0.1329235443149803,All fibroblasts,Control,CTRL,Control
-0.022070772447405775,All fibroblasts,Control,CTRL,Control
-0.21564001133818317,All fibroblasts,Control,CTRL,Control
-0.03625185095081422,All fibroblasts,Control,CTRL,Control
-0.13164311199188802,All fibroblasts,Control,CTRL,Control
-0.008931149457572039,All fibroblasts,Control,CTRL,Control
0.07481205732235906,All fibroblasts,Control,CTRL,Control
-0.23232109583628616,All fibroblasts,Control,CTRL,Control
-0.12801831590786064,All fibroblasts,Control,CTRL,Control
0.08507704614770015,All fibroblasts,Control,CTRL,Control
-0.3411776166026379,All fibroblasts,Control,CTRL,Control
-0.09602794821933641,All fibroblasts,Control,CTRL,Control
-0.07489048078509816,All fibroblasts,Control,CTRL,Control
-0.048810552594125964,All fibroblasts,Control,CTRL,Control
-0.0887230552898752,All fibroblasts,Control,CTRL,Control
-0.007865905963456363,All fibroblasts,Control,CTRL,Control
-0.0759674386268323,All fibroblasts,Control,CTRL,Control
-0.05539287986670866,All fibroblasts,Control,CTRL,Control
-0.19724047169263312,All fibroblasts,Control,CTRL,Control
0.017180403364973673,All fibroblasts,Control,CTRL,Control
-0.09541326031875252,All fibroblasts,Control,CTRL,Control
0.023815630655181316,All fibroblasts,Control,CTRL,Control
-0.0168879697245872,All fibroblasts,Control,CTRL,Control
-0.11814410257271238,All fibroblasts,Control,CTRL,Control
0.14793066138209005,All fibroblasts,Control,CTRL,Control
-0.09554783793382009,All fibroblasts,Control,CTRL,Control
-0.06878944425635135,All fibroblasts,Control,CTRL,Control
-0.12155892087381755,All fibroblasts,Control,CTRL,Control
0.10152945533261519,All fibroblasts,Control,CTRL,Control
-0.0619055388975573,All fibroblasts,Control,CTRL,Control
-0.08148901053857864,All fibroblasts,Control,CTRL,Control
-0.05574096507104151,All fibroblasts,Control,CTRL,Control
-0.04986862054936113,All fibroblasts,Control,CTRL,Control
-0.03536607681626759,All fibroblasts,Control,CTRL,Control
-0.22707602799066148,All fibroblasts,Control,CTRL,Control
-0.11866310553237149,All fibroblasts,Control,CTRL,Control
0.0023170295369407956,All fibroblasts,Control,CTRL,Control
-0.013990961148166501,All fibroblasts,Control,CTRL,Control
-0.14208000499013662,All fibroblasts,Control,CTRL,Control
-0.11337545519516815,All fibroblasts,Control,CTRL,Control
-0.14713984094760327,All fibroblasts,Control,CTRL,Control
-0.12132445500865532,All fibroblasts,Control,CTRL,Control
-0.0904061997090028,All fibroblasts,Control,CTRL,Control
-0.21287701448421234,All fibroblasts,Control,CTRL,Control
-0.10684704596047848,All fibroblasts,Control,CTRL,Control
-0.20574559010828863,All fibroblasts,Control,CTRL,Control
-0.06404080890857075,All fibroblasts,Control,CTRL,Control
-0.012978601078597274,All fibroblasts,Control,CTRL,Control
-0.04566800070124713,All fibroblasts,Control,CTRL,Control
-0.16724935601500265,All fibroblasts,Control,CTRL,Control
-0.15926985014896017,All fibroblasts,Control,CTRL,Control
-0.05937297676892238,All fibroblasts,Control,CTRL,Control
-0.12384718030518725,All fibroblasts,Control,CTRL,Control
0.006378831474710756,All fibroblasts,Control,CTRL,Control
-0.11498822001050608,All fibroblasts,Control,CTRL,Control
-0.04182180495691528,All fibroblasts,Control,CTRL,Control
-0.07254957719301817,All fibroblasts,Control,CTRL,Control
-0.05645805420932504,All fibroblasts,Control,CTRL,Control
-0.02222048437763792,All fibroblasts,Control,CTRL,Control
-0.13906990919209455,All fibroblasts,Control,CTRL,Control
-0.18613418497614032,All fibroblasts,Control,CTRL,Control
-0.061210033523870305,All fibroblasts,Control,CTRL,Control
-0.17935237187541625,All fibroblasts,Control,CTRL,Control
-0.0846022033056319,All fibroblasts,Control,CTRL,Control
-0.09180702628985882,All fibroblasts,Control,CTRL,Control
-0.06544559125547023,All fibroblasts,Control,CTRL,Control
-0.13675960957444744,All fibroblasts,Control,CTRL,Control
0.018889488942688812,All fibroblasts,Control,CTRL,Control
-0.2238031866634092,All fibroblasts,Control,CTRL,Control
-0.17679558373985232,All fibroblasts,Control,CTRL,Control
-0.16514949783022553,All fibroblasts,Control,CTRL,Control
-0.006496863951554178,All fibroblasts,Control,CTRL,Control
-0.03563908385593531,All fibroblasts,Control,CTRL,Control
0.0647034667749088,All fibroblasts,Control,CTRL,Control
-0.07470803636778314,All fibroblasts,Control,CTRL,Control
-0.002200724959364922,All fibroblasts,Control,CTRL,Control
-0.0265185909301017,All fibroblasts,Control,CTRL,Control
-0.2980802332804585,All fibroblasts,Control,CTRL,Control
-0.07252066739057306,All fibroblasts,Control,CTRL,Control
-0.07358945136359868,All fibroblasts,Control,CTRL,Control
0.04386673082487698,All fibroblasts,Control,CTRL,Control
-0.11483127565763819,All fibroblasts,Control,CTRL,Control
-0.17212496959169624,All fibroblasts,Control,CTRL,Control
-0.2270241938496078,All fibroblasts,Control,CTRL,Control
0.04602717384332642,All fibroblasts,Control,CTRL,Control
-0.15281353005533538,All fibroblasts,Control,CTRL,Control
-0.051237850274466555,All fibroblasts,Control,CTRL,Control
-0.09551474012826872,All fibroblasts,Control,CTRL,Control
-0.08245719932573538,All fibroblasts,Control,CTRL,Control
-0.07124465837835423,All fibroblasts,Control,CTRL,Control
-0.018150203986055907,All fibroblasts,Control,CTRL,Control
-0.03868085103648953,All fibroblasts,Control,CTRL,Control
-0.1891789746123101,All fibroblasts,Control,CTRL,Control
-0.10390302896775644,All fibroblasts,Control,CTRL,Control
-0.08037668354604785,All fibroblasts,Control,CTRL,Control
-0.0909551179027806,All fibroblasts,Control,CTRL,Control
-0.15190587838830577,All fibroblasts,Control,CTRL,Control
-0.29164023753350293,All fibroblasts,Control,CTRL,Control
-0.12411047235795997,All fibroblasts,Control,CTRL,Control
-0.13667612829135778,All fibroblasts,Control,CTRL,Control
-0.06260609139212645,All fibroblasts,Control,CTRL,Control
-0.0026296883941165222,All fibroblasts,Control,CTRL,Control
-0.12497155533859405,All fibroblasts,Control,CTRL,Control
-0.20618034484400147,All fibroblasts,Control,CTRL,Control
-0.011381104243452466,All fibroblasts,Control,CTRL,Control
-0.18466381467659634,All fibroblasts,Control,CTRL,Control
0.013269233889972941,All fibroblasts,Control,CTRL,Control
-0.06030465668539904,All fibroblasts,Control,CTRL,Control
-0.1602619447604477,All fibroblasts,Control,CTRL,Control
-0.1058983227158726,All fibroblasts,Control,CTRL,Control
-0.06839388632820365,All fibroblasts,Control,CTRL,Control
-0.1250893940717882,All fibroblasts,Control,CTRL,Control
-0.14490818168476083,All fibroblasts,Control,CTRL,Control
-0.1165928282207121,All fibroblasts,Control,CTRL,Control
-0.05086247703878154,All fibroblasts,Control,CTRL,Control
-0.09390277840644518,All fibroblasts,Control,CTRL,Control
-0.12054463307947938,All fibroblasts,Control,CTRL,Control
0.007333516993267487,All fibroblasts,Control,CTRL,Control
-0.05828295339122232,All fibroblasts,Control,CTRL,Control
-0.012307621261911005,All fibroblasts,Control,CTRL,Control
-0.11227945562153914,All fibroblasts,Control,CTRL,Control
-0.05815308298104382,All fibroblasts,Control,CTRL,Control
-0.18850424686194858,All fibroblasts,Control,CTRL,Control
0.002510986017600315,All fibroblasts,Control,CTRL,Control
-0.039290075310130616,All fibroblasts,Control,CTRL,Control
-0.22951440978952103,All fibroblasts,Control,CTRL,Control
-0.025926515826653895,All fibroblasts,Control,CTRL,Control
-0.07537670031264088,All fibroblasts,Control,CTRL,Control
-0.06258669025523497,All fibroblasts,Control,CTRL,Control
0.03819353198680757,All fibroblasts,Control,CTRL,Control
-0.1428461122209233,All fibroblasts,Control,CTRL,Control
-0.016219219048430752,All fibroblasts,Control,CTRL,Control
0.017956000369887357,All fibroblasts,Control,CTRL,Control
-0.00641581865641796,All fibroblasts,Control,CTRL,Control
-0.04626899230772792,All fibroblasts,Control,CTRL,Control
-0.09337499911820935,All fibroblasts,Control,CTRL,Control
0.052337241881404054,All fibroblasts,Control,CTRL,Control
-0.15538121412851927,All fibroblasts,Control,CTRL,Control
-0.041729860342208235,All fibroblasts,Control,CTRL,Control
-0.1403988096351208,All fibroblasts,Control,CTRL,Control
-0.09246592247319639,All fibroblasts,Control,CTRL,Control
-0.1364950829900051,All fibroblasts,Control,CTRL,Control
-0.03538817816066478,All fibroblasts,Control,CTRL,Control
-0.17102755206201328,All fibroblasts,Control,CTRL,Control
-0.014630720854234886,All fibroblasts,Control,CTRL,Control
-0.10144804003944505,All fibroblasts,Control,CTRL,Control
-0.24650967826102146,All fibroblasts,Control,CTRL,Control
-0.18303611157278085,All fibroblasts,Control,CTRL,Control
-0.0004285310708823098,All fibroblasts,Control,CTRL,Control
-0.16970886874566202,All fibroblasts,Control,CTRL,Control
-0.11680305877963366,All fibroblasts,Control,CTRL,Control
-0.02576190797518009,All fibroblasts,Control,CTRL,Control
-0.008775809939023518,All fibroblasts,Control,CTRL,Control
-0.10425212705135489,All fibroblasts,Control,CTRL,Control
-0.06294418232802151,All fibroblasts,Control,CTRL,Control
0.023943336875563288,All fibroblasts,Control,CTRL,Control
-0.12228452107604706,All fibroblasts,Control,CTRL,Control
-0.15942305111959193,All fibroblasts,Control,CTRL,Control
-0.055028822340640465,All fibroblasts,Control,CTRL,Control
-0.14412180304678174,All fibroblasts,Control,CTRL,Control
-0.05626378619020361,All fibroblasts,Control,CTRL,Control
-0.07239437683017907,All fibroblasts,Control,CTRL,Control
-0.05155456863230859,All fibroblasts,Control,CTRL,Control
-0.15848756205763126,All fibroblasts,Control,CTRL,Control
-0.1303727927314363,All fibroblasts,Control,CTRL,Control
-0.14453292213518565,All fibroblasts,Control,CTRL,Control
-0.16554746991857627,All fibroblasts,Control,CTRL,Control
-0.10924489743451976,All fibroblasts,Control,CTRL,Control
-0.10994806368317503,All fibroblasts,Control,CTRL,Control
-0.14268649655095011,All fibroblasts,Control,CTRL,Control
-0.1045734333514132,All fibroblasts,Control,CTRL,Control
-0.0782510377286212,All fibroblasts,Control,CTRL,Control
-0.11929538764615004,All fibroblasts,Control,CTRL,Control
-0.11500544810198073,All fibroblasts,Control,CTRL,Control
-0.005540969061881645,All fibroblasts,Control,CTRL,Control
-0.019831039096878684,All fibroblasts,Control,CTRL,Control
0.09948611142200525,All fibroblasts,Control,CTRL,Control
-0.09933561246920128,All fibroblasts,Control,CTRL,Control
-0.12005314312909286,All fibroblasts,Control,CTRL,Control
-0.06214718059011291,All fibroblasts,Control,CTRL,Control
-0.10475290245529226,All fibroblasts,Control,CTRL,Control
-0.09182294571277873,All fibroblasts,Control,CTRL,Control
-0.11990294521782108,All fibroblasts,Control,CTRL,Control
-0.113534072204002,All fibroblasts,Control,CTRL,Control
-0.018233133227439864,All fibroblasts,Control,CTRL,Control
-0.1942075788391546,All fibroblasts,Control,CTRL,Control
-0.010281057571075142,All fibroblasts,Control,CTRL,Control
0.16298857690833077,All fibroblasts,Control,CTRL,Control
-0.031061161025881155,All fibroblasts,Control,CTRL,Control
-0.07729551327126997,All fibroblasts,Control,CTRL,Control
-0.05925508398538143,All fibroblasts,Control,CTRL,Control
-0.031107380420300257,All fibroblasts,Control,CTRL,Control
-0.1562659070404584,All fibroblasts,Control,CTRL,Control
-0.03892000187843818,All fibroblasts,Control,CTRL,Control
-0.14164319980701198,All fibroblasts,Control,CTRL,Control
0.0023835551965518675,All fibroblasts,Control,CTRL,Control
0.035672746216054665,All fibroblasts,Control,CTRL,Control
-0.01591697135449232,All fibroblasts,Control,CTRL,Control
-0.08590930147456555,All fibroblasts,Control,CTRL,Control
-0.09836705837639398,All fibroblasts,Control,CTRL,Control
-0.19882791671190503,All fibroblasts,Control,CTRL,Control
-0.14816532232925492,All fibroblasts,Control,CTRL,Control
-0.1892461078663915,All fibroblasts,Control,CTRL,Control
-0.11241250287505045,All fibroblasts,Control,CTRL,Control
-0.07142499141422248,All fibroblasts,Control,CTRL,Control
-0.08720157584453248,All fibroblasts,Control,CTRL,Control
-0.030319147979695545,All fibroblasts,Control,CTRL,Control
-0.14087718233669988,All fibroblasts,Control,CTRL,Control
-0.04597753380465866,All fibroblasts,Control,CTRL,Control
-0.053093777467381954,All fibroblasts,Control,CTRL,Control
-0.08451247635356761,All fibroblasts,Control,CTRL,Control
-0.16914330074435732,All fibroblasts,Control,CTRL,Control
-0.11527699332615401,All fibroblasts,Control,CTRL,Control
-0.0910001855176187,All fibroblasts,Control,CTRL,Control
-0.20054023289209016,All fibroblasts,Control,CTRL,Control
-0.06349567665091654,All fibroblasts,Control,CTRL,Control
-0.006260542928700416,All fibroblasts,Control,CTRL,Control
-0.0593587394226161,All fibroblasts,Control,CTRL,Control
-0.14856957502336512,All fibroblasts,Control,CTRL,Control
-0.16955623015392174,All fibroblasts,Control,CTRL,Control
-0.19218005993923704,All fibroblasts,Control,CTRL,Control
-0.23113788462912105,All fibroblasts,Control,CTRL,Control
-0.1178864958966274,All fibroblasts,Control,CTRL,Control
-0.17938348456833048,All fibroblasts,Control,CTRL,Control
-0.10042845169137901,All fibroblasts,Control,CTRL,Control
-0.027323586103514277,All fibroblasts,Control,CTRL,Control
-0.08314689015430166,All fibroblasts,Control,CTRL,Control
-0.08058829762435779,All fibroblasts,Control,CTRL,Control
-0.04530544359920671,All fibroblasts,Control,CTRL,Control
-0.030726919202428128,All fibroblasts,Control,CTRL,Control
-0.11262235134515783,All fibroblasts,Control,CTRL,Control
-0.06178515307694207,All fibroblasts,Control,CTRL,Control
-0.13330161328041878,All fibroblasts,Control,CTRL,Control
0.08479831583520536,All fibroblasts,Control,CTRL,Control
-0.08099800208839655,All fibroblasts,Control,CTRL,Control
-0.12901211963766243,All fibroblasts,Control,CTRL,Control
-0.0780781562110432,All fibroblasts,Control,CTRL,Control
-0.09211854672286363,All fibroblasts,Control,CTRL,Control
-0.003333985211654733,All fibroblasts,Control,CTRL,Control
-0.1458687009172394,All fibroblasts,Control,CTRL,Control
0.01834493285356205,All fibroblasts,Control,CTRL,Control
-0.07850267206028079,All fibroblasts,Control,CTRL,Control
0.026246038151544464,All fibroblasts,Control,CTRL,Control
-0.09271879537460381,All fibroblasts,Control,CTRL,Control
-0.09995495964596463,All fibroblasts,Control,CTRL,Control
-0.04461500628882419,All fibroblasts,Control,CTRL,Control
-0.20221997843248782,All fibroblasts,Control,CTRL,Control
-0.005666774275176631,All fibroblasts,Control,CTRL,Control
-0.13732285428621954,All fibroblasts,Control,CTRL,Control
-0.07632210798405151,All fibroblasts,Control,CTRL,Control
-0.21793951561679928,All fibroblasts,Control,CTRL,Control
-0.20775443238199912,All fibroblasts,Control,CTRL,Control
-0.0883669349375408,All fibroblasts,Control,CTRL,Control
-0.11578034079478512,All fibroblasts,Control,CTRL,Control
-0.04855852760176743,All fibroblasts,Control,CTRL,Control
-0.10802020096226092,All fibroblasts,Control,CTRL,Control
-0.02208217084078505,All fibroblasts,Control,CTRL,Control
-0.03984701677282898,All fibroblasts,Control,CTRL,Control
-0.07133871928713946,All fibroblasts,Control,CTRL,Control
-0.09318169656486866,All fibroblasts,Control,CTRL,Control
0.02814132629212871,All fibroblasts,Control,CTRL,Control
-0.2761056159762605,All fibroblasts,Control,CTRL,Control
-0.08962063014912251,All fibroblasts,Control,CTRL,Control
-0.09620581448322757,All fibroblasts,Control,CTRL,Control
-0.07459446947582923,All fibroblasts,Control,CTRL,Control
0.021637727322741968,All fibroblasts,Control,CTRL,Control
-0.06895560325505258,All fibroblasts,Control,CTRL,Control
0.03375326932537404,All fibroblasts,Control,CTRL,Control
-0.123580042105232,All fibroblasts,Control,CTRL,Control
-0.14105840451854618,All fibroblasts,Control,CTRL,Control
-0.050913656173318,All fibroblasts,Control,CTRL,Control
-0.1232343141791047,All fibroblasts,Control,CTRL,Control
0.005626555436669185,All fibroblasts,Control,CTRL,Control
-0.15801679674680608,All fibroblasts,Control,CTRL,Control
-0.0872240348472346,All fibroblasts,Control,CTRL,Control
-0.10606725209933585,All fibroblasts,Control,CTRL,Control
-0.1287164431271065,All fibroblasts,Control,CTRL,Control
-0.07576825468794302,All fibroblasts,Control,CTRL,Control
-0.03948539192952337,All fibroblasts,Control,CTRL,Control
-0.08406929811008422,All fibroblasts,Control,CTRL,Control
0.026591723754766115,All fibroblasts,Control,CTRL,Control
-0.09161251761316547,All fibroblasts,Control,CTRL,Control
-0.05788050393177204,All fibroblasts,Control,CTRL,Control
-0.0474796183128455,All fibroblasts,Control,CTRL,Control
-0.04894447545672955,All fibroblasts,Control,CTRL,Control
-0.1609567593873027,All fibroblasts,Control,CTRL,Control
-0.11828524550400966,All fibroblasts,Control,CTRL,Control
-0.04895972868912112,All fibroblasts,Control,CTRL,Control
-0.21806151852267722,All fibroblasts,Control,CTRL,Control
-0.12124638678178477,All fibroblasts,Control,CTRL,Control
-0.09627071026540963,All fibroblasts,Control,CTRL,Control
-0.12188503274987572,All fibroblasts,Control,CTRL,Control
0.017136107424086194,All fibroblasts,Control,CTRL,Control
-0.17952280346940439,All fibroblasts,Control,CTRL,Control
0.015836106246542525,All fibroblasts,Control,CTRL,Control
-0.07082959875854784,All fibroblasts,Control,CTRL,Control
-0.10381026388365965,All fibroblasts,Control,CTRL,Control
-0.09620072040487926,All fibroblasts,Control,CTRL,Control
0.037310203691676286,All fibroblasts,Control,CTRL,Control
0.054571374521231605,All fibroblasts,Control,CTRL,Control
-0.08326202880133714,All fibroblasts,Control,CTRL,Control
-0.15376781721763447,All fibroblasts,Control,CTRL,Control
-0.10001604587597344,All fibroblasts,Control,CTRL,Control
-0.02977788661820012,All fibroblasts,Control,CTRL,Control
-0.040664821977122935,All fibroblasts,Control,CTRL,Control
0.01471940175670653,All fibroblasts,Control,CTRL,Control
-0.2449500541771986,All fibroblasts,Control,CTRL,Control
-0.2247147823998313,All fibroblasts,Control,CTRL,Control
-0.002550985929959025,All fibroblasts,Control,CTRL,Control
-0.029412902096810904,All fibroblasts,Control,CTRL,Control
-0.07230466235757797,All fibroblasts,Control,CTRL,Control
-0.012740146802659221,All fibroblasts,Control,CTRL,Control
-0.05204443630241959,All fibroblasts,Control,CTRL,Control
-0.1351379775006498,All fibroblasts,Control,CTRL,Control
-0.0014211607911668797,All fibroblasts,Control,CTRL,Control
-0.07539377612101829,All fibroblasts,Control,CTRL,Control
-0.06736464144880981,All fibroblasts,Control,CTRL,Control
-0.003734567042785933,All fibroblasts,Control,CTRL,Control
-0.07468353613742593,All fibroblasts,Control,CTRL,Control
-0.12307551849695784,All fibroblasts,Control,CTRL,Control
-0.21457501533930823,All fibroblasts,Control,CTRL,Control
-0.0017877012770101432,All fibroblasts,Control,CTRL,Control
-0.07549491366422903,All fibroblasts,Control,CTRL,Control
0.06691118844559694,All fibroblasts,Control,CTRL,Control
-0.13887587146870517,All fibroblasts,Control,CTRL,Control
-0.09850746598384066,All fibroblasts,Control,CTRL,Control
0.016059663864988128,All fibroblasts,Control,CTRL,Control
0.05106493101163663,All fibroblasts,Control,CTRL,Control
0.01564533198797808,All fibroblasts,Control,CTRL,Control
-0.0639232827164322,All fibroblasts,Control,CTRL,Control
-0.026705931199119445,All fibroblasts,Control,CTRL,Control
-0.03800251683383911,All fibroblasts,Control,CTRL,Control
0.039104945147512345,All fibroblasts,Control,CTRL,Control
-0.14998532167352707,All fibroblasts,Control,CTRL,Control
-0.15706890164981266,All fibroblasts,Control,CTRL,Control
-0.24681305870721915,All fibroblasts,Control,CTRL,Control
-0.011530977776454182,All fibroblasts,Control,CTRL,Control
0.052495579017962785,All fibroblasts,Control,CTRL,Control
-0.1790369115492045,All fibroblasts,Control,CTRL,Control
-0.08179764621114902,All fibroblasts,Control,CTRL,Control
-0.09789789437047303,All fibroblasts,Control,CTRL,Control
-0.09876878744319864,All fibroblasts,Control,CTRL,Control
-0.11876939989039527,All fibroblasts,Control,CTRL,Control
0.12211956299434408,All fibroblasts,Control,CTRL,Control
-0.07283876674330429,All fibroblasts,Control,CTRL,Control
-0.03798850105880938,All fibroblasts,Control,CTRL,Control
-0.15352073062339822,All fibroblasts,Control,CTRL,Control
-0.1689931590427507,All fibroblasts,Control,CTRL,Control
-0.027541100390387194,All fibroblasts,Control,CTRL,Control
-0.12610509723013494,All fibroblasts,Control,CTRL,Control
-0.1237992002470618,All fibroblasts,Control,CTRL,Control
-0.06309747251276226,All fibroblasts,Control,CTRL,Control
-0.14676181060436302,All fibroblasts,Control,CTRL,Control
-0.2192729953156957,All fibroblasts,Control,CTRL,Control
-0.018089919644326644,All fibroblasts,Control,CTRL,Control
-0.11999225367020655,All fibroblasts,Control,CTRL,Control
0.05077026648281745,All fibroblasts,Control,CTRL,Control
-0.07707722720329069,All fibroblasts,Control,CTRL,Control
-0.1408737120251182,All fibroblasts,Control,CTRL,Control
-0.11349633754740557,All fibroblasts,Control,CTRL,Control
-0.05151652945796749,All fibroblasts,Control,CTRL,Control
-0.09266015932717031,All fibroblasts,Control,CTRL,Control
-0.10171552398337376,All fibroblasts,Control,CTRL,Control
0.007739873263172464,All fibroblasts,Control,CTRL,Control
-0.07039434274476508,All fibroblasts,Control,CTRL,Control
-0.0075281309172951505,All fibroblasts,Control,CTRL,Control
-0.1803404831859501,All fibroblasts,Control,CTRL,Control
-0.07354209585387535,All fibroblasts,Control,CTRL,Control
-0.0649701121235779,All fibroblasts,Control,CTRL,Control
-0.07302274328197622,All fibroblasts,Control,CTRL,Control
-0.05482689462138028,All fibroblasts,Control,CTRL,Control
-0.1568169715331752,All fibroblasts,Control,CTRL,Control
0.119259593688286,All fibroblasts,Control,CTRL,Control
-0.06897819560564442,All fibroblasts,Control,CTRL,Control
-0.06069788125929586,All fibroblasts,Control,CTRL,Control
-0.041113147823889515,All fibroblasts,Control,CTRL,Control
-0.058400556617116704,All fibroblasts,Control,CTRL,Control
-0.14576418219420018,All fibroblasts,Control,CTRL,Control
-0.16492109698964624,All fibroblasts,Control,CTRL,Control
-0.20613266557143606,All fibroblasts,Control,CTRL,Control
-0.03988676535096908,All fibroblasts,Control,CTRL,Control
-0.059064610819558536,All fibroblasts,Control,CTRL,Control
-0.07140223646555721,All fibroblasts,Control,CTRL,Control
-0.09971362516942732,All fibroblasts,Control,CTRL,Control
-0.0290087827102777,All fibroblasts,Control,CTRL,Control
-0.13281911016422346,All fibroblasts,Control,CTRL,Control
-0.021758172959804492,All fibroblasts,Control,CTRL,Control
0.024345710072519344,All fibroblasts,Control,CTRL,Control
0.017511887007532295,All fibroblasts,Control,CTRL,Control
-0.06768951268752767,All fibroblasts,Control,CTRL,Control
-0.04723535570060223,All fibroblasts,Control,CTRL,Control
-0.05806420155950852,All fibroblasts,Control,CTRL,Control
-0.08370687928923906,All fibroblasts,Control,CTRL,Control
-0.11094823897278248,All fibroblasts,Control,CTRL,Control
-0.19482269730649515,All fibroblasts,Control,CTRL,Control
-0.03795765985367649,All fibroblasts,Control,CTRL,Control
-0.10276024713989536,All fibroblasts,Control,CTRL,Control
-0.09192422472134668,All fibroblasts,Control,CTRL,Control
-0.05285175903681029,All fibroblasts,Control,CTRL,Control
-0.07126076223048378,All fibroblasts,Control,CTRL,Control
-0.2462489747393412,All fibroblasts,Control,CTRL,Control
-0.10105738157862185,All fibroblasts,Control,CTRL,Control
-0.13105649238269734,All fibroblasts,Control,CTRL,Control
-0.22895836466573793,All fibroblasts,Control,CTRL,Control
-0.08325337109458,All fibroblasts,Control,CTRL,Control
-0.14567410524351643,All fibroblasts,Control,CTRL,Control
-0.13052701736781017,All fibroblasts,Control,CTRL,Control
-0.1906313027184338,All fibroblasts,Control,CTRL,Control
-0.1479310716842112,All fibroblasts,Control,CTRL,Control
-0.11392792014283278,All fibroblasts,Control,CTRL,Control
-0.16123680843615856,All fibroblasts,Control,CTRL,Control
-0.08857332016864676,All fibroblasts,Control,CTRL,Control
-0.008333985381368328,All fibroblasts,Control,CTRL,Control
-0.05779987430532301,All fibroblasts,Control,CTRL,Control
-0.06377375252631884,All fibroblasts,Control,CTRL,Control
0.05043324020466231,All fibroblasts,Control,CTRL,Control
-0.08732849268104628,All fibroblasts,Control,CTRL,Control
-0.11069743385065892,All fibroblasts,Control,CTRL,Control
-0.14199160176861225,All fibroblasts,Control,CTRL,Control
-0.24291122118187158,All fibroblasts,Control,CTRL,Control
-0.12963716632698608,All fibroblasts,Control,CTRL,Control
-0.2696835773487417,All fibroblasts,Control,CTRL,Control
-0.1865190873048129,All fibroblasts,Control,CTRL,Control
-0.0724297149081935,All fibroblasts,Control,CTRL,Control
-0.14832757290432352,All fibroblasts,Control,CTRL,Control
-0.021890554533841436,All fibroblasts,Control,CTRL,Control
-0.1261479576910234,All fibroblasts,Control,CTRL,Control
0.0506444942796361,All fibroblasts,Control,CTRL,Control
-0.06352037644951475,All fibroblasts,Control,CTRL,Control
-0.09863953949872445,All fibroblasts,Control,CTRL,Control
-0.1439118090577235,All fibroblasts,Control,CTRL,Control
-0.0693609888632677,All fibroblasts,Control,CTRL,Control
-0.10442102234801079,All fibroblasts,Control,CTRL,Control
-0.026496916112440004,All fibroblasts,Control,CTRL,Control
-0.09607288998249452,All fibroblasts,Control,CTRL,Control
-0.05556182284015855,All fibroblasts,Control,CTRL,Control
-0.3669419749437003,All fibroblasts,Control,CTRL,Control
-0.008240160759751345,All fibroblasts,Control,CTRL,Control
-0.13656943548817618,All fibroblasts,Control,CTRL,Control
-0.09187488102494076,All fibroblasts,Control,CTRL,Control
-0.05567653100081809,All fibroblasts,Control,CTRL,Control
-0.13979946210763441,All fibroblasts,Control,CTRL,Control
-0.1175285894681714,All fibroblasts,Control,CTRL,Control
0.02204423227315297,All fibroblasts,Control,CTRL,Control
-0.1351569362171187,All fibroblasts,Control,CTRL,Control
0.01090469033504652,All fibroblasts,Control,CTRL,Control
-0.06831006315723114,All fibroblasts,Control,CTRL,Control
-0.11394816180521275,All fibroblasts,Control,CTRL,Control
0.019624174605894475,All fibroblasts,Control,CTRL,Control
-0.07053955694675174,All fibroblasts,Control,CTRL,Control
0.042081065250181196,All fibroblasts,Control,CTRL,Control
-0.10190137161402744,All fibroblasts,Control,CTRL,Control
0.008486656498588388,All fibroblasts,Control,CTRL,Control
-0.027052005745497588,All fibroblasts,Control,CTRL,Control
-0.11020273456836538,All fibroblasts,Control,CTRL,Control
-0.21905333899923687,All fibroblasts,Control,CTRL,Control
-0.08559431726596524,All fibroblasts,Control,CTRL,Control
-0.052325126668277974,All fibroblasts,Control,CTRL,Control
-0.056728525249469405,All fibroblasts,Control,CTRL,Control
0.024730977749709334,All fibroblasts,Control,CTRL,Control
-0.18312838973012502,All fibroblasts,Control,CTRL,Control
-0.02041687156323846,All fibroblasts,Control,CTRL,Control
-0.09254758273734975,All fibroblasts,Control,CTRL,Control
0.026770336159778918,All fibroblasts,Control,CTRL,Control
-0.08830920341408434,All fibroblasts,Control,CTRL,Control
-0.05239811180242118,All fibroblasts,Control,CTRL,Control
-0.16301198659231986,All fibroblasts,Control,CTRL,Control
-0.04932613927228531,All fibroblasts,Control,CTRL,Control
-0.1228766752173901,All fibroblasts,Control,CTRL,Control
-0.13207024209203308,All fibroblasts,Control,CTRL,Control
-0.07917280514031438,All fibroblasts,Control,CTRL,Control
-0.09444209051269556,All fibroblasts,Control,CTRL,Control
-0.10077389092966003,All fibroblasts,Control,CTRL,Control
0.02502689884774037,All fibroblasts,Control,CTRL,Control
0.15761891604773545,All fibroblasts,Control,CTRL,Control
-0.04829437719929022,All fibroblasts,Control,CTRL,Control
-0.1609332532460952,All fibroblasts,Control,CTRL,Control
-0.028224982556944958,All fibroblasts,Control,CTRL,Control
-0.06531575403544418,All fibroblasts,Control,CTRL,Control
-0.05816257252673482,All fibroblasts,Control,CTRL,Control
0.04057693571589134,All fibroblasts,Control,CTRL,Control
-0.1344912232698249,All fibroblasts,Control,CTRL,Control
0.027972768472739037,All fibroblasts,Control,CTRL,Control
-0.09789033276108569,All fibroblasts,Control,CTRL,Control
-0.08647253329615867,All fibroblasts,Control,CTRL,Control
-0.10394877327338553,All fibroblasts,Control,CTRL,Control
-0.009353900037189722,All fibroblasts,Control,CTRL,Control
-0.06620893149865165,All fibroblasts,Control,CTRL,Control
-0.25250358535595624,All fibroblasts,Control,CTRL,Control
-0.0661893385270297,All fibroblasts,Control,CTRL,Control
-0.026590151609510268,All fibroblasts,Control,CTRL,Control
-0.009237778781553407,All fibroblasts,Control,CTRL,Control
-0.1398164325394864,All fibroblasts,Control,CTRL,Control
-0.1722416319589228,All fibroblasts,Control,CTRL,Control
0.015874399961333302,All fibroblasts,Control,CTRL,Control
-0.2530151299502356,All fibroblasts,Control,CTRL,Control
-0.17445734186553633,All fibroblasts,Control,CTRL,Control
-0.029860377399154578,All fibroblasts,Control,CTRL,Control
-0.12294091715679628,All fibroblasts,Control,CTRL,Control
-0.1425408423032641,All fibroblasts,Control,CTRL,Control
-0.18726184948425767,All fibroblasts,Control,CTRL,Control
0.029582426835961812,All fibroblasts,Control,CTRL,Control
-0.14713073852287828,All fibroblasts,Control,CTRL,Control
-0.04157140106114983,All fibroblasts,Control,CTRL,Control
-0.0814888750092987,All fibroblasts,Control,CTRL,Control
-0.22099820703766662,All fibroblasts,Control,CTRL,Control
0.0017494718895087321,All fibroblasts,Control,CTRL,Control
-0.07123718438000984,All fibroblasts,Control,CTRL,Control
-0.02217054517218877,All fibroblasts,Control,CTRL,Control
-0.17865924172741404,All fibroblasts,Control,CTRL,Control
-0.048971278062510316,All fibroblasts,Control,CTRL,Control
-0.07233440614245304,All fibroblasts,Control,CTRL,Control
-0.15335999665520306,All fibroblasts,Control,CTRL,Control
-0.16756183306892417,All fibroblasts,Control,CTRL,Control
-0.08666238379663295,All fibroblasts,Control,CTRL,Control
-0.054388303624089376,All fibroblasts,Control,CTRL,Control
-0.03190692630563922,All fibroblasts,Control,CTRL,Control
-0.018443340373211367,All fibroblasts,Control,CTRL,Control
-0.16482082994222266,All fibroblasts,Control,CTRL,Control
-0.09261138932728101,All fibroblasts,Control,CTRL,Control
-0.08500917757255194,All fibroblasts,Control,CTRL,Control
-0.061696744858182835,All fibroblasts,Control,CTRL,Control
-0.13639070606897455,All fibroblasts,Control,CTRL,Control
-0.10391850919649173,All fibroblasts,Control,CTRL,Control
-0.04452224477540048,All fibroblasts,Control,CTRL,Control
-0.15700421073195572,All fibroblasts,Control,CTRL,Control
-0.07347740208697895,All fibroblasts,Control,CTRL,Control
-0.26512106880597536,All fibroblasts,Control,CTRL,Control
-0.09560743532921687,All fibroblasts,Control,CTRL,Control
-0.12217770769828185,All fibroblasts,Control,CTRL,Control
-0.09208072790878385,All fibroblasts,Control,CTRL,Control
-0.07615395321664793,All fibroblasts,Control,CTRL,Control
-0.04121432069130933,All fibroblasts,Control,CTRL,Control
-0.21301350533035157,All fibroblasts,Control,CTRL,Control
-0.06611290595533602,All fibroblasts,Control,CTRL,Control
-0.0700196760141964,All fibroblasts,Control,CTRL,Control
-0.08844636566575662,All fibroblasts,Control,CTRL,Control
-0.17530224036922729,All fibroblasts,Control,CTRL,Control
-0.12574072488555763,All fibroblasts,Control,CTRL,Control
-0.09513841672291076,All fibroblasts,Control,CTRL,Control
-0.24314652664914665,All fibroblasts,Control,CTRL,Control
0.040617284171157605,All fibroblasts,Control,CTRL,Control
-0.023504914099569705,All fibroblasts,Control,CTRL,Control
-0.08574472992861762,All fibroblasts,Control,CTRL,Control
-0.08020218500408731,All fibroblasts,Control,CTRL,Control
-0.05985454955585463,All fibroblasts,Control,CTRL,Control
-0.05924977271962583,All fibroblasts,Control,CTRL,Control
-0.0692914404378511,All fibroblasts,Control,CTRL,Control
-0.0928828273706137,All fibroblasts,Control,CTRL,Control
-0.03402188007459804,All fibroblasts,Control,CTRL,Control
0.03175089939332655,All fibroblasts,Control,CTRL,Control
0.01542748843173948,All fibroblasts,Control,CTRL,Control
-0.06192304091109897,All fibroblasts,Control,CTRL,Control
-0.0675512558242197,All fibroblasts,Control,CTRL,Control
0.15624918987903202,All fibroblasts,Control,CTRL,Control
-0.07748990680172588,All fibroblasts,Control,CTRL,Control
-0.07086842936917663,All fibroblasts,Control,CTRL,Control
-0.06338063538645095,All fibroblasts,Control,CTRL,Control
-0.028324400860352594,All fibroblasts,Control,CTRL,Control
-0.19087256757078191,All fibroblasts,Control,CTRL,Control
-0.11814295617082006,All fibroblasts,Control,CTRL,Control
-0.08180392311841769,All fibroblasts,Control,CTRL,Control
-0.17447349579295862,All fibroblasts,Control,CTRL,Control
-0.030301861483883745,All fibroblasts,Control,CTRL,Control
-0.11666780842984076,All fibroblasts,Control,CTRL,Control
-0.09387851860450797,All fibroblasts,Control,CTRL,Control
-0.13248558850968128,All fibroblasts,Control,CTRL,Control
-0.20059664709194322,All fibroblasts,Control,CTRL,Control
-0.09490219797898561,All fibroblasts,Control,CTRL,Control
-0.08232767034139067,All fibroblasts,Control,CTRL,Control
-0.02212124685446766,All fibroblasts,Control,CTRL,Control
-0.1553422650762361,All fibroblasts,Control,CTRL,Control
-0.17629389122663922,All fibroblasts,Control,CTRL,Control
0.014030064508810731,All fibroblasts,Control,CTRL,Control
-0.11425289894939435,All fibroblasts,Control,CTRL,Control
-0.1233522215533276,All fibroblasts,Control,CTRL,Control
-0.22963664937207198,All fibroblasts,Control,CTRL,Control
-0.13268621156065993,All fibroblasts,Control,CTRL,Control
-0.07685291134563069,All fibroblasts,Control,CTRL,Control
-0.0054072420661526975,All fibroblasts,Control,CTRL,Control
-0.1945053752387607,All fibroblasts,Control,CTRL,Control
0.0013266347711338305,All fibroblasts,Control,CTRL,Control
-0.019151515128897133,All fibroblasts,Control,CTRL,Control
-0.2039965162537713,All fibroblasts,Control,CTRL,Control
-0.05034902324057304,All fibroblasts,Control,CTRL,Control
-0.08882015623161088,All fibroblasts,Control,CTRL,Control
0.020988303747800793,All fibroblasts,Control,CTRL,Control
-0.06695726037381311,All fibroblasts,Control,CTRL,Control
-0.10577498229849325,All fibroblasts,Control,CTRL,Control
-0.15417963970271095,All fibroblasts,Control,CTRL,Control
-0.044733839993032556,All fibroblasts,Control,CTRL,Control
-0.05946424840143931,All fibroblasts,Control,CTRL,Control
-0.13762631673254208,All fibroblasts,Control,CTRL,Control
0.06930467122813344,All fibroblasts,Control,CTRL,Control
-0.06061466563367674,All fibroblasts,Control,CTRL,Control
-0.15591233337108149,All fibroblasts,Control,CTRL,Control
-0.2331847901429864,All fibroblasts,Control,CTRL,Control
0.04662421877821951,All fibroblasts,Control,CTRL,Control
-0.027925655759671607,All fibroblasts,Control,CTRL,Control
-0.11748017448241138,All fibroblasts,Control,CTRL,Control
-0.11890961970835502,All fibroblasts,Control,CTRL,Control
-0.03692855825842697,All fibroblasts,Control,CTRL,Control
-0.1810850938387416,All fibroblasts,Control,CTRL,Control
-0.24177665026358675,All fibroblasts,Control,CTRL,Control
-0.04867031071065622,All fibroblasts,Control,CTRL,Control
-0.07322263940169312,All fibroblasts,Control,CTRL,Control
0.09360281854962656,All fibroblasts,Control,CTRL,Control
-0.10030127082180683,All fibroblasts,Control,CTRL,Control
-0.12451394700007917,All fibroblasts,Control,CTRL,Control
-0.1729135002360825,All fibroblasts,Control,CTRL,Control
-0.16445359670573384,All fibroblasts,Control,CTRL,Control
-0.04098092823274547,All fibroblasts,Control,CTRL,Control
-0.12898204010325062,All fibroblasts,Control,CTRL,Control
-0.09447443048507317,All fibroblasts,Control,CTRL,Control
-0.07977338632860348,All fibroblasts,Control,CTRL,Control
-0.06356126669731368,All fibroblasts,Control,CTRL,Control
-0.13304923273734437,All fibroblasts,Control,CTRL,Control
-0.06783999831235482,All fibroblasts,Control,CTRL,Control
-0.109723276019004,All fibroblasts,Control,CTRL,Control
-0.05236942325071786,All fibroblasts,Control,CTRL,Control
0.07863148465452491,All fibroblasts,Control,CTRL,Control
-0.13563588475583918,All fibroblasts,Control,CTRL,Control
-0.1483067202044924,All fibroblasts,Control,CTRL,Control
-0.25762442948772313,All fibroblasts,Control,CTRL,Control
-0.13185245682958274,All fibroblasts,Control,CTRL,Control
-0.053802811389949384,All fibroblasts,Control,CTRL,Control
-0.013849126136271005,All fibroblasts,Control,CTRL,Control
-0.09818092765786923,All fibroblasts,Control,CTRL,Control
-0.12194182996600603,All fibroblasts,Control,CTRL,Control
0.021717060816453304,All fibroblasts,Control,CTRL,Control
-0.09629458775852494,All fibroblasts,Control,CTRL,Control
-0.07152013092496372,All fibroblasts,Control,CTRL,Control
-0.07466737651840774,All fibroblasts,Control,CTRL,Control
-0.12416893429561791,All fibroblasts,Control,CTRL,Control
-0.11792857760254324,All fibroblasts,Control,CTRL,Control
0.025141839846117203,All fibroblasts,Control,CTRL,Control
-0.11026169092793026,All fibroblasts,Control,CTRL,Control
-0.0600044163408716,All fibroblasts,Control,CTRL,Control
-0.06132494958867997,All fibroblasts,Control,CTRL,Control
0.0760458935696264,All fibroblasts,Control,CTRL,Control
-0.05908745047569495,All fibroblasts,Control,CTRL,Control
-0.04170434656460059,All fibroblasts,Control,CTRL,Control
-0.23416818682217908,All fibroblasts,Control,CTRL,Control
-0.07705187170383772,All fibroblasts,Control,CTRL,Control
-0.06282851389603075,All fibroblasts,Control,CTRL,Control
-0.024006425041039878,All fibroblasts,Control,CTRL,Control
-0.06293787904502336,All fibroblasts,Control,CTRL,Control
0.11284041855121153,All fibroblasts,Control,CTRL,Control
-0.10451332264504692,All fibroblasts,Control,CTRL,Control
-0.12137553595968492,All fibroblasts,Control,CTRL,Control
-0.09276044792050653,All fibroblasts,Control,CTRL,Control
-0.1630535384174764,All fibroblasts,Control,CTRL,Control
-0.12233563097262175,All fibroblasts,Control,CTRL,Control
-0.03433031639916288,All fibroblasts,Control,CTRL,Control
-0.2958789518919355,All fibroblasts,Control,CTRL,Control
-0.10124632674308845,All fibroblasts,Control,CTRL,Control
0.014962285797222294,All fibroblasts,Control,CTRL,Control
0.08728061117158645,All fibroblasts,Control,CTRL,Control
-0.18967159186768168,All fibroblasts,Control,CTRL,Control
-0.07735184625752044,All fibroblasts,Control,CTRL,Control
-0.06448639664779912,All fibroblasts,Control,CTRL,Control
-0.13759081344263366,All fibroblasts,Control,CTRL,Control
-0.08976715494472741,All fibroblasts,Control,CTRL,Control
-0.07359897528810438,All fibroblasts,Control,CTRL,Control
0.0017095030520386488,All fibroblasts,Control,CTRL,Control
-0.1429645765336655,All fibroblasts,Control,CTRL,Control
-0.15702510198221148,All fibroblasts,Control,CTRL,Control
-0.060188734943816574,All fibroblasts,Control,CTRL,Control
-0.01934663625425584,All fibroblasts,Control,CTRL,Control
-0.09671947417587345,All fibroblasts,Control,CTRL,Control
-0.195049503858239,All fibroblasts,Control,CTRL,Control
-0.07493093780297506,All fibroblasts,Control,CTRL,Control
-0.19752186469392854,All fibroblasts,Control,CTRL,Control
-0.058215943475367765,All fibroblasts,Control,CTRL,Control
-0.07373353431368182,All fibroblasts,Control,CTRL,Control
-0.025488156466077425,All fibroblasts,Control,CTRL,Control
-0.006018432843300472,All fibroblasts,Control,CTRL,Control
0.1415076968551186,All fibroblasts,Control,CTRL,Control
-0.052892919167839225,All fibroblasts,Control,CTRL,Control
-0.318143411336537,All fibroblasts,Control,CTRL,Control
0.046564764764000455,All fibroblasts,Control,CTRL,Control
-0.14740716362730272,All fibroblasts,Control,CTRL,Control
-0.2133897013911796,All fibroblasts,Control,CTRL,Control
-0.1978537753404511,All fibroblasts,Control,CTRL,Control
-0.19338167121246688,All fibroblasts,Control,CTRL,Control
-0.13716553424955058,All fibroblasts,Control,CTRL,Control
-0.14638715351995013,All fibroblasts,Control,CTRL,Control
-0.15302096720828692,All fibroblasts,Control,CTRL,Control
-0.06996982933197848,All fibroblasts,Control,CTRL,Control
-0.214502411204415,All fibroblasts,Control,CTRL,Control
-0.0922780459051398,All fibroblasts,Control,CTRL,Control
-0.006744348425088778,All fibroblasts,Control,CTRL,Control
-0.09129121151026526,All fibroblasts,Control,CTRL,Control
-0.13729818336414124,All fibroblasts,Control,CTRL,Control
-0.03922419103849429,All fibroblasts,Control,CTRL,Control
-0.13328015885559497,All fibroblasts,Control,CTRL,Control
-0.1504898533792442,All fibroblasts,Control,CTRL,Control
-0.08442221834512906,All fibroblasts,Control,CTRL,Control
-0.003232618277452602,All fibroblasts,Control,CTRL,Control
-0.009158725367391325,All fibroblasts,Control,CTRL,Control
-0.02646732187918054,All fibroblasts,Control,CTRL,Control
0.01138593339257465,All fibroblasts,Control,CTRL,Control
-0.1590702185558958,All fibroblasts,Control,CTRL,Control
-0.13587551631262984,All fibroblasts,Control,CTRL,Control
-0.17905863640720118,All fibroblasts,Control,CTRL,Control
-0.11404380623219297,All fibroblasts,Control,CTRL,Control
-0.03757907206165785,All fibroblasts,Control,CTRL,Control
0.09221597710117929,All fibroblasts,Control,CTRL,Control
-0.09640465099671297,All fibroblasts,Control,CTRL,Control
0.0005368955062891693,All fibroblasts,Control,CTRL,Control
-0.07798884320122162,All fibroblasts,Control,CTRL,Control
-0.13214199109191682,All fibroblasts,Control,CTRL,Control
-0.11409049495622417,All fibroblasts,Control,CTRL,Control
-0.18776160665342367,All fibroblasts,Control,CTRL,Control
0.05027512454612732,All fibroblasts,Control,CTRL,Control
-0.1140421667422398,All fibroblasts,Control,CTRL,Control
0.00612099286767194,All fibroblasts,Control,CTRL,Control
-0.0880586048282195,All fibroblasts,Control,CTRL,Control
-0.13583011230940875,All fibroblasts,Control,CTRL,Control
-0.061323810494365624,All fibroblasts,Control,CTRL,Control
-0.0940556744093549,All fibroblasts,Control,CTRL,Control
-0.12203412572536124,All fibroblasts,Control,CTRL,Control
-0.002451487688942565,All fibroblasts,Control,CTRL,Control
-0.03682809904041241,All fibroblasts,Control,CTRL,Control
-0.1242750928179577,All fibroblasts,Control,CTRL,Control
-0.08464248420317964,All fibroblasts,Control,CTRL,Control
-0.044114760435367745,All fibroblasts,Control,CTRL,Control
-0.2746395951936637,All fibroblasts,Control,CTRL,Control
-0.017151447448555478,All fibroblasts,Control,CTRL,Control
-0.13711549159946798,All fibroblasts,Control,CTRL,Control
-0.21538169380964917,All fibroblasts,Control,CTRL,Control
-0.019092710792988313,All fibroblasts,Control,CTRL,Control
-0.1906111186588167,All fibroblasts,Control,CTRL,Control
-0.06483859919702402,All fibroblasts,Control,CTRL,Control
-0.14739076574896826,All fibroblasts,Control,CTRL,Control
-0.1206617501388403,All fibroblasts,Control,CTRL,Control
0.08775855329894175,All fibroblasts,Control,CTRL,Control
-0.10273180557778784,All fibroblasts,Control,CTRL,Control
-0.010745815711616792,All fibroblasts,Control,CTRL,Control
-0.1319692727216698,All fibroblasts,Control,CTRL,Control
-0.09482751330512647,All fibroblasts,Control,CTRL,Control
-0.04988321690828286,All fibroblasts,Control,CTRL,Control
-0.2540236714705846,All fibroblasts,Control,CTRL,Control
-0.10995148500027321,All fibroblasts,Control,CTRL,Control
0.014570923275848954,All fibroblasts,Control,CTRL,Control
-0.052836901533896925,All fibroblasts,Control,CTRL,Control
0.04078265727318885,All fibroblasts,Control,CTRL,Control
0.01068290753796125,All fibroblasts,Control,CTRL,Control
-0.07122198718800728,All fibroblasts,Control,CTRL,Control
-0.1234948322886385,All fibroblasts,Control,CTRL,Control
-0.13781579525490273,All fibroblasts,Control,CTRL,Control
-0.01716265050626096,All fibroblasts,Control,CTRL,Control
-0.07570744554138548,All fibroblasts,Control,CTRL,Control
-0.1543115249806171,All fibroblasts,Control,CTRL,Control
-0.026641213107554566,All fibroblasts,Control,CTRL,Control
0.004723292085763886,All fibroblasts,Control,CTRL,Control
-0.02044651008034381,All fibroblasts,Control,CTRL,Control
-0.11596869659185789,All fibroblasts,Control,CTRL,Control
-0.08556415720434939,All fibroblasts,Control,CTRL,Control
-0.38499006686348125,All fibroblasts,Control,CTRL,Control
-0.08216859134569168,All fibroblasts,Control,CTRL,Control
-0.02722719239670343,All fibroblasts,Control,CTRL,Control
-0.14267129663292089,All fibroblasts,Control,CTRL,Control
-0.24665017456378013,All fibroblasts,Control,CTRL,Control
0.04326873894380756,All fibroblasts,Control,CTRL,Control
-0.06595199556103234,All fibroblasts,Control,CTRL,Control
-0.12614588608475924,All fibroblasts,Control,CTRL,Control
-0.012895121229643123,All fibroblasts,Control,CTRL,Control
0.020367774216555178,All fibroblasts,Control,CTRL,Control
-0.10246821342106381,All fibroblasts,Control,CTRL,Control
-0.017489690050338888,All fibroblasts,Control,CTRL,Control
-0.06105994037827513,All fibroblasts,Control,CTRL,Control
-0.04625868050362466,All fibroblasts,Control,CTRL,Control
0.04540264035336694,All fibroblasts,Control,CTRL,Control
-0.16219755627410645,All fibroblasts,Control,CTRL,Control
-0.14382848705093743,All fibroblasts,Control,CTRL,Control
-0.11019536964926499,All fibroblasts,Control,CTRL,Control
-0.07984526905332551,All fibroblasts,Control,CTRL,Control
-0.12818717984911848,All fibroblasts,Control,CTRL,Control
-0.19489331465801701,All fibroblasts,Control,CTRL,Control
-0.172414696034836,All fibroblasts,Control,CTRL,Control
-0.1257411126789519,All fibroblasts,Control,CTRL,Control
-0.11004630409033922,All fibroblasts,Control,CTRL,Control
0.03656164260866671,All fibroblasts,Control,CTRL,Control
-0.06757689688286622,All fibroblasts,Control,CTRL,Control
-0.07638457113217198,All fibroblasts,Control,CTRL,Control
0.02942049949757504,All fibroblasts,Control,CTRL,Control
-0.18120058043896284,All fibroblasts,Control,CTRL,Control
0.018180505435831766,All fibroblasts,Control,CTRL,Control
-0.15320257473364246,All fibroblasts,Control,CTRL,Control
-0.0899469333836867,All fibroblasts,Control,CTRL,Control
2.4072591475412033e-05,All fibroblasts,Control,CTRL,Control
-0.12266008703358011,All fibroblasts,Control,CTRL,Control
-0.024268049904718838,All fibroblasts,Control,CTRL,Control
-0.1158268531945031,All fibroblasts,Control,CTRL,Control
-0.04659409781361354,All fibroblasts,Control,CTRL,Control
-0.06957677864827395,All fibroblasts,Control,CTRL,Control
-0.09137806439381435,All fibroblasts,Control,CTRL,Control
0.01558420307248995,All fibroblasts,Control,CTRL,Control
-0.06363487491552229,All fibroblasts,Control,CTRL,Control
0.001801526904263045,All fibroblasts,Control,CTRL,Control
-0.16576411732680713,All fibroblasts,Control,CTRL,Control
-0.20403543332879762,All fibroblasts,Control,CTRL,Control
-0.11111918015558364,All fibroblasts,Control,CTRL,Control
-0.041322115475437605,All fibroblasts,Control,CTRL,Control
-0.027002156696943586,All fibroblasts,Control,CTRL,Control
-0.05684103459195818,All fibroblasts,Control,CTRL,Control
-0.27908609229525816,All fibroblasts,Control,CTRL,Control
-0.10837050337605077,All fibroblasts,Control,CTRL,Control
-0.09915648222547875,All fibroblasts,Control,CTRL,Control
-0.19068483579654352,All fibroblasts,Control,CTRL,Control
-0.04926239200518854,All fibroblasts,Control,CTRL,Control
-0.14866859974810528,All fibroblasts,Control,CTRL,Control
-0.10500023132764373,All fibroblasts,Control,CTRL,Control
0.05927704244754057,All fibroblasts,Control,CTRL,Control
-0.06296399169841566,All fibroblasts,Control,CTRL,Control
-0.060429652354738926,All fibroblasts,Control,CTRL,Control
-0.22719760009138085,All fibroblasts,Control,CTRL,Control
-0.1174574176052105,All fibroblasts,Control,CTRL,Control
-0.12571006272216356,All fibroblasts,Control,CTRL,Control
-0.15707642993627963,All fibroblasts,Control,CTRL,Control
-0.12108784908597557,All fibroblasts,Control,CTRL,Control
-0.012419401338004923,All fibroblasts,Control,CTRL,Control
-0.17859361509791857,All fibroblasts,Control,CTRL,Control
-0.07164110266228418,All fibroblasts,Control,CTRL,Control
-0.023172786669802263,All fibroblasts,Control,CTRL,Control
-0.17221148084543392,All fibroblasts,Control,CTRL,Control
-0.10788182919712866,All fibroblasts,Control,CTRL,Control
-0.058204234493960026,All fibroblasts,Control,CTRL,Control
-0.0324324883527134,All fibroblasts,Control,CTRL,Control
-0.12188715785316362,All fibroblasts,Control,CTRL,Control
-0.10621504954083145,All fibroblasts,Control,CTRL,Control
-0.10371197502207094,All fibroblasts,Control,CTRL,Control
-0.1485772541041135,All fibroblasts,Control,CTRL,Control
-0.12278721496409697,All fibroblasts,Control,CTRL,Control
-0.21327311742845773,All fibroblasts,Control,CTRL,Control
-0.12091824216299067,All fibroblasts,Control,CTRL,Control
-0.04099500599728742,All fibroblasts,Control,CTRL,Control
-0.0777825291726269,All fibroblasts,Control,CTRL,Control
-0.1757995217478318,All fibroblasts,Control,CTRL,Control
-0.06844325115065461,All fibroblasts,Control,CTRL,Control
-0.1758825678365705,All fibroblasts,Control,CTRL,Control
-0.11975865296611787,All fibroblasts,Control,CTRL,Control
0.035922559988657586,All fibroblasts,Control,CTRL,Control
0.0009921912056578205,All fibroblasts,Control,CTRL,Control
-0.10321274104786436,All fibroblasts,Control,CTRL,Control
-0.03044390172483402,All fibroblasts,Control,CTRL,Control
-0.06124576207182888,All fibroblasts,Control,CTRL,Control
-0.0861978918421812,All fibroblasts,Control,CTRL,Control
-0.06831376445717667,All fibroblasts,Control,CTRL,Control
-0.10195039851575863,All fibroblasts,Control,CTRL,Control
-0.17739958422849655,All fibroblasts,Control,CTRL,Control
-0.20478041640860078,All fibroblasts,Control,CTRL,Control
-0.06142996316545221,All fibroblasts,Control,CTRL,Control
-0.10199840932020365,All fibroblasts,Control,CTRL,Control
-0.20418192105059657,All fibroblasts,Control,CTRL,Control
-0.006499646687291735,All fibroblasts,Control,CTRL,Control
-0.09388783433004118,All fibroblasts,Control,CTRL,Control
-0.3529904848226112,All fibroblasts,Control,CTRL,Control
-0.09953275009746924,All fibroblasts,Control,CTRL,Control
-0.021151509835543494,All fibroblasts,Control,CTRL,Control
0.002482453925648692,All fibroblasts,Control,CTRL,Control
-0.068977419023637,All fibroblasts,Control,CTRL,Control
-0.09239179252338364,All fibroblasts,Control,CTRL,Control
-0.05056202766735507,All fibroblasts,Control,CTRL,Control
-0.035297787375784276,All fibroblasts,Control,CTRL,Control
0.012609184922765755,All fibroblasts,Control,CTRL,Control
-0.10678839642611045,All fibroblasts,Control,CTRL,Control
-0.12908170374388772,All fibroblasts,Control,CTRL,Control
-0.16783302492965912,All fibroblasts,Control,CTRL,Control
-0.18931244445920928,All fibroblasts,Control,CTRL,Control
-0.0883448056893057,All fibroblasts,Control,CTRL,Control
-0.03925917158687717,All fibroblasts,Control,CTRL,Control
-0.15126884629846188,All fibroblasts,Control,CTRL,Control
-0.15264250078116764,All fibroblasts,Control,CTRL,Control
-0.15177450668410994,All fibroblasts,Control,CTRL,Control
-0.21189296087482684,All fibroblasts,Control,CTRL,Control
-0.05451374071400815,All fibroblasts,Control,CTRL,Control
-0.14062267060800554,All fibroblasts,Control,CTRL,Control
-0.08525870466801745,All fibroblasts,Control,CTRL,Control
-0.18122531056479568,All fibroblasts,Control,CTRL,Control
0.012226579527075052,All fibroblasts,Control,CTRL,Control
-0.0702216185893928,All fibroblasts,Control,CTRL,Control
-0.1877141740965503,All fibroblasts,Control,CTRL,Control
-0.25186974484909574,All fibroblasts,Control,CTRL,Control
-0.0192193139541271,All fibroblasts,Control,CTRL,Control
-0.10610853196264115,All fibroblasts,Control,CTRL,Control
-0.13656111898238707,All fibroblasts,Control,CTRL,Control
-0.120711474252752,All fibroblasts,Control,CTRL,Control
0.15505526373126335,All fibroblasts,Control,CTRL,Control
-0.19571879672744802,All fibroblasts,Control,CTRL,Control
-0.09422420414526723,All fibroblasts,Control,CTRL,Control
0.0845237053807226,All fibroblasts,Control,CTRL,Control
-0.06405216678582315,All fibroblasts,Control,CTRL,Control
-0.027978108946946634,All fibroblasts,Control,CTRL,Control
-0.1687150146394557,All fibroblasts,Control,CTRL,Control
-0.11172165189336525,All fibroblasts,Control,CTRL,Control
-0.1713552814066203,All fibroblasts,Control,CTRL,Control
-0.02562123156600156,All fibroblasts,Control,CTRL,Control
0.06813027004423093,All fibroblasts,Control,CTRL,Control
-0.1477869129568397,All fibroblasts,Control,CTRL,Control
-0.10476322188776967,All fibroblasts,Control,CTRL,Control
-0.26390590657555096,All fibroblasts,Control,CTRL,Control
-0.056610989306836126,All fibroblasts,Control,CTRL,Control
-0.025756405350290345,All fibroblasts,Control,CTRL,Control
-0.12358947640818271,All fibroblasts,Control,CTRL,Control
-0.13591724322997814,All fibroblasts,Control,CTRL,Control
-0.10148319824008466,All fibroblasts,Control,CTRL,Control
-0.03230427336245398,All fibroblasts,Control,CTRL,Control
-0.08983365600983012,All fibroblasts,Control,CTRL,Control
-0.1112038140233749,All fibroblasts,Control,CTRL,Control
-0.09972228177628946,All fibroblasts,Control,CTRL,Control
0.0025160178926192586,All fibroblasts,Control,CTRL,Control
-0.18308613926834547,All fibroblasts,Control,CTRL,Control
-0.12001467937346595,All fibroblasts,Control,CTRL,Control
-0.03557766251939851,All fibroblasts,Control,CTRL,Control
0.06078318901814423,All fibroblasts,Control,CTRL,Control
-0.09946716427998259,All fibroblasts,Control,CTRL,Control
0.08722029212377751,All fibroblasts,Control,CTRL,Control
-0.10521971586718386,All fibroblasts,Control,CTRL,Control
-0.07799488909310176,All fibroblasts,Control,CTRL,Control
-0.18918055837589784,All fibroblasts,Control,CTRL,Control
-0.00701512220761657,All fibroblasts,Control,CTRL,Control
-0.007781373921748138,All fibroblasts,Control,CTRL,Control
-0.1356661659863562,All fibroblasts,Control,CTRL,Control
-0.10639888160308285,All fibroblasts,Control,CTRL,Control
-0.06511763716035734,All fibroblasts,Control,CTRL,Control
-0.10975908852717386,All fibroblasts,Control,CTRL,Control
-0.0995222594723605,All fibroblasts,Control,CTRL,Control
-0.14790697933764135,All fibroblasts,Control,CTRL,Control
-0.0720929899322325,All fibroblasts,Control,CTRL,Control
-0.06076589403689982,All fibroblasts,Control,CTRL,Control
-0.17604345053083115,All fibroblasts,Control,CTRL,Control
-0.05558657030918468,All fibroblasts,Control,CTRL,Control
-0.11589411232649109,All fibroblasts,Control,CTRL,Control
-0.12365615916529644,All fibroblasts,Control,CTRL,Control
-0.07826072709697296,All fibroblasts,Control,CTRL,Control
-0.07388217340120254,All fibroblasts,Control,CTRL,Control
-0.10650237970180866,All fibroblasts,Control,CTRL,Control
-0.10009792970390968,All fibroblasts,Control,CTRL,Control
-0.20312546860956346,All fibroblasts,Control,CTRL,Control
0.021696630822902782,All fibroblasts,Control,CTRL,Control
-0.12559947840669367,All fibroblasts,Control,CTRL,Control
-0.07259467386339288,All fibroblasts,Control,CTRL,Control
0.0335752255732231,All fibroblasts,Control,CTRL,Control
-0.08731101734917665,All fibroblasts,Control,CTRL,Control
0.002252965701316681,All fibroblasts,Control,CTRL,Control
-0.07090603398388101,All fibroblasts,Control,CTRL,Control
-0.09701662642718052,All fibroblasts,Control,CTRL,Control
-0.11132072749990347,All fibroblasts,Control,CTRL,Control
-0.07209988102200006,All fibroblasts,Control,CTRL,Control
-0.09704546883755183,All fibroblasts,Control,CTRL,Control
-0.06078434827251112,All fibroblasts,Control,CTRL,Control
-0.042269286458863194,All fibroblasts,Control,CTRL,Control
-0.05824943617848178,All fibroblasts,Control,CTRL,Control
-0.15035957820563928,All fibroblasts,Control,CTRL,Control
-0.07500097865796507,All fibroblasts,Control,CTRL,Control
-0.08218155314483325,All fibroblasts,Control,CTRL,Control
-0.08593784901589752,All fibroblasts,Control,CTRL,Control
-0.07221221045734551,All fibroblasts,Control,CTRL,Control
-0.11773819287559914,All fibroblasts,Control,CTRL,Control
-0.11967409914900885,All fibroblasts,Control,CTRL,Control
-0.13912832852742318,All fibroblasts,Control,CTRL,Control
-0.17272131033902816,All fibroblasts,Control,CTRL,Control
0.010426612732481952,All fibroblasts,Control,CTRL,Control
-0.03980434366665655,All fibroblasts,Control,CTRL,Control
-0.08661756637524418,All fibroblasts,Control,CTRL,Control
0.009095803177425137,All fibroblasts,Control,CTRL,Control
-0.14197450732999659,All fibroblasts,Control,CTRL,Control
-0.15196814065724037,All fibroblasts,Control,CTRL,Control
-0.10322471674254703,All fibroblasts,Control,CTRL,Control
0.07729589257841953,All fibroblasts,Control,CTRL,Control
-0.013054715264447174,All fibroblasts,Control,CTRL,Control
-0.1571045225130993,All fibroblasts,Control,CTRL,Control
-0.06036888591135349,All fibroblasts,Control,CTRL,Control
-0.07230528612303275,All fibroblasts,Control,CTRL,Control
-0.1238736319002885,All fibroblasts,Control,CTRL,Control
-0.0903384023462105,All fibroblasts,Control,CTRL,Control
0.03012750498481741,All fibroblasts,Control,CTRL,Control
-0.0831512951781354,All fibroblasts,Control,CTRL,Control
-0.11618212819930672,All fibroblasts,Control,CTRL,Control
-0.16140410468835492,All fibroblasts,Control,CTRL,Control
-0.10996447753270853,All fibroblasts,Control,CTRL,Control
-0.016776925051212158,All fibroblasts,Control,CTRL,Control
0.009189780232297676,All fibroblasts,Control,CTRL,Control
-0.14513042551110286,All fibroblasts,Control,CTRL,Control
-0.09727413064317252,All fibroblasts,Control,CTRL,Control
-0.1435905913747366,All fibroblasts,Control,CTRL,Control
-0.12702127230507565,All fibroblasts,Control,CTRL,Control
-0.009030932019043317,All fibroblasts,Control,CTRL,Control
-0.11603343084275378,All fibroblasts,Control,CTRL,Control
-0.0795858367686411,All fibroblasts,Control,CTRL,Control
0.02979487358787576,All fibroblasts,Control,CTRL,Control
-0.17465134854021558,All fibroblasts,Control,CTRL,Control
0.009735242708943898,All fibroblasts,Control,CTRL,Control
-0.10153337896505366,All fibroblasts,Control,CTRL,Control
-0.04713662349032261,All fibroblasts,Control,CTRL,Control
-0.09368368398632776,All fibroblasts,Control,CTRL,Control
-0.11768071821885555,All fibroblasts,Control,CTRL,Control
-0.01532299423335836,All fibroblasts,Control,CTRL,Control
-0.12148888607660442,All fibroblasts,Control,CTRL,Control
-0.20313794044853867,All fibroblasts,Control,CTRL,Control
-0.20525040778463202,All fibroblasts,Control,CTRL,Control
-0.1815608236615507,All fibroblasts,Control,CTRL,Control
-0.10640245932467421,All fibroblasts,Control,CTRL,Control
-0.03891340571252403,All fibroblasts,Control,CTRL,Control
0.005399421962484562,All fibroblasts,Control,CTRL,Control
-0.04167578648019839,All fibroblasts,Control,CTRL,Control
-0.16506879329226354,All fibroblasts,Control,CTRL,Control
-0.062112720801875035,All fibroblasts,Control,CTRL,Control
-0.21238279744156782,All fibroblasts,Control,CTRL,Control
-0.10001970704484187,All fibroblasts,Control,CTRL,Control
0.12069508066768178,All fibroblasts,Control,CTRL,Control
-0.12489182568730457,All fibroblasts,Control,CTRL,Control
-0.04711243870280246,All fibroblasts,Control,CTRL,Control
-0.07518463366701982,All fibroblasts,Control,CTRL,Control
-0.14049291614461482,All fibroblasts,Control,CTRL,Control
-0.4303196468663186,All fibroblasts,Control,CTRL,Control
-0.14448795227308875,All fibroblasts,Control,CTRL,Control
-0.07656922035004234,All fibroblasts,Control,CTRL,Control
0.007410847137347094,All fibroblasts,Control,CTRL,Control
-0.16259826977379038,All fibroblasts,Control,CTRL,Control
0.04488642822431714,All fibroblasts,Control,CTRL,Control
-0.05950805880263448,All fibroblasts,Control,CTRL,Control
-0.1713041698215442,All fibroblasts,Control,CTRL,Control
-0.13120334577991793,All fibroblasts,Control,CTRL,Control
0.002942756889890699,All fibroblasts,Control,CTRL,Control
-0.3011803957981311,All fibroblasts,Control,CTRL,Control
-0.01782711384731483,All fibroblasts,Control,CTRL,Control
-0.13561024777496322,All fibroblasts,Control,CTRL,Control
-0.07412849418313776,All fibroblasts,Control,CTRL,Control
-0.10576407274509886,All fibroblasts,Control,CTRL,Control
0.10111171131340074,All fibroblasts,Control,CTRL,Control
-0.07327740146444842,All fibroblasts,Control,CTRL,Control
-0.10738632902040512,All fibroblasts,Control,CTRL,Control
-0.1239322282920726,All fibroblasts,Control,CTRL,Control
-0.05014139209308425,All fibroblasts,Control,CTRL,Control
-0.05994377997926086,All fibroblasts,Control,CTRL,Control
-0.0652123977100018,All fibroblasts,Control,CTRL,Control
-0.07466264568927644,All fibroblasts,Control,CTRL,Control
0.035054871771890116,All fibroblasts,Control,CTRL,Control
-0.24222455006048152,All fibroblasts,Control,CTRL,Control
-0.06336490690847119,All fibroblasts,Control,CTRL,Control
-0.1358412507548226,All fibroblasts,Control,CTRL,Control
-0.025306802269082336,All fibroblasts,Control,CTRL,Control
-0.03611933975462408,All fibroblasts,Control,CTRL,Control
-0.03833262539566104,All fibroblasts,Control,CTRL,Control
-0.013630048961217079,All fibroblasts,Control,CTRL,Control
-0.04870429365140234,All fibroblasts,Control,CTRL,Control
-0.1043284201114593,All fibroblasts,Control,CTRL,Control
-0.09453807178823524,All fibroblasts,Control,CTRL,Control
-0.048253494407949155,All fibroblasts,Control,CTRL,Control
-0.17527612235533635,All fibroblasts,Control,CTRL,Control
-0.08783062268064382,All fibroblasts,Control,CTRL,Control
-0.045802306293055754,All fibroblasts,Control,CTRL,Control
-0.0785847768351216,All fibroblasts,Control,CTRL,Control
-0.0670821023173783,All fibroblasts,Control,CTRL,Control
-0.10610264609987155,All fibroblasts,Control,CTRL,Control
-0.0807462025280563,All fibroblasts,Control,CTRL,Control
-0.045483587536983484,All fibroblasts,Control,CTRL,Control
-0.02238301207856845,All fibroblasts,Control,CTRL,Control
-0.1462968869414863,All fibroblasts,Control,CTRL,Control
-0.07434257664047503,All fibroblasts,Control,CTRL,Control
-0.17187780064014596,All fibroblasts,Control,CTRL,Control
0.08967024587042186,All fibroblasts,Control,CTRL,Control
0.015006753658468845,All fibroblasts,Control,CTRL,Control
-0.006136732392961381,All fibroblasts,Control,CTRL,Control
0.052145338844690324,All fibroblasts,Control,CTRL,Control
-0.0824736889578083,All fibroblasts,Control,CTRL,Control
-0.09957484810284306,All fibroblasts,Control,CTRL,Control
-0.12247558355529356,All fibroblasts,Control,CTRL,Control
-0.12275564309720191,All fibroblasts,Control,CTRL,Control
0.022045845071368024,All fibroblasts,Control,CTRL,Control
0.10233134636925492,All fibroblasts,Control,CTRL,Control
-0.16979857173426427,All fibroblasts,Control,CTRL,Control
-0.08136180379181443,All fibroblasts,Control,CTRL,Control
-0.08230237394821191,All fibroblasts,Control,CTRL,Control
-0.058104840756299576,All fibroblasts,Control,CTRL,Control
-0.11265217726864363,All fibroblasts,Control,CTRL,Control
0.10925104189495921,All fibroblasts,Control,CTRL,Control
-0.049754281182485025,All fibroblasts,Control,CTRL,Control
-0.15320077888165698,All fibroblasts,Control,CTRL,Control
-0.0675744852841162,All fibroblasts,Control,CTRL,Control
-0.1393466524395759,All fibroblasts,Control,CTRL,Control
-0.08298880670499507,All fibroblasts,Control,CTRL,Control
-0.03825715749018325,All fibroblasts,Control,CTRL,Control
-0.14386637671711724,All fibroblasts,Control,CTRL,Control
-0.05500586956477184,All fibroblasts,Control,CTRL,Control
-0.08206216762889744,All fibroblasts,Control,CTRL,Control
-0.09857957354643064,All fibroblasts,Control,CTRL,Control
-0.10582600379162173,All fibroblasts,Control,CTRL,Control
-0.0310716509064422,All fibroblasts,Control,CTRL,Control
0.040252882691988054,All fibroblasts,Control,CTRL,Control
-0.005790769853978264,All fibroblasts,Control,CTRL,Control
-0.1676196152508204,All fibroblasts,Control,CTRL,Control
0.1051694633385116,All fibroblasts,Control,CTRL,Control
-0.013259704390577554,All fibroblasts,Control,CTRL,Control
-0.06732899912789779,All fibroblasts,Control,CTRL,Control
-0.06380985650431986,All fibroblasts,Control,CTRL,Control
0.08821835669994701,All fibroblasts,Control,CTRL,Control
-0.18519768137433107,All fibroblasts,Control,CTRL,Control
-0.11893113710792882,All fibroblasts,Control,CTRL,Control
-0.08433830098587727,All fibroblasts,Control,CTRL,Control
-0.06243247431555821,All fibroblasts,Control,CTRL,Control
-0.1600335196378652,All fibroblasts,Control,CTRL,Control
-0.0570786526241132,All fibroblasts,Control,CTRL,Control
0.01669759435903185,All fibroblasts,Control,CTRL,Control
-0.19616771850413767,All fibroblasts,Control,CTRL,Control
-0.09797372603813698,All fibroblasts,Control,CTRL,Control
-0.11351234802860255,All fibroblasts,Control,CTRL,Control
-0.08953467854124077,All fibroblasts,Control,CTRL,Control
-0.07316050140360622,All fibroblasts,Control,CTRL,Control
-0.09206681978202275,All fibroblasts,Control,CTRL,Control
-0.1529142333269254,All fibroblasts,Control,CTRL,Control
0.04654698278012598,All fibroblasts,Control,CTRL,Control
-0.012481823386837296,All fibroblasts,Control,CTRL,Control
-0.1498400208718989,All fibroblasts,Control,CTRL,Control
0.04012623594784114,All fibroblasts,Control,CTRL,Control
-0.02360484638075079,All fibroblasts,Control,CTRL,Control
-0.002482360122907149,All fibroblasts,Control,CTRL,Control
-0.09893631340276685,All fibroblasts,Control,CTRL,Control
-0.109425947066262,All fibroblasts,Control,CTRL,Control
-0.15851555980944954,All fibroblasts,Control,CTRL,Control
0.042795991356033874,All fibroblasts,Control,CTRL,Control
-0.23311523581561255,All fibroblasts,Control,CTRL,Control
-0.13676738444750836,All fibroblasts,Control,CTRL,Control
-0.07302547776109827,All fibroblasts,Control,CTRL,Control
-0.03226481540920309,All fibroblasts,Control,CTRL,Control
-0.10247661709442132,All fibroblasts,Control,CTRL,Control
-0.12672602483816978,All fibroblasts,Control,CTRL,Control
-0.05029545375591854,All fibroblasts,Control,CTRL,Control
-0.06179598629988243,All fibroblasts,Control,CTRL,Control
0.035990729047366644,All fibroblasts,Control,CTRL,Control
-0.14825144278572655,All fibroblasts,Control,CTRL,Control
-0.046869593822449346,All fibroblasts,Control,CTRL,Control
-0.0773778502009638,All fibroblasts,Control,CTRL,Control
-0.2137240143296212,All fibroblasts,Control,CTRL,Control
-0.19108348101163333,All fibroblasts,Control,CTRL,Control
-0.1397351567079012,All fibroblasts,Control,CTRL,Control
-0.15052012235109746,All fibroblasts,Control,CTRL,Control
-0.15526486835255132,All fibroblasts,Control,CTRL,Control
-0.12256407900357713,All fibroblasts,Control,CTRL,Control
-0.15344326660914967,All fibroblasts,Control,CTRL,Control
0.04174556213360772,All fibroblasts,Control,CTRL,Control
-0.13029206417772637,All fibroblasts,Control,CTRL,Control
-0.08389460525838913,All fibroblasts,Control,CTRL,Control
-0.09544695399803416,All fibroblasts,Control,CTRL,Control
-0.1848400636093887,All fibroblasts,Control,CTRL,Control
-0.12513512105510402,All fibroblasts,Control,CTRL,Control
-0.0977012379331329,All fibroblasts,Control,CTRL,Control
-0.06806678894543096,All fibroblasts,Control,CTRL,Control
-0.12360646274642181,All fibroblasts,Control,CTRL,Control
-0.1010766196249957,All fibroblasts,Control,CTRL,Control
0.04668356776716962,All fibroblasts,Control,CTRL,Control
-0.20997439236799803,All fibroblasts,Control,CTRL,Control
-0.2047112993630335,All fibroblasts,Control,CTRL,Control
-0.12507023234571832,All fibroblasts,Control,CTRL,Control
-0.17436916388849127,All fibroblasts,Control,CTRL,Control
-0.13100903405098954,All fibroblasts,Control,CTRL,Control
-0.07046522966897409,All fibroblasts,Control,CTRL,Control
0.07552718045310962,All fibroblasts,Control,CTRL,Control
-0.02436511727187693,All fibroblasts,Control,CTRL,Control
-0.14309819946840668,All fibroblasts,Control,CTRL,Control
-0.12938437927021684,All fibroblasts,Control,CTRL,Control
-0.10161439128930108,All fibroblasts,Control,CTRL,Control
-0.07038702932097625,All fibroblasts,Control,CTRL,Control
-0.07936035454674092,All fibroblasts,Control,CTRL,Control
-0.08891256482875733,All fibroblasts,Control,CTRL,Control
-0.16134986837042903,All fibroblasts,Control,CTRL,Control
0.034532822454718094,All fibroblasts,Control,CTRL,Control
-0.00022776134825174335,All fibroblasts,Control,CTRL,Control
-0.1502565371574468,All fibroblasts,Control,CTRL,Control
-0.19516858540423168,All fibroblasts,Control,CTRL,Control
-0.06269526099256649,All fibroblasts,Control,CTRL,Control
-0.13434757609336145,All fibroblasts,Control,CTRL,Control
-0.08124970864582945,All fibroblasts,Control,CTRL,Control
-0.09757423222659042,All fibroblasts,Control,CTRL,Control
-0.018562139278329812,All fibroblasts,Control,CTRL,Control
-0.07315988513303619,All fibroblasts,Control,CTRL,Control
-0.15007195325892086,All fibroblasts,Control,CTRL,Control
-0.12942397072954603,All fibroblasts,Control,CTRL,Control
-0.0771213596046971,All fibroblasts,Control,CTRL,Control
-0.2348785933531441,All fibroblasts,Control,CTRL,Control
-0.025450660716894627,All fibroblasts,Control,CTRL,Control
-0.012601114068327708,All fibroblasts,Control,CTRL,Control
-0.0208253726838851,All fibroblasts,Control,CTRL,Control
-0.09418328200384143,All fibroblasts,Control,CTRL,Control
-0.11700192272533017,All fibroblasts,Control,CTRL,Control
0.10329324241695453,All fibroblasts,Expanded,EXP,Expanded
0.1344614075724455,All fibroblasts,Expanded,EXP,Expanded
0.14450938974311883,All fibroblasts,Expanded,EXP,Expanded
0.03907037544240274,All fibroblasts,Expanded,EXP,Expanded
0.01621464806113735,All fibroblasts,Expanded,EXP,Expanded
0.05385475596379892,All fibroblasts,Expanded,EXP,Expanded
-0.026204204194643813,All fibroblasts,Expanded,EXP,Expanded
0.12731175322397048,All fibroblasts,Expanded,EXP,Expanded
0.08969162527740107,All fibroblasts,Expanded,EXP,Expanded
0.08992842104800292,All fibroblasts,Expanded,EXP,Expanded
0.13453219152779497,All fibroblasts,Expanded,EXP,Expanded
-0.021827329166699966,All fibroblasts,Expanded,EXP,Expanded
0.13573950373286395,All fibroblasts,Expanded,EXP,Expanded
0.04727846098119347,All fibroblasts,Expanded,EXP,Expanded
0.101485839688514,All fibroblasts,Expanded,EXP,Expanded
0.081146134126544,All fibroblasts,Expanded,EXP,Expanded
0.16557204219492064,All fibroblasts,Expanded,EXP,Expanded
0.09670723296701277,All fibroblasts,Expanded,EXP,Expanded
0.008774112122502328,All fibroblasts,Expanded,EXP,Expanded
0.0973790703310919,All fibroblasts,Expanded,EXP,Expanded
-0.08507230502626156,All fibroblasts,Expanded,EXP,Expanded
0.041645011116857006,All fibroblasts,Expanded,EXP,Expanded
0.1383742904723793,All fibroblasts,Expanded,EXP,Expanded
0.03750905332207426,All fibroblasts,Expanded,EXP,Expanded
-0.01866974125216604,All fibroblasts,Expanded,EXP,Expanded
-0.09420132423496307,All fibroblasts,Expanded,EXP,Expanded
0.00367828423823853,All fibroblasts,Expanded,EXP,Expanded
0.05659970265558388,All fibroblasts,Expanded,EXP,Expanded
0.07298169829098045,All fibroblasts,Expanded,EXP,Expanded
0.05222391651061502,All fibroblasts,Expanded,EXP,Expanded
0.004071404771820955,All fibroblasts,Expanded,EXP,Expanded
0.04605277535250374,All fibroblasts,Expanded,EXP,Expanded
-0.14956140386034356,All fibroblasts,Expanded,EXP,Expanded
0.09261794001533531,All fibroblasts,Expanded,EXP,Expanded
0.06294742190179528,All fibroblasts,Expanded,EXP,Expanded
-0.08477849671048758,All fibroblasts,Expanded,EXP,Expanded
0.12418467104010228,All fibroblasts,Expanded,EXP,Expanded
0.08840593045203107,All fibroblasts,Expanded,EXP,Expanded
0.07519744612456233,All fibroblasts,Expanded,EXP,Expanded
-0.010074785633208044,All fibroblasts,Expanded,EXP,Expanded
0.09859741068616086,All fibroblasts,Expanded,EXP,Expanded
0.07217287487466831,All fibroblasts,Expanded,EXP,Expanded
0.17174311610556148,All fibroblasts,Expanded,EXP,Expanded
0.057999196976257925,All fibroblasts,Expanded,EXP,Expanded
0.17180739434790118,All fibroblasts,Expanded,EXP,Expanded
0.08032306686384656,All fibroblasts,Expanded,EXP,Expanded
0.014310259839012709,All fibroblasts,Expanded,EXP,Expanded
0.017260104424362266,All fibroblasts,Expanded,EXP,Expanded
0.024071683954412643,All fibroblasts,Expanded,EXP,Expanded
-0.016721352626546407,All fibroblasts,Expanded,EXP,Expanded
0.3465137716624852,All fibroblasts,Expanded,EXP,Expanded
0.2245195934175067,All fibroblasts,Expanded,EXP,Expanded
-0.08278328545557168,All fibroblasts,Expanded,EXP,Expanded
0.24551614501518992,All fibroblasts,Expanded,EXP,Expanded
0.09821288009576495,All fibroblasts,Expanded,EXP,Expanded
0.14735066970297483,All fibroblasts,Expanded,EXP,Expanded
0.13740624116806072,All fibroblasts,Expanded,EXP,Expanded
0.06703729769428766,All fibroblasts,Expanded,EXP,Expanded
0.11371120119268821,All fibroblasts,Expanded,EXP,Expanded
0.18072283719519536,All fibroblasts,Expanded,EXP,Expanded
0.031058544518625938,All fibroblasts,Expanded,EXP,Expanded
-0.02719067200216218,All fibroblasts,Expanded,EXP,Expanded
0.14805498781902654,All fibroblasts,Expanded,EXP,Expanded
0.06786572979807315,All fibroblasts,Expanded,EXP,Expanded
0.13628694642832245,All fibroblasts,Expanded,EXP,Expanded
-0.052035883892749324,All fibroblasts,Expanded,EXP,Expanded
-0.0013784692697103931,All fibroblasts,Expanded,EXP,Expanded
0.12356442478108239,All fibroblasts,Expanded,EXP,Expanded
0.15872832440685933,All fibroblasts,Expanded,EXP,Expanded
-0.18536500045576054,All fibroblasts,Expanded,EXP,Expanded
0.03783681818411234,All fibroblasts,Expanded,EXP,Expanded
0.10049983347959532,All fibroblasts,Expanded,EXP,Expanded
0.18641940594718745,All fibroblasts,Expanded,EXP,Expanded
0.10604420238191109,All fibroblasts,Expanded,EXP,Expanded
-0.05007450640251818,All fibroblasts,Expanded,EXP,Expanded
-0.09599657469857478,All fibroblasts,Expanded,EXP,Expanded
0.012698179560831468,All fibroblasts,Expanded,EXP,Expanded
-0.10921052807118681,All fibroblasts,Expanded,EXP,Expanded
0.06349813249459389,All fibroblasts,Expanded,EXP,Expanded
-0.036282565900042016,All fibroblasts,Expanded,EXP,Expanded
-0.08625835252361014,All fibroblasts,Expanded,EXP,Expanded
0.19414284601464607,All fibroblasts,Expanded,EXP,Expanded
-0.0063351227418806996,All fibroblasts,Expanded,EXP,Expanded
-0.011401251066449587,All fibroblasts,Expanded,EXP,Expanded
0.139631223132637,All fibroblasts,Expanded,EXP,Expanded
0.023486645591243527,All fibroblasts,Expanded,EXP,Expanded
0.02259025923467832,All fibroblasts,Expanded,EXP,Expanded
0.08498611467097322,All fibroblasts,Expanded,EXP,Expanded
0.12613922352770388,All fibroblasts,Expanded,EXP,Expanded
0.14842091954171138,All fibroblasts,Expanded,EXP,Expanded
0.015452303310530172,All fibroblasts,Expanded,EXP,Expanded
-0.006555029395823711,All fibroblasts,Expanded,EXP,Expanded
-0.03901022385652548,All fibroblasts,Expanded,EXP,Expanded
-0.056824576914249005,All fibroblasts,Expanded,EXP,Expanded
0.028905211795113586,All fibroblasts,Expanded,EXP,Expanded
0.10310435335875479,All fibroblasts,Expanded,EXP,Expanded
0.07527136798992122,All fibroblasts,Expanded,EXP,Expanded
0.10485591772279634,All fibroblasts,Expanded,EXP,Expanded
-0.0133279622361566,All fibroblasts,Expanded,EXP,Expanded
0.10253583460319957,All fibroblasts,Expanded,EXP,Expanded
0.15519830551187747,All fibroblasts,Expanded,EXP,Expanded
0.06177766546025117,All fibroblasts,Expanded,EXP,Expanded
0.05270412143699783,All fibroblasts,Expanded,EXP,Expanded
0.13803752740198957,All fibroblasts,Expanded,EXP,Expanded
0.01417448695983449,All fibroblasts,Expanded,EXP,Expanded
-0.06412225985240284,All fibroblasts,Expanded,EXP,Expanded
-0.0923737728439155,All fibroblasts,Expanded,EXP,Expanded
0.09365919991696361,All fibroblasts,Expanded,EXP,Expanded
0.04587674148815784,All fibroblasts,Expanded,EXP,Expanded
0.029836187974070172,All fibroblasts,Expanded,EXP,Expanded
0.01813609039938302,All fibroblasts,Expanded,EXP,Expanded
0.049512048475986156,All fibroblasts,Expanded,EXP,Expanded
0.09455273252898334,All fibroblasts,Expanded,EXP,Expanded
0.01096433978854032,All fibroblasts,Expanded,EXP,Expanded
-0.0018813774544949504,All fibroblasts,Expanded,EXP,Expanded
-0.19920159698979784,All fibroblasts,Expanded,EXP,Expanded
0.11138278725527428,All fibroblasts,Expanded,EXP,Expanded
-0.02826513132639924,All fibroblasts,Expanded,EXP,Expanded
0.08172311264189212,All fibroblasts,Expanded,EXP,Expanded
-0.02602338129286728,All fibroblasts,Expanded,EXP,Expanded
0.12981680576975935,All fibroblasts,Expanded,EXP,Expanded
0.053961646854486206,All fibroblasts,Expanded,EXP,Expanded
0.21794418387198444,All fibroblasts,Expanded,EXP,Expanded
0.010478965947185087,All fibroblasts,Expanded,EXP,Expanded
0.00944373863609545,All fibroblasts,Expanded,EXP,Expanded
-0.0013914098492417565,All fibroblasts,Expanded,EXP,Expanded
0.13267437367636237,All fibroblasts,Expanded,EXP,Expanded
0.16781645041912865,All fibroblasts,Expanded,EXP,Expanded
0.180920172251457,All fibroblasts,Expanded,EXP,Expanded
0.068138362194988,All fibroblasts,Expanded,EXP,Expanded
-0.01648892485733499,All fibroblasts,Expanded,EXP,Expanded
0.10774420998103731,All fibroblasts,Expanded,EXP,Expanded
0.04459180621778033,All fibroblasts,Expanded,EXP,Expanded
0.09214958914031687,All fibroblasts,Expanded,EXP,Expanded
0.10409556471874434,All fibroblasts,Expanded,EXP,Expanded
-0.011896351894479268,All fibroblasts,Expanded,EXP,Expanded
0.08562594467488768,All fibroblasts,Expanded,EXP,Expanded
0.16575384444901456,All fibroblasts,Expanded,EXP,Expanded
0.23300373980850486,All fibroblasts,Expanded,EXP,Expanded
0.0446165604552196,All fibroblasts,Expanded,EXP,Expanded
0.03172713211713811,All fibroblasts,Expanded,EXP,Expanded
0.05823885734551497,All fibroblasts,Expanded,EXP,Expanded
0.09258550440092184,All fibroblasts,Expanded,EXP,Expanded
0.00521473899241324,All fibroblasts,Expanded,EXP,Expanded
0.0006817125077362707,All fibroblasts,Expanded,EXP,Expanded
0.013911048188421156,All fibroblasts,Expanded,EXP,Expanded
0.21469309806586095,All fibroblasts,Expanded,EXP,Expanded
0.12057035350647745,All fibroblasts,Expanded,EXP,Expanded
0.03909998030981628,All fibroblasts,Expanded,EXP,Expanded
0.06560869066393969,All fibroblasts,Expanded,EXP,Expanded
0.04079001857945996,All fibroblasts,Expanded,EXP,Expanded
0.08908869892288433,All fibroblasts,Expanded,EXP,Expanded
0.10594920610543876,All fibroblasts,Expanded,EXP,Expanded
0.15794110147421153,All fibroblasts,Expanded,EXP,Expanded
-0.004712305731595964,All fibroblasts,Expanded,EXP,Expanded
0.026853117860061088,All fibroblasts,Expanded,EXP,Expanded
-0.04197131635560768,All fibroblasts,Expanded,EXP,Expanded
0.1741976694620382,All fibroblasts,Expanded,EXP,Expanded
0.08945879501252749,All fibroblasts,Expanded,EXP,Expanded
0.16185727746186263,All fibroblasts,Expanded,EXP,Expanded
0.07607168824173813,All fibroblasts,Expanded,EXP,Expanded
0.032439009595110105,All fibroblasts,Expanded,EXP,Expanded
0.29180435569305263,All fibroblasts,Expanded,EXP,Expanded
0.018214286789519352,All fibroblasts,Expanded,EXP,Expanded
0.06617198300775137,All fibroblasts,Expanded,EXP,Expanded
0.1825690796989126,All fibroblasts,Expanded,EXP,Expanded
-0.01614432982794687,All fibroblasts,Expanded,EXP,Expanded
0.10324804871211754,All fibroblasts,Expanded,EXP,Expanded
0.10347193645238628,All fibroblasts,Expanded,EXP,Expanded
0.17909852653688652,All fibroblasts,Expanded,EXP,Expanded
0.07016047204848835,All fibroblasts,Expanded,EXP,Expanded
-0.05563076821609285,All fibroblasts,Expanded,EXP,Expanded
-0.0600071385276445,All fibroblasts,Expanded,EXP,Expanded
0.11983434541732817,All fibroblasts,Expanded,EXP,Expanded
0.15239284967612557,All fibroblasts,Expanded,EXP,Expanded
0.04908541335606176,All fibroblasts,Expanded,EXP,Expanded
-0.021534142102781186,All fibroblasts,Expanded,EXP,Expanded
0.02951339748214793,All fibroblasts,Expanded,EXP,Expanded
-0.355862863633898,All fibroblasts,Expanded,EXP,Expanded
0.053552961338498864,All fibroblasts,Expanded,EXP,Expanded
-0.03387387292014167,All fibroblasts,Expanded,EXP,Expanded
-0.05025693337935943,All fibroblasts,Expanded,EXP,Expanded
0.06324581603147786,All fibroblasts,Expanded,EXP,Expanded
0.16158743293320882,All fibroblasts,Expanded,EXP,Expanded
0.061830338718310146,All fibroblasts,Expanded,EXP,Expanded
0.03842069380164877,All fibroblasts,Expanded,EXP,Expanded
0.21961764006187443,All fibroblasts,Expanded,EXP,Expanded
0.03374316838463449,All fibroblasts,Expanded,EXP,Expanded
0.08638488895414094,All fibroblasts,Expanded,EXP,Expanded
-0.016770746934888198,All fibroblasts,Expanded,EXP,Expanded
0.030790894817050753,All fibroblasts,Expanded,EXP,Expanded
0.023122663833148427,All fibroblasts,Expanded,EXP,Expanded
0.14931231576885176,All fibroblasts,Expanded,EXP,Expanded
0.11985339416467626,All fibroblasts,Expanded,EXP,Expanded
0.1093814476041198,All fibroblasts,Expanded,EXP,Expanded
0.11840301132976291,All fibroblasts,Expanded,EXP,Expanded
0.1603536894702559,All fibroblasts,Expanded,EXP,Expanded
0.01798332995116291,All fibroblasts,Expanded,EXP,Expanded
-0.012651461176450402,All fibroblasts,Expanded,EXP,Expanded
0.012629737091112016,All fibroblasts,Expanded,EXP,Expanded
0.09699999658172073,All fibroblasts,Expanded,EXP,Expanded
0.08404274625891875,All fibroblasts,Expanded,EXP,Expanded
0.08390088336189491,All fibroblasts,Expanded,EXP,Expanded
0.06873431490334525,All fibroblasts,Expanded,EXP,Expanded
0.14596599799013021,All fibroblasts,Expanded,EXP,Expanded
0.029168473916760584,All fibroblasts,Expanded,EXP,Expanded
-0.04365890223910599,All fibroblasts,Expanded,EXP,Expanded
-0.007652333497114697,All fibroblasts,Expanded,EXP,Expanded
0.041343545044409416,All fibroblasts,Expanded,EXP,Expanded
0.05603093364341394,All fibroblasts,Expanded,EXP,Expanded
0.144809670971194,All fibroblasts,Expanded,EXP,Expanded
0.001269752596851824,All fibroblasts,Expanded,EXP,Expanded
0.056788706239498936,All fibroblasts,Expanded,EXP,Expanded
0.1309305242082328,All fibroblasts,Expanded,EXP,Expanded
0.13449384637003903,All fibroblasts,Expanded,EXP,Expanded
0.14055588618403875,All fibroblasts,Expanded,EXP,Expanded
0.049726136986994754,All fibroblasts,Expanded,EXP,Expanded
0.07328285232467918,All fibroblasts,Expanded,EXP,Expanded
0.05619915898608819,All fibroblasts,Expanded,EXP,Expanded
0.18429928624319775,All fibroblasts,Expanded,EXP,Expanded
0.05779483412138746,All fibroblasts,Expanded,EXP,Expanded
0.09248911835203413,All fibroblasts,Expanded,EXP,Expanded
0.11552028611903853,All fibroblasts,Expanded,EXP,Expanded
-0.04807939395592186,All fibroblasts,Expanded,EXP,Expanded
0.08256199993025064,All fibroblasts,Expanded,EXP,Expanded
0.039215992912864116,All fibroblasts,Expanded,EXP,Expanded
-0.006859339567450287,All fibroblasts,Expanded,EXP,Expanded
-0.05606438549919883,All fibroblasts,Expanded,EXP,Expanded
0.07946369572251401,All fibroblasts,Expanded,EXP,Expanded
0.11811337386799592,All fibroblasts,Expanded,EXP,Expanded
0.03842317180460221,All fibroblasts,Expanded,EXP,Expanded
0.06787808150297084,All fibroblasts,Expanded,EXP,Expanded
0.02335258287284271,All fibroblasts,Expanded,EXP,Expanded
0.04495800084010369,All fibroblasts,Expanded,EXP,Expanded
0.04024815153842669,All fibroblasts,Expanded,EXP,Expanded
0.07518969245420837,All fibroblasts,Expanded,EXP,Expanded
0.10892400331694362,All fibroblasts,Expanded,EXP,Expanded
-0.027700004445807672,All fibroblasts,Expanded,EXP,Expanded
0.12310736559579917,All fibroblasts,Expanded,EXP,Expanded
0.04031078843851636,All fibroblasts,Expanded,EXP,Expanded
0.1545304506528311,All fibroblasts,Expanded,EXP,Expanded
0.01220770080024872,All fibroblasts,Expanded,EXP,Expanded
-0.07529073385841652,All fibroblasts,Expanded,EXP,Expanded
0.10834999882907365,All fibroblasts,Expanded,EXP,Expanded
0.05192438497703681,All fibroblasts,Expanded,EXP,Expanded
0.040564449802298175,All fibroblasts,Expanded,EXP,Expanded
0.12442595793481419,All fibroblasts,Expanded,EXP,Expanded
0.025488735045426144,All fibroblasts,Expanded,EXP,Expanded
0.08627489456734624,All fibroblasts,Expanded,EXP,Expanded
0.14691035104485595,All fibroblasts,Expanded,EXP,Expanded
-0.022542942976463608,All fibroblasts,Expanded,EXP,Expanded
0.026164586083940983,All fibroblasts,Expanded,EXP,Expanded
-0.019471348626370913,All fibroblasts,Expanded,EXP,Expanded
0.01823306625484048,All fibroblasts,Expanded,EXP,Expanded
0.10093274049108342,All fibroblasts,Expanded,EXP,Expanded
-0.02348569946197197,All fibroblasts,Expanded,EXP,Expanded
0.13769066831780605,All fibroblasts,Expanded,EXP,Expanded
0.13677255026060942,All fibroblasts,Expanded,EXP,Expanded
0.17743644799502745,All fibroblasts,Expanded,EXP,Expanded
0.004162852595221589,All fibroblasts,Expanded,EXP,Expanded
0.013510921663826406,All fibroblasts,Expanded,EXP,Expanded
0.1038404755495244,All fibroblasts,Expanded,EXP,Expanded
0.03787094005028937,All fibroblasts,Expanded,EXP,Expanded
0.16633980524389896,All fibroblasts,Expanded,EXP,Expanded
0.22390347766739666,All fibroblasts,Expanded,EXP,Expanded
-0.18058369778627692,All fibroblasts,Expanded,EXP,Expanded
0.006131166050072382,All fibroblasts,Expanded,EXP,Expanded
-0.047051081239419576,All fibroblasts,Expanded,EXP,Expanded
0.018084693493250602,All fibroblasts,Expanded,EXP,Expanded
-0.018763504015074026,All fibroblasts,Expanded,EXP,Expanded
0.14719482158857455,All fibroblasts,Expanded,EXP,Expanded
0.0267552017758634,All fibroblasts,Expanded,EXP,Expanded
0.19381627891837921,All fibroblasts,Expanded,EXP,Expanded
0.09792633147654009,All fibroblasts,Expanded,EXP,Expanded
-0.07667769979495587,All fibroblasts,Expanded,EXP,Expanded
0.12386406600257388,All fibroblasts,Expanded,EXP,Expanded
0.008349187188732142,All fibroblasts,Expanded,EXP,Expanded
0.14475227939530888,All fibroblasts,Expanded,EXP,Expanded
0.0828084504780728,All fibroblasts,Expanded,EXP,Expanded
0.09953065845928803,All fibroblasts,Expanded,EXP,Expanded
-0.056622270308730974,All fibroblasts,Expanded,EXP,Expanded
0.16455653527400216,All fibroblasts,Expanded,EXP,Expanded
0.08660980138154326,All fibroblasts,Expanded,EXP,Expanded
-0.00023216013513312293,All fibroblasts,Expanded,EXP,Expanded
0.052679053866539614,All fibroblasts,Expanded,EXP,Expanded
0.029521774090702238,All fibroblasts,Expanded,EXP,Expanded
-0.0707582830581358,All fibroblasts,Expanded,EXP,Expanded
0.06891993879355013,All fibroblasts,Expanded,EXP,Expanded
-0.0065353453551886004,All fibroblasts,Expanded,EXP,Expanded
0.04134539067997632,All fibroblasts,Expanded,EXP,Expanded
-0.03888314211814934,All fibroblasts,Expanded,EXP,Expanded
0.0213775100296497,All fibroblasts,Expanded,EXP,Expanded
0.12358052519619403,All fibroblasts,Expanded,EXP,Expanded
-0.03629312313099078,All fibroblasts,Expanded,EXP,Expanded
0.07033966838743212,All fibroblasts,Expanded,EXP,Expanded
0.03955457143379974,All fibroblasts,Expanded,EXP,Expanded
-0.042492603988682175,All fibroblasts,Expanded,EXP,Expanded
0.22541524979343658,All fibroblasts,Expanded,EXP,Expanded
0.11267404872783605,All fibroblasts,Expanded,EXP,Expanded
0.09069521069477363,All fibroblasts,Expanded,EXP,Expanded
-0.017350317253111466,All fibroblasts,Expanded,EXP,Expanded
0.10362766642627978,All fibroblasts,Expanded,EXP,Expanded
0.07231344646352336,All fibroblasts,Expanded,EXP,Expanded
0.018064378557954425,All fibroblasts,Expanded,EXP,Expanded
0.11559467997763453,All fibroblasts,Expanded,EXP,Expanded
0.18313077085540147,All fibroblasts,Expanded,EXP,Expanded
-0.0009494399875019238,All fibroblasts,Expanded,EXP,Expanded
-0.03344155344351879,All fibroblasts,Expanded,EXP,Expanded
-0.06995454857632558,All fibroblasts,Expanded,EXP,Expanded
0.05535521613172701,All fibroblasts,Expanded,EXP,Expanded
0.06245690241730232,All fibroblasts,Expanded,EXP,Expanded
0.09712605405235081,All fibroblasts,Expanded,EXP,Expanded
0.0006078065374413022,All fibroblasts,Expanded,EXP,Expanded
0.13058022908917524,All fibroblasts,Expanded,EXP,Expanded
-0.02710122253743727,All fibroblasts,Expanded,EXP,Expanded
0.057593815235028906,All fibroblasts,Expanded,EXP,Expanded
0.1592561706034923,All fibroblasts,Expanded,EXP,Expanded
-0.040888232002488784,All fibroblasts,Expanded,EXP,Expanded
0.02720685808942316,All fibroblasts,Expanded,EXP,Expanded
0.03859524876501712,All fibroblasts,Expanded,EXP,Expanded
0.04677413811287168,All fibroblasts,Expanded,EXP,Expanded
0.2291797169358204,All fibroblasts,Expanded,EXP,Expanded
0.02093781859744525,All fibroblasts,Expanded,EXP,Expanded
0.1036157011849501,All fibroblasts,Expanded,EXP,Expanded
0.09161039896189518,All fibroblasts,Expanded,EXP,Expanded
-0.10568150019152599,All fibroblasts,Expanded,EXP,Expanded
0.0044606477435397834,All fibroblasts,Expanded,EXP,Expanded
0.08254234796773235,All fibroblasts,Expanded,EXP,Expanded
0.07632668124145847,All fibroblasts,Expanded,EXP,Expanded
0.013722765193976805,All fibroblasts,Expanded,EXP,Expanded
0.07063373805426339,All fibroblasts,Expanded,EXP,Expanded
0.08729278744042183,All fibroblasts,Expanded,EXP,Expanded
0.03813698840688964,All fibroblasts,Expanded,EXP,Expanded
0.12590669520268505,All fibroblasts,Expanded,EXP,Expanded
0.04951906969247901,All fibroblasts,Expanded,EXP,Expanded
0.09321862013461114,All fibroblasts,Expanded,EXP,Expanded
0.17832905744549554,All fibroblasts,Expanded,EXP,Expanded
-0.001937919121227906,All fibroblasts,Expanded,EXP,Expanded
0.09801885047460593,All fibroblasts,Expanded,EXP,Expanded
0.06532775916310148,All fibroblasts,Expanded,EXP,Expanded
0.2415491327436182,All fibroblasts,Expanded,EXP,Expanded
0.08614898262238166,All fibroblasts,Expanded,EXP,Expanded
0.04022216426177255,All fibroblasts,Expanded,EXP,Expanded
-0.006184964651694269,All fibroblasts,Expanded,EXP,Expanded
0.10663679207735985,All fibroblasts,Expanded,EXP,Expanded
0.04807169673130269,All fibroblasts,Expanded,EXP,Expanded
0.10981076598059732,All fibroblasts,Expanded,EXP,Expanded
0.002078015614358511,All fibroblasts,Expanded,EXP,Expanded
0.1121078529507708,All fibroblasts,Expanded,EXP,Expanded
-0.18059412811660921,All fibroblasts,Control,CTRL,Control
0.022203151101063464,All fibroblasts,Control,CTRL,Control
-0.056012571881688344,All fibroblasts,Control,CTRL,Control
-0.08255489231431662,All fibroblasts,Control,CTRL,Control
-0.07266560520391546,All fibroblasts,Control,CTRL,Control
-0.15698112002662,All fibroblasts,Control,CTRL,Control
-0.09222423372727764,All fibroblasts,Control,CTRL,Control
-0.0943887721636942,All fibroblasts,Control,CTRL,Control
-0.0949516464157742,All fibroblasts,Control,CTRL,Control
-0.10045102454419365,All fibroblasts,Control,CTRL,Control
-0.003665543047137735,All fibroblasts,Control,CTRL,Control
-0.06524679973078196,All fibroblasts,Control,CTRL,Control
0.06378490652046304,All fibroblasts,Control,CTRL,Control
-0.07623937340422457,All fibroblasts,Control,CTRL,Control
-0.199987146329304,All fibroblasts,Control,CTRL,Control
-0.024301519995413703,All fibroblasts,Control,CTRL,Control
-0.1007619627091081,All fibroblasts,Control,CTRL,Control
-0.07293578225167185,All fibroblasts,Control,CTRL,Control
-0.2551555428997575,All fibroblasts,Control,CTRL,Control
-0.038916967388176425,All fibroblasts,Control,CTRL,Control
-0.04467517692262801,All fibroblasts,Control,CTRL,Control
-0.046860640486971666,All fibroblasts,Control,CTRL,Control
-0.09854076394945813,All fibroblasts,Control,CTRL,Control
-0.07373022329671466,All fibroblasts,Control,CTRL,Control
-0.01586189544776605,All fibroblasts,Control,CTRL,Control
-0.09328495320305108,All fibroblasts,Control,CTRL,Control
-0.13041229482357874,All fibroblasts,Control,CTRL,Control
-0.060317059622020844,All fibroblasts,Control,CTRL,Control
-0.008131761233023964,All fibroblasts,Control,CTRL,Control
0.014272998578629575,All fibroblasts,Control,CTRL,Control
-0.004906019321175556,All fibroblasts,Control,CTRL,Control
-0.040245245176642984,All fibroblasts,Control,CTRL,Control
-0.14770055807246066,All fibroblasts,Control,CTRL,Control
-0.11838041391662407,All fibroblasts,Control,CTRL,Control
-0.19231177949143488,All fibroblasts,Control,CTRL,Control
-0.13330368861657563,All fibroblasts,Control,CTRL,Control
-0.08740438100656679,All fibroblasts,Control,CTRL,Control
-0.04739166201217422,All fibroblasts,Control,CTRL,Control
-0.10035303427612076,All fibroblasts,Control,CTRL,Control
-0.1093836016787965,All fibroblasts,Control,CTRL,Control
-0.12523981280435967,All fibroblasts,Control,CTRL,Control
-0.06655766961210866,All fibroblasts,Control,CTRL,Control
0.07002642337678615,All fibroblasts,Control,CTRL,Control
-0.07470800249968121,All fibroblasts,Control,CTRL,Control
0.18761737860526675,All fibroblasts,Control,CTRL,Control
-0.1323926702687678,All fibroblasts,Control,CTRL,Control
0.04953187357950581,All fibroblasts,Control,CTRL,Control
-0.15255111234171248,All fibroblasts,Control,CTRL,Control
-0.029862533221913214,All fibroblasts,Control,CTRL,Control
-0.041842016464177234,All fibroblasts,Control,CTRL,Control
-0.0401424679557143,All fibroblasts,Control,CTRL,Control
0.05374995876490696,All fibroblasts,Control,CTRL,Control
-0.05300973370993725,All fibroblasts,Control,CTRL,Control
0.07238498824212686,All fibroblasts,Control,CTRL,Control
0.047152505269208556,All fibroblasts,Control,CTRL,Control
-0.01457537944776447,All fibroblasts,Control,CTRL,Control
-0.07628788218013206,All fibroblasts,Control,CTRL,Control
0.04043702550365423,All fibroblasts,Control,CTRL,Control
-0.07254397205009266,All fibroblasts,Control,CTRL,Control
-0.02007051289286942,All fibroblasts,Control,CTRL,Control
-0.06041950463577915,All fibroblasts,Control,CTRL,Control
0.022118359802573775,All fibroblasts,Control,CTRL,Control
-0.02756193746984334,All fibroblasts,Control,CTRL,Control
0.08855609928961164,All fibroblasts,Control,CTRL,Control
-0.15326386674145615,All fibroblasts,Control,CTRL,Control
-0.07685136181082859,All fibroblasts,Control,CTRL,Control
-0.09737886026791231,All fibroblasts,Control,CTRL,Control
-0.1323149197540994,All fibroblasts,Control,CTRL,Control
-0.05957487567997137,All fibroblasts,Control,CTRL,Control
-0.10238780643240464,All fibroblasts,Control,CTRL,Control
-0.008484906532977926,All fibroblasts,Control,CTRL,Control
0.05943635732035331,All fibroblasts,Control,CTRL,Control
-0.021058940074746308,All fibroblasts,Control,CTRL,Control
-0.0748010217652213,All fibroblasts,Control,CTRL,Control
-0.05345734536209715,All fibroblasts,Control,CTRL,Control
-0.11778014169915191,All fibroblasts,Control,CTRL,Control
-0.03887516417868654,All fibroblasts,Control,CTRL,Control
-0.03308021861395896,All fibroblasts,Control,CTRL,Control
0.1444838215937892,All fibroblasts,Control,CTRL,Control
-0.059689482759003085,All fibroblasts,Control,CTRL,Control
-0.04635427161965801,All fibroblasts,Control,CTRL,Control
0.004594467450082698,All fibroblasts,Control,CTRL,Control
-0.07739168389862401,All fibroblasts,Control,CTRL,Control
-0.07543000583207299,All fibroblasts,Control,CTRL,Control
-0.07371000260515069,All fibroblasts,Control,CTRL,Control
-0.077246086481464,All fibroblasts,Control,CTRL,Control
-0.07888917328170858,All fibroblasts,Control,CTRL,Control
0.05130885517019325,All fibroblasts,Control,CTRL,Control
-0.14574435737973815,All fibroblasts,Control,CTRL,Control
-0.0397505856636452,All fibroblasts,Control,CTRL,Control
-0.04486491689999514,All fibroblasts,Control,CTRL,Control
0.01212722555421748,All fibroblasts,Control,CTRL,Control
-0.13558983438897393,All fibroblasts,Control,CTRL,Control
-0.06024695343318737,All fibroblasts,Control,CTRL,Control
-0.2300555414949852,All fibroblasts,Control,CTRL,Control
-0.2454392448498878,All fibroblasts,Control,CTRL,Control
-0.006521151991765531,All fibroblasts,Control,CTRL,Control
-0.10519356152421488,All fibroblasts,Control,CTRL,Control
0.11043756449619031,All fibroblasts,Control,CTRL,Control
-0.16245890089206683,All fibroblasts,Control,CTRL,Control
-0.09013770208319752,All fibroblasts,Control,CTRL,Control
0.0006995892089474987,All fibroblasts,Control,CTRL,Control
-0.24483210546892042,All fibroblasts,Control,CTRL,Control
-0.0185617320414995,All fibroblasts,Control,CTRL,Control
-0.013678703347808133,All fibroblasts,Control,CTRL,Control
0.14249952261459553,All fibroblasts,Control,CTRL,Control
-0.011207178131891787,All fibroblasts,Control,CTRL,Control
-0.020746098915956808,All fibroblasts,Control,CTRL,Control
-0.1449722762098729,All fibroblasts,Control,CTRL,Control
-0.004515926436082611,All fibroblasts,Control,CTRL,Control
0.19660329181420239,All fibroblasts,Control,CTRL,Control
-0.0807079264484237,All fibroblasts,Control,CTRL,Control
-0.30978563883500515,All fibroblasts,Control,CTRL,Control
-0.15607266082186802,All fibroblasts,Control,CTRL,Control
-0.06462745592614534,All fibroblasts,Control,CTRL,Control
-0.018544976129053165,All fibroblasts,Control,CTRL,Control
-0.04472732889958583,All fibroblasts,Control,CTRL,Control
-0.07144225644098398,All fibroblasts,Control,CTRL,Control
0.04481360237608186,All fibroblasts,Control,CTRL,Control
0.08283116704575993,All fibroblasts,Control,CTRL,Control
-0.2243005724037253,All fibroblasts,Control,CTRL,Control
0.053916223700195276,All fibroblasts,Control,CTRL,Control
-0.16076171894096106,All fibroblasts,Control,CTRL,Control
-0.061090895776565006,All fibroblasts,Control,CTRL,Control
-0.03866534500269333,All fibroblasts,Control,CTRL,Control
-0.20092883190431102,All fibroblasts,Control,CTRL,Control
-0.009655017475870067,All fibroblasts,Control,CTRL,Control
-0.11095081768534082,All fibroblasts,Control,CTRL,Control
-0.03727225320985484,All fibroblasts,Control,CTRL,Control
-0.15218256980870543,All fibroblasts,Control,CTRL,Control
0.21214316537267236,All fibroblasts,Control,CTRL,Control
-0.07013413343092195,All fibroblasts,Control,CTRL,Control
-0.06811621101426424,All fibroblasts,Control,CTRL,Control
-0.02240791535853348,All fibroblasts,Control,CTRL,Control
-0.10866970658605732,All fibroblasts,Control,CTRL,Control
-0.1134804142452572,All fibroblasts,Control,CTRL,Control
0.020478226575419867,All fibroblasts,Control,CTRL,Control
0.07074792917983189,All fibroblasts,Control,CTRL,Control
0.04132732289008691,All fibroblasts,Control,CTRL,Control
-0.00919523962592687,All fibroblasts,Control,CTRL,Control
-0.01607540432844539,All fibroblasts,Control,CTRL,Control
-0.05651920561120274,All fibroblasts,Control,CTRL,Control
0.02625520553431645,All fibroblasts,Control,CTRL,Control
-0.0348943470499512,All fibroblasts,Control,CTRL,Control
-0.13340943378152179,All fibroblasts,Control,CTRL,Control
0.037339794944588695,All fibroblasts,Control,CTRL,Control
0.021494931012840265,All fibroblasts,Control,CTRL,Control
-0.11844248389437194,All fibroblasts,Control,CTRL,Control
-0.060146436895369526,All fibroblasts,Control,CTRL,Control
-0.09700315535201384,All fibroblasts,Control,CTRL,Control
6.993208986710159e-05,All fibroblasts,Control,CTRL,Control
0.0810029119288551,All fibroblasts,Control,CTRL,Control
0.07445293298090758,All fibroblasts,Control,CTRL,Control
0.16713615817861055,All fibroblasts,Control,CTRL,Control
-0.08352211309001746,All fibroblasts,Control,CTRL,Control
-0.12080023633276457,All fibroblasts,Control,CTRL,Control
-0.01848011837081503,All fibroblasts,Control,CTRL,Control
0.14615067397315867,All fibroblasts,Control,CTRL,Control
0.12530219371648538,All fibroblasts,Control,CTRL,Control
-0.09050693093374222,All fibroblasts,Control,CTRL,Control
0.0021222016837352926,All fibroblasts,Control,CTRL,Control
-0.13575485256995193,All fibroblasts,Control,CTRL,Control
0.02298730387974103,All fibroblasts,Control,CTRL,Control
-0.09489126854211942,All fibroblasts,Control,CTRL,Control
-0.013554316281460171,All fibroblasts,Control,CTRL,Control
0.04928191007769109,All fibroblasts,Control,CTRL,Control
-0.06859260351882115,All fibroblasts,Control,CTRL,Control
0.1339540287305578,All fibroblasts,Control,CTRL,Control
-0.05505432801654572,All fibroblasts,Control,CTRL,Control
-0.019716661698719534,All fibroblasts,Control,CTRL,Control
0.0008365276089623772,All fibroblasts,Control,CTRL,Control
-0.09147356314201315,All fibroblasts,Control,CTRL,Control
0.04879145738940309,All fibroblasts,Control,CTRL,Control
-0.17586136729867338,All fibroblasts,Control,CTRL,Control
-0.03658043806987283,All fibroblasts,Control,CTRL,Control
-0.19417177410487596,All fibroblasts,Control,CTRL,Control
0.10590618396520425,All fibroblasts,Control,CTRL,Control
-0.058882257431421954,All fibroblasts,Control,CTRL,Control
-0.037902100505636326,All fibroblasts,Control,CTRL,Control
-0.07625389782474452,All fibroblasts,Control,CTRL,Control
-0.09951427640261726,All fibroblasts,Control,CTRL,Control
0.05926698319030953,All fibroblasts,Control,CTRL,Control
-0.0824254024732173,All fibroblasts,Control,CTRL,Control
-0.03450945030415022,All fibroblasts,Control,CTRL,Control
0.05268172075078076,All fibroblasts,Control,CTRL,Control
0.02968421591957204,All fibroblasts,Control,CTRL,Control
-0.12112497191602206,All fibroblasts,Control,CTRL,Control
-0.10141147419947913,All fibroblasts,Control,CTRL,Control
0.01427495115255583,All fibroblasts,Control,CTRL,Control
-0.015582822068766971,All fibroblasts,Control,CTRL,Control
0.023899970578731274,All fibroblasts,Control,CTRL,Control
-0.10261289337184562,All fibroblasts,Control,CTRL,Control
-0.1009811943152502,All fibroblasts,Control,CTRL,Control
-0.19303312926579203,All fibroblasts,Control,CTRL,Control
0.157170734549171,All fibroblasts,Control,CTRL,Control
-0.07463514497586331,All fibroblasts,Control,CTRL,Control
-0.02459570469059264,All fibroblasts,Control,CTRL,Control
-0.09330913418818587,All fibroblasts,Control,CTRL,Control
-0.07272932203915823,All fibroblasts,Control,CTRL,Control
-0.0798183631982221,All fibroblasts,Control,CTRL,Control
-0.1276234512544659,All fibroblasts,Control,CTRL,Control
-0.028880147783566075,All fibroblasts,Control,CTRL,Control
-0.029044166587397346,All fibroblasts,Control,CTRL,Control
-0.1885575956969931,All fibroblasts,Control,CTRL,Control
-0.0025947393213136827,All fibroblasts,Control,CTRL,Control
0.05056408536939608,All fibroblasts,Control,CTRL,Control
-0.1760772043941564,All fibroblasts,Control,CTRL,Control
-0.10426931326859595,All fibroblasts,Control,CTRL,Control
-0.025273380629114356,All fibroblasts,Control,CTRL,Control
0.02002103617399232,All fibroblasts,Control,CTRL,Control
-0.13742729631637352,All fibroblasts,Control,CTRL,Control
-0.3043328788406357,All fibroblasts,Control,CTRL,Control
-0.0224634927442449,All fibroblasts,Control,CTRL,Control
0.02912835147279351,All fibroblasts,Control,CTRL,Control
-0.04509254953480506,All fibroblasts,Control,CTRL,Control
-0.11427177232544447,All fibroblasts,Control,CTRL,Control
-0.023893014380386542,All fibroblasts,Control,CTRL,Control
-0.12639020161701175,All fibroblasts,Control,CTRL,Control
-0.1631997773340018,All fibroblasts,Control,CTRL,Control
-0.01756854665083624,All fibroblasts,Control,CTRL,Control
0.02166212864194348,All fibroblasts,Control,CTRL,Control
-0.10708936540153717,All fibroblasts,Control,CTRL,Control
-0.013774302602667696,All fibroblasts,Control,CTRL,Control
-0.11288965284175867,All fibroblasts,Control,CTRL,Control
-0.013324314804465609,All fibroblasts,Control,CTRL,Control
-0.06933834661211796,All fibroblasts,Control,CTRL,Control
0.02360469439632308,All fibroblasts,Control,CTRL,Control
0.1296133598290042,All fibroblasts,Control,CTRL,Control
0.040647467417742576,All fibroblasts,Control,CTRL,Control
-0.05072273333607834,All fibroblasts,Control,CTRL,Control
-0.01105000748850517,All fibroblasts,Control,CTRL,Control
-0.10448527936288177,All fibroblasts,Control,CTRL,Control
-0.1148647873382427,All fibroblasts,Control,CTRL,Control
-0.11845874335591362,All fibroblasts,Control,CTRL,Control
-0.0002947217084979248,All fibroblasts,Control,CTRL,Control
-0.037936088039601024,All fibroblasts,Control,CTRL,Control
0.06108915133773791,All fibroblasts,Control,CTRL,Control
-0.0034637471760002774,All fibroblasts,Control,CTRL,Control
-0.02800057096694925,All fibroblasts,Control,CTRL,Control
-0.09350271816421213,All fibroblasts,Control,CTRL,Control
-0.0012138576931447227,All fibroblasts,Control,CTRL,Control
-0.0052160934500940365,All fibroblasts,Control,CTRL,Control
0.004684253706373945,All fibroblasts,Control,CTRL,Control
0.008430183879098385,All fibroblasts,Control,CTRL,Control
-0.12083697831157866,All fibroblasts,Control,CTRL,Control
0.06163061015869037,All fibroblasts,Control,CTRL,Control
-0.1162027373450526,All fibroblasts,Control,CTRL,Control
-0.07855261005964888,All fibroblasts,Control,CTRL,Control
-0.3501721769824737,All fibroblasts,Control,CTRL,Control
0.021476301065355377,All fibroblasts,Control,CTRL,Control
-0.019909932841701415,All fibroblasts,Control,CTRL,Control
-0.06432624443304102,All fibroblasts,Control,CTRL,Control
0.021215346095416848,All fibroblasts,Control,CTRL,Control
-0.07459873855264743,All fibroblasts,Control,CTRL,Control
0.0026599799189197387,All fibroblasts,Control,CTRL,Control
0.001889667420465575,All fibroblasts,Control,CTRL,Control
-0.005972046624847016,All fibroblasts,Control,CTRL,Control
-0.12443030012677317,All fibroblasts,Control,CTRL,Control
-0.151531963944978,All fibroblasts,Control,CTRL,Control
-0.1897251801414241,All fibroblasts,Control,CTRL,Control
-0.05549934668983957,All fibroblasts,Control,CTRL,Control
-0.03474259970543075,All fibroblasts,Control,CTRL,Control
-0.500425046300237,All fibroblasts,Control,CTRL,Control
-0.1569511568942476,All fibroblasts,Control,CTRL,Control
0.10709213825415276,All fibroblasts,Control,CTRL,Control
-0.09750195557897455,All fibroblasts,Control,CTRL,Control
-0.04985249535705889,All fibroblasts,Control,CTRL,Control
0.00887009645820553,All fibroblasts,Control,CTRL,Control
-0.05592005473593346,All fibroblasts,Control,CTRL,Control
-0.12773046494584564,All fibroblasts,Control,CTRL,Control
-0.15466173622217255,All fibroblasts,Control,CTRL,Control
-0.09194938126601329,All fibroblasts,Control,CTRL,Control
-0.09264058928750182,All fibroblasts,Control,CTRL,Control
-0.07757775826451185,All fibroblasts,Control,CTRL,Control
0.10077133390008683,All fibroblasts,Control,CTRL,Control
0.022550903922570836,All fibroblasts,Control,CTRL,Control
0.20019511596589415,All fibroblasts,Control,CTRL,Control
-0.05424941856992873,All fibroblasts,Control,CTRL,Control
0.010089109957682564,All fibroblasts,Control,CTRL,Control
-0.2154062298978156,All fibroblasts,Control,CTRL,Control
-0.07479954741071165,All fibroblasts,Control,CTRL,Control
-0.18829018646472712,All fibroblasts,Control,CTRL,Control
-0.09886035508471124,All fibroblasts,Control,CTRL,Control
-0.11304006956504495,All fibroblasts,Control,CTRL,Control
0.04677827958962888,All fibroblasts,Control,CTRL,Control
-0.019778426445112112,All fibroblasts,Control,CTRL,Control
-0.11057142520018186,All fibroblasts,Control,CTRL,Control
-0.09139783813026867,All fibroblasts,Control,CTRL,Control
-0.048229662688774766,All fibroblasts,Control,CTRL,Control
-0.10204799775765065,All fibroblasts,Control,CTRL,Control
-0.07480755693846906,All fibroblasts,Control,CTRL,Control
-0.06971825375139565,All fibroblasts,Control,CTRL,Control
-0.05057696657710194,All fibroblasts,Control,CTRL,Control
-0.0856418827842639,All fibroblasts,Control,CTRL,Control
-0.08050499029644849,All fibroblasts,Control,CTRL,Control
0.02984217213088604,All fibroblasts,Control,CTRL,Control
0.00402621765522727,All fibroblasts,Control,CTRL,Control
-0.040320708033902065,All fibroblasts,Control,CTRL,Control
-0.12426869127892336,All fibroblasts,Control,CTRL,Control
-0.024962888442089312,All fibroblasts,Control,CTRL,Control
-0.10012156239515481,All fibroblasts,Control,CTRL,Control
-0.10554618893651124,All fibroblasts,Control,CTRL,Control
-0.027248116175033664,All fibroblasts,Control,CTRL,Control
-0.18374274355500586,All fibroblasts,Control,CTRL,Control
-0.11957221822444561,All fibroblasts,Control,CTRL,Control
-0.13668504350639352,All fibroblasts,Control,CTRL,Control
0.0032648264113375163,All fibroblasts,Control,CTRL,Control
-0.1791299689842958,All fibroblasts,Control,CTRL,Control
-0.056259388552905035,All fibroblasts,Control,CTRL,Control
0.2077194259048748,All fibroblasts,Control,CTRL,Control
-0.12159477040454023,All fibroblasts,Control,CTRL,Control
-0.09558358407030344,All fibroblasts,Control,CTRL,Control
-0.18505932016701362,All fibroblasts,Control,CTRL,Control
-0.12867985799340223,All fibroblasts,Control,CTRL,Control
-0.07207422448634998,All fibroblasts,Control,CTRL,Control
-0.0607732210898102,All fibroblasts,Control,CTRL,Control
-0.09206131962954907,All fibroblasts,Control,CTRL,Control
-0.03363382161347485,All fibroblasts,Control,CTRL,Control
-0.06344298088339599,All fibroblasts,Control,CTRL,Control
-0.03472423540963455,All fibroblasts,Control,CTRL,Control
-0.023804077267272416,All fibroblasts,Control,CTRL,Control
-0.11280785699137538,All fibroblasts,Control,CTRL,Control
-0.14456216707657774,All fibroblasts,Control,CTRL,Control
-0.08842257802704132,All fibroblasts,Control,CTRL,Control
-0.05985448663790129,All fibroblasts,Control,CTRL,Control
-0.014066525670681826,All fibroblasts,Control,CTRL,Control
-0.17751240427861403,All fibroblasts,Control,CTRL,Control
-0.012967043232847236,All fibroblasts,Control,CTRL,Control
-0.08495419728051568,All fibroblasts,Control,CTRL,Control
-0.14414211444799752,All fibroblasts,Control,CTRL,Control
-0.0797978182753888,All fibroblasts,Control,CTRL,Control
-0.1057204129924409,All fibroblasts,Control,CTRL,Control
-0.12020884887605696,All fibroblasts,Control,CTRL,Control
-0.06610776647700493,All fibroblasts,Control,CTRL,Control
-0.05013703544271811,All fibroblasts,Control,CTRL,Control
-0.12248677716604857,All fibroblasts,Control,CTRL,Control
-0.00206705586511334,All fibroblasts,Control,CTRL,Control
0.03871906128653127,All fibroblasts,Control,CTRL,Control
-0.027356255373276364,All fibroblasts,Control,CTRL,Control
-0.03658685267604513,All fibroblasts,Control,CTRL,Control
-0.12366701922497648,All fibroblasts,Control,CTRL,Control
0.00408370211226098,All fibroblasts,Control,CTRL,Control
-0.011583414170252292,All fibroblasts,Control,CTRL,Control
-0.2364014172208766,All fibroblasts,Control,CTRL,Control
-0.16430221505203546,All fibroblasts,Control,CTRL,Control
-0.1091508037694212,All fibroblasts,Control,CTRL,Control
-0.17879521248828373,All fibroblasts,Control,CTRL,Control
-0.09925277188630247,All fibroblasts,Control,CTRL,Control
-0.10393805837546238,All fibroblasts,Control,CTRL,Control
-0.021836376808959234,All fibroblasts,Control,CTRL,Control
-0.056771040543972424,All fibroblasts,Control,CTRL,Control
-0.018549902642601222,All fibroblasts,Control,CTRL,Control
-0.07489892844701884,All fibroblasts,Control,CTRL,Control
0.13095405234482554,All fibroblasts,Control,CTRL,Control
-0.1082672568182524,All fibroblasts,Control,CTRL,Control
0.02825149924680807,All fibroblasts,Control,CTRL,Control
0.0055548937942974845,All fibroblasts,Control,CTRL,Control
-0.17061497062014686,All fibroblasts,Control,CTRL,Control
-0.12839858891621336,All fibroblasts,Control,CTRL,Control
-0.07175295659297787,All fibroblasts,Control,CTRL,Control
0.00852355209354521,All fibroblasts,Control,CTRL,Control
-0.10599959528114028,All fibroblasts,Control,CTRL,Control
0.03374491213656923,All fibroblasts,Control,CTRL,Control
-0.04680052296491058,All fibroblasts,Control,CTRL,Control
0.05685082725001887,All fibroblasts,Control,CTRL,Control
-0.12422823601012031,All fibroblasts,Control,CTRL,Control
-0.006590638976910526,All fibroblasts,Control,CTRL,Control
-0.0011320753899194333,All fibroblasts,Control,CTRL,Control
-0.11880134316457511,All fibroblasts,Control,CTRL,Control
0.028675035740530156,All fibroblasts,Control,CTRL,Control
-0.033680430950087076,All fibroblasts,Control,CTRL,Control
-0.03633678309641885,All fibroblasts,Control,CTRL,Control
-0.14738161615055628,All fibroblasts,Control,CTRL,Control
-0.1425383438635683,All fibroblasts,Control,CTRL,Control
-0.2238255626275196,All fibroblasts,Control,CTRL,Control
-0.015502063600870718,All fibroblasts,Control,CTRL,Control
-0.16623459085301517,All fibroblasts,Control,CTRL,Control
-0.028245940901925747,All fibroblasts,Control,CTRL,Control
-0.08468498789164124,All fibroblasts,Control,CTRL,Control
-0.03889069743899868,All fibroblasts,Control,CTRL,Control
-0.010908651709083601,All fibroblasts,Control,CTRL,Control
0.07243990467988341,All fibroblasts,Control,CTRL,Control
0.04311658813471392,All fibroblasts,Control,CTRL,Control
-0.08284137490781118,All fibroblasts,Control,CTRL,Control
-0.01988801179050042,All fibroblasts,Control,CTRL,Control
-0.09572523386831527,All fibroblasts,Control,CTRL,Control
-0.10865628921176218,All fibroblasts,Control,CTRL,Control
-0.0335327369134404,All fibroblasts,Control,CTRL,Control
-0.037592846724388326,All fibroblasts,Control,CTRL,Control
0.01753978725784747,All fibroblasts,Control,CTRL,Control
-0.12578006786891074,All fibroblasts,Control,CTRL,Control
0.07056058638830828,All fibroblasts,Control,CTRL,Control
-0.05732083523109154,All fibroblasts,Control,CTRL,Control
-0.13578944101513102,All fibroblasts,Control,CTRL,Control
-0.11137967530731759,All fibroblasts,Control,CTRL,Control
-0.049443801948265406,All fibroblasts,Control,CTRL,Control
-0.0770730097256516,All fibroblasts,Control,CTRL,Control
-0.10963304712878824,All fibroblasts,Control,CTRL,Control
-0.04620718769372057,All fibroblasts,Control,CTRL,Control
-0.07048688285773656,All fibroblasts,Control,CTRL,Control
-0.05594314560304487,All fibroblasts,Control,CTRL,Control
-0.018128231319407464,All fibroblasts,Control,CTRL,Control
-0.05463406582424124,All fibroblasts,Control,CTRL,Control
-0.05306345121503459,All fibroblasts,Control,CTRL,Control
0.05117082466055059,All fibroblasts,Control,CTRL,Control
0.030965953210533012,All fibroblasts,Control,CTRL,Control
-0.13730737663719364,All fibroblasts,Control,CTRL,Control
0.018763596746755193,All fibroblasts,Control,CTRL,Control
-0.06521077246033116,All fibroblasts,Control,CTRL,Control
0.008896328256249931,All fibroblasts,Control,CTRL,Control
0.03731887607766918,All fibroblasts,Control,CTRL,Control
-0.004701196664420232,All fibroblasts,Control,CTRL,Control
-0.05426725704207847,All fibroblasts,Control,CTRL,Control
-0.09711385820921287,All fibroblasts,Control,CTRL,Control
-0.08947963203192538,All fibroblasts,Control,CTRL,Control
0.12267432548046459,All fibroblasts,Control,CTRL,Control
-0.12723782637794875,All fibroblasts,Control,CTRL,Control
0.04543165523740708,All fibroblasts,Control,CTRL,Control
-0.08901841817939325,All fibroblasts,Control,CTRL,Control
-0.07462193879361152,All fibroblasts,Control,CTRL,Control
-0.18376319794013046,All fibroblasts,Control,CTRL,Control
-0.023172210437190015,All fibroblasts,Control,CTRL,Control
-0.04019172446517378,All fibroblasts,Control,CTRL,Control
-0.026009411968471414,All fibroblasts,Control,CTRL,Control
-0.3262612119605304,All fibroblasts,Control,CTRL,Control
-0.19330869966958847,All fibroblasts,Control,CTRL,Control
-0.048416620083676185,All fibroblasts,Control,CTRL,Control
-0.031918570701327566,All fibroblasts,Control,CTRL,Control
-0.20339651504642242,All fibroblasts,Control,CTRL,Control
0.0040822218450491665,All fibroblasts,Control,CTRL,Control
0.00458389236244542,All fibroblasts,Control,CTRL,Control
0.03014314400697742,All fibroblasts,Control,CTRL,Control
0.24454465359825142,All fibroblasts,Expanded,EXP,Expanded
0.2184651467734011,All fibroblasts,Expanded,EXP,Expanded
0.1189517956438517,All fibroblasts,Expanded,EXP,Expanded
0.25429287475222445,All fibroblasts,Expanded,EXP,Expanded
0.2133226372192387,All fibroblasts,Expanded,EXP,Expanded
0.1779149927865447,All fibroblasts,Expanded,EXP,Expanded
0.09066139388476008,All fibroblasts,Expanded,EXP,Expanded
0.2626994551585765,All fibroblasts,Expanded,EXP,Expanded
0.19801756454058894,All fibroblasts,Expanded,EXP,Expanded
0.235714909741715,All fibroblasts,Expanded,EXP,Expanded
0.1119266252540235,All fibroblasts,Expanded,EXP,Expanded
0.06791132792511553,All fibroblasts,Expanded,EXP,Expanded
0.27607909709532313,All fibroblasts,Expanded,EXP,Expanded
0.1998116368092815,All fibroblasts,Expanded,EXP,Expanded
0.14386681398746495,All fibroblasts,Expanded,EXP,Expanded
0.21359207868835484,All fibroblasts,Expanded,EXP,Expanded
0.12205003703883664,All fibroblasts,Expanded,EXP,Expanded
0.2393313903262069,All fibroblasts,Expanded,EXP,Expanded
0.036545647232637375,All fibroblasts,Expanded,EXP,Expanded
0.20126668365653896,All fibroblasts,Expanded,EXP,Expanded
0.2605994269237799,All fibroblasts,Expanded,EXP,Expanded
0.1854761595388426,All fibroblasts,Expanded,EXP,Expanded
0.3580855887732534,All fibroblasts,Expanded,EXP,Expanded
0.11773494829150583,All fibroblasts,Expanded,EXP,Expanded
0.10987077338148815,All fibroblasts,Expanded,EXP,Expanded
0.20670274421164392,All fibroblasts,Expanded,EXP,Expanded
0.10964032157763251,All fibroblasts,Expanded,EXP,Expanded
0.16692692856592128,All fibroblasts,Expanded,EXP,Expanded
0.09865926097631528,All fibroblasts,Expanded,EXP,Expanded
0.2132792340772641,All fibroblasts,Expanded,EXP,Expanded
0.23557828569805622,All fibroblasts,Expanded,EXP,Expanded
0.15681386581904286,All fibroblasts,Expanded,EXP,Expanded
0.2105460856417922,All fibroblasts,Expanded,EXP,Expanded
0.1332307777585733,All fibroblasts,Expanded,EXP,Expanded
0.15655031139085027,All fibroblasts,Expanded,EXP,Expanded
0.24376733789858782,All fibroblasts,Expanded,EXP,Expanded
0.20834194858599095,All fibroblasts,Expanded,EXP,Expanded
0.2648127122852647,All fibroblasts,Expanded,EXP,Expanded
0.010946523362819056,All fibroblasts,Expanded,EXP,Expanded
0.14316529891381072,All fibroblasts,Expanded,EXP,Expanded
0.19774828645528242,All fibroblasts,Expanded,EXP,Expanded
0.03602767216385537,All fibroblasts,Expanded,EXP,Expanded
0.2594721489735725,All fibroblasts,Expanded,EXP,Expanded
0.23336237952492866,All fibroblasts,Expanded,EXP,Expanded
0.037808620729424584,All fibroblasts,Expanded,EXP,Expanded
-0.002605979047021499,All fibroblasts,Expanded,EXP,Expanded
0.015322312498748866,All fibroblasts,Expanded,EXP,Expanded
0.21011365626540401,All fibroblasts,Expanded,EXP,Expanded
0.09091351127165698,All fibroblasts,Expanded,EXP,Expanded
0.11575923723483594,All fibroblasts,Expanded,EXP,Expanded
0.011633952098635637,All fibroblasts,Expanded,EXP,Expanded
0.044206217735976036,All fibroblasts,Expanded,EXP,Expanded
0.3968890846136033,All fibroblasts,Expanded,EXP,Expanded
0.05737514703286419,All fibroblasts,Expanded,EXP,Expanded
0.20832794015792427,All fibroblasts,Expanded,EXP,Expanded
0.2582009410692286,All fibroblasts,Expanded,EXP,Expanded
0.16484004617884815,All fibroblasts,Expanded,EXP,Expanded
0.1532362625920044,All fibroblasts,Expanded,EXP,Expanded
0.08050515269345795,All fibroblasts,Expanded,EXP,Expanded
-0.0025001017266038546,All fibroblasts,Expanded,EXP,Expanded
0.13089985830770465,All fibroblasts,Expanded,EXP,Expanded
0.13429609127352027,All fibroblasts,Expanded,EXP,Expanded
0.08691360921633834,All fibroblasts,Expanded,EXP,Expanded
0.07980348683783431,All fibroblasts,Expanded,EXP,Expanded
0.20587439953295106,All fibroblasts,Expanded,EXP,Expanded
0.21895605989730305,All fibroblasts,Expanded,EXP,Expanded
-0.07719979039826427,All fibroblasts,Expanded,EXP,Expanded
0.18632808153686992,All fibroblasts,Expanded,EXP,Expanded
0.1623479132707418,All fibroblasts,Expanded,EXP,Expanded
0.25913263846262036,All fibroblasts,Expanded,EXP,Expanded
0.15589170889132556,All fibroblasts,Expanded,EXP,Expanded
0.02911382459700309,All fibroblasts,Expanded,EXP,Expanded
0.07170448607421848,All fibroblasts,Expanded,EXP,Expanded
0.04045244948290576,All fibroblasts,Expanded,EXP,Expanded
0.31334490461616077,All fibroblasts,Expanded,EXP,Expanded
0.04432619900624507,All fibroblasts,Expanded,EXP,Expanded
0.21140482630121804,All fibroblasts,Expanded,EXP,Expanded
0.13985685470329987,All fibroblasts,Expanded,EXP,Expanded
0.05565409008952933,All fibroblasts,Expanded,EXP,Expanded
0.143076216872668,All fibroblasts,Expanded,EXP,Expanded
0.20030566539858521,All fibroblasts,Expanded,EXP,Expanded
0.14560047570044585,All fibroblasts,Expanded,EXP,Expanded
0.1765425708226722,All fibroblasts,Expanded,EXP,Expanded
0.18795375750847804,All fibroblasts,Expanded,EXP,Expanded
0.32352187323558124,All fibroblasts,Expanded,EXP,Expanded
0.11009826894996178,All fibroblasts,Expanded,EXP,Expanded
0.15528229150996328,All fibroblasts,Expanded,EXP,Expanded
0.18079348715128063,All fibroblasts,Expanded,EXP,Expanded
0.20377711682819588,All fibroblasts,Expanded,EXP,Expanded
0.2325296746848621,All fibroblasts,Expanded,EXP,Expanded
0.1464981934896195,All fibroblasts,Expanded,EXP,Expanded
0.19272990824605998,All fibroblasts,Expanded,EXP,Expanded
0.16143924606069388,All fibroblasts,Expanded,EXP,Expanded
0.2501354236621844,All fibroblasts,Expanded,EXP,Expanded
0.3186111288063972,All fibroblasts,Expanded,EXP,Expanded
0.24120260057503976,All fibroblasts,Expanded,EXP,Expanded
0.16449007521147285,All fibroblasts,Expanded,EXP,Expanded
0.13933347849903388,All fibroblasts,Expanded,EXP,Expanded
0.105651313017983,All fibroblasts,Expanded,EXP,Expanded
0.10995613214283341,All fibroblasts,Expanded,EXP,Expanded
0.2301445818036538,All fibroblasts,Expanded,EXP,Expanded
0.1661426385208897,All fibroblasts,Expanded,EXP,Expanded
0.17086499663483873,All fibroblasts,Expanded,EXP,Expanded
0.07187815626539357,All fibroblasts,Expanded,EXP,Expanded
-0.14205071092419735,All fibroblasts,Expanded,EXP,Expanded
0.10177375738675433,All fibroblasts,Expanded,EXP,Expanded
0.19676085848595598,All fibroblasts,Expanded,EXP,Expanded
0.18741091305562715,All fibroblasts,Expanded,EXP,Expanded
0.28417937048243586,All fibroblasts,Expanded,EXP,Expanded
-0.03766230064509293,All fibroblasts,Expanded,EXP,Expanded
0.228641671743485,All fibroblasts,Expanded,EXP,Expanded
0.12834142253051561,All fibroblasts,Expanded,EXP,Expanded
0.1358499791557374,All fibroblasts,Expanded,EXP,Expanded
0.22049099044803738,All fibroblasts,Expanded,EXP,Expanded
0.31640929936016843,All fibroblasts,Expanded,EXP,Expanded
0.09692198229606104,All fibroblasts,Expanded,EXP,Expanded
0.12287616206873843,All fibroblasts,Expanded,EXP,Expanded
0.24103938884687656,All fibroblasts,Expanded,EXP,Expanded
0.18557599072644876,All fibroblasts,Expanded,EXP,Expanded
0.15301469842196191,All fibroblasts,Expanded,EXP,Expanded
0.24048461819935352,All fibroblasts,Expanded,EXP,Expanded
0.16455933736545109,All fibroblasts,Expanded,EXP,Expanded
0.05133643250962361,All fibroblasts,Expanded,EXP,Expanded
0.22197174029200673,All fibroblasts,Expanded,EXP,Expanded
0.3496520746265365,All fibroblasts,Expanded,EXP,Expanded
0.37760258972810756,All fibroblasts,Expanded,EXP,Expanded
-0.009408894499671083,All fibroblasts,Expanded,EXP,Expanded
0.1743179652740316,All fibroblasts,Expanded,EXP,Expanded
0.11748493713700607,All fibroblasts,Expanded,EXP,Expanded
0.06320935589136704,All fibroblasts,Expanded,EXP,Expanded
0.19557410180013665,All fibroblasts,Expanded,EXP,Expanded
0.043107924915111756,All fibroblasts,Expanded,EXP,Expanded
0.2754622508472169,All fibroblasts,Expanded,EXP,Expanded
0.08674041102133018,All fibroblasts,Expanded,EXP,Expanded
0.07553625863410686,All fibroblasts,Expanded,EXP,Expanded
0.3630379183800265,All fibroblasts,Expanded,EXP,Expanded
0.12596518521907968,All fibroblasts,Expanded,EXP,Expanded
0.29596537810411416,All fibroblasts,Expanded,EXP,Expanded
0.21349892740121382,All fibroblasts,Expanded,EXP,Expanded
0.017545987087521246,All fibroblasts,Expanded,EXP,Expanded
0.048385083005592355,All fibroblasts,Expanded,EXP,Expanded
0.11329042601803704,All fibroblasts,Expanded,EXP,Expanded
0.12396736515412478,All fibroblasts,Expanded,EXP,Expanded
0.20115359668797672,All fibroblasts,Expanded,EXP,Expanded
0.2743420085235747,All fibroblasts,Expanded,EXP,Expanded
0.10757486525450681,All fibroblasts,Expanded,EXP,Expanded
0.1446822166692704,All fibroblasts,Expanded,EXP,Expanded
0.17064213235428183,All fibroblasts,Expanded,EXP,Expanded
0.28122558022501626,All fibroblasts,Expanded,EXP,Expanded
0.19545051623008125,All fibroblasts,Expanded,EXP,Expanded
-0.15162193532538387,All fibroblasts,Expanded,EXP,Expanded
0.143067441861995,All fibroblasts,Expanded,EXP,Expanded
0.23993766713243792,All fibroblasts,Expanded,EXP,Expanded
0.13476510286245286,All fibroblasts,Expanded,EXP,Expanded
0.07834877483086229,All fibroblasts,Expanded,EXP,Expanded
0.1641003551010501,All fibroblasts,Expanded,EXP,Expanded
0.15673386972677644,All fibroblasts,Expanded,EXP,Expanded
0.16005939443489184,All fibroblasts,Expanded,EXP,Expanded
0.09010805847770498,All fibroblasts,Expanded,EXP,Expanded
0.1342710899232945,All fibroblasts,Expanded,EXP,Expanded
0.16115568534084454,All fibroblasts,Expanded,EXP,Expanded
0.2707823634130336,All fibroblasts,Expanded,EXP,Expanded
0.09313966202087699,All fibroblasts,Expanded,EXP,Expanded
0.026218516900945538,All fibroblasts,Expanded,EXP,Expanded
0.06959023726290064,All fibroblasts,Expanded,EXP,Expanded
0.24191918320849048,All fibroblasts,Expanded,EXP,Expanded
0.17579890143317162,All fibroblasts,Expanded,EXP,Expanded
0.19570215753297454,All fibroblasts,Expanded,EXP,Expanded
0.1261674537805662,All fibroblasts,Expanded,EXP,Expanded
0.021515425072376748,All fibroblasts,Expanded,EXP,Expanded
0.09200508073469861,All fibroblasts,Expanded,EXP,Expanded
0.2593010021752752,All fibroblasts,Expanded,EXP,Expanded
0.1141798119802947,All fibroblasts,Expanded,EXP,Expanded
0.07972334715026631,All fibroblasts,Expanded,EXP,Expanded
0.06829290975940562,All fibroblasts,Expanded,EXP,Expanded
0.12898015696472684,All fibroblasts,Expanded,EXP,Expanded
0.20552339368999634,All fibroblasts,Expanded,EXP,Expanded
0.2620672035218852,All fibroblasts,Expanded,EXP,Expanded
0.14583864155693513,All fibroblasts,Expanded,EXP,Expanded
0.1601379571365582,All fibroblasts,Expanded,EXP,Expanded
0.16782214534119944,All fibroblasts,Expanded,EXP,Expanded
0.16305494961129322,All fibroblasts,Expanded,EXP,Expanded
0.13589231800799034,All fibroblasts,Expanded,EXP,Expanded
0.23553472800980954,All fibroblasts,Expanded,EXP,Expanded
0.19239877578422657,All fibroblasts,Expanded,EXP,Expanded
0.13464635648264767,All fibroblasts,Expanded,EXP,Expanded
0.16088438722002985,All fibroblasts,Expanded,EXP,Expanded
-0.09013340307803977,All fibroblasts,Expanded,EXP,Expanded
-0.11561474128861773,All fibroblasts,Expanded,EXP,Expanded
0.1509989235947617,All fibroblasts,Expanded,EXP,Expanded
0.05362602277499363,All fibroblasts,Expanded,EXP,Expanded
0.18083536519031468,All fibroblasts,Expanded,EXP,Expanded
0.3170302871694779,All fibroblasts,Expanded,EXP,Expanded
0.1191837304863535,All fibroblasts,Expanded,EXP,Expanded
0.03875679349312139,All fibroblasts,Expanded,EXP,Expanded
0.09903205112595811,All fibroblasts,Expanded,EXP,Expanded
0.20877458907466118,All fibroblasts,Expanded,EXP,Expanded
0.010216420129127213,All fibroblasts,Expanded,EXP,Expanded
0.028267346158511675,All fibroblasts,Expanded,EXP,Expanded
0.0694554169623901,All fibroblasts,Expanded,EXP,Expanded
0.1578664123324807,All fibroblasts,Expanded,EXP,Expanded
0.13619716664139192,All fibroblasts,Expanded,EXP,Expanded
0.1326578696599225,All fibroblasts,Expanded,EXP,Expanded
0.16031541310157937,All fibroblasts,Expanded,EXP,Expanded
0.1494906648303111,All fibroblasts,Expanded,EXP,Expanded
0.33200677221555797,All fibroblasts,Expanded,EXP,Expanded
0.038947115282339406,All fibroblasts,Expanded,EXP,Expanded
-0.07128466819315749,All fibroblasts,Expanded,EXP,Expanded
0.3044118877254615,All fibroblasts,Expanded,EXP,Expanded
0.17097162300183405,All fibroblasts,Expanded,EXP,Expanded
0.0703779096879151,All fibroblasts,Expanded,EXP,Expanded
0.133805005844963,All fibroblasts,Expanded,EXP,Expanded
0.20410585985906143,All fibroblasts,Expanded,EXP,Expanded
0.16305852041244973,All fibroblasts,Expanded,EXP,Expanded
0.1322935439572012,All fibroblasts,Expanded,EXP,Expanded
0.04117450753179968,All fibroblasts,Expanded,EXP,Expanded
-0.02340443737384451,All fibroblasts,Expanded,EXP,Expanded
0.15636632807673848,All fibroblasts,Expanded,EXP,Expanded
0.06261023068940465,All fibroblasts,Expanded,EXP,Expanded
0.05855680456059627,All fibroblasts,Expanded,EXP,Expanded
0.08695544572934163,All fibroblasts,Expanded,EXP,Expanded
0.21409642134179713,All fibroblasts,Expanded,EXP,Expanded
-0.012132683017815778,All fibroblasts,Control,CTRL,Control
0.08243108513410681,All fibroblasts,Control,CTRL,Control
-0.03500855503016812,All fibroblasts,Control,CTRL,Control
0.046579236091597954,All fibroblasts,Control,CTRL,Control
0.09169251541351604,All fibroblasts,Control,CTRL,Control
-0.037240505085867744,All fibroblasts,Control,CTRL,Control
-0.027708222108113467,All fibroblasts,Control,CTRL,Control
0.08259849182016558,All fibroblasts,Control,CTRL,Control
-0.057888622270559825,All fibroblasts,Control,CTRL,Control
-0.1194387385171804,All fibroblasts,Control,CTRL,Control
-0.07646956826320368,All fibroblasts,Control,CTRL,Control
-0.06891049081563866,All fibroblasts,Control,CTRL,Control
-0.008972742774420617,All fibroblasts,Control,CTRL,Control
0.045814998682055345,All fibroblasts,Control,CTRL,Control
0.038533461399485464,All fibroblasts,Control,CTRL,Control
0.08829567194241027,All fibroblasts,Control,CTRL,Control
0.009698902223038009,All fibroblasts,Control,CTRL,Control
0.006640707542048076,All fibroblasts,Control,CTRL,Control
0.05141505468328064,All fibroblasts,Control,CTRL,Control
-0.15889557185717604,All fibroblasts,Control,CTRL,Control
0.028677671427897518,All fibroblasts,Control,CTRL,Control
-0.052902448161986484,All fibroblasts,Control,CTRL,Control
0.03906398424281546,All fibroblasts,Control,CTRL,Control
0.07681175952298215,All fibroblasts,Control,CTRL,Control
0.15282548253038564,All fibroblasts,Control,CTRL,Control
0.13742331650163117,All fibroblasts,Control,CTRL,Control
-0.047059687056083654,All fibroblasts,Control,CTRL,Control
0.09912316481812403,All fibroblasts,Control,CTRL,Control
0.015749850367246788,All fibroblasts,Control,CTRL,Control
-0.07840116708635275,All fibroblasts,Control,CTRL,Control
0.19372894506744315,All fibroblasts,Control,CTRL,Control
-0.08837328044955563,All fibroblasts,Control,CTRL,Control
0.03991976948243782,All fibroblasts,Control,CTRL,Control
0.19427500098466396,All fibroblasts,Control,CTRL,Control
0.056273203205009795,All fibroblasts,Control,CTRL,Control
-0.03417457145064709,All fibroblasts,Control,CTRL,Control
0.061735298960530205,All fibroblasts,Control,CTRL,Control
-0.15389474330879857,All fibroblasts,Control,CTRL,Control
0.03231533627201058,All fibroblasts,Control,CTRL,Control
0.021073147487607607,All fibroblasts,Control,CTRL,Control
0.05870546054629194,All fibroblasts,Control,CTRL,Control
-0.014318298572788473,All fibroblasts,Control,CTRL,Control
-0.046182171926342136,All fibroblasts,Control,CTRL,Control
0.03706264748872603,All fibroblasts,Control,CTRL,Control
0.09425324832518024,All fibroblasts,Control,CTRL,Control
0.19009051482712314,All fibroblasts,Control,CTRL,Control
-0.005241454492800977,All fibroblasts,Control,CTRL,Control
-0.08081798949706301,All fibroblasts,Control,CTRL,Control
0.06955155601342401,All fibroblasts,Control,CTRL,Control
-0.02462812759305263,All fibroblasts,Control,CTRL,Control
0.05587471415835444,All fibroblasts,Control,CTRL,Control
-0.05637087204987052,All fibroblasts,Control,CTRL,Control
-0.005930969231215236,All fibroblasts,Control,CTRL,Control
-0.07254640098627638,All fibroblasts,Control,CTRL,Control
0.10272158844564552,All fibroblasts,Control,CTRL,Control
0.04120581441671084,All fibroblasts,Control,CTRL,Control
0.07503562850879392,All fibroblasts,Control,CTRL,Control
-0.16439307308279394,All fibroblasts,Control,CTRL,Control
-0.13684728445499728,All fibroblasts,Control,CTRL,Control
0.08515223914307216,All fibroblasts,Control,CTRL,Control
0.04850743666575187,All fibroblasts,Control,CTRL,Control
-0.07248070834428036,All fibroblasts,Control,CTRL,Control
-0.009360404759568643,All fibroblasts,Control,CTRL,Control
0.13568002182026784,All fibroblasts,Control,CTRL,Control
0.012654325722090631,All fibroblasts,Control,CTRL,Control
-0.19631391113598418,All fibroblasts,Control,CTRL,Control
-0.10306291444404325,All fibroblasts,Control,CTRL,Control
-0.09342862940399262,All fibroblasts,Control,CTRL,Control
0.033724685356943916,All fibroblasts,Control,CTRL,Control
0.09585426664726586,All fibroblasts,Control,CTRL,Control
-0.14838597170300405,All fibroblasts,Control,CTRL,Control
-0.10580342280609362,All fibroblasts,Control,CTRL,Control
0.1300909512683857,All fibroblasts,Control,CTRL,Control
0.05523833503476161,All fibroblasts,Control,CTRL,Control
0.12817327718577656,All fibroblasts,Control,CTRL,Control
0.019326640619514744,All fibroblasts,Control,CTRL,Control
-0.03987783760074699,All fibroblasts,Control,CTRL,Control
0.0005808291133958237,All fibroblasts,Control,CTRL,Control
0.03939481782655116,All fibroblasts,Control,CTRL,Control
0.089632815897629,All fibroblasts,Control,CTRL,Control
0.0021073411047282248,All fibroblasts,Control,CTRL,Control
-0.046596087170414885,All fibroblasts,Control,CTRL,Control
0.027383832274601727,All fibroblasts,Control,CTRL,Control
0.16381812773782484,All fibroblasts,Control,CTRL,Control
0.0077274287565447415,All fibroblasts,Control,CTRL,Control
-0.017776015988913707,All fibroblasts,Control,CTRL,Control
-0.03837151272072661,All fibroblasts,Control,CTRL,Control
-0.04143675918517817,All fibroblasts,Control,CTRL,Control
-0.018649474286779412,All fibroblasts,Control,CTRL,Control
0.0568416489059832,All fibroblasts,Control,CTRL,Control
-0.2287612049598492,All fibroblasts,Control,CTRL,Control
-0.02279668991525738,All fibroblasts,Control,CTRL,Control
-0.12230821796752049,All fibroblasts,Control,CTRL,Control
-0.07174760401853443,All fibroblasts,Control,CTRL,Control
-0.1000760792235649,All fibroblasts,Control,CTRL,Control
-0.010364628902081063,All fibroblasts,Control,CTRL,Control
0.08598909610036332,All fibroblasts,Control,CTRL,Control
0.00338749389723075,All fibroblasts,Control,CTRL,Control
-0.03925019302387299,All fibroblasts,Control,CTRL,Control
0.24548364211617463,All fibroblasts,Control,CTRL,Control
-0.01260204495236272,All fibroblasts,Control,CTRL,Control
-0.06483799934883358,All fibroblasts,Control,CTRL,Control
0.13994503969202735,All fibroblasts,Control,CTRL,Control
0.04530340253859808,All fibroblasts,Control,CTRL,Control
0.06183975576972237,All fibroblasts,Control,CTRL,Control
-0.06694774360439909,All fibroblasts,Control,CTRL,Control
-0.019716651032841065,All fibroblasts,Control,CTRL,Control
0.10034782764293129,All fibroblasts,Control,CTRL,Control
-0.07211193028246755,All fibroblasts,Control,CTRL,Control
-0.20249395679160548,All fibroblasts,Control,CTRL,Control
0.004589052025509518,All fibroblasts,Control,CTRL,Control
0.06018451231800267,All fibroblasts,Control,CTRL,Control
-0.0946066687931894,All fibroblasts,Control,CTRL,Control
0.10018508351277294,All fibroblasts,Control,CTRL,Control
-0.03479170671151518,All fibroblasts,Control,CTRL,Control
0.03834128015230042,All fibroblasts,Control,CTRL,Control
-0.0351936236222388,All fibroblasts,Control,CTRL,Control
0.12724747201916806,All fibroblasts,Control,CTRL,Control
0.10463535481183321,All fibroblasts,Control,CTRL,Control
0.11458165077383121,All fibroblasts,Control,CTRL,Control
-0.02823356845057732,All fibroblasts,Control,CTRL,Control
0.007026818340013522,All fibroblasts,Control,CTRL,Control
0.058225613443783894,All fibroblasts,Control,CTRL,Control
-0.16801944721104217,All fibroblasts,Control,CTRL,Control
-0.027026133137368555,All fibroblasts,Control,CTRL,Control
-0.031168510373291936,All fibroblasts,Control,CTRL,Control
-0.05820984025349589,All fibroblasts,Control,CTRL,Control
-0.02029787327762253,All fibroblasts,Control,CTRL,Control
-0.0027577954074785097,All fibroblasts,Control,CTRL,Control
0.04171136875793145,All fibroblasts,Control,CTRL,Control
0.02166903253150947,All fibroblasts,Control,CTRL,Control
0.14180827768271126,All fibroblasts,Control,CTRL,Control
0.09277314918679125,All fibroblasts,Control,CTRL,Control
0.005541413769826989,All fibroblasts,Control,CTRL,Control
-0.07434546015364342,All fibroblasts,Control,CTRL,Control
-0.11809908810913711,All fibroblasts,Control,CTRL,Control
-0.021319343589395027,All fibroblasts,Control,CTRL,Control
-0.023767118033529308,All fibroblasts,Control,CTRL,Control
-0.03920515008671393,All fibroblasts,Control,CTRL,Control
0.10332749390008854,All fibroblasts,Control,CTRL,Control
-0.10021015654657063,All fibroblasts,Control,CTRL,Control
0.11499556252747814,All fibroblasts,Control,CTRL,Control
-0.025837784494824396,All fibroblasts,Control,CTRL,Control
-0.025498503153404063,All fibroblasts,Control,CTRL,Control
0.0657032432933938,All fibroblasts,Control,CTRL,Control
-0.12426041331341729,All fibroblasts,Control,CTRL,Control
-0.10540924574092012,All fibroblasts,Control,CTRL,Control
0.0318643278606269,All fibroblasts,Control,CTRL,Control
-0.06984522029965382,All fibroblasts,Control,CTRL,Control
0.13834208678920246,All fibroblasts,Control,CTRL,Control
-0.0034076971805662715,All fibroblasts,Control,CTRL,Control
-0.021876960584971128,All fibroblasts,Control,CTRL,Control
0.1473511130211088,All fibroblasts,Control,CTRL,Control
-0.042215551728715925,All fibroblasts,Control,CTRL,Control
0.19915504927174377,All fibroblasts,Control,CTRL,Control
-0.05961884575330485,All fibroblasts,Control,CTRL,Control
-0.1498100371841344,All fibroblasts,Control,CTRL,Control
0.016007380370644454,All fibroblasts,Control,CTRL,Control
-0.008943924746047993,All fibroblasts,Control,CTRL,Control
-0.05954656322863888,All fibroblasts,Control,CTRL,Control
0.18134188368180676,All fibroblasts,Control,CTRL,Control
0.13115810888132767,All fibroblasts,Control,CTRL,Control
-0.029961297450699774,All fibroblasts,Control,CTRL,Control
0.030883037234367233,All fibroblasts,Control,CTRL,Control
0.16352199050985583,All fibroblasts,Control,CTRL,Control
-0.11422467699733152,All fibroblasts,Control,CTRL,Control
-0.09996304449557608,All fibroblasts,Control,CTRL,Control
-0.04541578336049622,All fibroblasts,Control,CTRL,Control
-0.014599264885518957,All fibroblasts,Control,CTRL,Control
0.01590877335026309,All fibroblasts,Control,CTRL,Control
0.03003539836486567,All fibroblasts,Control,CTRL,Control
0.01688403802845488,All fibroblasts,Control,CTRL,Control
-0.07260129214760841,All fibroblasts,Control,CTRL,Control
0.020619912391590788,All fibroblasts,Control,CTRL,Control
0.030381556848600402,All fibroblasts,Control,CTRL,Control
-0.04947969348429639,All fibroblasts,Control,CTRL,Control
-0.09603002448358469,All fibroblasts,Control,CTRL,Control
-0.09026837890324793,All fibroblasts,Control,CTRL,Control
-0.08251261836434752,All fibroblasts,Control,CTRL,Control
-0.026464277767829662,All fibroblasts,Control,CTRL,Control
0.08868844406146942,All fibroblasts,Control,CTRL,Control
-0.11648554759638262,All fibroblasts,Control,CTRL,Control
0.12902874471846132,All fibroblasts,Control,CTRL,Control
-0.039021632477972745,All fibroblasts,Control,CTRL,Control
-0.02948347370788165,All fibroblasts,Control,CTRL,Control
-0.1395297412181451,All fibroblasts,Control,CTRL,Control
-0.019179176768772566,All fibroblasts,Control,CTRL,Control
-0.05114463172410072,All fibroblasts,Control,CTRL,Control
0.009354100522204452,All fibroblasts,Control,CTRL,Control
0.03448777544803497,All fibroblasts,Control,CTRL,Control
0.03836632053713222,All fibroblasts,Control,CTRL,Control
-0.02717852217567164,All fibroblasts,Control,CTRL,Control
0.12693645512151286,All fibroblasts,Control,CTRL,Control
0.1579423055629137,All fibroblasts,Control,CTRL,Control
0.0069521604291993685,All fibroblasts,Control,CTRL,Control
0.11683733084208743,All fibroblasts,Control,CTRL,Control
0.19657524291010323,All fibroblasts,Control,CTRL,Control
0.08282299017499983,All fibroblasts,Control,CTRL,Control
0.06479196310147264,All fibroblasts,Control,CTRL,Control
-0.005544498135520062,All fibroblasts,Control,CTRL,Control
-0.022312681574967543,All fibroblasts,Control,CTRL,Control
0.07175844944106022,All fibroblasts,Control,CTRL,Control
-0.042814879524138844,All fibroblasts,Control,CTRL,Control
0.02855237921380365,All fibroblasts,Control,CTRL,Control
-0.011306912390804266,All fibroblasts,Control,CTRL,Control
0.11753797266194214,All fibroblasts,Control,CTRL,Control
0.09927568140324002,All fibroblasts,Control,CTRL,Control
-0.16104341046042095,All fibroblasts,Control,CTRL,Control
0.06344139781648303,All fibroblasts,Control,CTRL,Control
-0.01114442726867726,All fibroblasts,Control,CTRL,Control
-0.039813605665174105,All fibroblasts,Control,CTRL,Control
-0.10268478186838381,All fibroblasts,Control,CTRL,Control
0.05040151932870327,All fibroblasts,Control,CTRL,Control
-0.013417826026486526,All fibroblasts,Control,CTRL,Control
0.09479966371055032,All fibroblasts,Control,CTRL,Control
0.03504080130588643,All fibroblasts,Control,CTRL,Control
-0.058242412621891795,All fibroblasts,Control,CTRL,Control
-0.04224652194233964,All fibroblasts,Control,CTRL,Control
-0.07279999981499333,All fibroblasts,Control,CTRL,Control
0.2023529972544765,All fibroblasts,Control,CTRL,Control
0.1209626102998955,All fibroblasts,Control,CTRL,Control
-0.04881651989185637,All fibroblasts,Control,CTRL,Control
0.11093017675571837,All fibroblasts,Control,CTRL,Control
-0.0695848778508169,All fibroblasts,Control,CTRL,Control
0.04297601885172854,All fibroblasts,Control,CTRL,Control
0.004046707963122016,All fibroblasts,Control,CTRL,Control
0.022067188875158975,All fibroblasts,Control,CTRL,Control
-0.03924655192068086,All fibroblasts,Control,CTRL,Control
0.04539898729462387,All fibroblasts,Control,CTRL,Control
0.021090271675624887,All fibroblasts,Control,CTRL,Control
0.007447798062540086,All fibroblasts,Control,CTRL,Control
0.0752700086393321,All fibroblasts,Control,CTRL,Control
0.11290057252824437,All fibroblasts,Control,CTRL,Control
0.15489256389893163,All fibroblasts,Control,CTRL,Control
-0.0959607870296747,All fibroblasts,Control,CTRL,Control
-0.003962814799189182,All fibroblasts,Control,CTRL,Control
-0.3337866640040726,All fibroblasts,Control,CTRL,Control
-0.22409727838329666,All fibroblasts,Control,CTRL,Control
0.07370136433687466,All fibroblasts,Control,CTRL,Control
0.03911049952728187,All fibroblasts,Control,CTRL,Control
-0.08417418424630836,All fibroblasts,Control,CTRL,Control
0.14368435842414579,All fibroblasts,Control,CTRL,Control
0.09850162851389786,All fibroblasts,Control,CTRL,Control
0.03856868504284085,All fibroblasts,Control,CTRL,Control
0.002381390607077028,All fibroblasts,Control,CTRL,Control
-0.0047485188894599096,All fibroblasts,Control,CTRL,Control
-0.14495838002833072,All fibroblasts,Control,CTRL,Control
-0.030591418917272826,All fibroblasts,Control,CTRL,Control
0.048119684671663394,All fibroblasts,Control,CTRL,Control
0.11261914431497179,All fibroblasts,Control,CTRL,Control
0.040289315732988766,All fibroblasts,Control,CTRL,Control
-0.15316093781371376,All fibroblasts,Control,CTRL,Control
0.042107503762279036,All fibroblasts,Control,CTRL,Control
0.023222381183215814,All fibroblasts,Control,CTRL,Control
-0.13120820052963847,All fibroblasts,Control,CTRL,Control
0.0062922339746619305,All fibroblasts,Control,CTRL,Control
0.07484555747454077,All fibroblasts,Control,CTRL,Control
0.1175287283904288,All fibroblasts,Control,CTRL,Control
0.28254646082869783,All fibroblasts,Control,CTRL,Control
0.04503859979694501,All fibroblasts,Control,CTRL,Control
0.11294085868189249,All fibroblasts,Control,CTRL,Control
-0.04990381171893838,All fibroblasts,Control,CTRL,Control
-0.10810642778369443,All fibroblasts,Control,CTRL,Control
-0.06370712227096008,All fibroblasts,Control,CTRL,Control
-0.012076345240574425,All fibroblasts,Control,CTRL,Control
-0.02478205182803968,All fibroblasts,Control,CTRL,Control
-0.016593496758001716,All fibroblasts,Control,CTRL,Control
-0.011960076033298779,All fibroblasts,Control,CTRL,Control
-0.008619547894221424,All fibroblasts,Control,CTRL,Control
0.03244075442341614,All fibroblasts,Control,CTRL,Control
-0.05073734380870398,All fibroblasts,Control,CTRL,Control
0.06663090518131244,All fibroblasts,Control,CTRL,Control
0.07297202474140567,All fibroblasts,Control,CTRL,Control
0.04384590077902824,All fibroblasts,Control,CTRL,Control
-0.05238698085480306,All fibroblasts,Control,CTRL,Control
-0.07956807605864918,All fibroblasts,Control,CTRL,Control
0.014362687043951463,All fibroblasts,Control,CTRL,Control
-0.0433344208903814,All fibroblasts,Control,CTRL,Control
-0.06564505088104863,All fibroblasts,Control,CTRL,Control
-0.001143359452376716,All fibroblasts,Control,CTRL,Control
-0.0632189894657888,All fibroblasts,Control,CTRL,Control
0.001727349738280419,All fibroblasts,Control,CTRL,Control
-0.10748516929971777,All fibroblasts,Control,CTRL,Control
-0.010622534826156396,All fibroblasts,Control,CTRL,Control
-0.027432463599992928,All fibroblasts,Control,CTRL,Control
-0.03603750849402604,All fibroblasts,Control,CTRL,Control
-0.1291602838015993,All fibroblasts,Control,CTRL,Control
-0.08172688424101515,All fibroblasts,Control,CTRL,Control
0.044839681556310566,All fibroblasts,Control,CTRL,Control
0.029779933041371144,All fibroblasts,Control,CTRL,Control
0.04917024841120106,All fibroblasts,Control,CTRL,Control
-0.008546821621835631,All fibroblasts,Control,CTRL,Control
-0.0031142091461684868,All fibroblasts,Control,CTRL,Control
0.02138435009113043,All fibroblasts,Control,CTRL,Control
-0.0714627764512579,All fibroblasts,Control,CTRL,Control
0.11014094419437422,All fibroblasts,Control,CTRL,Control
0.04000474521278488,All fibroblasts,Control,CTRL,Control
0.09190316899101954,All fibroblasts,Control,CTRL,Control
-0.08419224937206936,All fibroblasts,Control,CTRL,Control
0.06423204194412092,All fibroblasts,Control,CTRL,Control
0.16790734462549087,All fibroblasts,Control,CTRL,Control
-0.11213636461512705,All fibroblasts,Control,CTRL,Control
-0.06665077477872279,All fibroblasts,Control,CTRL,Control
0.14769388389066235,All fibroblasts,Control,CTRL,Control
-0.04725700322143188,All fibroblasts,Control,CTRL,Control
0.09399209724932117,All fibroblasts,Control,CTRL,Control
-0.041650982707481965,All fibroblasts,Control,CTRL,Control
0.05311008045926709,All fibroblasts,Control,CTRL,Control
-0.045572023619882156,All fibroblasts,Control,CTRL,Control
-0.01998087988971676,All fibroblasts,Control,CTRL,Control
-0.015059063964518771,All fibroblasts,Control,CTRL,Control
-0.03752875227046452,All fibroblasts,Control,CTRL,Control
-0.10489911997557526,All fibroblasts,Control,CTRL,Control
0.1398767541667962,All fibroblasts,Control,CTRL,Control
-0.12743314707914374,All fibroblasts,Control,CTRL,Control
-0.060506433327922174,All fibroblasts,Control,CTRL,Control
0.007353926937034754,All fibroblasts,Control,CTRL,Control
0.053677243810314273,All fibroblasts,Control,CTRL,Control
-0.0029631963540208755,All fibroblasts,Control,CTRL,Control
-0.04869908681831487,All fibroblasts,Control,CTRL,Control
0.015154790763306404,All fibroblasts,Control,CTRL,Control
0.08799071176011451,All fibroblasts,Control,CTRL,Control
-0.09769984023331812,All fibroblasts,Control,CTRL,Control
0.05616884600428349,All fibroblasts,Control,CTRL,Control
-0.03238040133653196,All fibroblasts,Control,CTRL,Control
0.022170119741674165,All fibroblasts,Control,CTRL,Control
-0.03642125403089772,All fibroblasts,Control,CTRL,Control
-0.018721426189383286,All fibroblasts,Control,CTRL,Control
0.029101349461122156,All fibroblasts,Control,CTRL,Control
0.0669553813249968,All fibroblasts,Control,CTRL,Control
0.07036027845895526,All fibroblasts,Control,CTRL,Control
0.14099305417972394,All fibroblasts,Control,CTRL,Control
0.05339637955252684,All fibroblasts,Control,CTRL,Control
0.14264939883397315,All fibroblasts,Control,CTRL,Control
-0.09273868388473999,All fibroblasts,Control,CTRL,Control
0.05010868842893009,All fibroblasts,Control,CTRL,Control
0.019063769869761063,All fibroblasts,Control,CTRL,Control
-0.07650656496046272,All fibroblasts,Control,CTRL,Control
-0.04742048869159012,All fibroblasts,Control,CTRL,Control
0.11822534162503517,All fibroblasts,Control,CTRL,Control
-0.03401005445095022,All fibroblasts,Control,CTRL,Control
0.0649766494742615,All fibroblasts,Control,CTRL,Control
0.0670616552380005,All fibroblasts,Control,CTRL,Control
0.04308361041412884,All fibroblasts,Control,CTRL,Control
0.0516592672438986,All fibroblasts,Control,CTRL,Control
0.06393811993629617,All fibroblasts,Control,CTRL,Control
0.049966149239370095,All fibroblasts,Control,CTRL,Control
-0.10660284083467585,All fibroblasts,Control,CTRL,Control
0.07074055913882543,All fibroblasts,Control,CTRL,Control
0.014337957680074839,All fibroblasts,Control,CTRL,Control
0.16804407152871892,All fibroblasts,Control,CTRL,Control
-0.052331278803039,All fibroblasts,Control,CTRL,Control
0.02022683986860563,All fibroblasts,Control,CTRL,Control
-0.032891904082344346,All fibroblasts,Control,CTRL,Control
-0.039229751638623654,All fibroblasts,Control,CTRL,Control
0.1318651812387382,All fibroblasts,Control,CTRL,Control
-0.007220478165672187,All fibroblasts,Control,CTRL,Control
0.008221058696874532,All fibroblasts,Control,CTRL,Control
-0.0006204013378434457,All fibroblasts,Control,CTRL,Control
-0.06498882604872433,All fibroblasts,Control,CTRL,Control
0.09644506406058734,All fibroblasts,Control,CTRL,Control
0.04262331324319178,All fibroblasts,Control,CTRL,Control
0.11403208756789768,All fibroblasts,Control,CTRL,Control
0.06876813138520936,All fibroblasts,Control,CTRL,Control
0.18916739495086554,All fibroblasts,Control,CTRL,Control
-0.04086159173349853,All fibroblasts,Control,CTRL,Control
0.1288327049766437,All fibroblasts,Control,CTRL,Control
0.0863494893412027,All fibroblasts,Control,CTRL,Control
0.00276651639021383,All fibroblasts,Control,CTRL,Control
0.008205759822183394,All fibroblasts,Control,CTRL,Control
0.11986683317423771,All fibroblasts,Control,CTRL,Control
-0.05598655488696567,All fibroblasts,Control,CTRL,Control
0.04625766330708292,All fibroblasts,Control,CTRL,Control
0.04620952765297139,All fibroblasts,Control,CTRL,Control
0.06549216052733893,All fibroblasts,Control,CTRL,Control
0.08352500395414839,All fibroblasts,Control,CTRL,Control
-0.06007390517736614,All fibroblasts,Control,CTRL,Control
0.05082112105035108,All fibroblasts,Control,CTRL,Control
-0.03810663218025108,All fibroblasts,Control,CTRL,Control
0.04766381444087797,All fibroblasts,Control,CTRL,Control
0.0650144933140637,All fibroblasts,Control,CTRL,Control
-0.004968086984855704,All fibroblasts,Control,CTRL,Control
0.03915634945844176,All fibroblasts,Control,CTRL,Control
-0.044799870374286815,All fibroblasts,Control,CTRL,Control
-0.03430389631123185,All fibroblasts,Control,CTRL,Control
0.08487594200763648,All fibroblasts,Control,CTRL,Control
0.18182810349108242,All fibroblasts,Control,CTRL,Control
-0.07295486326724782,All fibroblasts,Control,CTRL,Control
-0.08733254795093039,All fibroblasts,Control,CTRL,Control
0.02512997081830988,All fibroblasts,Control,CTRL,Control
0.09624357320017411,All fibroblasts,Control,CTRL,Control
-0.057227848866918174,All fibroblasts,Control,CTRL,Control
0.021988146945585686,All fibroblasts,Control,CTRL,Control
0.0336276771121589,All fibroblasts,Control,CTRL,Control
0.11556316865449873,All fibroblasts,Control,CTRL,Control
0.14511977042509744,All fibroblasts,Control,CTRL,Control
0.0476352673974656,All fibroblasts,Control,CTRL,Control
-0.07557382873642196,All fibroblasts,Control,CTRL,Control
-0.03094780061346681,All fibroblasts,Control,CTRL,Control
0.21414469594479327,All fibroblasts,Control,CTRL,Control
-0.11269228340486279,All fibroblasts,Control,CTRL,Control
0.026569896509128582,All fibroblasts,Control,CTRL,Control
0.15823536798503005,All fibroblasts,Control,CTRL,Control
0.10095356306039747,All fibroblasts,Control,CTRL,Control
-0.03250169281298482,All fibroblasts,Control,CTRL,Control
0.02108279128091722,All fibroblasts,Control,CTRL,Control
0.17075859423120324,All fibroblasts,Control,CTRL,Control
0.09844004816093169,All fibroblasts,Control,CTRL,Control
0.19172159341397155,All fibroblasts,Control,CTRL,Control
-0.04535263341339034,All fibroblasts,Control,CTRL,Control
-0.12148904000295094,All fibroblasts,Control,CTRL,Control
-0.24750462324750103,All fibroblasts,Control,CTRL,Control
-0.0460306300165204,All fibroblasts,Control,CTRL,Control
-0.01968907598768936,All fibroblasts,Control,CTRL,Control
0.032464427039645624,All fibroblasts,Control,CTRL,Control
0.023582232463692593,All fibroblasts,Control,CTRL,Control
0.13792147648238992,All fibroblasts,Control,CTRL,Control
-0.006012106010069997,All fibroblasts,Control,CTRL,Control
0.15820378565796184,All fibroblasts,Control,CTRL,Control
0.04342866062512482,All fibroblasts,Control,CTRL,Control
-0.07092176496443853,All fibroblasts,Control,CTRL,Control
-0.09403150692005538,All fibroblasts,Control,CTRL,Control
-0.0449197734572504,All fibroblasts,Control,CTRL,Control
0.11646027582528051,All fibroblasts,Control,CTRL,Control
-0.04632167310732145,All fibroblasts,Control,CTRL,Control
0.11968548573245925,All fibroblasts,Control,CTRL,Control
0.04758264042795834,All fibroblasts,Control,CTRL,Control
0.1061144409737735,All fibroblasts,Control,CTRL,Control
0.010958840827463984,All fibroblasts,Control,CTRL,Control
0.011670326521991707,All fibroblasts,Control,CTRL,Control
0.04070172749304082,All fibroblasts,Control,CTRL,Control
0.057851020760460385,All fibroblasts,Control,CTRL,Control
0.03985095871226914,All fibroblasts,Control,CTRL,Control
0.12328241419671257,All fibroblasts,Control,CTRL,Control
-0.036519809967209854,All fibroblasts,Control,CTRL,Control
-0.013264305126565474,All fibroblasts,Control,CTRL,Control
-0.07141962655297406,All fibroblasts,Control,CTRL,Control
0.03782206415014066,All fibroblasts,Control,CTRL,Control
0.033456143683385266,All fibroblasts,Control,CTRL,Control
0.14058405429900261,All fibroblasts,Control,CTRL,Control
0.023647116716076423,All fibroblasts,Control,CTRL,Control
0.1261939795783522,All fibroblasts,Control,CTRL,Control
0.022320885660928283,All fibroblasts,Control,CTRL,Control
-0.13302186055161247,All fibroblasts,Control,CTRL,Control
0.04160090319716579,All fibroblasts,Control,CTRL,Control
0.14413790035117816,All fibroblasts,Control,CTRL,Control
-0.09120052253393598,All fibroblasts,Control,CTRL,Control
-0.016520949976247933,All fibroblasts,Control,CTRL,Control
0.034950602148868054,All fibroblasts,Control,CTRL,Control
0.058546370606975824,All fibroblasts,Control,CTRL,Control
-0.1239710944765744,All fibroblasts,Control,CTRL,Control
0.028590326572416426,All fibroblasts,Control,CTRL,Control
0.04324112526795093,All fibroblasts,Control,CTRL,Control
-0.03753986374667157,All fibroblasts,Control,CTRL,Control
-0.09694813931261856,All fibroblasts,Control,CTRL,Control
0.0027839360932551127,All fibroblasts,Control,CTRL,Control
0.091500074086146,All fibroblasts,Control,CTRL,Control
0.06266321771818197,All fibroblasts,Control,CTRL,Control
0.00990505790826181,All fibroblasts,Control,CTRL,Control
0.005764278425859703,All fibroblasts,Control,CTRL,Control
-0.14901993577949046,All fibroblasts,Control,CTRL,Control
0.06742536204586992,All fibroblasts,Control,CTRL,Control
-0.035526181420346054,All fibroblasts,Control,CTRL,Control
0.040000877856049194,All fibroblasts,Control,CTRL,Control
0.010260202767085553,All fibroblasts,Control,CTRL,Control
-0.1178447439529414,All fibroblasts,Control,CTRL,Control
0.10022569021039686,All fibroblasts,Control,CTRL,Control
-0.11143177247306588,All fibroblasts,Control,CTRL,Control
0.2313833102293816,All fibroblasts,Control,CTRL,Control
-0.12664535170114466,All fibroblasts,Control,CTRL,Control
-0.010089538559113584,All fibroblasts,Control,CTRL,Control
0.08170572420352987,All fibroblasts,Control,CTRL,Control
-0.018029038924393566,All fibroblasts,Control,CTRL,Control
-0.10573347612057271,All fibroblasts,Control,CTRL,Control
-0.0728675946964296,All fibroblasts,Control,CTRL,Control
-0.01828045982692108,All fibroblasts,Control,CTRL,Control
0.22654079808698047,All fibroblasts,Control,CTRL,Control
7.79798330367773e-05,All fibroblasts,Control,CTRL,Control
0.03524469284089797,All fibroblasts,Control,CTRL,Control
-0.03948778529975795,All fibroblasts,Control,CTRL,Control
0.08209030755185141,All fibroblasts,Control,CTRL,Control
-0.07434874748357821,All fibroblasts,Control,CTRL,Control
0.0978174416517875,All fibroblasts,Control,CTRL,Control
-0.11861554731320485,All fibroblasts,Control,CTRL,Control
0.03208744842702255,All fibroblasts,Control,CTRL,Control
0.09222964243754986,All fibroblasts,Control,CTRL,Control
0.08121881678102526,All fibroblasts,Control,CTRL,Control
0.04967325143107536,All fibroblasts,Control,CTRL,Control
-0.0023589826380777286,All fibroblasts,Control,CTRL,Control
0.03011670895493447,All fibroblasts,Control,CTRL,Control
-0.1544794355799498,All fibroblasts,Control,CTRL,Control
0.049569028855822775,All fibroblasts,Control,CTRL,Control
-0.017199086693116754,All fibroblasts,Control,CTRL,Control
0.0028544369773506953,All fibroblasts,Control,CTRL,Control
0.09878872422718371,All fibroblasts,Control,CTRL,Control
-0.2033870407145486,All fibroblasts,Control,CTRL,Control
0.028061120948513367,All fibroblasts,Control,CTRL,Control
-0.004224343649110044,All fibroblasts,Control,CTRL,Control
0.019713592009516737,All fibroblasts,Control,CTRL,Control
-0.10488955192385356,All fibroblasts,Control,CTRL,Control
-0.01761262932252433,All fibroblasts,Control,CTRL,Control
0.0632837352526718,All fibroblasts,Control,CTRL,Control
-0.0004758806361539929,All fibroblasts,Control,CTRL,Control
-0.05678675525049723,All fibroblasts,Control,CTRL,Control
-0.020357833944897992,All fibroblasts,Control,CTRL,Control
0.07047062235781824,All fibroblasts,Control,CTRL,Control
-0.023969526042017308,All fibroblasts,Control,CTRL,Control
0.08569928901266273,All fibroblasts,Control,CTRL,Control
0.002097518137066934,All fibroblasts,Control,CTRL,Control
-0.12366350567751408,All fibroblasts,Control,CTRL,Control
0.024712169429393745,All fibroblasts,Control,CTRL,Control
-0.05533507471906605,All fibroblasts,Control,CTRL,Control
0.047665839753455674,All fibroblasts,Control,CTRL,Control
0.06610838163103357,All fibroblasts,Control,CTRL,Control
0.021583232214386714,All fibroblasts,Control,CTRL,Control
-0.1931314978946505,All fibroblasts,Control,CTRL,Control
0.052770404421514844,All fibroblasts,Control,CTRL,Control
0.06162251645928356,All fibroblasts,Control,CTRL,Control
0.2434109013801387,All fibroblasts,Control,CTRL,Control
0.009028766253577278,All fibroblasts,Control,CTRL,Control
-0.029811502078816075,All fibroblasts,Control,CTRL,Control
0.09140111224142017,All fibroblasts,Control,CTRL,Control
0.11624866414284453,All fibroblasts,Control,CTRL,Control
-0.04634964987444298,All fibroblasts,Control,CTRL,Control
-0.09567068557157937,All fibroblasts,Control,CTRL,Control
0.06567099927281637,All fibroblasts,Control,CTRL,Control
-0.026975539718823327,All fibroblasts,Control,CTRL,Control
-0.06252445627707916,All fibroblasts,Control,CTRL,Control
0.1113666610646299,All fibroblasts,Control,CTRL,Control
0.11404144775929317,All fibroblasts,Control,CTRL,Control
0.09448137017515869,All fibroblasts,Control,CTRL,Control
0.05202484545471175,All fibroblasts,Control,CTRL,Control
-0.011993847589897622,All fibroblasts,Control,CTRL,Control
0.0635743786769667,All fibroblasts,Control,CTRL,Control
0.07724603456924278,All fibroblasts,Control,CTRL,Control
0.08236966360036492,All fibroblasts,Control,CTRL,Control
0.08801714582611757,All fibroblasts,Control,CTRL,Control
-0.04538735338615844,All fibroblasts,Control,CTRL,Control
0.06604188896584604,All fibroblasts,Control,CTRL,Control
-0.1577101191551203,All fibroblasts,Control,CTRL,Control
0.06736302606364684,All fibroblasts,Control,CTRL,Control
0.043124464189986764,All fibroblasts,Control,CTRL,Control
0.061938846535784214,All fibroblasts,Control,CTRL,Control
-0.05085971800789622,All fibroblasts,Control,CTRL,Control
-0.028173627960544838,All fibroblasts,Control,CTRL,Control
0.0064981149967645955,All fibroblasts,Control,CTRL,Control
-0.07775227874246224,All fibroblasts,Control,CTRL,Control
0.10556268640592767,All fibroblasts,Control,CTRL,Control
-0.03956179503773774,All fibroblasts,Control,CTRL,Control
0.049866798061936175,All fibroblasts,Control,CTRL,Control
0.004234312668114964,All fibroblasts,Control,CTRL,Control
-0.21812746138057032,All fibroblasts,Control,CTRL,Control
-0.018201834793893146,All fibroblasts,Control,CTRL,Control
-0.0009654790908680821,All fibroblasts,Control,CTRL,Control
-0.03744361150315887,All fibroblasts,Control,CTRL,Control
-0.1447265446440177,All fibroblasts,Control,CTRL,Control
0.15350552250049676,All fibroblasts,Control,CTRL,Control
0.04247579761398957,All fibroblasts,Control,CTRL,Control
-0.0397271897872665,All fibroblasts,Control,CTRL,Control
0.13421222479372655,All fibroblasts,Control,CTRL,Control
-0.01657762079192596,All fibroblasts,Control,CTRL,Control
0.060462742920060694,All fibroblasts,Control,CTRL,Control
0.0991180105331991,All fibroblasts,Control,CTRL,Control
-0.008909077096448613,All fibroblasts,Control,CTRL,Control
-0.006001875036871662,All fibroblasts,Control,CTRL,Control
0.04108582878120143,All fibroblasts,Control,CTRL,Control
-0.10212139053493101,All fibroblasts,Control,CTRL,Control
0.03438287026772935,All fibroblasts,Control,CTRL,Control
0.050699746168808485,All fibroblasts,Control,CTRL,Control
-0.011241701879183537,All fibroblasts,Control,CTRL,Control
0.020697666408726646,All fibroblasts,Control,CTRL,Control
0.00249176376315368,All fibroblasts,Control,CTRL,Control
-0.07286879373963374,All fibroblasts,Control,CTRL,Control
-0.022559503284496293,All fibroblasts,Control,CTRL,Control
-0.018410853768937127,All fibroblasts,Control,CTRL,Control
0.02841048371765641,All fibroblasts,Control,CTRL,Control
0.03588190071447853,All fibroblasts,Control,CTRL,Control
0.013981471173475764,All fibroblasts,Control,CTRL,Control
-0.01418301568257889,All fibroblasts,Control,CTRL,Control
-0.055345783721497836,All fibroblasts,Control,CTRL,Control
-0.11036394982770308,All fibroblasts,Control,CTRL,Control
-0.1389211071046414,All fibroblasts,Control,CTRL,Control
0.09130135792146964,All fibroblasts,Control,CTRL,Control
-0.04985822792185278,All fibroblasts,Control,CTRL,Control
-0.10673754713732875,All fibroblasts,Control,CTRL,Control
-0.0788178629540187,All fibroblasts,Control,CTRL,Control
-0.032993440955014136,All fibroblasts,Control,CTRL,Control
-0.029908042438834288,All fibroblasts,Control,CTRL,Control
0.06729659812263566,All fibroblasts,Control,CTRL,Control
-0.050836081207973983,All fibroblasts,Control,CTRL,Control
-0.07139955623876189,All fibroblasts,Control,CTRL,Control
0.013521212962875418,All fibroblasts,Control,CTRL,Control
-0.10479663964299872,All fibroblasts,Control,CTRL,Control
0.06666621178979518,All fibroblasts,Control,CTRL,Control
-0.1134681641011967,All fibroblasts,Control,CTRL,Control
0.24465064009375365,All fibroblasts,Control,CTRL,Control
0.025646164566601945,All fibroblasts,Control,CTRL,Control
-0.15886157372463772,All fibroblasts,Control,CTRL,Control
-0.10715495032584074,All fibroblasts,Control,CTRL,Control
0.028625772201862354,All fibroblasts,Control,CTRL,Control
-0.06473314657942794,All fibroblasts,Control,CTRL,Control
-0.01745976493253998,All fibroblasts,Control,CTRL,Control
0.052576429185467816,All fibroblasts,Control,CTRL,Control
-0.09263849907745723,All fibroblasts,Control,CTRL,Control
-0.038181005519843075,All fibroblasts,Control,CTRL,Control
-0.13786182852586987,All fibroblasts,Control,CTRL,Control
-0.2715788819842691,All fibroblasts,Control,CTRL,Control
-0.04531058730535854,All fibroblasts,Control,CTRL,Control
0.09911482370469092,All fibroblasts,Control,CTRL,Control
0.02633837269016569,All fibroblasts,Control,CTRL,Control
-0.008138302869291542,All fibroblasts,Control,CTRL,Control
0.06921592730500317,All fibroblasts,Control,CTRL,Control
0.08641249472661822,All fibroblasts,Control,CTRL,Control
0.2873228473216638,All fibroblasts,Control,CTRL,Control
0.05790705977139255,All fibroblasts,Control,CTRL,Control
-0.1143420509465222,All fibroblasts,Control,CTRL,Control
0.14808246372433545,All fibroblasts,Control,CTRL,Control
-0.07085793580179661,All fibroblasts,Control,CTRL,Control
0.008792465864256983,All fibroblasts,Control,CTRL,Control
0.09376474467408084,All fibroblasts,Control,CTRL,Control
-0.06322250885168383,All fibroblasts,Control,CTRL,Control
0.007394580794038937,All fibroblasts,Control,CTRL,Control
-0.011051099089539471,All fibroblasts,Control,CTRL,Control
-0.0012098428070850455,All fibroblasts,Control,CTRL,Control
0.10387241560732381,All fibroblasts,Control,CTRL,Control
-0.3095202213769548,All fibroblasts,Control,CTRL,Control
0.19788011478398249,All fibroblasts,Control,CTRL,Control
0.056723074836322926,All fibroblasts,Control,CTRL,Control
-0.08120581204803046,All fibroblasts,Control,CTRL,Control
-0.1464221603875703,All fibroblasts,Control,CTRL,Control
0.017572156855752502,All fibroblasts,Control,CTRL,Control
0.003380689949363141,All fibroblasts,Control,CTRL,Control
0.024756936997868892,All fibroblasts,Control,CTRL,Control
-0.05780559408387653,All fibroblasts,Control,CTRL,Control
-0.11121544243137374,All fibroblasts,Control,CTRL,Control
-0.11587935319478362,All fibroblasts,Control,CTRL,Control
-0.04260223158583986,All fibroblasts,Control,CTRL,Control
0.0263655164241374,All fibroblasts,Control,CTRL,Control
-0.020904380992596866,All fibroblasts,Control,CTRL,Control
-0.0575148909697467,All fibroblasts,Control,CTRL,Control
-0.10141583068787464,All fibroblasts,Control,CTRL,Control
-0.022440684981493077,All fibroblasts,Control,CTRL,Control
0.010582660310377476,All fibroblasts,Control,CTRL,Control
-0.11801859088731402,All fibroblasts,Control,CTRL,Control
-0.09800934743506122,All fibroblasts,Control,CTRL,Control
0.08061289161679994,All fibroblasts,Control,CTRL,Control
0.10130210665023714,All fibroblasts,Control,CTRL,Control
-0.011653099378628282,All fibroblasts,Control,CTRL,Control
0.05484087963807788,All fibroblasts,Control,CTRL,Control
0.05495111950841225,All fibroblasts,Control,CTRL,Control
0.03090753669860818,All fibroblasts,Control,CTRL,Control
0.16821530115631572,All fibroblasts,Control,CTRL,Control
0.007284199250238051,All fibroblasts,Control,CTRL,Control
0.04233538626720252,All fibroblasts,Control,CTRL,Control
0.03163414156111281,All fibroblasts,Control,CTRL,Control
-0.11066389766992195,All fibroblasts,Control,CTRL,Control
-0.14536509306209205,All fibroblasts,Control,CTRL,Control
0.053970220947539296,All fibroblasts,Control,CTRL,Control
0.024116228815586206,All fibroblasts,Control,CTRL,Control
-0.17154280265647837,All fibroblasts,Control,CTRL,Control
0.047256919717882345,All fibroblasts,Control,CTRL,Control
0.05155444050418412,All fibroblasts,Control,CTRL,Control
0.007407941671399892,All fibroblasts,Control,CTRL,Control
-0.08193143470051051,All fibroblasts,Control,CTRL,Control
-0.04342119154038283,All fibroblasts,Control,CTRL,Control
-0.02423047963449159,All fibroblasts,Control,CTRL,Control
-0.040140550475530085,All fibroblasts,Control,CTRL,Control
0.11358708161228179,All fibroblasts,Control,CTRL,Control
0.01806790898646586,All fibroblasts,Control,CTRL,Control
-0.06929804077983544,All fibroblasts,Control,CTRL,Control
0.07884085507383883,All fibroblasts,Control,CTRL,Control
-0.04673880554045626,All fibroblasts,Control,CTRL,Control
0.06200988016597026,All fibroblasts,Control,CTRL,Control
-0.029132470657766897,All fibroblasts,Control,CTRL,Control
-0.035522001890323625,All fibroblasts,Control,CTRL,Control
0.05859412632184596,All fibroblasts,Control,CTRL,Control
0.028717605925476435,All fibroblasts,Control,CTRL,Control
0.017614354749014183,All fibroblasts,Control,CTRL,Control
0.007303436539691486,All fibroblasts,Control,CTRL,Control
0.14096175046752263,All fibroblasts,Control,CTRL,Control
0.13262745263841338,All fibroblasts,Control,CTRL,Control
-0.030377374860379284,All fibroblasts,Control,CTRL,Control
-0.07601200008340347,All fibroblasts,Control,CTRL,Control
0.12240291387459866,All fibroblasts,Control,CTRL,Control
0.017338286832365372,All fibroblasts,Control,CTRL,Control
-0.008362268760433226,All fibroblasts,Control,CTRL,Control
-0.07245342722886162,All fibroblasts,Control,CTRL,Control
0.00640185231444116,All fibroblasts,Control,CTRL,Control
0.11484700466624102,All fibroblasts,Control,CTRL,Control
-0.14453334187804545,All fibroblasts,Control,CTRL,Control
0.06776553812019445,All fibroblasts,Control,CTRL,Control
0.012208650482041991,All fibroblasts,Control,CTRL,Control
0.09441529047302047,All fibroblasts,Control,CTRL,Control
0.027417215144142804,All fibroblasts,Control,CTRL,Control
-0.0769974228393436,All fibroblasts,Control,CTRL,Control
0.07921495057775943,All fibroblasts,Control,CTRL,Control
0.011376595298548724,All fibroblasts,Control,CTRL,Control
0.11384299082755585,All fibroblasts,Control,CTRL,Control
-0.1769631489224241,All fibroblasts,Control,CTRL,Control
0.016502482305567827,All fibroblasts,Control,CTRL,Control
0.04721493251035852,All fibroblasts,Control,CTRL,Control
0.061952324359067626,All fibroblasts,Control,CTRL,Control
0.09973141238378475,All fibroblasts,Control,CTRL,Control
-0.039721821315273693,All fibroblasts,Control,CTRL,Control
-0.026203116434222455,All fibroblasts,Control,CTRL,Control
0.03418274003465191,All fibroblasts,Control,CTRL,Control
0.019071992443041072,All fibroblasts,Control,CTRL,Control
0.019380890742887076,All fibroblasts,Control,CTRL,Control
0.15901486791022224,All fibroblasts,Control,CTRL,Control
0.016064361398985844,All fibroblasts,Control,CTRL,Control
-0.04094853278439455,All fibroblasts,Control,CTRL,Control
-0.06420424167884245,All fibroblasts,Control,CTRL,Control
0.01948003960641948,All fibroblasts,Control,CTRL,Control
-0.049774360724242184,All fibroblasts,Control,CTRL,Control
0.053985362938757386,All fibroblasts,Control,CTRL,Control
0.22010659368278232,All fibroblasts,Control,CTRL,Control
-0.0017527168452125194,All fibroblasts,Control,CTRL,Control
0.07122614443933364,All fibroblasts,Control,CTRL,Control
-0.018049941943588194,All fibroblasts,Control,CTRL,Control
0.07967572136624337,All fibroblasts,Control,CTRL,Control
0.17264255986389518,All fibroblasts,Control,CTRL,Control
0.0018135176159396085,All fibroblasts,Control,CTRL,Control
0.0861831002544168,All fibroblasts,Control,CTRL,Control
0.007089700708802871,All fibroblasts,Control,CTRL,Control
-0.09594781250931637,All fibroblasts,Control,CTRL,Control
-0.13609803749646388,All fibroblasts,Control,CTRL,Control
0.058203608421630415,All fibroblasts,Control,CTRL,Control
-0.025176698733770007,All fibroblasts,Control,CTRL,Control
0.09673016474147837,All fibroblasts,Control,CTRL,Control
0.028273657825364333,All fibroblasts,Control,CTRL,Control
-0.01627990456350134,All fibroblasts,Control,CTRL,Control
-0.015080136371379246,All fibroblasts,Control,CTRL,Control
-0.06007634368848543,All fibroblasts,Control,CTRL,Control
-0.06476223996722064,All fibroblasts,Control,CTRL,Control
0.1711332542769401,All fibroblasts,Control,CTRL,Control
-0.04620790429846491,All fibroblasts,Control,CTRL,Control
-0.04769437749382754,All fibroblasts,Control,CTRL,Control
0.10593639706765269,All fibroblasts,Control,CTRL,Control
0.17477265174170947,All fibroblasts,Expanded,EXP,Expanded
0.16145409146485332,All fibroblasts,Expanded,EXP,Expanded
0.18236723160022147,All fibroblasts,Expanded,EXP,Expanded
0.2795921159520141,All fibroblasts,Expanded,EXP,Expanded
0.10543112565446196,All fibroblasts,Expanded,EXP,Expanded
0.18397362302240594,All fibroblasts,Expanded,EXP,Expanded
0.14696690523258768,All fibroblasts,Expanded,EXP,Expanded
0.10627591012458538,All fibroblasts,Expanded,EXP,Expanded
0.015118372163655289,All fibroblasts,Expanded,EXP,Expanded
0.31484468009112704,All fibroblasts,Expanded,EXP,Expanded
0.05296432618883978,All fibroblasts,Expanded,EXP,Expanded
0.18773077911570857,All fibroblasts,Expanded,EXP,Expanded
0.0505084408848161,All fibroblasts,Expanded,EXP,Expanded
0.18528359204225625,All fibroblasts,Expanded,EXP,Expanded
-0.44936152063034346,All fibroblasts,Expanded,EXP,Expanded
0.13366597552911483,All fibroblasts,Expanded,EXP,Expanded
0.15635607341563212,All fibroblasts,Expanded,EXP,Expanded
0.13823752296825473,All fibroblasts,Expanded,EXP,Expanded
0.126891161919105,All fibroblasts,Expanded,EXP,Expanded
0.23868192694547405,All fibroblasts,Expanded,EXP,Expanded
-0.22285127871941962,All fibroblasts,Expanded,EXP,Expanded
0.16995642130033772,All fibroblasts,Expanded,EXP,Expanded
0.14801383608425037,All fibroblasts,Expanded,EXP,Expanded
0.2083079378775633,All fibroblasts,Expanded,EXP,Expanded
0.23037950928768292,All fibroblasts,Expanded,EXP,Expanded
-0.1617999437506198,All fibroblasts,Expanded,EXP,Expanded
0.15340939686433988,All fibroblasts,Expanded,EXP,Expanded
0.27731606090079297,All fibroblasts,Expanded,EXP,Expanded
0.18561232381976323,All fibroblasts,Expanded,EXP,Expanded
0.061971935417823365,All fibroblasts,Expanded,EXP,Expanded
0.16876789925263358,All fibroblasts,Expanded,EXP,Expanded
0.19958252551541944,All fibroblasts,Expanded,EXP,Expanded
0.197673533983973,All fibroblasts,Expanded,EXP,Expanded
0.20618267845537888,All fibroblasts,Expanded,EXP,Expanded
0.056474713311019956,All fibroblasts,Expanded,EXP,Expanded
-0.028030943885245824,All fibroblasts,Expanded,EXP,Expanded
0.24812477079701753,All fibroblasts,Expanded,EXP,Expanded
0.09047590762008263,All fibroblasts,Expanded,EXP,Expanded
0.1891029044967406,All fibroblasts,Expanded,EXP,Expanded
0.21999397498118928,All fibroblasts,Expanded,EXP,Expanded
0.11158354656506586,All fibroblasts,Expanded,EXP,Expanded
0.18504064489934327,All fibroblasts,Expanded,EXP,Expanded
0.12158804494151018,All fibroblasts,Expanded,EXP,Expanded
0.13486717341678417,All fibroblasts,Expanded,EXP,Expanded
0.04450464171854497,All fibroblasts,Expanded,EXP,Expanded
0.19311774144270263,All fibroblasts,Expanded,EXP,Expanded
0.25477743636957556,All fibroblasts,Expanded,EXP,Expanded
0.09243235924127448,All fibroblasts,Expanded,EXP,Expanded
0.1250261902864893,All fibroblasts,Expanded,EXP,Expanded
0.16707925916588,All fibroblasts,Expanded,EXP,Expanded
0.1952734701644088,All fibroblasts,Expanded,EXP,Expanded
0.20863198742462447,All fibroblasts,Expanded,EXP,Expanded
0.193880698339948,All fibroblasts,Expanded,EXP,Expanded
0.28146888257006836,All fibroblasts,Expanded,EXP,Expanded
0.09621631458308463,All fibroblasts,Expanded,EXP,Expanded
0.24641768115108026,All fibroblasts,Expanded,EXP,Expanded
0.07089876475040924,All fibroblasts,Expanded,EXP,Expanded
0.2694321914465487,All fibroblasts,Expanded,EXP,Expanded
-0.14405617373662363,All fibroblasts,Expanded,EXP,Expanded
0.14081322348260472,All fibroblasts,Expanded,EXP,Expanded
0.14847177443016416,All fibroblasts,Expanded,EXP,Expanded
0.17354434225403523,All fibroblasts,Expanded,EXP,Expanded
0.12737258714971375,All fibroblasts,Expanded,EXP,Expanded
0.09677731044647184,All fibroblasts,Expanded,EXP,Expanded
0.12348058328757039,All fibroblasts,Expanded,EXP,Expanded
-0.0830713269431334,All fibroblasts,Control,CTRL,Control
-0.1064763894746607,All fibroblasts,Control,CTRL,Control
0.03263874895815103,All fibroblasts,Control,CTRL,Control
-0.03973132572911238,All fibroblasts,Control,CTRL,Control
0.06794058837210874,All fibroblasts,Control,CTRL,Control
-0.02449867101902664,All fibroblasts,Control,CTRL,Control
-0.03267285260539598,All fibroblasts,Control,CTRL,Control
0.008372627572352787,All fibroblasts,Control,CTRL,Control
-0.016148279514790385,All fibroblasts,Control,CTRL,Control
-0.1548439769110853,All fibroblasts,Control,CTRL,Control
-0.12993873957616014,All fibroblasts,Control,CTRL,Control
-0.02786986557863113,All fibroblasts,Control,CTRL,Control
0.0346873179203973,All fibroblasts,Control,CTRL,Control
-0.07338505966034722,All fibroblasts,Control,CTRL,Control
0.06209741277869354,All fibroblasts,Control,CTRL,Control
0.15879608513570204,All fibroblasts,Control,CTRL,Control
0.17349236820421826,All fibroblasts,Control,CTRL,Control
-0.040534400717375504,All fibroblasts,Control,CTRL,Control
-0.037093605442572744,All fibroblasts,Control,CTRL,Control
-0.11958478220138175,All fibroblasts,Control,CTRL,Control
-0.028895288471191553,All fibroblasts,Control,CTRL,Control
-0.18611704358529552,All fibroblasts,Control,CTRL,Control
0.0467335795733795,All fibroblasts,Control,CTRL,Control
0.04082498813486299,All fibroblasts,Control,CTRL,Control
-0.22291724047832984,All fibroblasts,Control,CTRL,Control
0.007162036353124762,All fibroblasts,Control,CTRL,Control
-0.07018725651494838,All fibroblasts,Control,CTRL,Control
0.09792312322099063,All fibroblasts,Control,CTRL,Control
-0.2606462003498302,All fibroblasts,Control,CTRL,Control
-0.1719404115946033,All fibroblasts,Control,CTRL,Control
0.15904022359234893,All fibroblasts,Control,CTRL,Control
0.03945720874348844,All fibroblasts,Control,CTRL,Control
-0.226101537831508,All fibroblasts,Control,CTRL,Control
0.08154591490877672,All fibroblasts,Control,CTRL,Control
-0.06780427104049745,All fibroblasts,Control,CTRL,Control
-0.027462604918184922,All fibroblasts,Control,CTRL,Control
0.05557884192382808,All fibroblasts,Control,CTRL,Control
-0.060967844619077824,All fibroblasts,Control,CTRL,Control
-0.10149011221351739,All fibroblasts,Control,CTRL,Control
0.05225290914641975,All fibroblasts,Control,CTRL,Control
-0.034638897191639435,All fibroblasts,Control,CTRL,Control
-0.10364110322284012,All fibroblasts,Control,CTRL,Control
0.004431241457560454,All fibroblasts,Control,CTRL,Control
-0.12492392640936675,All fibroblasts,Control,CTRL,Control
-0.06029684314256929,All fibroblasts,Control,CTRL,Control
-0.01682188559626417,All fibroblasts,Control,CTRL,Control
-0.23784742740024437,All fibroblasts,Control,CTRL,Control
-0.11052299400014359,All fibroblasts,Control,CTRL,Control
-0.046346060694846015,All fibroblasts,Control,CTRL,Control
-0.05808167276470463,All fibroblasts,Control,CTRL,Control
-0.04408148168150437,All fibroblasts,Control,CTRL,Control
-0.10025555667845265,All fibroblasts,Control,CTRL,Control
0.028030341801934196,All fibroblasts,Control,CTRL,Control
0.04131753179320636,All fibroblasts,Control,CTRL,Control
-0.10053977220408752,All fibroblasts,Control,CTRL,Control
0.1091650947907967,All fibroblasts,Control,CTRL,Control
0.056678237912267226,All fibroblasts,Control,CTRL,Control
-0.05666213103946665,All fibroblasts,Control,CTRL,Control
-0.0029875691430877177,All fibroblasts,Control,CTRL,Control
0.023639479616974556,All fibroblasts,Control,CTRL,Control
-0.095345719297831,All fibroblasts,Control,CTRL,Control
0.06409106792472746,All fibroblasts,Control,CTRL,Control
0.2223971037992149,All fibroblasts,Control,CTRL,Control
-0.08236174540646465,All fibroblasts,Control,CTRL,Control
-0.022403758167238774,All fibroblasts,Control,CTRL,Control
-0.08332128642776146,All fibroblasts,Control,CTRL,Control
0.04580183493786903,All fibroblasts,Control,CTRL,Control
0.14733698017525315,All fibroblasts,Control,CTRL,Control
0.07586954300553105,All fibroblasts,Control,CTRL,Control
-0.1324451540467917,All fibroblasts,Control,CTRL,Control
0.0905472339203106,All fibroblasts,Control,CTRL,Control
-0.03294386618658413,All fibroblasts,Control,CTRL,Control
-0.06851572381975284,All fibroblasts,Control,CTRL,Control
-0.040441316402044694,All fibroblasts,Control,CTRL,Control
-0.224011987010043,All fibroblasts,Control,CTRL,Control
0.03817556773579331,All fibroblasts,Control,CTRL,Control
0.010711206739821759,All fibroblasts,Control,CTRL,Control
0.03662432407139809,All fibroblasts,Control,CTRL,Control
-0.03518429687314102,All fibroblasts,Control,CTRL,Control
0.01178861838750548,All fibroblasts,Control,CTRL,Control
-0.03639036626481906,All fibroblasts,Control,CTRL,Control
0.018049309215495933,All fibroblasts,Control,CTRL,Control
-0.024589746353511438,All fibroblasts,Control,CTRL,Control
-0.1626513127942311,All fibroblasts,Control,CTRL,Control
-0.16690078066778732,All fibroblasts,Control,CTRL,Control
-0.061674302726107744,All fibroblasts,Control,CTRL,Control
-0.06617695391922715,All fibroblasts,Control,CTRL,Control
0.01790976193654697,All fibroblasts,Control,CTRL,Control
-0.1740769836689628,All fibroblasts,Control,CTRL,Control
0.029680687543554584,All fibroblasts,Control,CTRL,Control
-0.14446133713507467,All fibroblasts,Control,CTRL,Control
-0.0962003911002617,All fibroblasts,Control,CTRL,Control
-0.018821424260290532,All fibroblasts,Control,CTRL,Control
0.010662559816281517,All fibroblasts,Control,CTRL,Control
0.06207576182778908,All fibroblasts,Control,CTRL,Control
-0.00406204251475796,All fibroblasts,Control,CTRL,Control
-0.1405828270923201,All fibroblasts,Control,CTRL,Control
-0.0878657579385361,All fibroblasts,Control,CTRL,Control
0.1011726858616982,All fibroblasts,Control,CTRL,Control
-0.305878557280517,All fibroblasts,Control,CTRL,Control
-0.01643863178356197,All fibroblasts,Control,CTRL,Control
-0.1653958235227337,All fibroblasts,Control,CTRL,Control
-0.11373781497200885,All fibroblasts,Control,CTRL,Control
-0.2980855533460667,All fibroblasts,Control,CTRL,Control
-0.26400869737741317,All fibroblasts,Control,CTRL,Control
-0.0963598810664257,All fibroblasts,Control,CTRL,Control
-0.05783543110313615,All fibroblasts,Control,CTRL,Control
0.01469131128543107,All fibroblasts,Control,CTRL,Control
-0.06287498733760973,All fibroblasts,Control,CTRL,Control
0.04286331503798292,All fibroblasts,Control,CTRL,Control
0.038311033344575945,All fibroblasts,Control,CTRL,Control
-0.010985068150828371,All fibroblasts,Control,CTRL,Control
-0.036198463763953664,All fibroblasts,Control,CTRL,Control
0.009218188484390853,All fibroblasts,Control,CTRL,Control
-0.08574437498178526,All fibroblasts,Control,CTRL,Control
-0.030732038008971806,All fibroblasts,Control,CTRL,Control
-0.03563802833772488,All fibroblasts,Control,CTRL,Control
-0.10496298059113873,All fibroblasts,Control,CTRL,Control
-0.0161812880103158,All fibroblasts,Control,CTRL,Control
-0.12908022250187495,All fibroblasts,Control,CTRL,Control
-0.017500916636773417,All fibroblasts,Control,CTRL,Control
-0.0029209472526021026,All fibroblasts,Control,CTRL,Control
-0.08788487033051168,All fibroblasts,Control,CTRL,Control
-0.14356022643912122,All fibroblasts,Control,CTRL,Control
0.037569837583358245,All fibroblasts,Control,CTRL,Control
-0.052424247069791055,All fibroblasts,Control,CTRL,Control
-0.013200325194630252,All fibroblasts,Control,CTRL,Control
-0.06829901655348448,All fibroblasts,Control,CTRL,Control
-0.040616361877643066,All fibroblasts,Control,CTRL,Control
0.13176821383651482,All fibroblasts,Control,CTRL,Control
-0.025280721832932035,All fibroblasts,Control,CTRL,Control
0.14628033963335207,All fibroblasts,Control,CTRL,Control
0.14299874071693067,All fibroblasts,Control,CTRL,Control
-0.191758369201586,All fibroblasts,Control,CTRL,Control
-0.16763651618730854,All fibroblasts,Control,CTRL,Control
-0.18619919225872641,All fibroblasts,Control,CTRL,Control
0.016720768276778646,All fibroblasts,Control,CTRL,Control
-0.08049001118948809,All fibroblasts,Control,CTRL,Control
-0.01721121743662642,All fibroblasts,Control,CTRL,Control
0.0747908084216693,All fibroblasts,Control,CTRL,Control
0.04517966829588467,All fibroblasts,Control,CTRL,Control
-0.13086176260986737,All fibroblasts,Control,CTRL,Control
0.13353855602963266,All fibroblasts,Control,CTRL,Control
-0.10943488527413597,All fibroblasts,Control,CTRL,Control
-0.04723314125774332,All fibroblasts,Control,CTRL,Control
-0.0701787046197656,All fibroblasts,Control,CTRL,Control
-0.055938274628032844,All fibroblasts,Control,CTRL,Control
0.04540095697106577,All fibroblasts,Control,CTRL,Control
-0.10157767043952844,All fibroblasts,Control,CTRL,Control
-0.1378819944926264,All fibroblasts,Control,CTRL,Control
0.0967323009844534,All fibroblasts,Control,CTRL,Control
0.005992609417117567,All fibroblasts,Control,CTRL,Control
0.05151287466035777,All fibroblasts,Control,CTRL,Control
-0.33957416968014353,All fibroblasts,Control,CTRL,Control
0.056043217131275205,All fibroblasts,Control,CTRL,Control
0.032321523022921565,All fibroblasts,Control,CTRL,Control
0.1447818811693899,All fibroblasts,Control,CTRL,Control
-0.06561623862058831,All fibroblasts,Control,CTRL,Control
0.022381394322258774,All fibroblasts,Control,CTRL,Control
-0.06555118760290946,All fibroblasts,Control,CTRL,Control
-0.12571823686053105,All fibroblasts,Control,CTRL,Control
-0.2771169622415831,All fibroblasts,Control,CTRL,Control
-0.008590355358566611,All fibroblasts,Control,CTRL,Control
-0.10254896143951009,All fibroblasts,Control,CTRL,Control
-0.034297769859865615,All fibroblasts,Control,CTRL,Control
-0.015154631784733285,All fibroblasts,Control,CTRL,Control
0.015468926783153314,All fibroblasts,Control,CTRL,Control
-0.021681066815482923,All fibroblasts,Control,CTRL,Control
-0.13527014184171549,All fibroblasts,Control,CTRL,Control
-0.02320840748454242,All fibroblasts,Control,CTRL,Control
-0.13024732045338405,All fibroblasts,Control,CTRL,Control
-0.09719131853653087,All fibroblasts,Control,CTRL,Control
-0.18749237254980256,All fibroblasts,Control,CTRL,Control
-0.2266400187318684,All fibroblasts,Control,CTRL,Control
0.010554709388844822,All fibroblasts,Control,CTRL,Control
-0.089139202626276,All fibroblasts,Control,CTRL,Control
-0.07515673866980355,All fibroblasts,Control,CTRL,Control
-0.11373010028806844,All fibroblasts,Control,CTRL,Control
0.0855476552185297,All fibroblasts,Control,CTRL,Control
-0.06409038625999229,All fibroblasts,Control,CTRL,Control
-0.07160159823540255,All fibroblasts,Control,CTRL,Control
-0.008148306381904356,All fibroblasts,Control,CTRL,Control
-0.1644672979003886,All fibroblasts,Control,CTRL,Control
-0.13751517833701216,All fibroblasts,Control,CTRL,Control
0.03412938562120445,All fibroblasts,Control,CTRL,Control
-0.03445719423215307,All fibroblasts,Control,CTRL,Control
0.1539783951496646,All fibroblasts,Control,CTRL,Control
-0.02119898380202606,All fibroblasts,Control,CTRL,Control
-0.13682151226242315,All fibroblasts,Control,CTRL,Control
0.09087612260236252,All fibroblasts,Control,CTRL,Control
-0.01762873801841311,All fibroblasts,Control,CTRL,Control
0.023629254502253373,All fibroblasts,Control,CTRL,Control
-0.22330222968661886,All fibroblasts,Control,CTRL,Control
0.017961364642081434,All fibroblasts,Control,CTRL,Control
-0.058735313863532465,All fibroblasts,Control,CTRL,Control
0.01826129248766301,All fibroblasts,Control,CTRL,Control
-0.2524732793241809,All fibroblasts,Control,CTRL,Control
-0.31786375291363717,All fibroblasts,Control,CTRL,Control
-0.013688167896680477,All fibroblasts,Control,CTRL,Control
0.01324323588185218,All fibroblasts,Control,CTRL,Control
-0.0649174275135832,All fibroblasts,Control,CTRL,Control
-0.01202038708591812,All fibroblasts,Control,CTRL,Control
0.004535700930111922,All fibroblasts,Control,CTRL,Control
-0.1115549047254274,All fibroblasts,Control,CTRL,Control
0.0722864059605602,All fibroblasts,Control,CTRL,Control
-0.05162799336230449,All fibroblasts,Control,CTRL,Control
0.039747547803893425,All fibroblasts,Control,CTRL,Control
-0.043423635849365816,All fibroblasts,Control,CTRL,Control
-0.009449603486357552,All fibroblasts,Control,CTRL,Control
-0.05916410773228428,All fibroblasts,Control,CTRL,Control
0.028188587110072973,All fibroblasts,Control,CTRL,Control
0.21398933440056744,All fibroblasts,Control,CTRL,Control
-0.03180468311398158,All fibroblasts,Control,CTRL,Control
-0.08558014236269688,All fibroblasts,Control,CTRL,Control
-0.057934402446523425,All fibroblasts,Control,CTRL,Control
-0.17053030559180626,All fibroblasts,Control,CTRL,Control
-0.12428507461051326,All fibroblasts,Control,CTRL,Control
0.12373222478274484,All fibroblasts,Control,CTRL,Control
0.008580748573160407,All fibroblasts,Control,CTRL,Control
-0.06419204699911502,All fibroblasts,Control,CTRL,Control
-0.0747580447084263,All fibroblasts,Control,CTRL,Control
-0.05383784702044675,All fibroblasts,Control,CTRL,Control
-0.23669037808546775,All fibroblasts,Control,CTRL,Control
-0.04797533069553642,All fibroblasts,Control,CTRL,Control
-0.1019318960446712,All fibroblasts,Control,CTRL,Control
-0.009244387151055758,All fibroblasts,Control,CTRL,Control
-0.00596332490395813,All fibroblasts,Control,CTRL,Control
-0.09252784619141295,All fibroblasts,Control,CTRL,Control
-0.08664477958890998,All fibroblasts,Control,CTRL,Control
-0.007392828128808131,All fibroblasts,Control,CTRL,Control
0.028880359560524028,All fibroblasts,Control,CTRL,Control
0.03369677584888924,All fibroblasts,Control,CTRL,Control
0.184901548910976,All fibroblasts,Control,CTRL,Control
-0.011305549641114153,All fibroblasts,Control,CTRL,Control
-0.1046499442646876,All fibroblasts,Control,CTRL,Control
0.023946911044986478,All fibroblasts,Control,CTRL,Control
-0.0059177721734011875,All fibroblasts,Control,CTRL,Control
0.07774085635020532,All fibroblasts,Control,CTRL,Control
-0.10896463718684407,All fibroblasts,Control,CTRL,Control
0.020236096746229622,All fibroblasts,Control,CTRL,Control
-0.0949455009209703,All fibroblasts,Control,CTRL,Control
0.0358890521826477,All fibroblasts,Control,CTRL,Control
-0.14026378124348732,All fibroblasts,Control,CTRL,Control
-0.01893616394559948,All fibroblasts,Control,CTRL,Control
-0.11162727516708361,All fibroblasts,Control,CTRL,Control
0.1375230634677356,All fibroblasts,Control,CTRL,Control
0.01384317902647575,All fibroblasts,Control,CTRL,Control
-0.0986141989455577,All fibroblasts,Control,CTRL,Control
-0.07627816086279186,All fibroblasts,Control,CTRL,Control
-0.0027536285103580797,All fibroblasts,Control,CTRL,Control
-0.30372466724258357,All fibroblasts,Control,CTRL,Control
-0.04099124913910427,All fibroblasts,Control,CTRL,Control
0.00517364293130608,All fibroblasts,Control,CTRL,Control
-0.03149713094065506,All fibroblasts,Control,CTRL,Control
0.0018421894325986107,All fibroblasts,Control,CTRL,Control
0.0489813692860121,All fibroblasts,Control,CTRL,Control
-0.0572285267403284,All fibroblasts,Control,CTRL,Control
-0.04432506059451384,All fibroblasts,Control,CTRL,Control
0.08317520397960246,All fibroblasts,Control,CTRL,Control
0.06821292946809329,All fibroblasts,Control,CTRL,Control
-0.0006519601678107168,All fibroblasts,Control,CTRL,Control
-0.024747354717616604,All fibroblasts,Control,CTRL,Control
0.03117973855343767,All fibroblasts,Control,CTRL,Control
-0.001075792386073783,All fibroblasts,Control,CTRL,Control
-0.0472984812668443,All fibroblasts,Control,CTRL,Control
-0.033419102448920046,All fibroblasts,Control,CTRL,Control
0.016359429286344807,All fibroblasts,Control,CTRL,Control
-0.23707117295709865,All fibroblasts,Control,CTRL,Control
-0.09806064175180722,All fibroblasts,Control,CTRL,Control
0.014113783579148081,All fibroblasts,Control,CTRL,Control
0.045048570343517225,All fibroblasts,Control,CTRL,Control
0.006457365935035661,All fibroblasts,Control,CTRL,Control
0.009517158633146637,All fibroblasts,Control,CTRL,Control
0.10536674866912202,All fibroblasts,Control,CTRL,Control
-0.2664595072627289,All fibroblasts,Control,CTRL,Control
-0.07062300010177176,All fibroblasts,Control,CTRL,Control
0.05941793036077175,All fibroblasts,Control,CTRL,Control
-0.0818298710228643,All fibroblasts,Control,CTRL,Control
-0.09144416364314399,All fibroblasts,Control,CTRL,Control
-0.0009666083280902779,All fibroblasts,Control,CTRL,Control
0.027946801180436825,All fibroblasts,Control,CTRL,Control
0.05420182324345726,All fibroblasts,Control,CTRL,Control
0.107744723796648,All fibroblasts,Control,CTRL,Control
-0.16082595288991425,All fibroblasts,Control,CTRL,Control
-0.02273982828926811,All fibroblasts,Control,CTRL,Control
0.08215476755936514,All fibroblasts,Control,CTRL,Control
0.011236732902019222,All fibroblasts,Control,CTRL,Control
-0.05952908737806298,All fibroblasts,Control,CTRL,Control
0.025654298754194074,All fibroblasts,Control,CTRL,Control
-0.06050157046348521,All fibroblasts,Control,CTRL,Control
-0.03920713582120573,All fibroblasts,Control,CTRL,Control
-0.030608466856000542,All fibroblasts,Control,CTRL,Control
0.04531910617682971,All fibroblasts,Control,CTRL,Control
0.05901801426618084,All fibroblasts,Control,CTRL,Control
-0.06276809939035717,All fibroblasts,Control,CTRL,Control
0.002797394918499438,All fibroblasts,Control,CTRL,Control
-0.048256717610566935,All fibroblasts,Control,CTRL,Control
0.17930907161545334,All fibroblasts,Control,CTRL,Control
0.10321316661186625,All fibroblasts,Control,CTRL,Control
-0.10336929881756986,All fibroblasts,Control,CTRL,Control
-0.08233420861861773,All fibroblasts,Control,CTRL,Control
0.006811159698498825,All fibroblasts,Control,CTRL,Control
0.018241222382444022,All fibroblasts,Control,CTRL,Control
-0.11063922091718029,All fibroblasts,Control,CTRL,Control
0.012371756255096178,All fibroblasts,Control,CTRL,Control
0.05214709954099438,All fibroblasts,Control,CTRL,Control
0.01966677033791356,All fibroblasts,Control,CTRL,Control
-0.05113297027014845,All fibroblasts,Control,CTRL,Control
-0.06214030270776741,All fibroblasts,Control,CTRL,Control
-0.06272783738618923,All fibroblasts,Control,CTRL,Control
0.055892238675407435,All fibroblasts,Control,CTRL,Control
-0.02811284041377781,All fibroblasts,Control,CTRL,Control
-0.339911567842626,All fibroblasts,Control,CTRL,Control
0.042518509592364404,All fibroblasts,Control,CTRL,Control
-0.05666815850688456,All fibroblasts,Control,CTRL,Control
-0.009208221101109887,All fibroblasts,Control,CTRL,Control
-0.010882970557737617,All fibroblasts,Control,CTRL,Control
0.04879189760866507,All fibroblasts,Control,CTRL,Control
-0.05924359773010923,All fibroblasts,Control,CTRL,Control
-0.004256623607669394,All fibroblasts,Control,CTRL,Control
-0.10780060852884209,All fibroblasts,Control,CTRL,Control
-0.1014486269865015,All fibroblasts,Control,CTRL,Control
-0.13637463830017424,All fibroblasts,Control,CTRL,Control
-0.07303679852518541,All fibroblasts,Control,CTRL,Control
-0.01943406750853264,All fibroblasts,Control,CTRL,Control
-0.13103976252156918,All fibroblasts,Control,CTRL,Control
-0.005474907492633775,All fibroblasts,Control,CTRL,Control
-0.1454515007179617,All fibroblasts,Control,CTRL,Control
-0.10155935597730842,All fibroblasts,Control,CTRL,Control
0.06366128408091026,All fibroblasts,Control,CTRL,Control
-0.2983857946711644,All fibroblasts,Control,CTRL,Control
-0.1690827617688946,All fibroblasts,Control,CTRL,Control
-0.10690225181975824,All fibroblasts,Control,CTRL,Control
-0.049746487289735256,All fibroblasts,Control,CTRL,Control
-0.031713279846530634,All fibroblasts,Control,CTRL,Control
-0.11517707563235188,All fibroblasts,Control,CTRL,Control
-0.08450389083618658,All fibroblasts,Control,CTRL,Control
-0.0461522942987475,All fibroblasts,Control,CTRL,Control
0.1580875681320834,All fibroblasts,Control,CTRL,Control
0.0479348426019381,All fibroblasts,Control,CTRL,Control
0.04474884767633903,All fibroblasts,Control,CTRL,Control
0.0073369775583965735,All fibroblasts,Control,CTRL,Control
0.07405257546919465,All fibroblasts,Control,CTRL,Control
0.03409527089136123,All fibroblasts,Control,CTRL,Control
0.029617537334210964,All fibroblasts,Control,CTRL,Control
-0.09284815553792893,All fibroblasts,Control,CTRL,Control
-0.07447231791186851,All fibroblasts,Control,CTRL,Control
0.052699354121310105,All fibroblasts,Control,CTRL,Control
-0.025179888222230416,All fibroblasts,Control,CTRL,Control
-0.10299624089079407,All fibroblasts,Control,CTRL,Control
-0.04708351902262932,All fibroblasts,Control,CTRL,Control
-0.13819358079042474,All fibroblasts,Control,CTRL,Control
-0.010579863045404887,All fibroblasts,Control,CTRL,Control
-0.08494989171956682,All fibroblasts,Control,CTRL,Control
0.045307852050297866,All fibroblasts,Control,CTRL,Control
-0.028616575976426487,All fibroblasts,Control,CTRL,Control
0.011832949172206626,All fibroblasts,Control,CTRL,Control
-0.19472830345067507,All fibroblasts,Control,CTRL,Control
-0.06481979274775071,All fibroblasts,Control,CTRL,Control
-0.06506581400766617,All fibroblasts,Control,CTRL,Control
0.056832781967197515,All fibroblasts,Control,CTRL,Control
-0.13700575621852423,All fibroblasts,Control,CTRL,Control
-0.017350191746490367,All fibroblasts,Control,CTRL,Control
-0.06201457843391108,All fibroblasts,Control,CTRL,Control
-0.020789253213068296,All fibroblasts,Control,CTRL,Control
0.04590573199243633,All fibroblasts,Control,CTRL,Control
-0.275772736964498,All fibroblasts,Control,CTRL,Control
-0.03900954098829243,All fibroblasts,Control,CTRL,Control
-0.11321908736950725,All fibroblasts,Control,CTRL,Control
-0.04625066143348268,All fibroblasts,Control,CTRL,Control
0.03009237325318212,All fibroblasts,Control,CTRL,Control
0.055749377785684916,All fibroblasts,Control,CTRL,Control
0.09748958573691469,All fibroblasts,Control,CTRL,Control
0.08612755717077757,All fibroblasts,Control,CTRL,Control
-0.09807013317762915,All fibroblasts,Control,CTRL,Control
0.07591911378814403,All fibroblasts,Control,CTRL,Control
-0.015491784508690945,All fibroblasts,Control,CTRL,Control
-0.08422501142614677,All fibroblasts,Control,CTRL,Control
0.027195896699320408,All fibroblasts,Control,CTRL,Control
-0.09351467235552777,All fibroblasts,Control,CTRL,Control
-0.06645947605789905,All fibroblasts,Control,CTRL,Control
-0.08892759874280559,All fibroblasts,Control,CTRL,Control
0.013860069357807508,All fibroblasts,Control,CTRL,Control
0.06552928907404962,All fibroblasts,Control,CTRL,Control
-0.0046168216250887795,All fibroblasts,Control,CTRL,Control
-0.014174586642262113,All fibroblasts,Control,CTRL,Control
0.08075579790166,All fibroblasts,Control,CTRL,Control
-0.008388161094562398,All fibroblasts,Control,CTRL,Control
-0.0740141762591593,All fibroblasts,Control,CTRL,Control
-0.06437643572518771,All fibroblasts,Control,CTRL,Control
-0.03334025337943804,All fibroblasts,Control,CTRL,Control
0.00981806903054911,All fibroblasts,Control,CTRL,Control
0.22741367371583995,All fibroblasts,Control,CTRL,Control
0.0052338640245028906,All fibroblasts,Control,CTRL,Control
0.10040338622159599,All fibroblasts,Control,CTRL,Control
-0.027811390641868147,All fibroblasts,Control,CTRL,Control
-0.0962213865309058,All fibroblasts,Control,CTRL,Control
-0.01649991466667241,All fibroblasts,Control,CTRL,Control
-0.04822237589789149,All fibroblasts,Control,CTRL,Control
-0.05252862637896569,All fibroblasts,Control,CTRL,Control
-0.05440666914252469,All fibroblasts,Control,CTRL,Control
0.003986518828897067,All fibroblasts,Control,CTRL,Control
-0.018286883942896702,All fibroblasts,Control,CTRL,Control
-0.13919091416993784,All fibroblasts,Control,CTRL,Control
-0.010873373478059207,All fibroblasts,Control,CTRL,Control
-0.01813564921056792,All fibroblasts,Control,CTRL,Control
0.05934593922131355,All fibroblasts,Control,CTRL,Control
-0.02561900957474724,All fibroblasts,Control,CTRL,Control
-0.055878681882430926,All fibroblasts,Control,CTRL,Control
-0.0337628175235732,All fibroblasts,Control,CTRL,Control
0.03682013635361686,All fibroblasts,Control,CTRL,Control
0.01986303493405501,All fibroblasts,Control,CTRL,Control
-0.020957284935261833,All fibroblasts,Control,CTRL,Control
-0.007478050957169004,All fibroblasts,Control,CTRL,Control
-0.02975288120405407,All fibroblasts,Control,CTRL,Control
0.044315599597051156,All fibroblasts,Control,CTRL,Control
0.00598027278568318,All fibroblasts,Control,CTRL,Control
0.05908512201555944,All fibroblasts,Control,CTRL,Control
-0.149654488190067,All fibroblasts,Control,CTRL,Control
0.033112551237592096,All fibroblasts,Control,CTRL,Control
0.05761024167584029,All fibroblasts,Control,CTRL,Control
0.018314839656175426,All fibroblasts,Control,CTRL,Control
-0.1984813271821963,All fibroblasts,Control,CTRL,Control
-0.08388737944927246,All fibroblasts,Control,CTRL,Control
0.05191812578158177,All fibroblasts,Control,CTRL,Control
-0.05154213820815756,All fibroblasts,Control,CTRL,Control
0.036270299356793205,All fibroblasts,Control,CTRL,Control
-0.11269175634264471,All fibroblasts,Control,CTRL,Control
0.13614479167978105,All fibroblasts,Control,CTRL,Control
0.018605509360038394,All fibroblasts,Control,CTRL,Control
-0.020837049734805053,All fibroblasts,Control,CTRL,Control
-0.1053675526013723,All fibroblasts,Control,CTRL,Control
-0.010228653727092488,All fibroblasts,Control,CTRL,Control
-0.059511338483993065,All fibroblasts,Control,CTRL,Control
0.038933876696416805,All fibroblasts,Control,CTRL,Control
-0.07553078023352304,All fibroblasts,Control,CTRL,Control
-0.046566375073941665,All fibroblasts,Control,CTRL,Control
0.03672145662724728,All fibroblasts,Control,CTRL,Control
-0.027536517637537485,All fibroblasts,Control,CTRL,Control
-0.001330382653517509,All fibroblasts,Control,CTRL,Control
-0.10780297403380171,All fibroblasts,Control,CTRL,Control
0.07006940734291038,All fibroblasts,Control,CTRL,Control
-0.005436192907331973,All fibroblasts,Control,CTRL,Control
-0.009118016183742035,All fibroblasts,Control,CTRL,Control
-0.20178422990544526,All fibroblasts,Control,CTRL,Control
-0.22224791860767557,All fibroblasts,Control,CTRL,Control
-0.05401913648567032,All fibroblasts,Control,CTRL,Control
0.005411356362875824,All fibroblasts,Control,CTRL,Control
-0.12878881115868424,All fibroblasts,Control,CTRL,Control
-0.3049187929822379,All fibroblasts,Control,CTRL,Control
0.028010905385626783,All fibroblasts,Control,CTRL,Control
-0.2866936964328191,All fibroblasts,Control,CTRL,Control
-0.06291020003953862,All fibroblasts,Control,CTRL,Control
-0.04663968453290167,All fibroblasts,Control,CTRL,Control
-0.19244367997001358,All fibroblasts,Control,CTRL,Control
-0.2931892123606611,All fibroblasts,Control,CTRL,Control
-0.02285913806788923,All fibroblasts,Control,CTRL,Control
-0.0791023524152234,All fibroblasts,Control,CTRL,Control
0.04054630938425752,All fibroblasts,Control,CTRL,Control
-0.35968026841397815,All fibroblasts,Control,CTRL,Control
-0.11748046683884358,All fibroblasts,Control,CTRL,Control
-0.14428499926846516,All fibroblasts,Control,CTRL,Control
-0.10937240427343636,All fibroblasts,Control,CTRL,Control
-0.057390647666398405,All fibroblasts,Control,CTRL,Control
-0.06936762832646265,All fibroblasts,Control,CTRL,Control
-0.04682615756974054,All fibroblasts,Control,CTRL,Control
-0.11255185643600789,All fibroblasts,Control,CTRL,Control
-0.06084034121117023,All fibroblasts,Control,CTRL,Control
0.03908597603014137,All fibroblasts,Control,CTRL,Control
-0.07905274489584577,All fibroblasts,Control,CTRL,Control
-0.1564664399394318,All fibroblasts,Control,CTRL,Control
-0.040743017074393345,All fibroblasts,Control,CTRL,Control
-0.04358373740394902,All fibroblasts,Control,CTRL,Control
0.012776760289301942,All fibroblasts,Control,CTRL,Control
-0.0747894933620191,All fibroblasts,Control,CTRL,Control
-0.10182862455371613,All fibroblasts,Control,CTRL,Control
-0.04334552890218253,All fibroblasts,Control,CTRL,Control
0.10094874347843276,All fibroblasts,Control,CTRL,Control
0.001935538810098468,All fibroblasts,Control,CTRL,Control
-0.0546332657805622,All fibroblasts,Control,CTRL,Control
-0.02832543730579368,All fibroblasts,Control,CTRL,Control
-0.06355579586808738,All fibroblasts,Control,CTRL,Control
-0.1261592351927887,All fibroblasts,Control,CTRL,Control
-0.0008973495221737014,All fibroblasts,Control,CTRL,Control
-0.23502040983971476,All fibroblasts,Control,CTRL,Control
-0.006912034516231444,All fibroblasts,Control,CTRL,Control
-0.03372624560513896,All fibroblasts,Control,CTRL,Control
0.0002024202538710735,All fibroblasts,Control,CTRL,Control
0.1019601186054337,All fibroblasts,Control,CTRL,Control
-0.11741010540679203,All fibroblasts,Control,CTRL,Control
-0.038374404359727915,All fibroblasts,Control,CTRL,Control
0.00624407479032885,All fibroblasts,Control,CTRL,Control
-0.05133590678506672,All fibroblasts,Control,CTRL,Control
-0.4233236238904295,All fibroblasts,Control,CTRL,Control
-0.09629364389789799,All fibroblasts,Control,CTRL,Control
0.040628403265165286,All fibroblasts,Control,CTRL,Control
0.09907918188063937,All fibroblasts,Control,CTRL,Control
-0.03296615993193539,All fibroblasts,Control,CTRL,Control
-0.0891707909507774,All fibroblasts,Control,CTRL,Control
0.018950995624874657,All fibroblasts,Control,CTRL,Control
-0.18462540039208164,All fibroblasts,Control,CTRL,Control
0.030432842516801888,All fibroblasts,Control,CTRL,Control
-0.02978823275406174,All fibroblasts,Control,CTRL,Control
-0.17905263947320674,All fibroblasts,Control,CTRL,Control
-0.04303470333848228,All fibroblasts,Control,CTRL,Control
-0.06741396959637569,All fibroblasts,Control,CTRL,Control
-0.18047057233454808,All fibroblasts,Control,CTRL,Control
0.03215476226063885,All fibroblasts,Control,CTRL,Control
0.01221744543236078,All fibroblasts,Control,CTRL,Control
0.015076673742308169,All fibroblasts,Control,CTRL,Control
-0.09798086500886997,All fibroblasts,Control,CTRL,Control
-0.2965280394676864,All fibroblasts,Control,CTRL,Control
0.03575068834785732,All fibroblasts,Control,CTRL,Control
-0.005726286154222516,All fibroblasts,Control,CTRL,Control
0.01032365698860345,All fibroblasts,Control,CTRL,Control
0.0276838078231433,All fibroblasts,Control,CTRL,Control
-0.0029616617923428623,All fibroblasts,Control,CTRL,Control
-0.0663974458994243,All fibroblasts,Control,CTRL,Control
-0.019891982073604098,All fibroblasts,Control,CTRL,Control
-0.09810235424348913,All fibroblasts,Control,CTRL,Control
-0.09319284344151682,All fibroblasts,Control,CTRL,Control
-0.1770335519931987,All fibroblasts,Control,CTRL,Control
-0.05931958907253115,All fibroblasts,Control,CTRL,Control
0.05272548451358258,All fibroblasts,Control,CTRL,Control
0.05670970093457646,All fibroblasts,Control,CTRL,Control
-0.2815551817547667,All fibroblasts,Control,CTRL,Control
-0.09543621047511432,All fibroblasts,Control,CTRL,Control
-0.026063292916098595,All fibroblasts,Control,CTRL,Control
0.4050355089762852,All fibroblasts,Control,CTRL,Control
-0.1009166730918386,All fibroblasts,Control,CTRL,Control
0.006427712661451493,All fibroblasts,Control,CTRL,Control
0.019942107563784922,All fibroblasts,Control,CTRL,Control
0.11293103847768703,All fibroblasts,Control,CTRL,Control
0.09998734288317379,All fibroblasts,Control,CTRL,Control
0.031205865233657013,All fibroblasts,Control,CTRL,Control
-0.03645617707955077,All fibroblasts,Control,CTRL,Control
-0.010403020791398918,All fibroblasts,Control,CTRL,Control
-0.051685657318049166,All fibroblasts,Control,CTRL,Control
-0.005560495954697771,All fibroblasts,Control,CTRL,Control
0.006519306395032322,All fibroblasts,Control,CTRL,Control
0.00818407648321938,All fibroblasts,Control,CTRL,Control
-0.031222936032584622,All fibroblasts,Control,CTRL,Control
-0.09092152449781997,All fibroblasts,Control,CTRL,Control
-0.0538790430501464,All fibroblasts,Control,CTRL,Control
-0.030038846972501886,All fibroblasts,Control,CTRL,Control
-0.08553707322310429,All fibroblasts,Control,CTRL,Control
-0.08609235508907721,All fibroblasts,Control,CTRL,Control
-0.039916577968292226,All fibroblasts,Control,CTRL,Control
0.0559698204024945,All fibroblasts,Control,CTRL,Control
0.05152885727452013,All fibroblasts,Control,CTRL,Control
0.003205910056616191,All fibroblasts,Control,CTRL,Control
0.06385633407298116,All fibroblasts,Control,CTRL,Control
0.07704463025668998,All fibroblasts,Control,CTRL,Control
0.007281358033499373,All fibroblasts,Control,CTRL,Control
-0.07472172233335236,All fibroblasts,Control,CTRL,Control
-0.13073421397362048,All fibroblasts,Control,CTRL,Control
0.008235840025167522,All fibroblasts,Control,CTRL,Control
0.14019481231456937,All fibroblasts,Control,CTRL,Control
0.029555557344759398,All fibroblasts,Control,CTRL,Control
0.1295216417631326,All fibroblasts,Control,CTRL,Control
-0.16382949720369758,All fibroblasts,Control,CTRL,Control
0.057455942015942923,All fibroblasts,Control,CTRL,Control
-0.012453220184123898,All fibroblasts,Control,CTRL,Control
0.010106494794591893,All fibroblasts,Control,CTRL,Control
0.07321262680295501,All fibroblasts,Control,CTRL,Control
0.006035315324621891,All fibroblasts,Control,CTRL,Control
-0.10214356343930389,All fibroblasts,Control,CTRL,Control
0.006241749598586976,All fibroblasts,Control,CTRL,Control
-0.02989877156454996,All fibroblasts,Control,CTRL,Control
0.12144520690922839,All fibroblasts,Control,CTRL,Control
-0.04556479591940589,All fibroblasts,Control,CTRL,Control
0.06366200500852368,All fibroblasts,Control,CTRL,Control
-0.10821651269953979,All fibroblasts,Control,CTRL,Control
-0.06393982562925607,All fibroblasts,Control,CTRL,Control
0.06657139765112763,All fibroblasts,Control,CTRL,Control
0.1571088331153357,All fibroblasts,Control,CTRL,Control
0.011327424425645482,All fibroblasts,Control,CTRL,Control
0.040446027303076476,All fibroblasts,Control,CTRL,Control
0.020538166375213066,All fibroblasts,Control,CTRL,Control
-0.06792830546249135,All fibroblasts,Control,CTRL,Control
-0.046487710826450625,All fibroblasts,Control,CTRL,Control
0.014820423733836446,All fibroblasts,Control,CTRL,Control
0.04146227442393377,All fibroblasts,Control,CTRL,Control
-0.03889628379399355,All fibroblasts,Control,CTRL,Control
-0.015028537311192781,All fibroblasts,Control,CTRL,Control
-0.09703951097085324,All fibroblasts,Control,CTRL,Control
-0.09146232799864017,All fibroblasts,Control,CTRL,Control
-0.055442315076543285,All fibroblasts,Control,CTRL,Control
-0.06221323748467658,All fibroblasts,Control,CTRL,Control
-0.062254178928411105,All fibroblasts,Control,CTRL,Control
0.0832941903287259,All fibroblasts,Control,CTRL,Control
0.08681334927549533,All fibroblasts,Control,CTRL,Control
0.1212661261371166,All fibroblasts,Control,CTRL,Control
0.09236198140875865,All fibroblasts,Control,CTRL,Control
0.03343356586433631,All fibroblasts,Control,CTRL,Control
-0.04775015691045732,All fibroblasts,Control,CTRL,Control
-0.12266374900276128,All fibroblasts,Control,CTRL,Control
0.045976871638992584,All fibroblasts,Control,CTRL,Control
-0.2681262204489184,All fibroblasts,Control,CTRL,Control
-0.17730478196621097,All fibroblasts,Control,CTRL,Control
-0.0341473529836346,All fibroblasts,Control,CTRL,Control
0.08715916612406292,All fibroblasts,Control,CTRL,Control
0.055184650442141034,All fibroblasts,Control,CTRL,Control
-0.18707361001272188,All fibroblasts,Control,CTRL,Control
0.061426673960561076,All fibroblasts,Control,CTRL,Control
-0.11097299378061666,All fibroblasts,Control,CTRL,Control
-0.0051109514412012655,All fibroblasts,Control,CTRL,Control
0.06329930370930824,All fibroblasts,Control,CTRL,Control
-0.05525254409937945,All fibroblasts,Control,CTRL,Control
-0.10000351328628894,All fibroblasts,Control,CTRL,Control
-0.3091142541258836,All fibroblasts,Control,CTRL,Control
0.12185844264676637,All fibroblasts,Control,CTRL,Control
0.13376196437638208,All fibroblasts,Control,CTRL,Control
0.04018193971022858,All fibroblasts,Control,CTRL,Control
0.08273823206506024,All fibroblasts,Control,CTRL,Control
-0.004146962593852225,All fibroblasts,Control,CTRL,Control
-0.06409031351119904,All fibroblasts,Control,CTRL,Control
-0.3382284736955566,All fibroblasts,Control,CTRL,Control
-0.265570185088566,All fibroblasts,Control,CTRL,Control
0.10459515752729667,All fibroblasts,Control,CTRL,Control
-0.11707285672769668,All fibroblasts,Control,CTRL,Control
-0.007946897189237356,All fibroblasts,Control,CTRL,Control
-0.10244380997136603,All fibroblasts,Control,CTRL,Control
-0.10607864480472956,All fibroblasts,Control,CTRL,Control
-0.0027016555107897064,All fibroblasts,Control,CTRL,Control
-0.09531149504875708,All fibroblasts,Control,CTRL,Control
-0.07850819198833689,All fibroblasts,Control,CTRL,Control
-0.06043108703644974,All fibroblasts,Control,CTRL,Control
-0.04082040409963465,All fibroblasts,Control,CTRL,Control
-0.09834195070512355,All fibroblasts,Control,CTRL,Control
-0.16351101612753727,All fibroblasts,Control,CTRL,Control
-0.12566770716731968,All fibroblasts,Control,CTRL,Control
-0.016463913629818173,All fibroblasts,Control,CTRL,Control
0.07207492571087457,All fibroblasts,Control,CTRL,Control
-0.20399702825483815,All fibroblasts,Control,CTRL,Control
-8.95497915772911e-05,All fibroblasts,Control,CTRL,Control
0.06717906123323213,All fibroblasts,Control,CTRL,Control
-0.041386535011812206,All fibroblasts,Control,CTRL,Control
-0.09763787832782903,All fibroblasts,Control,CTRL,Control
-0.027028143045912462,All fibroblasts,Control,CTRL,Control
-0.13247450128753588,All fibroblasts,Control,CTRL,Control
0.028912296455504468,All fibroblasts,Control,CTRL,Control
-0.01717161922969158,All fibroblasts,Control,CTRL,Control
-0.10729564525927758,All fibroblasts,Control,CTRL,Control
0.016868187229504297,All fibroblasts,Control,CTRL,Control
-0.04035761554274607,All fibroblasts,Control,CTRL,Control
0.05138928284676667,All fibroblasts,Control,CTRL,Control
-0.10444245723651144,All fibroblasts,Control,CTRL,Control
-0.060486156535669536,All fibroblasts,Control,CTRL,Control
0.0006929829723777078,All fibroblasts,Control,CTRL,Control
0.049507624037482545,All fibroblasts,Control,CTRL,Control
0.13447109149611752,All fibroblasts,Control,CTRL,Control
-0.007805405376142757,All fibroblasts,Control,CTRL,Control
0.029075013209942668,All fibroblasts,Control,CTRL,Control
-0.03813268061649856,All fibroblasts,Control,CTRL,Control
-0.07372956424885452,All fibroblasts,Control,CTRL,Control
0.03669974448185601,All fibroblasts,Control,CTRL,Control
-0.06531528436089691,All fibroblasts,Control,CTRL,Control
-0.03142724086308459,All fibroblasts,Control,CTRL,Control
-0.08403600323740161,All fibroblasts,Control,CTRL,Control
-0.02464916817324385,All fibroblasts,Control,CTRL,Control
-0.028059005822627575,All fibroblasts,Control,CTRL,Control
-0.1467744015187093,All fibroblasts,Control,CTRL,Control
-0.053090009048622516,All fibroblasts,Control,CTRL,Control
-0.06876001273327262,All fibroblasts,Control,CTRL,Control
0.020828818209436984,All fibroblasts,Control,CTRL,Control
-0.0450388431430854,All fibroblasts,Control,CTRL,Control
-0.09854893523901678,All fibroblasts,Control,CTRL,Control
-0.14016107341976858,All fibroblasts,Control,CTRL,Control
-0.1258499616223822,All fibroblasts,Control,CTRL,Control
0.05207102669266421,All fibroblasts,Control,CTRL,Control
-0.08526493984799452,All fibroblasts,Control,CTRL,Control
0.06591789684428226,All fibroblasts,Control,CTRL,Control
0.07667775172556072,All fibroblasts,Control,CTRL,Control
-0.23378224037104176,All fibroblasts,Control,CTRL,Control
-0.01998087850197471,All fibroblasts,Control,CTRL,Control
0.005392267106965616,All fibroblasts,Control,CTRL,Control
0.0017492589366820263,All fibroblasts,Control,CTRL,Control
-0.03955922733271852,All fibroblasts,Control,CTRL,Control
0.053594014012317406,All fibroblasts,Control,CTRL,Control
-0.05896585461891336,All fibroblasts,Control,CTRL,Control
-0.15897107196918486,All fibroblasts,Control,CTRL,Control
0.01606976790280243,All fibroblasts,Control,CTRL,Control
0.05691243803862776,All fibroblasts,Control,CTRL,Control
-0.08765342949094437,All fibroblasts,Control,CTRL,Control
-0.05916365560900233,All fibroblasts,Control,CTRL,Control
-0.0428398635823011,All fibroblasts,Control,CTRL,Control
-0.06632090485596803,All fibroblasts,Control,CTRL,Control
0.00390013130109371,All fibroblasts,Control,CTRL,Control
-0.09066420134410587,All fibroblasts,Control,CTRL,Control
-0.3328079967574596,All fibroblasts,Control,CTRL,Control
-0.011264905249119928,All fibroblasts,Control,CTRL,Control
-0.02537928007508125,All fibroblasts,Control,CTRL,Control
-0.12724274990024614,All fibroblasts,Control,CTRL,Control
0.15392295470316633,All fibroblasts,Control,CTRL,Control
-0.18762950266308007,All fibroblasts,Control,CTRL,Control
-0.05345074179511494,All fibroblasts,Control,CTRL,Control
0.04405764492482507,All fibroblasts,Control,CTRL,Control
-0.16809553502442698,All fibroblasts,Control,CTRL,Control
-0.08075157047454525,All fibroblasts,Control,CTRL,Control
-0.08854104211381875,All fibroblasts,Control,CTRL,Control
-0.08284778050949694,All fibroblasts,Control,CTRL,Control
-0.1885987146048098,All fibroblasts,Control,CTRL,Control
0.02039269749047689,All fibroblasts,Control,CTRL,Control
-0.05095464519694878,All fibroblasts,Control,CTRL,Control
0.05168181370858878,All fibroblasts,Control,CTRL,Control
-0.09149261269677392,All fibroblasts,Control,CTRL,Control
-0.2780486619107868,All fibroblasts,Control,CTRL,Control
0.006785924473577308,All fibroblasts,Control,CTRL,Control
0.15408182724147088,All fibroblasts,Control,CTRL,Control
-0.10484209317427984,All fibroblasts,Control,CTRL,Control
-0.09536525480406509,All fibroblasts,Control,CTRL,Control
-0.08016895684937017,All fibroblasts,Control,CTRL,Control
-0.026314041600219645,All fibroblasts,Control,CTRL,Control
0.05606800890335735,All fibroblasts,Control,CTRL,Control
0.08477913546876903,All fibroblasts,Control,CTRL,Control
-0.18743288027075022,All fibroblasts,Control,CTRL,Control
0.05929138932541944,All fibroblasts,Control,CTRL,Control
-0.029835811421128455,All fibroblasts,Control,CTRL,Control
-0.018271451216774506,All fibroblasts,Control,CTRL,Control
-0.08522920375798751,All fibroblasts,Control,CTRL,Control
-0.0345066235021209,All fibroblasts,Control,CTRL,Control
0.046697122326730636,All fibroblasts,Control,CTRL,Control
-0.01489928588396325,All fibroblasts,Control,CTRL,Control
-0.07611428593453727,All fibroblasts,Control,CTRL,Control
0.024445160429533302,All fibroblasts,Control,CTRL,Control
0.01702280292580087,All fibroblasts,Control,CTRL,Control
0.032507943682815725,All fibroblasts,Control,CTRL,Control
-0.12416788011845185,All fibroblasts,Control,CTRL,Control
-0.1142148556696661,All fibroblasts,Control,CTRL,Control
-0.045503412534895954,All fibroblasts,Control,CTRL,Control
0.050860499876082474,All fibroblasts,Control,CTRL,Control
-0.00918649280216595,All fibroblasts,Control,CTRL,Control
-0.031022928013169207,All fibroblasts,Control,CTRL,Control
0.004930060364376402,All fibroblasts,Control,CTRL,Control
0.019097584510794255,All fibroblasts,Control,CTRL,Control
-0.09025802381308663,All fibroblasts,Control,CTRL,Control
-0.11056263406583439,All fibroblasts,Control,CTRL,Control
0.11559718372155908,All fibroblasts,Control,CTRL,Control
-0.016304432526523763,All fibroblasts,Control,CTRL,Control
0.00583588017008679,All fibroblasts,Control,CTRL,Control
-0.16651236699842295,All fibroblasts,Control,CTRL,Control
0.01618572631515312,All fibroblasts,Control,CTRL,Control
-0.04635604814536278,All fibroblasts,Control,CTRL,Control
-0.12040946774380618,All fibroblasts,Control,CTRL,Control
0.04174840832167179,All fibroblasts,Control,CTRL,Control
-0.10301193818960047,All fibroblasts,Control,CTRL,Control
-0.0710865464470544,All fibroblasts,Control,CTRL,Control
-0.08057484157415533,All fibroblasts,Control,CTRL,Control
-0.037989351737352024,All fibroblasts,Control,CTRL,Control
0.00674501301007367,All fibroblasts,Control,CTRL,Control
-0.01998456170214149,All fibroblasts,Control,CTRL,Control
-0.15508243017247922,All fibroblasts,Control,CTRL,Control
0.027860379037570396,All fibroblasts,Control,CTRL,Control
0.03779323098579375,All fibroblasts,Control,CTRL,Control
0.05438161487269068,All fibroblasts,Control,CTRL,Control
0.012731912610531339,All fibroblasts,Control,CTRL,Control
0.08744343299771282,All fibroblasts,Control,CTRL,Control
-0.052847002439325434,All fibroblasts,Control,CTRL,Control
-0.10516836217531939,All fibroblasts,Control,CTRL,Control
-0.08750815961924154,All fibroblasts,Control,CTRL,Control
-0.06491393832638412,All fibroblasts,Control,CTRL,Control
-0.0281270325786483,All fibroblasts,Control,CTRL,Control
-0.005901098427905024,All fibroblasts,Control,CTRL,Control
0.04490445806276772,All fibroblasts,Control,CTRL,Control
0.06433357076332477,All fibroblasts,Control,CTRL,Control
-0.04792093527406583,All fibroblasts,Control,CTRL,Control
-0.1014458263784758,All fibroblasts,Control,CTRL,Control
0.011748824195077265,All fibroblasts,Control,CTRL,Control
0.07052582119854667,All fibroblasts,Control,CTRL,Control
0.062193304961653206,All fibroblasts,Control,CTRL,Control
0.06796758837621146,All fibroblasts,Control,CTRL,Control
0.06808135865337314,All fibroblasts,Control,CTRL,Control
-0.26916443430760356,All fibroblasts,Control,CTRL,Control
0.018770248511016656,All fibroblasts,Control,CTRL,Control
-0.06388212583074085,All fibroblasts,Control,CTRL,Control
-0.11507037209091857,All fibroblasts,Control,CTRL,Control
-0.03207371469456136,All fibroblasts,Control,CTRL,Control
-0.035156623226606905,All fibroblasts,Control,CTRL,Control
0.14131149796348233,All fibroblasts,Control,CTRL,Control
-0.09572644895534409,All fibroblasts,Control,CTRL,Control
0.03579493906117217,All fibroblasts,Control,CTRL,Control
-0.02610989531599344,All fibroblasts,Control,CTRL,Control
0.17966848011190756,All fibroblasts,Control,CTRL,Control
0.06688096603643919,All fibroblasts,Control,CTRL,Control
-0.13736221237571472,All fibroblasts,Control,CTRL,Control
-0.1252933758772982,All fibroblasts,Control,CTRL,Control
-0.057200091468769365,All fibroblasts,Control,CTRL,Control
-0.06361400555608396,All fibroblasts,Control,CTRL,Control
-0.049160338076026086,All fibroblasts,Control,CTRL,Control
-0.048775420717513826,All fibroblasts,Control,CTRL,Control
-0.1816073529716531,All fibroblasts,Control,CTRL,Control
-0.08192437339425791,All fibroblasts,Control,CTRL,Control
-0.24045523224700802,All fibroblasts,Control,CTRL,Control
0.0366173511419845,All fibroblasts,Control,CTRL,Control
0.0071821479276767235,All fibroblasts,Control,CTRL,Control
-0.02402686811026515,All fibroblasts,Control,CTRL,Control
-0.009353102159161051,All fibroblasts,Control,CTRL,Control
-0.03264856564366904,All fibroblasts,Control,CTRL,Control
0.10104082575455944,All fibroblasts,Control,CTRL,Control
-0.06603448461732658,All fibroblasts,Control,CTRL,Control
-0.027063453022884456,All fibroblasts,Control,CTRL,Control
-0.051196343858702906,All fibroblasts,Control,CTRL,Control
-0.34256875877703785,All fibroblasts,Control,CTRL,Control
-0.1313398508027447,All fibroblasts,Control,CTRL,Control
-0.045733992191287966,All fibroblasts,Control,CTRL,Control
-0.08965038268669223,All fibroblasts,Control,CTRL,Control
0.0549118411893668,All fibroblasts,Control,CTRL,Control
-0.02347869953164602,All fibroblasts,Control,CTRL,Control
-0.07578202250725033,All fibroblasts,Control,CTRL,Control
-0.0048874638955461736,All fibroblasts,Control,CTRL,Control
-0.09491377418915341,All fibroblasts,Control,CTRL,Control
-0.04472560125037395,All fibroblasts,Control,CTRL,Control
-0.08457119140850114,All fibroblasts,Control,CTRL,Control
-0.005685673155953768,All fibroblasts,Control,CTRL,Control
-0.041051042518319494,All fibroblasts,Control,CTRL,Control
0.04214049298948121,All fibroblasts,Control,CTRL,Control
0.10541918700703148,All fibroblasts,Control,CTRL,Control
-0.09702083685007457,All fibroblasts,Control,CTRL,Control
-0.016380122104654178,All fibroblasts,Control,CTRL,Control
-0.09869461529305139,All fibroblasts,Control,CTRL,Control
-0.1421804541157189,All fibroblasts,Control,CTRL,Control
-0.0354510264058757,All fibroblasts,Control,CTRL,Control
-0.18360287970615677,All fibroblasts,Control,CTRL,Control
-0.0461444647266629,All fibroblasts,Control,CTRL,Control
-0.0329350246554483,All fibroblasts,Control,CTRL,Control
-0.3065313135646493,All fibroblasts,Control,CTRL,Control
0.09848293501101177,All fibroblasts,Control,CTRL,Control
-0.018926399935216977,All fibroblasts,Control,CTRL,Control
-0.07083449143198776,All fibroblasts,Control,CTRL,Control
-0.04407574824483338,All fibroblasts,Control,CTRL,Control
0.05284266333054759,All fibroblasts,Control,CTRL,Control
-0.09441443058498283,All fibroblasts,Control,CTRL,Control
-0.01113870224977511,All fibroblasts,Control,CTRL,Control
0.08737344891152864,All fibroblasts,Control,CTRL,Control
-0.0819157811271677,All fibroblasts,Control,CTRL,Control
-0.06174950762822795,All fibroblasts,Control,CTRL,Control
-0.00756731069233995,All fibroblasts,Control,CTRL,Control
-0.011995386135376422,All fibroblasts,Control,CTRL,Control
0.00022034355631035327,All fibroblasts,Control,CTRL,Control
-0.09002650077508749,All fibroblasts,Control,CTRL,Control
-0.0371365133778033,All fibroblasts,Control,CTRL,Control
-0.2823444769501502,All fibroblasts,Control,CTRL,Control
-0.005289602713111945,All fibroblasts,Control,CTRL,Control
-0.1471563662294829,All fibroblasts,Control,CTRL,Control
-0.1474582810920127,All fibroblasts,Control,CTRL,Control
-0.005902395964043182,All fibroblasts,Control,CTRL,Control
0.116532622553851,All fibroblasts,Control,CTRL,Control
-0.06970105653264944,All fibroblasts,Control,CTRL,Control
-0.05095312260229791,All fibroblasts,Control,CTRL,Control
-0.11787138823562554,All fibroblasts,Control,CTRL,Control
-0.024875480107573213,All fibroblasts,Control,CTRL,Control
-0.006632845341295601,All fibroblasts,Control,CTRL,Control
-0.07604401714589204,All fibroblasts,Control,CTRL,Control
-0.08785568331551036,All fibroblasts,Control,CTRL,Control
-0.2032470826833787,All fibroblasts,Control,CTRL,Control
-0.10549738774145265,All fibroblasts,Control,CTRL,Control
0.09282383701553722,All fibroblasts,Control,CTRL,Control
-0.05616896700712398,All fibroblasts,Control,CTRL,Control
0.0013999437480467572,All fibroblasts,Control,CTRL,Control
-0.12145394275346487,All fibroblasts,Control,CTRL,Control
-0.3340972430519216,All fibroblasts,Control,CTRL,Control
-0.03935921175560317,All fibroblasts,Control,CTRL,Control
-0.10250478515348431,All fibroblasts,Control,CTRL,Control
-0.010248491952359082,All fibroblasts,Control,CTRL,Control
-0.191827679445357,All fibroblasts,Control,CTRL,Control
-0.0825127088041333,All fibroblasts,Control,CTRL,Control
-0.2683063416366313,All fibroblasts,Control,CTRL,Control
-0.012849771796242741,All fibroblasts,Control,CTRL,Control
0.05702768861232841,All fibroblasts,Control,CTRL,Control
0.035610717805165365,All fibroblasts,Control,CTRL,Control
-0.0995919066577205,All fibroblasts,Control,CTRL,Control
0.1282530160214794,All fibroblasts,Control,CTRL,Control
0.1773615591110709,All fibroblasts,Control,CTRL,Control
-0.11385570821864809,All fibroblasts,Control,CTRL,Control
-0.30828149376106817,All fibroblasts,Control,CTRL,Control
0.05328915212282639,All fibroblasts,Control,CTRL,Control
-0.0007856629291351294,All fibroblasts,Control,CTRL,Control
-0.09020777156118841,All fibroblasts,Control,CTRL,Control
0.013454495180075618,All fibroblasts,Control,CTRL,Control
-0.030467518113070927,All fibroblasts,Control,CTRL,Control
-0.23406510841243985,All fibroblasts,Control,CTRL,Control
-0.053870260147334155,All fibroblasts,Control,CTRL,Control
-0.10465782586312575,All fibroblasts,Control,CTRL,Control
-0.1045294321394205,All fibroblasts,Control,CTRL,Control
0.0420407996341219,All fibroblasts,Control,CTRL,Control
-0.3853045914043609,All fibroblasts,Control,CTRL,Control
-0.029958824864960563,All fibroblasts,Control,CTRL,Control
0.014332763311776792,All fibroblasts,Control,CTRL,Control
0.022901127275331605,All fibroblasts,Control,CTRL,Control
-0.017721162973381714,All fibroblasts,Control,CTRL,Control
-0.041458776241543246,All fibroblasts,Control,CTRL,Control
-0.10952924000538698,All fibroblasts,Control,CTRL,Control
-0.12281928840651724,All fibroblasts,Control,CTRL,Control
0.08212445022652781,All fibroblasts,Control,CTRL,Control
-0.09717228602179474,All fibroblasts,Control,CTRL,Control
0.13672971292437985,All fibroblasts,Control,CTRL,Control
-0.1023366880118574,All fibroblasts,Control,CTRL,Control
-0.08015570641708032,All fibroblasts,Control,CTRL,Control
-0.08278304386220955,All fibroblasts,Control,CTRL,Control
-0.0675832551441392,All fibroblasts,Control,CTRL,Control
0.09720861417330759,All fibroblasts,Control,CTRL,Control
-0.15768367395337476,All fibroblasts,Control,CTRL,Control
-0.020862321656312376,All fibroblasts,Control,CTRL,Control
-0.08062656048240946,All fibroblasts,Control,CTRL,Control
0.004563950623277593,All fibroblasts,Control,CTRL,Control
-0.0636566655759673,All fibroblasts,Control,CTRL,Control
-0.08954650911765547,All fibroblasts,Control,CTRL,Control
0.006535860120641893,All fibroblasts,Control,CTRL,Control
0.01649615328099695,All fibroblasts,Control,CTRL,Control
-0.00035599777145551475,All fibroblasts,Control,CTRL,Control
0.025269460906001698,All fibroblasts,Control,CTRL,Control
-0.07282117561631717,All fibroblasts,Control,CTRL,Control
-0.11862756173834124,All fibroblasts,Control,CTRL,Control
-0.04324326392017341,All fibroblasts,Control,CTRL,Control
-0.08241442144885723,All fibroblasts,Control,CTRL,Control
-0.012389449178839562,All fibroblasts,Control,CTRL,Control
0.14973681298097807,All fibroblasts,Control,CTRL,Control
0.04950559062093522,All fibroblasts,Control,CTRL,Control
-0.008487782317985623,All fibroblasts,Control,CTRL,Control
-0.01612363821916521,All fibroblasts,Control,CTRL,Control
-0.05139951158020414,All fibroblasts,Control,CTRL,Control
0.039779562998534676,All fibroblasts,Control,CTRL,Control
-0.061183332285931105,All fibroblasts,Control,CTRL,Control
0.0028826242838904323,All fibroblasts,Control,CTRL,Control
0.18870732569643953,All fibroblasts,Control,CTRL,Control
0.05832830736257469,All fibroblasts,Control,CTRL,Control
-0.07736473247007718,All fibroblasts,Control,CTRL,Control
-0.14830856078010274,All fibroblasts,Control,CTRL,Control
-0.010309446033397585,All fibroblasts,Control,CTRL,Control
-0.19824814544438593,All fibroblasts,Control,CTRL,Control
0.07157374735539498,All fibroblasts,Control,CTRL,Control
0.011329897184949358,All fibroblasts,Control,CTRL,Control
0.00195737024905325,All fibroblasts,Control,CTRL,Control
0.11544974467079326,All fibroblasts,Control,CTRL,Control
-0.028637723963345532,All fibroblasts,Control,CTRL,Control
-0.15217221106228135,All fibroblasts,Control,CTRL,Control
0.005095819760543838,All fibroblasts,Control,CTRL,Control
0.1610542842831706,All fibroblasts,Control,CTRL,Control
0.02513466531234105,All fibroblasts,Control,CTRL,Control
0.06981111886621474,All fibroblasts,Control,CTRL,Control
0.0037369405681483697,All fibroblasts,Control,CTRL,Control
-0.04540789816300876,All fibroblasts,Control,CTRL,Control
-0.04600549264546293,All fibroblasts,Control,CTRL,Control
0.08052526681030395,All fibroblasts,Control,CTRL,Control
-0.023486341837831035,All fibroblasts,Control,CTRL,Control
0.05264793588669125,All fibroblasts,Control,CTRL,Control
0.012013631711511048,All fibroblasts,Control,CTRL,Control
-0.16356413347865645,All fibroblasts,Control,CTRL,Control
0.09764089208360928,All fibroblasts,Control,CTRL,Control
0.022406220890885314,All fibroblasts,Control,CTRL,Control
-0.07875744122360859,All fibroblasts,Control,CTRL,Control
-0.04927659493263245,All fibroblasts,Control,CTRL,Control
0.259205944627715,All fibroblasts,Control,CTRL,Control
-0.18428041350608404,All fibroblasts,Control,CTRL,Control
-0.018316235823443362,All fibroblasts,Control,CTRL,Control
0.04559856625701851,All fibroblasts,Control,CTRL,Control
-0.08255903754632249,All fibroblasts,Control,CTRL,Control
-0.2815568652186502,All fibroblasts,Control,CTRL,Control
-0.1599843923829358,All fibroblasts,Control,CTRL,Control
0.050238750035202825,All fibroblasts,Control,CTRL,Control
-0.035989569472362086,All fibroblasts,Control,CTRL,Control
0.09856189813675323,All fibroblasts,Control,CTRL,Control
-0.00034866423030591,All fibroblasts,Control,CTRL,Control
-0.03298722392835532,All fibroblasts,Control,CTRL,Control
0.0011427944207006019,All fibroblasts,Control,CTRL,Control
-0.09312470035179302,All fibroblasts,Control,CTRL,Control
-0.10478242913802033,All fibroblasts,Control,CTRL,Control
0.06442816233862973,All fibroblasts,Control,CTRL,Control
0.024194251925462845,All fibroblasts,Control,CTRL,Control
0.008272409282774291,All fibroblasts,Control,CTRL,Control
-0.018691468852093145,All fibroblasts,Control,CTRL,Control
-0.1132633580226445,All fibroblasts,Control,CTRL,Control
0.11376541731439342,All fibroblasts,Control,CTRL,Control
0.029501180735346893,All fibroblasts,Control,CTRL,Control
-0.18198444537709477,All fibroblasts,Control,CTRL,Control
-0.0386121084403971,All fibroblasts,Control,CTRL,Control
-0.027566580073581017,All fibroblasts,Control,CTRL,Control
0.03398769857227914,All fibroblasts,Control,CTRL,Control
0.02698201761890301,All fibroblasts,Control,CTRL,Control
-0.11819046510484926,All fibroblasts,Control,CTRL,Control
0.0387554650010211,All fibroblasts,Control,CTRL,Control
-0.006348287261765402,All fibroblasts,Control,CTRL,Control
0.007120809520918214,All fibroblasts,Control,CTRL,Control
-0.10570095723414355,All fibroblasts,Control,CTRL,Control
0.02370986793331694,All fibroblasts,Control,CTRL,Control
-0.07919664748263963,All fibroblasts,Control,CTRL,Control
0.03837918196782622,All fibroblasts,Control,CTRL,Control
0.07624852356311507,All fibroblasts,Control,CTRL,Control
0.02971839504929829,All fibroblasts,Control,CTRL,Control
-0.030377948703055362,All fibroblasts,Control,CTRL,Control
-0.008286645132173448,All fibroblasts,Control,CTRL,Control
-0.013791363883344145,All fibroblasts,Control,CTRL,Control
-0.08285525750507161,All fibroblasts,Control,CTRL,Control
0.03789119810570993,All fibroblasts,Control,CTRL,Control
-0.025389503298392915,All fibroblasts,Control,CTRL,Control
-0.08548808818588273,All fibroblasts,Control,CTRL,Control
-0.017549231914198077,All fibroblasts,Control,CTRL,Control
-0.08284058870756542,All fibroblasts,Control,CTRL,Control
-0.024064680433352352,All fibroblasts,Control,CTRL,Control
0.018851120642574964,All fibroblasts,Control,CTRL,Control
-0.07639567387132337,All fibroblasts,Control,CTRL,Control
-0.2756786601777185,All fibroblasts,Control,CTRL,Control
-0.06361780442888867,All fibroblasts,Control,CTRL,Control
0.021768961274801206,All fibroblasts,Control,CTRL,Control
-0.0627422625888026,All fibroblasts,Control,CTRL,Control
-0.0758504080302305,All fibroblasts,Control,CTRL,Control
-0.03676326550802567,All fibroblasts,Control,CTRL,Control
0.05398598666078838,All fibroblasts,Control,CTRL,Control
-0.16498178710793238,All fibroblasts,Control,CTRL,Control
-0.0478518914446856,All fibroblasts,Control,CTRL,Control
-0.042484563492783047,All fibroblasts,Control,CTRL,Control
-0.07333419631090202,All fibroblasts,Control,CTRL,Control
0.10818572820452986,All fibroblasts,Control,CTRL,Control
0.07607474650708136,All fibroblasts,Control,CTRL,Control
-0.027647234582350935,All fibroblasts,Control,CTRL,Control
-0.10344509569563429,All fibroblasts,Control,CTRL,Control
-0.0012449182604267472,All fibroblasts,Control,CTRL,Control
0.025452893527834298,All fibroblasts,Control,CTRL,Control
-0.01952723749257751,All fibroblasts,Control,CTRL,Control
0.2117507470805405,All fibroblasts,Control,CTRL,Control
-0.037135800925139864,All fibroblasts,Control,CTRL,Control
-0.05481801382613669,All fibroblasts,Control,CTRL,Control
0.01845085720003939,All fibroblasts,Control,CTRL,Control
-0.0889740143219542,All fibroblasts,Control,CTRL,Control
-0.09759056371370087,All fibroblasts,Control,CTRL,Control
0.056051461281204244,All fibroblasts,Control,CTRL,Control
0.05111652905141038,All fibroblasts,Control,CTRL,Control
-0.14923514055770892,All fibroblasts,Control,CTRL,Control
0.14999370827051717,All fibroblasts,Control,CTRL,Control
-0.10390113032579511,All fibroblasts,Control,CTRL,Control
-0.03600099665600044,All fibroblasts,Control,CTRL,Control
0.0169580176742756,All fibroblasts,Control,CTRL,Control
-0.028121533641278194,All fibroblasts,Control,CTRL,Control
-0.10016716661007627,All fibroblasts,Control,CTRL,Control
0.023705197127974642,All fibroblasts,Control,CTRL,Control
-0.31367931202533594,All fibroblasts,Control,CTRL,Control
-0.01950503167027893,All fibroblasts,Control,CTRL,Control
-0.14270486828890147,All fibroblasts,Control,CTRL,Control
-0.05528656580568002,All fibroblasts,Control,CTRL,Control
-0.04854614898331174,All fibroblasts,Control,CTRL,Control
-0.07889108526916602,All fibroblasts,Control,CTRL,Control
-0.04535060758289783,All fibroblasts,Control,CTRL,Control
-0.05773815950442204,All fibroblasts,Control,CTRL,Control
0.026378046999014623,All fibroblasts,Control,CTRL,Control
-0.023983059239632225,All fibroblasts,Control,CTRL,Control
-0.2595226344574856,All fibroblasts,Control,CTRL,Control
0.04740872040130253,All fibroblasts,Control,CTRL,Control
-0.18429446551089188,All fibroblasts,Control,CTRL,Control
-0.048071498936238195,All fibroblasts,Control,CTRL,Control
-0.0543667418325534,All fibroblasts,Control,CTRL,Control
-0.0174289214250445,All fibroblasts,Control,CTRL,Control
-0.030496230319565977,All fibroblasts,Control,CTRL,Control
-0.36561743009283604,All fibroblasts,Control,CTRL,Control
0.022261145539820715,All fibroblasts,Control,CTRL,Control
-0.28618425305158174,All fibroblasts,Control,CTRL,Control
0.08058613104918037,All fibroblasts,Control,CTRL,Control
-0.35231569027825343,All fibroblasts,Control,CTRL,Control
-0.03515848173252206,All fibroblasts,Control,CTRL,Control
-0.13348518014808952,All fibroblasts,Control,CTRL,Control
0.06690647939881775,All fibroblasts,Control,CTRL,Control
-0.34292148528260025,All fibroblasts,Control,CTRL,Control
-0.047720624484299305,All fibroblasts,Control,CTRL,Control
0.07555883587691586,All fibroblasts,Control,CTRL,Control
0.14532504098235238,All fibroblasts,Control,CTRL,Control
-0.06047465949910283,All fibroblasts,Control,CTRL,Control
-0.06410510363894634,All fibroblasts,Control,CTRL,Control
-0.04067670110491512,All fibroblasts,Control,CTRL,Control
-0.015684013802913573,All fibroblasts,Control,CTRL,Control
0.003908121049120922,All fibroblasts,Control,CTRL,Control
-0.036271215095077386,All fibroblasts,Control,CTRL,Control
-0.10982103033909528,All fibroblasts,Control,CTRL,Control
-0.02083021298824665,All fibroblasts,Control,CTRL,Control
0.004504507110279679,All fibroblasts,Control,CTRL,Control
-0.03736974403252729,All fibroblasts,Control,CTRL,Control
-0.0676990820053961,All fibroblasts,Control,CTRL,Control
-0.10271766972610083,All fibroblasts,Control,CTRL,Control
-0.07193209760519871,All fibroblasts,Control,CTRL,Control
0.01124068931121093,All fibroblasts,Control,CTRL,Control
-0.012219094210548169,All fibroblasts,Control,CTRL,Control
-0.13261355995497398,All fibroblasts,Control,CTRL,Control
0.041485372634139234,All fibroblasts,Control,CTRL,Control
-0.06617065752527274,All fibroblasts,Control,CTRL,Control
0.07438478913402168,All fibroblasts,Control,CTRL,Control
-0.019595832758774977,All fibroblasts,Control,CTRL,Control
-0.15275807654389703,All fibroblasts,Control,CTRL,Control
0.010286275802176104,All fibroblasts,Control,CTRL,Control
-0.014947104488837973,All fibroblasts,Control,CTRL,Control
-0.012791788675892327,All fibroblasts,Control,CTRL,Control
-0.12351004170196722,All fibroblasts,Control,CTRL,Control
-0.051728232001328235,All fibroblasts,Control,CTRL,Control
-0.16189461963781993,All fibroblasts,Control,CTRL,Control
0.010181490810942358,All fibroblasts,Control,CTRL,Control
-0.12899316264010077,All fibroblasts,Control,CTRL,Control
-0.09896581166774547,All fibroblasts,Control,CTRL,Control
-0.02080534577246168,All fibroblasts,Control,CTRL,Control
-0.10535042947860163,All fibroblasts,Control,CTRL,Control
0.015448969649418779,All fibroblasts,Control,CTRL,Control
-0.12727997312132913,All fibroblasts,Control,CTRL,Control
-0.012894968696732867,All fibroblasts,Control,CTRL,Control
-0.0459251936293838,All fibroblasts,Control,CTRL,Control
-0.06805055875443408,All fibroblasts,Control,CTRL,Control
0.06551621976989175,All fibroblasts,Control,CTRL,Control
0.0220559474576544,All fibroblasts,Control,CTRL,Control
-0.0427240707668049,All fibroblasts,Control,CTRL,Control
-0.00013331881065907145,All fibroblasts,Control,CTRL,Control
0.0066470889964571995,All fibroblasts,Control,CTRL,Control
0.08954339345470126,All fibroblasts,Control,CTRL,Control
-0.07456051073900635,All fibroblasts,Control,CTRL,Control
-0.11223303673642034,All fibroblasts,Control,CTRL,Control
-0.10602439312182124,All fibroblasts,Control,CTRL,Control
-0.1196556436780975,All fibroblasts,Control,CTRL,Control
-0.05089838863515189,All fibroblasts,Control,CTRL,Control
0.05932839724198519,All fibroblasts,Control,CTRL,Control
-0.07000387845759481,All fibroblasts,Control,CTRL,Control
-0.002229916966919404,All fibroblasts,Control,CTRL,Control
-0.2520234509085486,All fibroblasts,Control,CTRL,Control
0.09908086459377502,All fibroblasts,Control,CTRL,Control
-0.18681043919614593,All fibroblasts,Control,CTRL,Control
-0.05490195687169863,All fibroblasts,Control,CTRL,Control
0.08364912161596334,All fibroblasts,Control,CTRL,Control
0.030567789554799673,All fibroblasts,Control,CTRL,Control
-0.1296465378561565,All fibroblasts,Control,CTRL,Control
-0.20511289975277275,All fibroblasts,Control,CTRL,Control
0.03063383071829162,All fibroblasts,Control,CTRL,Control
0.07567727351506687,All fibroblasts,Control,CTRL,Control
0.017817668639685934,All fibroblasts,Control,CTRL,Control
-0.02051434179132486,All fibroblasts,Control,CTRL,Control
0.009259311622234496,All fibroblasts,Control,CTRL,Control
-0.05146301739044356,All fibroblasts,Control,CTRL,Control
0.029313364862507064,All fibroblasts,Control,CTRL,Control
0.0781027541271862,All fibroblasts,Control,CTRL,Control
-0.03534453503850053,All fibroblasts,Control,CTRL,Control
-0.06688763578686419,All fibroblasts,Control,CTRL,Control
-0.11923445918412308,All fibroblasts,Control,CTRL,Control
0.019365870756536063,All fibroblasts,Control,CTRL,Control
-0.011815398360477396,All fibroblasts,Control,CTRL,Control
-0.03864130574190755,All fibroblasts,Control,CTRL,Control
-0.05802355473408053,All fibroblasts,Control,CTRL,Control
-0.02827290292809859,All fibroblasts,Control,CTRL,Control
-0.1906112272367797,All fibroblasts,Control,CTRL,Control
0.01330253406056014,All fibroblasts,Control,CTRL,Control
-0.1062739906884528,All fibroblasts,Control,CTRL,Control
-0.1152494434540497,All fibroblasts,Control,CTRL,Control
-0.119528950744647,All fibroblasts,Control,CTRL,Control
-0.07798657225795363,All fibroblasts,Control,CTRL,Control
0.02419512286646944,All fibroblasts,Control,CTRL,Control
-0.05241481826968781,All fibroblasts,Control,CTRL,Control
-0.14652631204802846,All fibroblasts,Control,CTRL,Control
-0.02220139088812599,All fibroblasts,Control,CTRL,Control
-0.045101680978467826,All fibroblasts,Control,CTRL,Control
0.14044569187593506,All fibroblasts,Control,CTRL,Control
-0.11371898726463442,All fibroblasts,Control,CTRL,Control
-0.04216146806181441,All fibroblasts,Control,CTRL,Control
0.0632324279451082,All fibroblasts,Control,CTRL,Control
0.04466604231770429,All fibroblasts,Control,CTRL,Control
-0.006873273370067843,All fibroblasts,Control,CTRL,Control
0.10405268323256894,All fibroblasts,Control,CTRL,Control
-0.04806787484729204,All fibroblasts,Control,CTRL,Control
-0.2467984778932955,All fibroblasts,Control,CTRL,Control
0.05887381878090759,All fibroblasts,Control,CTRL,Control
-0.018210415600083175,All fibroblasts,Control,CTRL,Control
-0.18323025929360473,All fibroblasts,Control,CTRL,Control
-0.05272129423996542,All fibroblasts,Control,CTRL,Control
-0.08530951469541928,All fibroblasts,Control,CTRL,Control
-0.0031256196582118492,All fibroblasts,Control,CTRL,Control
-0.05650688038752044,All fibroblasts,Control,CTRL,Control
-0.19462116466801171,All fibroblasts,Control,CTRL,Control
-0.05590762003508211,All fibroblasts,Control,CTRL,Control
-0.040851493767452944,All fibroblasts,Control,CTRL,Control
-0.14530564105301125,All fibroblasts,Control,CTRL,Control
0.08929678789948195,All fibroblasts,Control,CTRL,Control
-0.022839944046130017,All fibroblasts,Control,CTRL,Control
-0.02005725278081059,All fibroblasts,Control,CTRL,Control
-0.02566734756954367,All fibroblasts,Control,CTRL,Control
-0.10485176142513358,All fibroblasts,Control,CTRL,Control
-0.05817929396924202,All fibroblasts,Control,CTRL,Control
-0.0814011367298291,All fibroblasts,Control,CTRL,Control
0.005057763526395664,All fibroblasts,Control,CTRL,Control
-0.011751197255249429,All fibroblasts,Control,CTRL,Control
-0.014235860408350159,All fibroblasts,Control,CTRL,Control
-0.04801202239823073,All fibroblasts,Control,CTRL,Control
-0.07786789428946467,All fibroblasts,Control,CTRL,Control
0.02839808884018537,All fibroblasts,Control,CTRL,Control
-0.01153656667489876,All fibroblasts,Control,CTRL,Control
-0.13276034352336977,All fibroblasts,Control,CTRL,Control
0.06605397871115297,All fibroblasts,Control,CTRL,Control
-0.01474930493985721,All fibroblasts,Control,CTRL,Control
0.07327648451604277,All fibroblasts,Control,CTRL,Control
0.06111255361676138,All fibroblasts,Control,CTRL,Control
0.06433527409472801,All fibroblasts,Control,CTRL,Control
-0.148709269611416,All fibroblasts,Control,CTRL,Control
0.01065174266852698,All fibroblasts,Control,CTRL,Control
0.09616409319221526,All fibroblasts,Control,CTRL,Control
0.11678846053679084,All fibroblasts,Control,CTRL,Control
0.06138361477418616,All fibroblasts,Control,CTRL,Control
-0.09849749392293897,All fibroblasts,Control,CTRL,Control
-0.074009984769022,All fibroblasts,Control,CTRL,Control
-0.10783221403023101,All fibroblasts,Control,CTRL,Control
-0.03990366410059114,All fibroblasts,Control,CTRL,Control
0.021814999843228447,All fibroblasts,Control,CTRL,Control
-0.2446276761083769,All fibroblasts,Control,CTRL,Control
-0.023766767082326612,All fibroblasts,Control,CTRL,Control
-0.008012469252731504,All fibroblasts,Control,CTRL,Control
0.12162578230107327,All fibroblasts,Control,CTRL,Control
-0.04035866748942808,All fibroblasts,Control,CTRL,Control
-0.10585973247196304,All fibroblasts,Control,CTRL,Control
-0.08889667479107559,All fibroblasts,Control,CTRL,Control
-0.04288247247027816,All fibroblasts,Control,CTRL,Control
-0.2058473600964531,All fibroblasts,Control,CTRL,Control
-0.024095157142988856,All fibroblasts,Control,CTRL,Control
-0.014558013967879133,All fibroblasts,Control,CTRL,Control
-0.0578498004090405,All fibroblasts,Control,CTRL,Control
-0.26094771824714247,All fibroblasts,Control,CTRL,Control
-0.0012486474577800954,All fibroblasts,Control,CTRL,Control
-0.1802881048871653,All fibroblasts,Control,CTRL,Control
-0.1299873143831589,All fibroblasts,Control,CTRL,Control
-0.05591368975026465,All fibroblasts,Control,CTRL,Control
-0.04987454350561778,All fibroblasts,Control,CTRL,Control
-0.13699890629317163,All fibroblasts,Control,CTRL,Control
0.05824917091885437,All fibroblasts,Control,CTRL,Control
0.037182855814110335,All fibroblasts,Control,CTRL,Control
-0.030347419524329573,All fibroblasts,Control,CTRL,Control
-0.3180033469129045,All fibroblasts,Control,CTRL,Control
-0.02669458496172071,All fibroblasts,Control,CTRL,Control
-0.03802354933033453,All fibroblasts,Control,CTRL,Control
0.014252091632554448,All fibroblasts,Control,CTRL,Control
-0.05677589831846806,All fibroblasts,Control,CTRL,Control
-0.12554932378737946,All fibroblasts,Control,CTRL,Control
0.02975157639348383,All fibroblasts,Control,CTRL,Control
0.1230615551689219,All fibroblasts,Control,CTRL,Control
-0.07970954904880545,All fibroblasts,Control,CTRL,Control
-0.0014249063900277845,All fibroblasts,Control,CTRL,Control
-0.14438524483945397,All fibroblasts,Control,CTRL,Control
-0.1122462239281862,All fibroblasts,Control,CTRL,Control
-0.03265969063036342,All fibroblasts,Control,CTRL,Control
-0.05579760938069011,All fibroblasts,Control,CTRL,Control
-0.014013553909904337,All fibroblasts,Control,CTRL,Control
0.16401034772424725,All fibroblasts,Control,CTRL,Control
-0.12386319032987717,All fibroblasts,Control,CTRL,Control
-0.12515629077933133,All fibroblasts,Control,CTRL,Control
-0.07215826813298577,All fibroblasts,Control,CTRL,Control
-0.030369666145917445,All fibroblasts,Control,CTRL,Control
0.1579426685144641,All fibroblasts,Control,CTRL,Control
-0.1264944938475105,All fibroblasts,Control,CTRL,Control
-0.0077984390361250395,All fibroblasts,Control,CTRL,Control
0.03627546973969634,All fibroblasts,Control,CTRL,Control
-0.029569695380132675,All fibroblasts,Control,CTRL,Control
-0.029900434263327037,All fibroblasts,Control,CTRL,Control
-0.09240857410347328,All fibroblasts,Control,CTRL,Control
-0.10059317016406802,All fibroblasts,Control,CTRL,Control
0.11392055057323157,All fibroblasts,Control,CTRL,Control
-0.035650067567121864,All fibroblasts,Control,CTRL,Control
-0.15789203558542314,All fibroblasts,Control,CTRL,Control
-9.627428751664974e-05,All fibroblasts,Control,CTRL,Control
-0.188158511334945,All fibroblasts,Control,CTRL,Control
-0.07473336355073189,All fibroblasts,Control,CTRL,Control
-0.030610436186837026,All fibroblasts,Control,CTRL,Control
0.07253351562314228,All fibroblasts,Control,CTRL,Control
-0.04580462166339025,All fibroblasts,Control,CTRL,Control
-0.15732240653119164,All fibroblasts,Control,CTRL,Control
-0.10499021256439413,All fibroblasts,Control,CTRL,Control
-0.05585819155027114,All fibroblasts,Control,CTRL,Control
0.0018031525615464644,All fibroblasts,Control,CTRL,Control
-0.002092611823590787,All fibroblasts,Control,CTRL,Control
0.05933830395343316,All fibroblasts,Control,CTRL,Control
0.006169990988981661,All fibroblasts,Control,CTRL,Control
-0.16603850433860404,All fibroblasts,Control,CTRL,Control
-0.047173223873761896,All fibroblasts,Control,CTRL,Control
-0.10868069749173195,All fibroblasts,Control,CTRL,Control
-0.08569572785094445,All fibroblasts,Control,CTRL,Control
0.0549929474618255,All fibroblasts,Control,CTRL,Control
-0.006692617055504721,All fibroblasts,Control,CTRL,Control
0.05936327118811961,All fibroblasts,Control,CTRL,Control
-0.01679107069997291,All fibroblasts,Control,CTRL,Control
-0.011603664752716975,All fibroblasts,Control,CTRL,Control
-0.07821471350026359,All fibroblasts,Control,CTRL,Control
-0.12360750355393245,All fibroblasts,Control,CTRL,Control
-0.021807645190023095,All fibroblasts,Control,CTRL,Control
-0.07454275335334053,All fibroblasts,Control,CTRL,Control
0.10554733750764117,All fibroblasts,Control,CTRL,Control
-0.1707496881961641,All fibroblasts,Control,CTRL,Control
-0.05248076116959192,All fibroblasts,Control,CTRL,Control
-0.0060372503259367855,All fibroblasts,Control,CTRL,Control
-0.1648452196932806,All fibroblasts,Control,CTRL,Control
-0.024974429859068573,All fibroblasts,Control,CTRL,Control
-0.018267715848166353,All fibroblasts,Control,CTRL,Control
-0.04970381353249699,All fibroblasts,Control,CTRL,Control
0.05997298855738794,All fibroblasts,Control,CTRL,Control
-0.028731818939465192,All fibroblasts,Control,CTRL,Control
0.04371920609578783,All fibroblasts,Control,CTRL,Control
0.0880540015797115,All fibroblasts,Control,CTRL,Control
-0.10673182624635685,All fibroblasts,Control,CTRL,Control
-0.07100745417572721,All fibroblasts,Control,CTRL,Control
-0.017481588761853545,All fibroblasts,Control,CTRL,Control
0.029889154349553682,All fibroblasts,Control,CTRL,Control
-0.0028094382365232776,All fibroblasts,Control,CTRL,Control
0.0392372980405134,All fibroblasts,Control,CTRL,Control
0.005852290906918203,All fibroblasts,Control,CTRL,Control
-0.18751781377973087,All fibroblasts,Control,CTRL,Control
0.05368137359768943,All fibroblasts,Control,CTRL,Control
0.030075471063174857,All fibroblasts,Control,CTRL,Control
-0.21763502861718262,All fibroblasts,Control,CTRL,Control
-0.1489497935288724,All fibroblasts,Control,CTRL,Control
-0.04966673623634127,All fibroblasts,Control,CTRL,Control
-0.010399674027191719,All fibroblasts,Control,CTRL,Control
-0.050934513577655396,All fibroblasts,Control,CTRL,Control
-0.020062740959396246,All fibroblasts,Control,CTRL,Control
0.18026411440669923,All fibroblasts,Control,CTRL,Control
-0.07960639473801301,All fibroblasts,Control,CTRL,Control
-0.03844510605386556,All fibroblasts,Control,CTRL,Control
-0.013142758507355592,All fibroblasts,Control,CTRL,Control
-0.09732701572521191,All fibroblasts,Control,CTRL,Control
0.08414718915044053,All fibroblasts,Control,CTRL,Control
-0.019594297289503508,All fibroblasts,Control,CTRL,Control
-0.008521809169614591,All fibroblasts,Control,CTRL,Control
-0.018842497015733026,All fibroblasts,Control,CTRL,Control
-0.07779559917656995,All fibroblasts,Control,CTRL,Control
-0.006870957711201067,All fibroblasts,Control,CTRL,Control
0.02256191070989943,All fibroblasts,Control,CTRL,Control
-0.05680259682642096,All fibroblasts,Control,CTRL,Control
-0.07315235694790095,All fibroblasts,Control,CTRL,Control
0.10880006477897816,All fibroblasts,Control,CTRL,Control
0.09840549289499027,All fibroblasts,Control,CTRL,Control
-0.23673690760447053,All fibroblasts,Control,CTRL,Control
0.20844063002731938,All fibroblasts,Control,CTRL,Control
0.10603163434564207,All fibroblasts,Control,CTRL,Control
0.0881600058834271,All fibroblasts,Control,CTRL,Control
0.12358899973104068,All fibroblasts,Control,CTRL,Control
-0.015244581566478864,All fibroblasts,Control,CTRL,Control
-0.17774280920904784,All fibroblasts,Control,CTRL,Control
0.013465576209434713,All fibroblasts,Control,CTRL,Control
0.07758521219984837,All fibroblasts,Control,CTRL,Control
0.03465200503326074,All fibroblasts,Control,CTRL,Control
-0.18969693666983045,All fibroblasts,Control,CTRL,Control
-0.0351663479644863,All fibroblasts,Control,CTRL,Control
0.025107938898352833,All fibroblasts,Control,CTRL,Control
0.014964125893406136,All fibroblasts,Control,CTRL,Control
0.06380008259725573,All fibroblasts,Control,CTRL,Control
-0.07076274804062682,All fibroblasts,Control,CTRL,Control
0.02016775577501872,All fibroblasts,Control,CTRL,Control
0.007508105024047109,All fibroblasts,Control,CTRL,Control
-0.19244302966005977,All fibroblasts,Control,CTRL,Control
0.07357970512593583,All fibroblasts,Control,CTRL,Control
-0.07019199183445217,All fibroblasts,Control,CTRL,Control
0.056407383449214754,All fibroblasts,Control,CTRL,Control
-0.01874303687769631,All fibroblasts,Control,CTRL,Control
-0.1130735125199159,All fibroblasts,Control,CTRL,Control
-0.12137619873411365,All fibroblasts,Control,CTRL,Control
-0.27223219031622564,All fibroblasts,Control,CTRL,Control
-0.05045324997217517,All fibroblasts,Control,CTRL,Control
-0.19800916059838575,All fibroblasts,Control,CTRL,Control
-0.22095105546639326,All fibroblasts,Control,CTRL,Control
-0.16121638991344925,All fibroblasts,Control,CTRL,Control
0.012089978269389338,All fibroblasts,Control,CTRL,Control
-0.05646170710805767,All fibroblasts,Control,CTRL,Control
0.060073061471418256,All fibroblasts,Control,CTRL,Control
-0.0018696195955361407,All fibroblasts,Control,CTRL,Control
-0.0008769740163993359,All fibroblasts,Control,CTRL,Control
-0.17876527150167767,All fibroblasts,Control,CTRL,Control
0.05270770737768095,All fibroblasts,Control,CTRL,Control
-0.004928282473716079,All fibroblasts,Control,CTRL,Control
-0.08808581262311313,All fibroblasts,Control,CTRL,Control
-0.29113859025850264,All fibroblasts,Control,CTRL,Control
-0.3024839699579624,All fibroblasts,Control,CTRL,Control
-0.004414934924342619,All fibroblasts,Control,CTRL,Control
0.004463920427636436,All fibroblasts,Control,CTRL,Control
-0.017931354617588605,All fibroblasts,Control,CTRL,Control
-0.05752595076254529,All fibroblasts,Control,CTRL,Control
-0.12800985611066634,All fibroblasts,Control,CTRL,Control
-0.04839090749137978,All fibroblasts,Control,CTRL,Control
0.03436744711791289,All fibroblasts,Control,CTRL,Control
0.029481138122931697,All fibroblasts,Control,CTRL,Control
0.05414501209417015,All fibroblasts,Control,CTRL,Control
0.15386801891690843,All fibroblasts,Control,CTRL,Control
0.0778942812022969,All fibroblasts,Control,CTRL,Control
-0.051792816869355086,All fibroblasts,Control,CTRL,Control
-0.11653482231627417,All fibroblasts,Control,CTRL,Control
0.018408097124826446,All fibroblasts,Control,CTRL,Control
0.05799238109001316,All fibroblasts,Control,CTRL,Control
-0.0052055563331299196,All fibroblasts,Control,CTRL,Control
-0.05271274567445612,All fibroblasts,Control,CTRL,Control
-0.09386871421356381,All fibroblasts,Control,CTRL,Control
-0.0021986822904196193,All fibroblasts,Control,CTRL,Control
-0.11138547611224893,All fibroblasts,Control,CTRL,Control
0.04848531682581873,All fibroblasts,Control,CTRL,Control
-0.04079547193084588,All fibroblasts,Control,CTRL,Control
0.030778516123265043,All fibroblasts,Control,CTRL,Control
0.0771529893110485,All fibroblasts,Control,CTRL,Control
0.17171589929261444,All fibroblasts,Control,CTRL,Control
0.0997518363587449,All fibroblasts,Control,CTRL,Control
-0.09769289736137739,All fibroblasts,Control,CTRL,Control
-0.026117791797073624,All fibroblasts,Control,CTRL,Control
-0.09598199461883877,All fibroblasts,Control,CTRL,Control
-0.022079433713320152,All fibroblasts,Control,CTRL,Control
0.1361234873543926,All fibroblasts,Control,CTRL,Control
-0.14487537555065083,All fibroblasts,Control,CTRL,Control
0.06670237798612866,All fibroblasts,Control,CTRL,Control
0.1096535552019204,All fibroblasts,Control,CTRL,Control
-0.08536906557995083,All fibroblasts,Control,CTRL,Control
-0.07385381419217647,All fibroblasts,Control,CTRL,Control
-0.07652733195062254,All fibroblasts,Control,CTRL,Control
-0.012823140849581804,All fibroblasts,Control,CTRL,Control
-0.197313295800732,All fibroblasts,Control,CTRL,Control
0.0031004400376598643,All fibroblasts,Control,CTRL,Control
-0.017698496381464934,All fibroblasts,Control,CTRL,Control
-0.16189294198126028,All fibroblasts,Control,CTRL,Control
-0.010987737172485686,All fibroblasts,Control,CTRL,Control
-0.1466191361260459,All fibroblasts,Control,CTRL,Control
-0.0708189381575392,All fibroblasts,Control,CTRL,Control
-0.06654567863320454,All fibroblasts,Control,CTRL,Control
-0.14319150772952188,All fibroblasts,Control,CTRL,Control
-0.015438742956110274,All fibroblasts,Control,CTRL,Control
-0.030953510888280054,All fibroblasts,Control,CTRL,Control
-0.10760476898057367,All fibroblasts,Control,CTRL,Control
-0.15935074395681764,All fibroblasts,Control,CTRL,Control
0.009762893095275178,All fibroblasts,Control,CTRL,Control
-0.02341983079121822,All fibroblasts,Control,CTRL,Control
-0.02099942103457006,All fibroblasts,Control,CTRL,Control
-0.1878511860487337,All fibroblasts,Control,CTRL,Control
-0.005297903464710773,All fibroblasts,Control,CTRL,Control
-0.06851734616878381,All fibroblasts,Control,CTRL,Control
-0.09525635340337171,All fibroblasts,Control,CTRL,Control
0.02054037829645175,All fibroblasts,Control,CTRL,Control
-0.12749928978320518,All fibroblasts,Control,CTRL,Control
0.010529426416111294,All fibroblasts,Control,CTRL,Control
-0.0620504700658458,All fibroblasts,Control,CTRL,Control
-0.03061169558628244,All fibroblasts,Control,CTRL,Control
-0.17417046368180736,All fibroblasts,Control,CTRL,Control
-0.061458515050053536,All fibroblasts,Control,CTRL,Control
-0.13989522469199203,All fibroblasts,Control,CTRL,Control
-0.11429034809674567,All fibroblasts,Control,CTRL,Control
-0.13148377452842253,All fibroblasts,Control,CTRL,Control
-0.06772723382166138,All fibroblasts,Control,CTRL,Control
-0.008762011932414701,All fibroblasts,Control,CTRL,Control
0.008830555635465427,All fibroblasts,Control,CTRL,Control
0.01065490345496349,All fibroblasts,Control,CTRL,Control
-0.10889977356669246,All fibroblasts,Control,CTRL,Control
0.12090004477758931,All fibroblasts,Control,CTRL,Control
-0.04917344734505035,All fibroblasts,Control,CTRL,Control
-0.06235324481483252,All fibroblasts,Control,CTRL,Control
-0.11179967044773553,All fibroblasts,Control,CTRL,Control
-0.10417767541714489,All fibroblasts,Control,CTRL,Control
0.07622132986099275,All fibroblasts,Control,CTRL,Control
0.03620784050103873,All fibroblasts,Control,CTRL,Control
-0.0836917215814125,All fibroblasts,Control,CTRL,Control
-0.06857127832239551,All fibroblasts,Control,CTRL,Control
-0.05657850681807668,All fibroblasts,Control,CTRL,Control
-0.14300078210424455,All fibroblasts,Control,CTRL,Control
-0.024482980953465308,All fibroblasts,Control,CTRL,Control
-0.28803808753095883,All fibroblasts,Control,CTRL,Control
-0.05559303697603447,All fibroblasts,Control,CTRL,Control
-0.21285249356986047,All fibroblasts,Control,CTRL,Control
0.021635604001928738,All fibroblasts,Control,CTRL,Control
-0.044638765667894056,All fibroblasts,Control,CTRL,Control
0.11291248212491137,All fibroblasts,Control,CTRL,Control
0.014248453367631836,All fibroblasts,Control,CTRL,Control
0.04802740916506269,All fibroblasts,Control,CTRL,Control
-0.12059685962435639,All fibroblasts,Control,CTRL,Control
-0.13847963016798243,All fibroblasts,Control,CTRL,Control
-0.0481888020770775,All fibroblasts,Control,CTRL,Control
-0.3628527810623394,All fibroblasts,Control,CTRL,Control
-0.09901349472497467,All fibroblasts,Control,CTRL,Control
-0.10154605320142443,All fibroblasts,Control,CTRL,Control
-0.14076952406692417,All fibroblasts,Control,CTRL,Control
0.004315084639255694,All fibroblasts,Control,CTRL,Control
-0.06086060025761875,All fibroblasts,Control,CTRL,Control
-0.06483715349817873,All fibroblasts,Control,CTRL,Control
-0.002965821140973308,All fibroblasts,Control,CTRL,Control
-0.25751212329835416,All fibroblasts,Control,CTRL,Control
0.08313278247538147,All fibroblasts,Expanded,EXP,Expanded
0.18184283844945598,All fibroblasts,Expanded,EXP,Expanded
0.14407897435689024,All fibroblasts,Expanded,EXP,Expanded
0.19378509270315178,All fibroblasts,Expanded,EXP,Expanded
0.20601663932539316,All fibroblasts,Expanded,EXP,Expanded
0.3779151257921934,All fibroblasts,Expanded,EXP,Expanded
0.23594717862714426,All fibroblasts,Expanded,EXP,Expanded
0.08772924006789608,All fibroblasts,Expanded,EXP,Expanded
0.10312573092155136,All fibroblasts,Expanded,EXP,Expanded
0.11652572453462731,All fibroblasts,Expanded,EXP,Expanded
0.4137225031124646,All fibroblasts,Expanded,EXP,Expanded
0.420793291095125,All fibroblasts,Expanded,EXP,Expanded
0.0011897118561806242,All fibroblasts,Expanded,EXP,Expanded
0.006442794178123608,All fibroblasts,Expanded,EXP,Expanded
-0.011932532320755092,All fibroblasts,Expanded,EXP,Expanded
0.06051854342781796,All fibroblasts,Expanded,EXP,Expanded
0.20438951237428069,All fibroblasts,Expanded,EXP,Expanded
-0.17560369829476125,All fibroblasts,Expanded,EXP,Expanded
0.14308703423099645,All fibroblasts,Expanded,EXP,Expanded
-0.026279339489326235,All fibroblasts,Expanded,EXP,Expanded
0.22565772223609865,All fibroblasts,Expanded,EXP,Expanded
0.17678112764936776,All fibroblasts,Expanded,EXP,Expanded
-0.08129449022951507,All fibroblasts,Expanded,EXP,Expanded
0.18942011328747765,All fibroblasts,Expanded,EXP,Expanded
0.13909654183136388,All fibroblasts,Expanded,EXP,Expanded
0.1847012512951683,All fibroblasts,Expanded,EXP,Expanded
0.34425936880887575,All fibroblasts,Expanded,EXP,Expanded
0.02442823212417093,All fibroblasts,Expanded,EXP,Expanded
0.1067067340365388,All fibroblasts,Expanded,EXP,Expanded
0.2419782573760802,All fibroblasts,Expanded,EXP,Expanded
0.17355856309194018,All fibroblasts,Expanded,EXP,Expanded
0.10737912490432167,All fibroblasts,Expanded,EXP,Expanded
0.11644761749297025,All fibroblasts,Expanded,EXP,Expanded
0.19660010798348918,All fibroblasts,Expanded,EXP,Expanded
0.17312172475512216,All fibroblasts,Expanded,EXP,Expanded
-0.044306511072855326,All fibroblasts,Expanded,EXP,Expanded
0.013337856572367203,All fibroblasts,Expanded,EXP,Expanded
0.20499244384922785,All fibroblasts,Expanded,EXP,Expanded
-0.12904689251483528,All fibroblasts,Expanded,EXP,Expanded
0.01909857557325087,All fibroblasts,Expanded,EXP,Expanded
0.11290602363015804,All fibroblasts,Expanded,EXP,Expanded
0.4224803266785954,All fibroblasts,Expanded,EXP,Expanded
0.17985328168831788,All fibroblasts,Expanded,EXP,Expanded
0.3563957370234028,All fibroblasts,Expanded,EXP,Expanded
0.18790134136957234,All fibroblasts,Expanded,EXP,Expanded
0.369179057700416,All fibroblasts,Expanded,EXP,Expanded
0.004527456157780836,All fibroblasts,Expanded,EXP,Expanded
0.17347280432830467,All fibroblasts,Expanded,EXP,Expanded
0.04453144965130201,All fibroblasts,Expanded,EXP,Expanded
0.19176704017853152,All fibroblasts,Expanded,EXP,Expanded
0.19574752068981505,All fibroblasts,Expanded,EXP,Expanded
0.2054246128556589,All fibroblasts,Expanded,EXP,Expanded
0.042491974352884376,All fibroblasts,Expanded,EXP,Expanded
0.004605491958872811,All fibroblasts,Expanded,EXP,Expanded
0.17054263344328557,All fibroblasts,Expanded,EXP,Expanded
0.15892566564550106,All fibroblasts,Expanded,EXP,Expanded
0.223192463830643,All fibroblasts,Expanded,EXP,Expanded
0.1191443437198503,All fibroblasts,Expanded,EXP,Expanded
0.06422580417018675,All fibroblasts,Expanded,EXP,Expanded
0.10960465062523178,All fibroblasts,Expanded,EXP,Expanded
0.23775712449295863,All fibroblasts,Expanded,EXP,Expanded
-0.028135188317178476,All fibroblasts,Expanded,EXP,Expanded
0.0761893407969274,All fibroblasts,Expanded,EXP,Expanded
0.3195011398393922,All fibroblasts,Expanded,EXP,Expanded
0.08337474534168801,All fibroblasts,Expanded,EXP,Expanded
0.22852686033152275,All fibroblasts,Expanded,EXP,Expanded
0.25308429346961225,All fibroblasts,Expanded,EXP,Expanded
0.1449889970795108,All fibroblasts,Expanded,EXP,Expanded
0.13702554050500718,All fibroblasts,Expanded,EXP,Expanded
0.2395397895918585,All fibroblasts,Expanded,EXP,Expanded
0.16883242366075363,All fibroblasts,Expanded,EXP,Expanded
0.24269628933639376,All fibroblasts,Expanded,EXP,Expanded
0.3114716097082246,All fibroblasts,Expanded,EXP,Expanded
-0.07532002111302662,All fibroblasts,Expanded,EXP,Expanded
0.2451562535688638,All fibroblasts,Expanded,EXP,Expanded
0.043307237578125324,All fibroblasts,Expanded,EXP,Expanded
0.1508472009618114,All fibroblasts,Expanded,EXP,Expanded
0.1785433325407877,All fibroblasts,Expanded,EXP,Expanded
-0.016728140674035306,All fibroblasts,Expanded,EXP,Expanded
0.06255671314525868,All fibroblasts,Expanded,EXP,Expanded
0.08035555530580953,All fibroblasts,Expanded,EXP,Expanded
-0.13629854250991502,All fibroblasts,Expanded,EXP,Expanded
0.06552387995754713,All fibroblasts,Expanded,EXP,Expanded
0.3168081101693724,All fibroblasts,Expanded,EXP,Expanded
0.17599196502551898,All fibroblasts,Expanded,EXP,Expanded
0.1443681705779599,All fibroblasts,Expanded,EXP,Expanded
0.09889398886284641,All fibroblasts,Expanded,EXP,Expanded
0.012948462828814691,All fibroblasts,Expanded,EXP,Expanded
0.08931916336142723,All fibroblasts,Expanded,EXP,Expanded
0.36388089482769814,All fibroblasts,Expanded,EXP,Expanded
-0.011739303325313234,All fibroblasts,Expanded,EXP,Expanded
0.14843429191576604,All fibroblasts,Expanded,EXP,Expanded
0.2529784784499206,All fibroblasts,Expanded,EXP,Expanded
-0.18740974972266528,All fibroblasts,Expanded,EXP,Expanded
0.12270829342134873,All fibroblasts,Expanded,EXP,Expanded
0.027618323802276273,All fibroblasts,Expanded,EXP,Expanded
0.39188808085182586,All fibroblasts,Expanded,EXP,Expanded
0.33972061099471407,All fibroblasts,Expanded,EXP,Expanded
0.2608386265939308,All fibroblasts,Expanded,EXP,Expanded
0.0031598951187314928,All fibroblasts,Expanded,EXP,Expanded
0.1630838486506222,All fibroblasts,Expanded,EXP,Expanded
0.24772240346194713,All fibroblasts,Expanded,EXP,Expanded
0.258308267696731,All fibroblasts,Expanded,EXP,Expanded
0.40111240361667866,All fibroblasts,Expanded,EXP,Expanded
0.29089227374232685,All fibroblasts,Expanded,EXP,Expanded
-0.03643245645119585,All fibroblasts,Expanded,EXP,Expanded
0.3051077109877018,All fibroblasts,Expanded,EXP,Expanded
0.31280655595784984,All fibroblasts,Expanded,EXP,Expanded
0.3558665444584146,All fibroblasts,Expanded,EXP,Expanded
0.05555622167011931,All fibroblasts,Expanded,EXP,Expanded
0.17000306494881912,All fibroblasts,Expanded,EXP,Expanded
0.022714094571420464,All fibroblasts,Expanded,EXP,Expanded
0.09806261390185256,All fibroblasts,Expanded,EXP,Expanded
0.17847863556632407,All fibroblasts,Expanded,EXP,Expanded
0.1116190832937015,All fibroblasts,Expanded,EXP,Expanded
0.28337634045220356,All fibroblasts,Expanded,EXP,Expanded
0.0496260878761515,All fibroblasts,Expanded,EXP,Expanded
0.09298951809885397,All fibroblasts,Expanded,EXP,Expanded
0.03943493178049308,All fibroblasts,Expanded,EXP,Expanded
0.18417588829783335,All fibroblasts,Expanded,EXP,Expanded
0.08691805945609506,All fibroblasts,Expanded,EXP,Expanded
0.013696601916870551,All fibroblasts,Expanded,EXP,Expanded
0.18270712780393475,All fibroblasts,Expanded,EXP,Expanded
0.08678355313318446,All fibroblasts,Expanded,EXP,Expanded
0.08046699830137198,All fibroblasts,Expanded,EXP,Expanded
0.22510253753650153,All fibroblasts,Expanded,EXP,Expanded
0.18566506646961212,All fibroblasts,Expanded,EXP,Expanded
0.24126238354777396,All fibroblasts,Expanded,EXP,Expanded
0.29991621682418085,All fibroblasts,Expanded,EXP,Expanded
0.3999060294350842,All fibroblasts,Expanded,EXP,Expanded
-0.1917420497261059,All fibroblasts,Expanded,EXP,Expanded
0.2435029837532423,All fibroblasts,Expanded,EXP,Expanded
0.23127781326841243,All fibroblasts,Expanded,EXP,Expanded
0.006924083006550975,All fibroblasts,Expanded,EXP,Expanded
0.1342246339812521,All fibroblasts,Expanded,EXP,Expanded
0.20627760564835274,All fibroblasts,Expanded,EXP,Expanded
0.18254987648240967,All fibroblasts,Expanded,EXP,Expanded
0.07869211700497436,All fibroblasts,Expanded,EXP,Expanded
0.2978561893379942,All fibroblasts,Expanded,EXP,Expanded
0.2267947283795323,All fibroblasts,Expanded,EXP,Expanded
0.15325263852937362,All fibroblasts,Expanded,EXP,Expanded
0.11375133394998597,All fibroblasts,Expanded,EXP,Expanded
0.036458545511054555,All fibroblasts,Expanded,EXP,Expanded
-0.05977674373941783,All fibroblasts,Expanded,EXP,Expanded
0.44422753203348386,All fibroblasts,Expanded,EXP,Expanded
0.040705985218813814,All fibroblasts,Expanded,EXP,Expanded
0.04042917258521537,All fibroblasts,Expanded,EXP,Expanded
0.03548666076424002,All fibroblasts,Expanded,EXP,Expanded
-0.1382848526848499,All fibroblasts,Expanded,EXP,Expanded
0.17671362040710656,All fibroblasts,Expanded,EXP,Expanded
0.14873242455079078,All fibroblasts,Expanded,EXP,Expanded
0.3126926965543927,All fibroblasts,Expanded,EXP,Expanded
0.12318767272132276,All fibroblasts,Expanded,EXP,Expanded
0.0016548233281114561,All fibroblasts,Expanded,EXP,Expanded
-0.005346769588422395,All fibroblasts,Expanded,EXP,Expanded
0.014248446797310112,All fibroblasts,Expanded,EXP,Expanded
-0.13347991526541744,All fibroblasts,Expanded,EXP,Expanded
0.12424863628901586,All fibroblasts,Expanded,EXP,Expanded
0.2911296178512051,Embryonic fibroblasts,Embryonic,EMB,Embryonic
0.4428174542659005,Embryonic fibroblasts,Embryonic,EMB,Embryonic
0.3692542077494983,Embryonic fibroblasts,Embryonic,EMB,Embryonic
0.4833168620616352,Embryonic fibroblasts,Embryonic,EMB,Embryonic
0.4741997874032752,Embryonic fibroblasts,Embryonic,EMB,Embryonic
0.4365388588269618,Embryonic fibroblasts,Embryonic,EMB,Embryonic
0.47786969622462316,Embryonic fibroblasts,Embryonic,EMB,Embryonic
0.47836833086197694,Embryonic fibroblasts,Embryonic,EMB,Embryonic
0.47211719839597127,Embryonic fibroblasts,Embryonic,EMB,Embryonic
0.5121696380419082,Embryonic fibroblasts,Embryonic,EMB,Embryonic
0.41502073249603344,Embryonic fibroblasts,Embryonic,EMB,Embryonic
0.4412014664838404,Embryonic fibroblasts,Embryonic,EMB,Embryonic
0.34097094598114064,Embryonic fibroblasts,Embryonic,EMB,Embryonic
0.5085521981154095,Embryonic fibroblasts,Embryonic,EMB,Embryonic
0.49717961192106325,Embryonic fibroblasts,Embryonic,EMB,Embryonic
0.49523867409975236,Embryonic fibroblasts,Embryonic,EMB,Embryonic
0.5160465165339341,Embryonic fibroblasts,Embryonic,EMB,Embryonic
0.5130597481756272,Embryonic fibroblasts,Embryonic,EMB,Embryonic
0.510912989917544,Embryonic fibroblasts,Embryonic,EMB,Embryonic
0.40044934033309426,Embryonic fibroblasts,Embryonic,EMB,Embryonic
0.4318885989093247,Embryonic fibroblasts,Embryonic,EMB,Embryonic
0.4322989347340431,Embryonic fibroblasts,Embryonic,EMB,Embryonic
0.48029588837359616,Embryonic fibroblasts,Embryonic,EMB,Embryonic
0.37681095535370074,Embryonic fibroblasts,Embryonic,EMB,Embryonic
0.48101749772133734,Embryonic fibroblasts,Embryonic,EMB,Embryonic
0.4151207368057001,Embryonic fibroblasts,Embryonic,EMB,Embryonic
0.5312447758500023,Embryonic fibroblasts,Embryonic,EMB,Embryonic
0.46190114330756027,Embryonic fibroblasts,Embryonic,EMB,Embryonic
0.35695770788855163,Embryonic fibroblasts,Embryonic,EMB,Embryonic
0.43734836874971145,Embryonic fibroblasts,Embryonic,EMB,Embryonic
0.47513347944480705,Embryonic fibroblasts,Embryonic,EMB,Embryonic
0.48071132377546993,Embryonic fibroblasts,Embryonic,EMB,Embryonic
0.5139439112413926,Embryonic fibroblasts,Embryonic,EMB,Embryonic
0.39046864921859314,Embryonic fibroblasts,Embryonic,EMB,Embryonic
0.39720869726742203,Embryonic fibroblasts,Embryonic,EMB,Embryonic
0.4376541033291406,Embryonic fibroblasts,Embryonic,EMB,Embryonic
0.44095974573573954,Embryonic fibroblasts,Embryonic,EMB,Embryonic
0.42277645575364986,Embryonic fibroblasts,Embryonic,EMB,Embryonic
0.4154153974526358,Embryonic fibroblasts,Embryonic,EMB,Embryonic
0.4373796563066439,Embryonic fibroblasts,Embryonic,EMB,Embryonic
0.3801758790100212,Embryonic fibroblasts,Embryonic,EMB,Embryonic
0.3087032000948823,Embryonic fibroblasts,Embryonic,EMB,Embryonic
0.4196763937339332,Embryonic fibroblasts,Embryonic,EMB,Embryonic
0.5948196120858316,Embryonic fibroblasts,Embryonic,EMB,Embryonic
0.3897435059568186,Embryonic fibroblasts,Embryonic,EMB,Embryonic
0.4698405972709553,Embryonic fibroblasts,Embryonic,EMB,Embryonic
0.44133076360308227,Embryonic fibroblasts,Embryonic,EMB,Embryonic
0.542446366637766,Embryonic fibroblasts,Embryonic,EMB,Embryonic
0.4636833112615039,Embryonic fibroblasts,Embryonic,EMB,Embryonic
0.5299728819870637,Embryonic fibroblasts,Embryonic,EMB,Embryonic
0.5305356340687132,Embryonic fibroblasts,Embryonic,EMB,Embryonic
0.5902791676767482,Embryonic fibroblasts,Embryonic,EMB,Embryonic
0.4134307859746248,Embryonic fibroblasts,Embryonic,EMB,Embryonic
0.38814995908252736,Embryonic fibroblasts,Embryonic,EMB,Embryonic
0.5046020300586564,Embryonic fibroblasts,Embryonic,EMB,Embryonic
0.41294761616586034,Embryonic fibroblasts,Embryonic,EMB,Embryonic
0.5228710471162552,Embryonic fibroblasts,Embryonic,EMB,Embryonic
0.4683174000423083,Embryonic fibroblasts,Embryonic,EMB,Embryonic
0.5823045382973269,Embryonic fibroblasts,Embryonic,EMB,Embryonic
0.4434129939196937,Embryonic fibroblasts,Embryonic,EMB,Embryonic
0.40203308273147753,Embryonic fibroblasts,Embryonic,EMB,Embryonic
0.46551133546744194,Embryonic fibroblasts,Embryonic,EMB,Embryonic
0.3692516498537991,Embryonic fibroblasts,Embryonic,EMB,Embryonic
0.4096781493172516,Embryonic fibroblasts,Embryonic,EMB,Embryonic
0.4086951647906191,Embryonic fibroblasts,Embryonic,EMB,Embryonic
0.47666905011820293,Embryonic fibroblasts,Embryonic,EMB,Embryonic
0.5480357056803014,Embryonic fibroblasts,Embryonic,EMB,Embryonic
0.44109938714654023,Embryonic fibroblasts,Embryonic,EMB,Embryonic
0.40655589316263496,Embryonic fibroblasts,Embryonic,EMB,Embryonic
0.5531059148868732,Embryonic fibroblasts,Embryonic,EMB,Embryonic
0.4107508349908034,Embryonic fibroblasts,Embryonic,EMB,Embryonic
0.4680887392737325,Embryonic fibroblasts,Embryonic,EMB,Embryonic
0.4557232149849041,Embryonic fibroblasts,Embryonic,EMB,Embryonic
0.4255904186421995,Embryonic fibroblasts,Embryonic,EMB,Embryonic
0.5020485628251834,Embryonic fibroblasts,Embryonic,EMB,Embryonic
0.3744066923751689,Embryonic fibroblasts,Embryonic,EMB,Embryonic
0.5018532776916618,Embryonic fibroblasts,Embryonic,EMB,Embryonic
0.3914936851866879,Embryonic fibroblasts,Embryonic,EMB,Embryonic
0.47138894239501195,Embryonic fibroblasts,Embryonic,EMB,Embryonic
0.41019604093870776,Embryonic fibroblasts,Embryonic,EMB,Embryonic
0.4313132206780175,Embryonic fibroblasts,Embryonic,EMB,Embryonic
0.46357726022560963,Embryonic fibroblasts,Embryonic,EMB,Embryonic
0.26917247704987013,Embryonic fibroblasts,Embryonic,EMB,Embryonic
0.4230158052675808,Embryonic fibroblasts,Embryonic,EMB,Embryonic
0.4592133889226975,Embryonic fibroblasts,Embryonic,EMB,Embryonic
0.4598145007395087,Embryonic fibroblasts,Embryonic,EMB,Embryonic
0.33438443099466225,Embryonic fibroblasts,Embryonic,EMB,Embryonic
0.4833054974591759,Embryonic fibroblasts,Embryonic,EMB,Embryonic
0.4584126188723892,Embryonic fibroblasts,Embryonic,EMB,Embryonic
0.39923738657179997,Embryonic fibroblasts,Embryonic,EMB,Embryonic
0.48295624859719116,Embryonic fibroblasts,Embryonic,EMB,Embryonic
0.4408363873795951,Embryonic fibroblasts,Embryonic,EMB,Embryonic
0.45315395231047234,Embryonic fibroblasts,Embryonic,EMB,Embryonic
0.445979117753964,Embryonic fibroblasts,Embryonic,EMB,Embryonic
0.4410187462022288,Embryonic fibroblasts,Embryonic,EMB,Embryonic
0.5211844122956062,Embryonic fibroblasts,Embryonic,EMB,Embryonic
0.45575458914962214,Embryonic fibroblasts,Embryonic,EMB,Embryonic
0.5192155725303933,Embryonic fibroblasts,Embryonic,EMB,Embryonic
0.5027939220842128,Embryonic fibroblasts,Embryonic,EMB,Embryonic
0.4649726571864714,Embryonic fibroblasts,Embryonic,EMB,Embryonic
0.49205596689710274,Embryonic fibroblasts,Embryonic,EMB,Embryonic
0.40146856487921945,Embryonic fibroblasts,Embryonic,EMB,Embryonic
0.48034632692884766,Embryonic fibroblasts,Embryonic,EMB,Embryonic
0.4933811372032854,Embryonic fibroblasts,Embryonic,EMB,Embryonic
0.5234099622833612,Embryonic fibroblasts,Embryonic,EMB,Embryonic
0.47029702346551816,Embryonic fibroblasts,Embryonic,EMB,Embryonic
0.47722631031711044,Embryonic fibroblasts,Embryonic,EMB,Embryonic
0.45378209208394144,Embryonic fibroblasts,Embryonic,EMB,Embryonic
0.4767029628006225,Embryonic fibroblasts,Embryonic,EMB,Embryonic
0.4656447703824012,Embryonic fibroblasts,Embryonic,EMB,Embryonic
0.5100251984205726,Embryonic fibroblasts,Embryonic,EMB,Embryonic
0.3629885315029991,Embryonic fibroblasts,Embryonic,EMB,Embryonic
0.43663473048201246,Embryonic fibroblasts,Embryonic,EMB,Embryonic
0.4584585138803791,Embryonic fibroblasts,Embryonic,EMB,Embryonic
0.5298661305749661,Embryonic fibroblasts,Embryonic,EMB,Embryonic
0.4526679454046538,Embryonic fibroblasts,Embryonic,EMB,Embryonic
0.37427154349608466,Embryonic fibroblasts,Embryonic,EMB,Embryonic
0.440053727847769,Embryonic fibroblasts,Embryonic,EMB,Embryonic
0.3694583525826716,Embryonic fibroblasts,Embryonic,EMB,Embryonic
0.543125506532951,Embryonic fibroblasts,Embryonic,EMB,Embryonic
0.4473428336658987,Embryonic fibroblasts,Embryonic,EMB,Embryonic
0.5068514561124198,Embryonic fibroblasts,Embryonic,EMB,Embryonic
0.4210350278648331,Embryonic fibroblasts,Embryonic,EMB,Embryonic
0.5087100224155819,Embryonic fibroblasts,Embryonic,EMB,Embryonic
0.48353337796674134,Embryonic fibroblasts,Embryonic,EMB,Embryonic
0.4591784950808423,Embryonic fibroblasts,Embryonic,EMB,Embryonic
0.5029776365757483,Embryonic fibroblasts,Embryonic,EMB,Embryonic
0.4846668978981178,Embryonic fibroblasts,Embryonic,EMB,Embryonic
0.5258014543704563,Embryonic fibroblasts,Embryonic,EMB,Embryonic
0.4943250932560999,Embryonic fibroblasts,Embryonic,EMB,Embryonic
0.47996517397322747,Embryonic fibroblasts,Embryonic,EMB,Embryonic
0.4192140841419807,Embryonic fibroblasts,Embryonic,EMB,Embryonic
0.44553579899524715,Embryonic fibroblasts,Embryonic,EMB,Embryonic
0.4605322989492083,Embryonic fibroblasts,Embryonic,EMB,Embryonic
0.45361223404718437,Embryonic fibroblasts,Embryonic,EMB,Embryonic
0.44929826543856627,Embryonic fibroblasts,Embryonic,EMB,Embryonic
0.48216481874178435,Embryonic fibroblasts,Embryonic,EMB,Embryonic
0.47646444258590026,Embryonic fibroblasts,Embryonic,EMB,Embryonic
0.47486800245790844,Embryonic fibroblasts,Embryonic,EMB,Embryonic
0.33176560810238603,Embryonic fibroblasts,Embryonic,EMB,Embryonic
0.4340338630842367,Embryonic fibroblasts,Embryonic,EMB,Embryonic
0.460787541585025,Embryonic fibroblasts,Embryonic,EMB,Embryonic
0.4763296658434661,Embryonic fibroblasts,Embryonic,EMB,Embryonic
0.45515539417270795,Embryonic fibroblasts,Embryonic,EMB,Embryonic
0.5456066068316703,Embryonic fibroblasts,Embryonic,EMB,Embryonic
0.45980376730611805,Embryonic fibroblasts,Embryonic,EMB,Embryonic
0.51757669616927,Embryonic fibroblasts,Embryonic,EMB,Embryonic
0.5149691279389763,Embryonic fibroblasts,Embryonic,EMB,Embryonic
0.4841426139102297,Embryonic fibroblasts,Embryonic,EMB,Embryonic
0.4673194916891454,Embryonic fibroblasts,Embryonic,EMB,Embryonic
0.49944516996019434,Embryonic fibroblasts,Embryonic,EMB,Embryonic
0.4713120378450366,Embryonic fibroblasts,Embryonic,EMB,Embryonic
0.4444238724808413,Embryonic fibroblasts,Embryonic,EMB,Embryonic
0.3836352569592733,Embryonic fibroblasts,Embryonic,EMB,Embryonic
0.3194063990634678,Embryonic fibroblasts,Embryonic,EMB,Embryonic
0.4078379422827873,Embryonic fibroblasts,Embryonic,EMB,Embryonic
0.4785164950325507,Embryonic fibroblasts,Embryonic,EMB,Embryonic
0.5067987032705833,Embryonic fibroblasts,Embryonic,EMB,Embryonic
0.43420257544631213,Embryonic fibroblasts,Embryonic,EMB,Embryonic
0.38018119016327406,Embryonic fibroblasts,Embryonic,EMB,Embryonic
0.3771492216366098,Embryonic fibroblasts,Embryonic,EMB,Embryonic
0.44707750062984025,Embryonic fibroblasts,Embryonic,EMB,Embryonic
0.4697504108831543,Embryonic fibroblasts,Embryonic,EMB,Embryonic
0.3754029713946458,Embryonic fibroblasts,Embryonic,EMB,Embryonic
0.4333137838073769,Embryonic fibroblasts,Embryonic,EMB,Embryonic
0.45025849307742627,Embryonic fibroblasts,Embryonic,EMB,Embryonic
0.46782220836103944,Embryonic fibroblasts,Embryonic,EMB,Embryonic
0.412817845669817,Embryonic fibroblasts,Embryonic,EMB,Embryonic
0.48817611566203867,Embryonic fibroblasts,Embryonic,EMB,Embryonic
0.41636013416192996,Embryonic fibroblasts,Embryonic,EMB,Embryonic
0.5317347200485821,Embryonic fibroblasts,Embryonic,EMB,Embryonic
0.5250470875062415,Embryonic fibroblasts,Embryonic,EMB,Embryonic
0.5674217567388482,Embryonic fibroblasts,Embryonic,EMB,Embryonic
0.3966692909273942,Embryonic fibroblasts,Embryonic,EMB,Embryonic
0.48850447662435775,Embryonic fibroblasts,Embryonic,EMB,Embryonic
0.40386412990506,Embryonic fibroblasts,Embryonic,EMB,Embryonic
0.36374713463479746,Embryonic fibroblasts,Embryonic,EMB,Embryonic
0.22067000444267093,Embryonic fibroblasts,Embryonic,EMB,Embryonic
0.5167629436514275,Embryonic fibroblasts,Embryonic,EMB,Embryonic
0.5410394979022535,Embryonic fibroblasts,Embryonic,EMB,Embryonic
0.45161765397348863,Embryonic fibroblasts,Embryonic,EMB,Embryonic
0.4555222995543713,Embryonic fibroblasts,Embryonic,EMB,Embryonic
0.40705105241541795,Embryonic fibroblasts,Embryonic,EMB,Embryonic
0.4802072905861389,Embryonic fibroblasts,Embryonic,EMB,Embryonic
0.509714420816104,Embryonic fibroblasts,Embryonic,EMB,Embryonic
0.4419796441616223,Embryonic fibroblasts,Embryonic,EMB,Embryonic
0.4867429834121049,Embryonic fibroblasts,Embryonic,EMB,Embryonic
0.31785735237679985,Embryonic fibroblasts,Embryonic,EMB,Embryonic
0.47763464071679956,Embryonic fibroblasts,Embryonic,EMB,Embryonic
0.47182232538199936,Embryonic fibroblasts,Embryonic,EMB,Embryonic
0.452881342638535,Embryonic fibroblasts,Embryonic,EMB,Embryonic
0.47792911470220617,Embryonic fibroblasts,Embryonic,EMB,Embryonic
0.48425846348999196,Embryonic fibroblasts,Embryonic,EMB,Embryonic
0.44063627475182493,Embryonic fibroblasts,Embryonic,EMB,Embryonic
0.441936767771114,Embryonic fibroblasts,Embryonic,EMB,Embryonic
0.458922758108349,Embryonic fibroblasts,Embryonic,EMB,Embryonic
0.4811489817860362,Embryonic fibroblasts,Embryonic,EMB,Embryonic
0.6354833168284467,Embryonic fibroblasts,Embryonic,EMB,Embryonic
0.5777253991905495,Embryonic fibroblasts,Embryonic,EMB,Embryonic
0.6039798609231137,Embryonic fibroblasts,Embryonic,EMB,Embryonic
0.4081355345439495,Embryonic fibroblasts,Embryonic,EMB,Embryonic
0.511012929765708,Embryonic fibroblasts,Embryonic,EMB,Embryonic
0.4587961122155708,Embryonic fibroblasts,Embryonic,EMB,Embryonic
0.34321357035770367,Embryonic fibroblasts,Embryonic,EMB,Embryonic
0.4774281380954136,Embryonic fibroblasts,Embryonic,EMB,Embryonic
0.4178379236008155,Embryonic fibroblasts,Embryonic,EMB,Embryonic
0.3787714163099808,Embryonic fibroblasts,Embryonic,EMB,Embryonic
0.46590383087923837,Embryonic fibroblasts,Embryonic,EMB,Embryonic
0.4702092945242036,Embryonic fibroblasts,Embryonic,EMB,Embryonic
0.4919966472868551,Embryonic fibroblasts,Embryonic,EMB,Embryonic
0.4262733032365768,Embryonic fibroblasts,Embryonic,EMB,Embryonic
0.270769670546957,Embryonic fibroblasts,Embryonic,EMB,Embryonic
0.4606476605198034,Embryonic fibroblasts,Embryonic,EMB,Embryonic
0.4376823876918957,Embryonic fibroblasts,Embryonic,EMB,Embryonic
0.49477458252294804,Embryonic fibroblasts,Embryonic,EMB,Embryonic
0.5182250127885295,Embryonic fibroblasts,Embryonic,EMB,Embryonic
0.4766088830171569,Embryonic fibroblasts,Embryonic,EMB,Embryonic
0.44922599578927025,Embryonic fibroblasts,Embryonic,EMB,Embryonic
0.4665866949092099,Embryonic fibroblasts,Embryonic,EMB,Embryonic
0.47893463860847335,Embryonic fibroblasts,Embryonic,EMB,Embryonic
0.46314333544562475,Embryonic fibroblasts,Embryonic,EMB,Embryonic
0.4608052914354679,Embryonic fibroblasts,Embryonic,EMB,Embryonic
0.5549216352506665,Embryonic fibroblasts,Embryonic,EMB,Embryonic
0.4176464670059865,Embryonic fibroblasts,Embryonic,EMB,Embryonic
0.34653649121529084,Embryonic fibroblasts,Embryonic,EMB,Embryonic
0.43727721709224315,Embryonic fibroblasts,Embryonic,EMB,Embryonic
0.4745272779375741,Embryonic fibroblasts,Embryonic,EMB,Embryonic
0.27945406615375706,Embryonic fibroblasts,Embryonic,EMB,Embryonic
0.4183235627201467,Embryonic fibroblasts,Embryonic,EMB,Embryonic
0.3775581713412873,Embryonic fibroblasts,Embryonic,EMB,Embryonic
0.30973264870988665,Embryonic fibroblasts,Embryonic,EMB,Embryonic
0.49539915872218326,Embryonic fibroblasts,Embryonic,EMB,Embryonic
0.5236174061217793,Embryonic fibroblasts,Embryonic,EMB,Embryonic
0.3749004295202007,Embryonic fibroblasts,Embryonic,EMB,Embryonic
0.5015840801292006,Embryonic fibroblasts,Embryonic,EMB,Embryonic
0.47087775595623654,Embryonic fibroblasts,Embryonic,EMB,Embryonic
0.4732352234430884,Embryonic fibroblasts,Embryonic,EMB,Embryonic
0.29557533074334874,Embryonic fibroblasts,Embryonic,EMB,Embryonic
0.45544122003456033,Embryonic fibroblasts,Embryonic,EMB,Embryonic
0.5308580368899369,Embryonic fibroblasts,Embryonic,EMB,Embryonic
0.45660839203406045,Embryonic fibroblasts,Embryonic,EMB,Embryonic
0.3789795937440268,Embryonic fibroblasts,Embryonic,EMB,Embryonic
0.45763915598009375,Embryonic fibroblasts,Embryonic,EMB,Embryonic
0.48910458750826624,Embryonic fibroblasts,Embryonic,EMB,Embryonic
0.4353744309892206,Embryonic fibroblasts,Embryonic,EMB,Embryonic
0.47678033795911395,Embryonic fibroblasts,Embryonic,EMB,Embryonic
0.4907955914741974,Embryonic fibroblasts,Embryonic,EMB,Embryonic
0.4318689179820884,Embryonic fibroblasts,Embryonic,EMB,Embryonic
0.4440050439520197,Embryonic fibroblasts,Embryonic,EMB,Embryonic
0.5137480669142225,Embryonic fibroblasts,Embryonic,EMB,Embryonic
0.48744669816762415,Embryonic fibroblasts,Embryonic,EMB,Embryonic
0.4930813548329112,Embryonic fibroblasts,Embryonic,EMB,Embryonic
0.4869654234479429,Embryonic fibroblasts,Embryonic,EMB,Embryonic
0.5535672539970624,Embryonic fibroblasts,Embryonic,EMB,Embryonic
0.40205904094356737,Embryonic fibroblasts,Embryonic,EMB,Embryonic
0.45240064451315326,Embryonic fibroblasts,Embryonic,EMB,Embryonic
0.4298230747995647,Embryonic fibroblasts,Embryonic,EMB,Embryonic
0.47713515502942344,Embryonic fibroblasts,Embryonic,EMB,Embryonic
0.3519426089165593,Embryonic fibroblasts,Embryonic,EMB,Embryonic
0.45302446615688535,Embryonic fibroblasts,Embryonic,EMB,Embryonic
0.4027436952632467,Embryonic fibroblasts,Embryonic,EMB,Embryonic
0.41990215966693106,Embryonic fibroblasts,Embryonic,EMB,Embryonic
0.5750469205390856,Embryonic fibroblasts,Embryonic,EMB,Embryonic
0.39676319670434956,Embryonic fibroblasts,Embryonic,EMB,Embryonic
0.3477796846817273,Embryonic fibroblasts,Embryonic,EMB,Embryonic
0.5969125702992628,Embryonic fibroblasts,Embryonic,EMB,Embryonic
0.4130337992175199,Embryonic fibroblasts,Embryonic,EMB,Embryonic
0.33237300313609086,Embryonic fibroblasts,Embryonic,EMB,Embryonic
0.5015242792327648,Embryonic fibroblasts,Embryonic,EMB,Embryonic
0.43722697271243827,Embryonic fibroblasts,Embryonic,EMB,Embryonic
0.3889114028706037,Embryonic fibroblasts,Embryonic,EMB,Embryonic
0.44375665915004947,Embryonic fibroblasts,Embryonic,EMB,Embryonic
0.4290354952336643,Embryonic fibroblasts,Embryonic,EMB,Embryonic
0.46220949114839643,Embryonic fibroblasts,Embryonic,EMB,Embryonic
0.48785089077159577,Embryonic fibroblasts,Embryonic,EMB,Embryonic
0.2723516032776347,Embryonic fibroblasts,Embryonic,EMB,Embryonic
0.4820730310986207,Embryonic fibroblasts,Embryonic,EMB,Embryonic
0.422448068294885,Embryonic fibroblasts,Embryonic,EMB,Embryonic
0.36663428703433076,Embryonic fibroblasts,Embryonic,EMB,Embryonic
0.3677462099895126,Embryonic fibroblasts,Embryonic,EMB,Embryonic
0.4885361513457752,Embryonic fibroblasts,Embryonic,EMB,Embryonic
0.3995289340840813,Embryonic fibroblasts,Embryonic,EMB,Embryonic
0.48660330957281817,Embryonic fibroblasts,Embryonic,EMB,Embryonic
0.5082434631100883,Embryonic fibroblasts,Embryonic,EMB,Embryonic
0.4408343993552167,Embryonic fibroblasts,Embryonic,EMB,Embryonic
0.44188524760721437,Embryonic fibroblasts,Embryonic,EMB,Embryonic
0.3283990998004152,Embryonic fibroblasts,Embryonic,EMB,Embryonic
0.43257715255670864,Embryonic fibroblasts,Embryonic,EMB,Embryonic
0.460041407601556,Embryonic fibroblasts,Embryonic,EMB,Embryonic
0.4028348327548134,Embryonic fibroblasts,Embryonic,EMB,Embryonic
0.5057474864411596,Embryonic fibroblasts,Embryonic,EMB,Embryonic
0.40177265351525043,Embryonic fibroblasts,Embryonic,EMB,Embryonic
0.40369812018046264,Embryonic fibroblasts,Embryonic,EMB,Embryonic
0.5183964701033024,Embryonic fibroblasts,Embryonic,EMB,Embryonic
0.39018524244270114,Embryonic fibroblasts,Embryonic,EMB,Embryonic
0.4638649230425521,Embryonic fibroblasts,Embryonic,EMB,Embryonic
0.40563250863401323,Embryonic fibroblasts,Embryonic,EMB,Embryonic
0.503147763136188,Embryonic fibroblasts,Embryonic,EMB,Embryonic
0.46282691884381927,Embryonic fibroblasts,Embryonic,EMB,Embryonic
0.4062672424632781,Embryonic fibroblasts,Embryonic,EMB,Embryonic
0.44966081037527295,Embryonic fibroblasts,Embryonic,EMB,Embryonic
0.38076712386676836,Embryonic fibroblasts,Embryonic,EMB,Embryonic
0.4496114344461415,Embryonic fibroblasts,Embryonic,EMB,Embryonic
0.44809581717835795,Embryonic fibroblasts,Embryonic,EMB,Embryonic
0.4755799496987042,Embryonic fibroblasts,Embryonic,EMB,Embryonic
0.513427839965314,Embryonic fibroblasts,Embryonic,EMB,Embryonic
0.4572014691002656,Embryonic fibroblasts,Embryonic,EMB,Embryonic
0.4573187672842248,Embryonic fibroblasts,Embryonic,EMB,Embryonic
0.43788071121636596,Embryonic fibroblasts,Embryonic,EMB,Embryonic
0.521950832669873,Embryonic fibroblasts,Embryonic,EMB,Embryonic
0.4731735689818501,Embryonic fibroblasts,Embryonic,EMB,Embryonic
0.39324079873822376,Embryonic fibroblasts,Embryonic,EMB,Embryonic
0.45688941136153927,Embryonic fibroblasts,Embryonic,EMB,Embryonic
0.4259607487883578,Embryonic fibroblasts,Embryonic,EMB,Embryonic
0.4456840383049959,Embryonic fibroblasts,Embryonic,EMB,Embryonic
0.4321830918772597,Embryonic fibroblasts,Embryonic,EMB,Embryonic
0.5560086230729444,Embryonic fibroblasts,Embryonic,EMB,Embryonic
0.5473156279853191,Embryonic fibroblasts,Embryonic,EMB,Embryonic
0.35720207946764687,Embryonic fibroblasts,Embryonic,EMB,Embryonic
0.4531973265968811,Embryonic fibroblasts,Embryonic,EMB,Embryonic
0.3727687651404646,Embryonic fibroblasts,Embryonic,EMB,Embryonic
0.3724574805443005,Embryonic fibroblasts,Embryonic,EMB,Embryonic
0.4276715187074336,Embryonic fibroblasts,Embryonic,EMB,Embryonic
0.3906657657706339,Embryonic fibroblasts,Embryonic,EMB,Embryonic
0.4840567484204512,Embryonic fibroblasts,Embryonic,EMB,Embryonic
0.5411238681224528,Embryonic fibroblasts,Embryonic,EMB,Embryonic
0.4397881863993676,Embryonic fibroblasts,Embryonic,EMB,Embryonic
0.3813945478407298,Embryonic fibroblasts,Embryonic,EMB,Embryonic
0.5021859955397132,Embryonic fibroblasts,Embryonic,EMB,Embryonic
0.48328955015799036,Embryonic fibroblasts,Embryonic,EMB,Embryonic
0.46626045722178394,Embryonic fibroblasts,Embryonic,EMB,Embryonic
0.43166887416598365,Embryonic fibroblasts,Embryonic,EMB,Embryonic
0.4686283923866293,Embryonic fibroblasts,Embryonic,EMB,Embryonic
0.3142323752001265,Embryonic fibroblasts,Embryonic,EMB,Embryonic
0.4471618902280374,Embryonic fibroblasts,Embryonic,EMB,Embryonic
0.40711005327737654,Embryonic fibroblasts,Embryonic,EMB,Embryonic
0.5425219167052476,Embryonic fibroblasts,Embryonic,EMB,Embryonic
0.48319392646221654,Embryonic fibroblasts,Embryonic,EMB,Embryonic
0.4132900123351001,Embryonic fibroblasts,Embryonic,EMB,Embryonic
0.46744133974787555,Embryonic fibroblasts,Embryonic,EMB,Embryonic
0.458906174101524,Embryonic fibroblasts,Embryonic,EMB,Embryonic
0.36612826898437606,Embryonic fibroblasts,Embryonic,EMB,Embryonic
0.3121742625812908,Embryonic fibroblasts,Embryonic,EMB,Embryonic
0.5592019383452034,Embryonic fibroblasts,Embryonic,EMB,Embryonic
0.33670389585516747,Embryonic fibroblasts,Embryonic,EMB,Embryonic
0.46291353414346886,Embryonic fibroblasts,Embryonic,EMB,Embryonic
0.4963984136484531,Embryonic fibroblasts,Embryonic,EMB,Embryonic
0.46103738527339494,Embryonic fibroblasts,Embryonic,EMB,Embryonic
0.4490977897699409,Embryonic fibroblasts,Embryonic,EMB,Embryonic
0.5120301057806456,Embryonic fibroblasts,Embryonic,EMB,Embryonic
0.4641479165529824,Embryonic fibroblasts,Embryonic,EMB,Embryonic
0.3096883893630922,Embryonic fibroblasts,Embryonic,EMB,Embryonic
0.4998196604438227,Embryonic fibroblasts,Embryonic,EMB,Embryonic
0.43948485034149315,Embryonic fibroblasts,Embryonic,EMB,Embryonic
0.5098263528765719,Embryonic fibroblasts,Embryonic,EMB,Embryonic
0.4542974720796114,Embryonic fibroblasts,Embryonic,EMB,Embryonic
0.47451100793340606,Embryonic fibroblasts,Embryonic,EMB,Embryonic
0.4795248006701643,Embryonic fibroblasts,Embryonic,EMB,Embryonic
0.3785993650002572,Embryonic fibroblasts,Embryonic,EMB,Embryonic
0.4551378732990136,Embryonic fibroblasts,Embryonic,EMB,Embryonic
0.44462392499727155,Embryonic fibroblasts,Embryonic,EMB,Embryonic
0.5143672904359239,Embryonic fibroblasts,Embryonic,EMB,Embryonic
0.49672877529016946,Embryonic fibroblasts,Embryonic,EMB,Embryonic
0.48604875912983686,Embryonic fibroblasts,Embryonic,EMB,Embryonic
0.45752680393118544,Embryonic fibroblasts,Embryonic,EMB,Embryonic
0.4890816850877762,Embryonic fibroblasts,Embryonic,EMB,Embryonic
0.4812026014966686,Embryonic fibroblasts,Embryonic,EMB,Embryonic
0.40071357910548555,Embryonic fibroblasts,Embryonic,EMB,Embryonic
0.5226705366463278,Embryonic fibroblasts,Embryonic,EMB,Embryonic
0.35717326161675056,Embryonic fibroblasts,Embryonic,EMB,Embryonic
0.506003714982044,Embryonic fibroblasts,Embryonic,EMB,Embryonic
0.5193387086327679,Embryonic fibroblasts,Embryonic,EMB,Embryonic
0.3925143982794135,Embryonic fibroblasts,Embryonic,EMB,Embryonic
0.4929609106903424,Embryonic fibroblasts,Embryonic,EMB,Embryonic
0.4358659989849157,Embryonic fibroblasts,Embryonic,EMB,Embryonic
0.3348518868291524,Embryonic fibroblasts,Embryonic,EMB,Embryonic
0.35975785347378747,Embryonic fibroblasts,Embryonic,EMB,Embryonic
0.44737835828135325,Embryonic fibroblasts,Embryonic,EMB,Embryonic
0.44533964897027634,Embryonic fibroblasts,Embryonic,EMB,Embryonic
0.47690975846479033,Embryonic fibroblasts,Embryonic,EMB,Embryonic
0.42226621923223223,Embryonic fibroblasts,Embryonic,EMB,Embryonic
0.484886166269839,Embryonic fibroblasts,Embryonic,EMB,Embryonic
0.4825387365858065,Embryonic fibroblasts,Embryonic,EMB,Embryonic
0.4882666314758009,Embryonic fibroblasts,Embryonic,EMB,Embryonic
0.4310438649278199,Embryonic fibroblasts,Embryonic,EMB,Embryonic
0.5157665246358039,Embryonic fibroblasts,Embryonic,EMB,Embryonic
0.49511181346712185,Embryonic fibroblasts,Embryonic,EMB,Embryonic
0.42574436022437956,Embryonic fibroblasts,Embryonic,EMB,Embryonic
0.4744870871793623,Embryonic fibroblasts,Embryonic,EMB,Embryonic
0.3774298597316437,Embryonic fibroblasts,Embryonic,EMB,Embryonic
0.39430903063605444,Embryonic fibroblasts,Embryonic,EMB,Embryonic
0.40852435446368834,Embryonic fibroblasts,Embryonic,EMB,Embryonic
0.399929344023804,Embryonic fibroblasts,Embryonic,EMB,Embryonic
0.4417563953909814,Embryonic fibroblasts,Embryonic,EMB,Embryonic
0.4314529376234624,Embryonic fibroblasts,Embryonic,EMB,Embryonic
0.397561442869322,Embryonic fibroblasts,Embryonic,EMB,Embryonic
0.46652388132733225,Embryonic fibroblasts,Embryonic,EMB,Embryonic
0.3901499448266485,Embryonic fibroblasts,Embryonic,EMB,Embryonic
0.43745649718605534,Embryonic fibroblasts,Embryonic,EMB,Embryonic
0.5051793931505875,Embryonic fibroblasts,Embryonic,EMB,Embryonic
0.3966113111672747,Embryonic fibroblasts,Embryonic,EMB,Embryonic
0.3981576635213207,Embryonic fibroblasts,Embryonic,EMB,Embryonic
0.5359780993571351,Embryonic fibroblasts,Embryonic,EMB,Embryonic
0.40983449614396517,Embryonic fibroblasts,Embryonic,EMB,Embryonic
0.48354605671382156,Embryonic fibroblasts,Embryonic,EMB,Embryonic
0.4183041234246779,Embryonic fibroblasts,Embryonic,EMB,Embryonic
0.33828011049464013,Embryonic fibroblasts,Embryonic,EMB,Embryonic
0.44581968033434866,Embryonic fibroblasts,Embryonic,EMB,Embryonic
0.49481397601496796,Embryonic fibroblasts,Embryonic,EMB,Embryonic
0.4292510307702736,Embryonic fibroblasts,Embryonic,EMB,Embryonic
0.3897309248906657,Embryonic fibroblasts,Embryonic,EMB,Embryonic
0.47110660496821866,Embryonic fibroblasts,Embryonic,EMB,Embryonic
0.4977346116172162,Embryonic fibroblasts,Embryonic,EMB,Embryonic
0.4921746258910652,Embryonic fibroblasts,Embryonic,EMB,Embryonic
0.42768632666144707,Embryonic fibroblasts,Embryonic,EMB,Embryonic
0.4534041550850042,Embryonic fibroblasts,Embryonic,EMB,Embryonic
0.48171214357392317,Embryonic fibroblasts,Embryonic,EMB,Embryonic
0.4221393744183754,Embryonic fibroblasts,Embryonic,EMB,Embryonic
0.4407869465934916,Embryonic fibroblasts,Embryonic,EMB,Embryonic
0.5891080698530975,Embryonic fibroblasts,Embryonic,EMB,Embryonic
0.39075976013272173,Embryonic fibroblasts,Embryonic,EMB,Embryonic
0.4720757650730893,Embryonic fibroblasts,Embryonic,EMB,Embryonic
0.4580774044263864,Embryonic fibroblasts,Embryonic,EMB,Embryonic
0.45715839537055614,Embryonic fibroblasts,Embryonic,EMB,Embryonic
0.4525975593758302,Embryonic fibroblasts,Embryonic,EMB,Embryonic
0.4835383486208915,Embryonic fibroblasts,Embryonic,EMB,Embryonic
0.492601963338233,Embryonic fibroblasts,Embryonic,EMB,Embryonic
0.5185241280021249,Embryonic fibroblasts,Embryonic,EMB,Embryonic
0.39018806569832826,Embryonic fibroblasts,Embryonic,EMB,Embryonic
0.4745909967487738,Embryonic fibroblasts,Embryonic,EMB,Embryonic
0.4498241498908784,Embryonic fibroblasts,Embryonic,EMB,Embryonic
0.2880439793893022,Embryonic fibroblasts,Embryonic,EMB,Embryonic
0.3586904947722623,Embryonic fibroblasts,Embryonic,EMB,Embryonic
0.4350031995684335,Embryonic fibroblasts,Embryonic,EMB,Embryonic
0.4204088377552163,Embryonic fibroblasts,Embryonic,EMB,Embryonic
0.46804807039308716,Embryonic fibroblasts,Embryonic,EMB,Embryonic
0.495871493066467,Embryonic fibroblasts,Embryonic,EMB,Embryonic
0.5016235598335369,Embryonic fibroblasts,Embryonic,EMB,Embryonic
0.4816303170125266,Embryonic fibroblasts,Embryonic,EMB,Embryonic
0.4853294937288813,Embryonic fibroblasts,Embryonic,EMB,Embryonic
0.3843151482462068,Embryonic fibroblasts,Embryonic,EMB,Embryonic
0.4142057528368249,Embryonic fibroblasts,Embryonic,EMB,Embryonic
0.48736985175164194,Embryonic fibroblasts,Embryonic,EMB,Embryonic
0.41930027233474165,Embryonic fibroblasts,Embryonic,EMB,Embryonic
0.4714801566076308,Embryonic fibroblasts,Embryonic,EMB,Embryonic
0.492511807006102,Embryonic fibroblasts,Embryonic,EMB,Embryonic
0.4754056849470777,Embryonic fibroblasts,Embryonic,EMB,Embryonic
0.4010289314992937,Embryonic fibroblasts,Embryonic,EMB,Embryonic
0.35851999647064176,Embryonic fibroblasts,Embryonic,EMB,Embryonic
0.42933300009610215,Embryonic fibroblasts,Embryonic,EMB,Embryonic
0.5368303314373499,Embryonic fibroblasts,Embryonic,EMB,Embryonic
0.48647850300794615,Embryonic fibroblasts,Embryonic,EMB,Embryonic
0.3278344494659279,Embryonic fibroblasts,Embryonic,EMB,Embryonic
0.4211913699459145,Embryonic fibroblasts,Embryonic,EMB,Embryonic
0.40994250198481313,Embryonic fibroblasts,Embryonic,EMB,Embryonic
0.5009949727842429,Embryonic fibroblasts,Embryonic,EMB,Embryonic
0.4708695203072052,Embryonic fibroblasts,Embryonic,EMB,Embryonic
0.41258376736673563,Embryonic fibroblasts,Embryonic,EMB,Embryonic
0.4910464752469349,Embryonic fibroblasts,Embryonic,EMB,Embryonic
0.5022949944040772,Embryonic fibroblasts,Embryonic,EMB,Embryonic
0.368419101469106,Embryonic fibroblasts,Embryonic,EMB,Embryonic
0.4694028388111764,Embryonic fibroblasts,Embryonic,EMB,Embryonic
0.44500960765872627,Embryonic fibroblasts,Embryonic,EMB,Embryonic
0.4216262992180261,Embryonic fibroblasts,Embryonic,EMB,Embryonic
0.3939861477150503,Embryonic fibroblasts,Embryonic,EMB,Embryonic
0.4254762707670126,Embryonic fibroblasts,Embryonic,EMB,Embryonic
0.4325018634989923,Embryonic fibroblasts,Embryonic,EMB,Embryonic
0.37402500593140736,Embryonic fibroblasts,Embryonic,EMB,Embryonic
0.4732745580101764,Embryonic fibroblasts,Embryonic,EMB,Embryonic
0.38615531217451293,Embryonic fibroblasts,Embryonic,EMB,Embryonic
0.36393872371185576,Embryonic fibroblasts,Embryonic,EMB,Embryonic
0.38194533578839857,Embryonic fibroblasts,Embryonic,EMB,Embryonic
0.43501728460449113,Embryonic fibroblasts,Embryonic,EMB,Embryonic
0.39144379000631124,Embryonic fibroblasts,Embryonic,EMB,Embryonic
0.4031049185414149,Embryonic fibroblasts,Embryonic,EMB,Embryonic
0.49062987835160576,Embryonic fibroblasts,Embryonic,EMB,Embryonic
0.46007602184658697,Embryonic fibroblasts,Embryonic,EMB,Embryonic
0.4591805531032941,Embryonic fibroblasts,Embryonic,EMB,Embryonic
0.4403750209820213,Embryonic fibroblasts,Embryonic,EMB,Embryonic
0.5068155969299024,Embryonic fibroblasts,Embryonic,EMB,Embryonic
0.4452578188496558,Embryonic fibroblasts,Embryonic,EMB,Embryonic
0.3595379788475662,Embryonic fibroblasts,Embryonic,EMB,Embryonic
0.5033855679468721,Embryonic fibroblasts,Embryonic,EMB,Embryonic
0.41902928922820476,Embryonic fibroblasts,Embryonic,EMB,Embryonic
0.4271740609868394,Embryonic fibroblasts,Embryonic,EMB,Embryonic
0.4289703040901071,Embryonic fibroblasts,Embryonic,EMB,Embryonic
0.2890550758540569,Embryonic fibroblasts,Embryonic,EMB,Embryonic
0.5077305892036338,Embryonic fibroblasts,Embryonic,EMB,Embryonic
0.5374503249378588,Embryonic fibroblasts,Embryonic,EMB,Embryonic
0.2887266017875062,Embryonic fibroblasts,Embryonic,EMB,Embryonic
0.4421063430472921,Embryonic fibroblasts,Embryonic,EMB,Embryonic
0.21895009839087382,Embryonic fibroblasts,Embryonic,EMB,Embryonic
0.40026889123190945,Embryonic fibroblasts,Embryonic,EMB,Embryonic
0.41452097116652653,Embryonic fibroblasts,Embryonic,EMB,Embryonic
0.4761156263673748,Embryonic fibroblasts,Embryonic,EMB,Embryonic
0.456740422637389,Embryonic fibroblasts,Embryonic,EMB,Embryonic
0.4643814676954319,Embryonic fibroblasts,Embryonic,EMB,Embryonic
0.4423596205959522,Embryonic fibroblasts,Embryonic,EMB,Embryonic
0.3845318749364718,Embryonic fibroblasts,Embryonic,EMB,Embryonic
0.3867970798214812,Embryonic fibroblasts,Embryonic,EMB,Embryonic
0.46067878356148984,Embryonic fibroblasts,Embryonic,EMB,Embryonic
0.5279857371324527,Embryonic fibroblasts,Embryonic,EMB,Embryonic
0.48851146931324957,Embryonic fibroblasts,Embryonic,EMB,Embryonic
0.43075048520608034,Embryonic fibroblasts,Embryonic,EMB,Embryonic
0.5265433857012359,Embryonic fibroblasts,Embryonic,EMB,Embryonic
0.4208132545903044,Embryonic fibroblasts,Embryonic,EMB,Embryonic
0.4773060223039393,Embryonic fibroblasts,Embryonic,EMB,Embryonic
0.430195517542944,Embryonic fibroblasts,Embryonic,EMB,Embryonic
0.46670650234613925,Embryonic fibroblasts,Embryonic,EMB,Embryonic
0.34414164673458997,Embryonic fibroblasts,Embryonic,EMB,Embryonic
0.48798763260118655,Embryonic fibroblasts,Embryonic,EMB,Embryonic
0.5686002106877153,Embryonic fibroblasts,Embryonic,EMB,Embryonic
0.4147996022546536,Embryonic fibroblasts,Embryonic,EMB,Embryonic
0.5130055419839616,Embryonic fibroblasts,Embryonic,EMB,Embryonic
0.45616795150120915,Embryonic fibroblasts,Embryonic,EMB,Embryonic
0.45374405782004745,Embryonic fibroblasts,Embryonic,EMB,Embryonic
0.49067336376489945,Embryonic fibroblasts,Embryonic,EMB,Embryonic
0.44925658059718326,Embryonic fibroblasts,Embryonic,EMB,Embryonic
0.41112164444580335,Embryonic fibroblasts,Embryonic,EMB,Embryonic
0.44795133878204446,Embryonic fibroblasts,Embryonic,EMB,Embryonic
0.5083364680078843,Embryonic fibroblasts,Embryonic,EMB,Embryonic
0.41431822550388236,Embryonic fibroblasts,Embryonic,EMB,Embryonic
0.5017369930956241,Embryonic fibroblasts,Embryonic,EMB,Embryonic
0.3592233691451808,Embryonic fibroblasts,Embryonic,EMB,Embryonic
0.4120104534853896,Embryonic fibroblasts,Embryonic,EMB,Embryonic
0.47747301793360447,Embryonic fibroblasts,Embryonic,EMB,Embryonic
0.41540860289388387,Embryonic fibroblasts,Embryonic,EMB,Embryonic
0.3710943902648634,Embryonic fibroblasts,Embryonic,EMB,Embryonic
0.4893286691373398,Embryonic fibroblasts,Embryonic,EMB,Embryonic
0.4234501247259682,Embryonic fibroblasts,Embryonic,EMB,Embryonic
0.35332231958600074,Embryonic fibroblasts,Embryonic,EMB,Embryonic
0.5344089355405475,Embryonic fibroblasts,Embryonic,EMB,Embryonic
0.45085114857331365,Embryonic fibroblasts,Embryonic,EMB,Embryonic
0.4309778088928134,Embryonic fibroblasts,Embryonic,EMB,Embryonic
0.4649773818586912,Embryonic fibroblasts,Embryonic,EMB,Embryonic
0.4186105160650909,Embryonic fibroblasts,Embryonic,EMB,Embryonic
0.49485286449263904,Embryonic fibroblasts,Embryonic,EMB,Embryonic
0.45521328297487906,Embryonic fibroblasts,Embryonic,EMB,Embryonic
0.4571182038214057,Embryonic fibroblasts,Embryonic,EMB,Embryonic
0.5208758153090851,Embryonic fibroblasts,Embryonic,EMB,Embryonic
0.3729395268246664,Embryonic fibroblasts,Embryonic,EMB,Embryonic
0.3792983792071864,Embryonic fibroblasts,Embryonic,EMB,Embryonic
0.3689267824676406,Embryonic fibroblasts,Embryonic,EMB,Embryonic
0.40083258334418287,Embryonic fibroblasts,Embryonic,EMB,Embryonic
0.5141876765659877,Embryonic fibroblasts,Embryonic,EMB,Embryonic
0.41860184816806956,Embryonic fibroblasts,Embryonic,EMB,Embryonic
0.43217921865053155,Embryonic fibroblasts,Embryonic,EMB,Embryonic
0.4671293654531803,Embryonic fibroblasts,Embryonic,EMB,Embryonic
0.39242955863710616,Embryonic fibroblasts,Embryonic,EMB,Embryonic
0.4597557189675651,Embryonic fibroblasts,Embryonic,EMB,Embryonic
0.4348454231200514,Embryonic fibroblasts,Embryonic,EMB,Embryonic
0.44048394114798645,Embryonic fibroblasts,Embryonic,EMB,Embryonic
0.40895829901714037,Embryonic fibroblasts,Embryonic,EMB,Embryonic
0.42404626193393596,Embryonic fibroblasts,Embryonic,EMB,Embryonic
0.4302216382929331,Embryonic fibroblasts,Embryonic,EMB,Embryonic
0.3542728894680781,Embryonic fibroblasts,Embryonic,EMB,Embryonic
0.46027697840593135,Embryonic fibroblasts,Embryonic,EMB,Embryonic
0.45935812516502145,Embryonic fibroblasts,Embryonic,EMB,Embryonic
0.47487679571871094,Embryonic fibroblasts,Embryonic,EMB,Embryonic
0.4357631599510109,Embryonic fibroblasts,Embryonic,EMB,Embryonic
0.46523852015144723,Embryonic fibroblasts,Embryonic,EMB,Embryonic
0.5026479215264048,Embryonic fibroblasts,Embryonic,EMB,Embryonic
0.43753051678718635,Embryonic fibroblasts,Embryonic,EMB,Embryonic
0.3690838834543878,Embryonic fibroblasts,Embryonic,EMB,Embryonic
0.3085007197921661,Embryonic fibroblasts,Embryonic,EMB,Embryonic
0.5378291477881203,Embryonic fibroblasts,Embryonic,EMB,Embryonic
0.5225074965010138,Embryonic fibroblasts,Embryonic,EMB,Embryonic
0.4235114394790425,Embryonic fibroblasts,Embryonic,EMB,Embryonic
0.43529261075533354,Embryonic fibroblasts,Embryonic,EMB,Embryonic
0.5126954817608781,Embryonic fibroblasts,Embryonic,EMB,Embryonic
0.419769233721014,Embryonic fibroblasts,Embryonic,EMB,Embryonic
0.4449815574138214,Embryonic fibroblasts,Embryonic,EMB,Embryonic
0.37502018791893177,Embryonic fibroblasts,Embryonic,EMB,Embryonic
0.5488036925086286,Embryonic fibroblasts,Embryonic,EMB,Embryonic
0.5477191601554907,Embryonic fibroblasts,Embryonic,EMB,Embryonic
0.5155282662217854,Embryonic fibroblasts,Embryonic,EMB,Embryonic
0.38107870941510125,Embryonic fibroblasts,Embryonic,EMB,Embryonic
0.5520142451030645,Embryonic fibroblasts,Embryonic,EMB,Embryonic
0.5583865458160027,Embryonic fibroblasts,Embryonic,EMB,Embryonic
0.3690161965038182,Embryonic fibroblasts,Embryonic,EMB,Embryonic
0.46349574885327816,Embryonic fibroblasts,Embryonic,EMB,Embryonic
0.43776429057887506,Embryonic fibroblasts,Embryonic,EMB,Embryonic
0.4972646504844493,Embryonic fibroblasts,Embryonic,EMB,Embryonic
0.4097925589931424,Embryonic fibroblasts,Embryonic,EMB,Embryonic
0.30263679254457904,Embryonic fibroblasts,Embryonic,EMB,Embryonic
0.45751535548922584,Embryonic fibroblasts,Embryonic,EMB,Embryonic
0.3939514369755001,Embryonic fibroblasts,Embryonic,EMB,Embryonic
0.4994063000695824,Embryonic fibroblasts,Embryonic,EMB,Embryonic
0.45573171006182334,Embryonic fibroblasts,Embryonic,EMB,Embryonic
0.4953499670817648,Embryonic fibroblasts,Embryonic,EMB,Embryonic
0.48493747643951857,Embryonic fibroblasts,Embryonic,EMB,Embryonic
0.5105444797212939,Embryonic fibroblasts,Embryonic,EMB,Embryonic
0.4390393794386213,Embryonic fibroblasts,Embryonic,EMB,Embryonic
0.44027780591761845,Embryonic fibroblasts,Embryonic,EMB,Embryonic
0.38717840401532616,Embryonic fibroblasts,Embryonic,EMB,Embryonic
0.464698131861045,Embryonic fibroblasts,Embryonic,EMB,Embryonic
0.39704315182383126,Embryonic fibroblasts,Embryonic,EMB,Embryonic
0.4302751290805602,Embryonic fibroblasts,Embryonic,EMB,Embryonic
0.4629290049040982,Embryonic fibroblasts,Embryonic,EMB,Embryonic
0.343623795846476,Embryonic fibroblasts,Embryonic,EMB,Embryonic
0.32976181280210065,Embryonic fibroblasts,Embryonic,EMB,Embryonic
0.4823040623104278,Embryonic fibroblasts,Embryonic,EMB,Embryonic
0.46503694468258383,Embryonic fibroblasts,Embryonic,EMB,Embryonic
0.5848678436216022,Embryonic fibroblasts,Embryonic,EMB,Embryonic
0.5185185562345761,Embryonic fibroblasts,Embryonic,EMB,Embryonic
0.5965092955796323,Embryonic fibroblasts,Embryonic,EMB,Embryonic
0.4361803662645948,Embryonic fibroblasts,Embryonic,EMB,Embryonic
0.44566657635623336,Embryonic fibroblasts,Embryonic,EMB,Embryonic
0.5080258758785368,Embryonic fibroblasts,Embryonic,EMB,Embryonic
0.4309210491556116,Embryonic fibroblasts,Embryonic,EMB,Embryonic
0.4371699926988134,Embryonic fibroblasts,Embryonic,EMB,Embryonic
0.41800360231757433,Embryonic fibroblasts,Embryonic,EMB,Embryonic
0.442598322331102,Embryonic fibroblasts,Embryonic,EMB,Embryonic
0.5326384082266633,Embryonic fibroblasts,Embryonic,EMB,Embryonic
0.4052729977380925,Embryonic fibroblasts,Embryonic,EMB,Embryonic
0.466197890017306,Embryonic fibroblasts,Embryonic,EMB,Embryonic
0.43676660843417525,Embryonic fibroblasts,Embryonic,EMB,Embryonic
0.5139408688957504,Embryonic fibroblasts,Embryonic,EMB,Embryonic
0.399499116091221,Embryonic fibroblasts,Embryonic,EMB,Embryonic
0.4578384543364903,Embryonic fibroblasts,Embryonic,EMB,Embryonic
0.39451573811055907,Embryonic fibroblasts,Embryonic,EMB,Embryonic
0.45999042092579767,Embryonic fibroblasts,Embryonic,EMB,Embryonic
0.57109455683655,Embryonic fibroblasts,Embryonic,EMB,Embryonic
0.4540282049145462,Embryonic fibroblasts,Embryonic,EMB,Embryonic
0.45592483039617093,Embryonic fibroblasts,Embryonic,EMB,Embryonic
0.5264106183385246,Embryonic fibroblasts,Embryonic,EMB,Embryonic
0.46875907364856545,Embryonic fibroblasts,Embryonic,EMB,Embryonic
0.5464860155650153,Embryonic fibroblasts,Embryonic,EMB,Embryonic
0.4626129703256764,Embryonic fibroblasts,Embryonic,EMB,Embryonic
0.39713361780845646,Embryonic fibroblasts,Embryonic,EMB,Embryonic
0.5584288891138389,Embryonic fibroblasts,Embryonic,EMB,Embryonic
0.5166714553785552,Embryonic fibroblasts,Embryonic,EMB,Embryonic
0.44919409090469614,Embryonic fibroblasts,Embryonic,EMB,Embryonic
0.5388510342383814,Embryonic fibroblasts,Embryonic,EMB,Embryonic
0.5073798992513696,Embryonic fibroblasts,Embryonic,EMB,Embryonic
0.4527029321818043,Embryonic fibroblasts,Embryonic,EMB,Embryonic
0.43370733749513035,Embryonic fibroblasts,Embryonic,EMB,Embryonic
0.5910887428519391,Embryonic fibroblasts,Embryonic,EMB,Embryonic
0.4795709879299973,Embryonic fibroblasts,Embryonic,EMB,Embryonic
0.47592840841294526,Embryonic fibroblasts,Embryonic,EMB,Embryonic
0.38053983379492934,Embryonic fibroblasts,Embryonic,EMB,Embryonic
0.48433453953169747,Embryonic fibroblasts,Embryonic,EMB,Embryonic
0.5240905021400144,Embryonic fibroblasts,Embryonic,EMB,Embryonic
0.42304501581953297,Embryonic fibroblasts,Embryonic,EMB,Embryonic
0.5437941040064372,Embryonic fibroblasts,Embryonic,EMB,Embryonic
0.4970656938135636,Embryonic fibroblasts,Embryonic,EMB,Embryonic
0.3840794991389019,Embryonic fibroblasts,Embryonic,EMB,Embryonic
0.3793604734303322,Embryonic fibroblasts,Embryonic,EMB,Embryonic
0.39895380104376565,Embryonic fibroblasts,Embryonic,EMB,Embryonic
0.4854382335608267,Embryonic fibroblasts,Embryonic,EMB,Embryonic
0.5356726159007377,Embryonic fibroblasts,Embryonic,EMB,Embryonic
0.5222807513859271,Embryonic fibroblasts,Embryonic,EMB,Embryonic
0.4306862716627348,Embryonic fibroblasts,Embryonic,EMB,Embryonic
0.5245338102210588,Embryonic fibroblasts,Embryonic,EMB,Embryonic
0.45037187216021374,Embryonic fibroblasts,Embryonic,EMB,Embryonic
0.44047771685602455,Embryonic fibroblasts,Embryonic,EMB,Embryonic
0.5171319683532904,Embryonic fibroblasts,Embryonic,EMB,Embryonic
0.37469027553038703,Embryonic fibroblasts,Embryonic,EMB,Embryonic
0.5066012177456471,Embryonic fibroblasts,Embryonic,EMB,Embryonic
0.34263615704116646,Embryonic fibroblasts,Embryonic,EMB,Embryonic
0.4360531097671538,Embryonic fibroblasts,Embryonic,EMB,Embryonic
0.45452870695812936,Embryonic fibroblasts,Embryonic,EMB,Embryonic
0.48760663308767077,Embryonic fibroblasts,Embryonic,EMB,Embryonic
0.41105600721282926,Embryonic fibroblasts,Embryonic,EMB,Embryonic
0.4493367327413889,Embryonic fibroblasts,Embryonic,EMB,Embryonic
0.446533320183925,Embryonic fibroblasts,Embryonic,EMB,Embryonic
0.5366988920606865,Embryonic fibroblasts,Embryonic,EMB,Embryonic
0.4600407930421997,Embryonic fibroblasts,Embryonic,EMB,Embryonic
0.43102322577836977,Embryonic fibroblasts,Embryonic,EMB,Embryonic
0.34756620795850857,Embryonic fibroblasts,Embryonic,EMB,Embryonic
0.4076726574534923,Embryonic fibroblasts,Embryonic,EMB,Embryonic
0.4626118222781788,Embryonic fibroblasts,Embryonic,EMB,Embryonic
0.4698482013554487,Embryonic fibroblasts,Embryonic,EMB,Embryonic
0.48486889691464563,Embryonic fibroblasts,Embryonic,EMB,Embryonic
0.4981581276441397,Embryonic fibroblasts,Embryonic,EMB,Embryonic
0.513191108062953,Embryonic fibroblasts,Embryonic,EMB,Embryonic
0.49872085757950585,Embryonic fibroblasts,Embryonic,EMB,Embryonic
0.5435853760790682,Embryonic fibroblasts,Embryonic,EMB,Embryonic
0.41225403056657833,Embryonic fibroblasts,Embryonic,EMB,Embryonic
0.3762015711092094,Embryonic fibroblasts,Embryonic,EMB,Embryonic
0.4676551019999587,Embryonic fibroblasts,Embryonic,EMB,Embryonic
0.4352634468687636,Embryonic fibroblasts,Embryonic,EMB,Embryonic
0.40833153864073346,Embryonic fibroblasts,Embryonic,EMB,Embryonic
0.49348063728954195,Embryonic fibroblasts,Embryonic,EMB,Embryonic
0.5601474351465714,Embryonic fibroblasts,Embryonic,EMB,Embryonic
0.43537766276467715,Embryonic fibroblasts,Embryonic,EMB,Embryonic
0.4713602123383094,Embryonic fibroblasts,Embryonic,EMB,Embryonic
0.45704623196052363,Embryonic fibroblasts,Embryonic,EMB,Embryonic
0.4416007876964666,Embryonic fibroblasts,Embryonic,EMB,Embryonic
0.4409492302059559,Embryonic fibroblasts,Embryonic,EMB,Embryonic
0.39133496475298823,Embryonic fibroblasts,Embryonic,EMB,Embryonic
0.4258201594375462,Embryonic fibroblasts,Embryonic,EMB,Embryonic
0.43466270244297034,Embryonic fibroblasts,Embryonic,EMB,Embryonic
0.4285353048199221,Embryonic fibroblasts,Embryonic,EMB,Embryonic
0.30832112648663573,Embryonic fibroblasts,Embryonic,EMB,Embryonic
0.506579163606894,Embryonic fibroblasts,Embryonic,EMB,Embryonic
0.515393612074847,Embryonic fibroblasts,Embryonic,EMB,Embryonic
0.4576306941225992,Embryonic fibroblasts,Embryonic,EMB,Embryonic
0.5131946036164602,Embryonic fibroblasts,Embryonic,EMB,Embryonic
0.513967048175202,Embryonic fibroblasts,Embryonic,EMB,Embryonic
0.44232350633570994,Embryonic fibroblasts,Embryonic,EMB,Embryonic
0.4736024491549181,Embryonic fibroblasts,Embryonic,EMB,Embryonic
0.36713488201320904,Embryonic fibroblasts,Embryonic,EMB,Embryonic
0.48210119919338934,Embryonic fibroblasts,Embryonic,EMB,Embryonic
0.448209238576365,Embryonic fibroblasts,Embryonic,EMB,Embryonic
0.3779589190118272,Embryonic fibroblasts,Embryonic,EMB,Embryonic
0.3438540946490632,Embryonic fibroblasts,Embryonic,EMB,Embryonic
0.5330903846001985,Embryonic fibroblasts,Embryonic,EMB,Embryonic
0.4934945150996649,Embryonic fibroblasts,Embryonic,EMB,Embryonic
0.44153036093430087,Embryonic fibroblasts,Embryonic,EMB,Embryonic
0.4999415310443053,Embryonic fibroblasts,Embryonic,EMB,Embryonic
0.4065897544340403,Embryonic fibroblasts,Embryonic,EMB,Embryonic
0.541853195845327,Embryonic fibroblasts,Embryonic,EMB,Embryonic
0.44052619941991417,Embryonic fibroblasts,Embryonic,EMB,Embryonic
0.503017104020535,Embryonic fibroblasts,Embryonic,EMB,Embryonic
0.49995286875484946,Embryonic fibroblasts,Embryonic,EMB,Embryonic
0.5444556083418189,Embryonic fibroblasts,Embryonic,EMB,Embryonic
0.48877840716389487,Embryonic fibroblasts,Embryonic,EMB,Embryonic
0.5301560092066275,Embryonic fibroblasts,Embryonic,EMB,Embryonic
0.4789277198723483,Embryonic fibroblasts,Embryonic,EMB,Embryonic
0.3916853648262253,Embryonic fibroblasts,Embryonic,EMB,Embryonic
0.41794680896547853,Embryonic fibroblasts,Embryonic,EMB,Embryonic
0.4695212549869633,Embryonic fibroblasts,Embryonic,EMB,Embryonic
0.524823157737395,Embryonic fibroblasts,Embryonic,EMB,Embryonic
0.4618387422002057,Embryonic fibroblasts,Embryonic,EMB,Embryonic
0.2966500210509912,Embryonic fibroblasts,Embryonic,EMB,Embryonic
0.5008976378926295,Embryonic fibroblasts,Embryonic,EMB,Embryonic
0.4571942703718469,Embryonic fibroblasts,Embryonic,EMB,Embryonic
0.4907323903323653,Embryonic fibroblasts,Embryonic,EMB,Embryonic
0.4614751520380301,Embryonic fibroblasts,Embryonic,EMB,Embryonic
0.4715365272030009,Embryonic fibroblasts,Embryonic,EMB,Embryonic
0.42692809250254415,Embryonic fibroblasts,Embryonic,EMB,Embryonic
0.4094975728749389,Embryonic fibroblasts,Embryonic,EMB,Embryonic
0.5208862331579415,Embryonic fibroblasts,Embryonic,EMB,Embryonic
0.3948928367144929,Embryonic fibroblasts,Embryonic,EMB,Embryonic
0.5781064433921009,Embryonic fibroblasts,Embryonic,EMB,Embryonic
0.5024080401062101,Embryonic fibroblasts,Embryonic,EMB,Embryonic
0.44972929419656527,Embryonic fibroblasts,Embryonic,EMB,Embryonic
0.43552138700095694,Embryonic fibroblasts,Embryonic,EMB,Embryonic
0.4704142251549581,Embryonic fibroblasts,Embryonic,EMB,Embryonic
0.4771211668833543,Embryonic fibroblasts,Embryonic,EMB,Embryonic
0.3881045742299877,Embryonic fibroblasts,Embryonic,EMB,Embryonic
0.46562212620339105,Embryonic fibroblasts,Embryonic,EMB,Embryonic
0.5407197874363048,Embryonic fibroblasts,Embryonic,EMB,Embryonic
0.41747934324425484,Embryonic fibroblasts,Embryonic,EMB,Embryonic
0.49106250203745805,Embryonic fibroblasts,Embryonic,EMB,Embryonic
0.35938342982447796,Embryonic fibroblasts,Embryonic,EMB,Embryonic
0.44101993696041525,Embryonic fibroblasts,Embryonic,EMB,Embryonic
0.49381638917837944,Embryonic fibroblasts,Embryonic,EMB,Embryonic
0.48375985890830825,Embryonic fibroblasts,Embryonic,EMB,Embryonic
0.5056335564695797,Embryonic fibroblasts,Embryonic,EMB,Embryonic
0.4777893562324804,Embryonic fibroblasts,Embryonic,EMB,Embryonic
0.5342151614953788,Embryonic fibroblasts,Embryonic,EMB,Embryonic
0.3587080409559945,Embryonic fibroblasts,Embryonic,EMB,Embryonic
0.4573681914606159,Embryonic fibroblasts,Embryonic,EMB,Embryonic
0.45402950007663884,Embryonic fibroblasts,Embryonic,EMB,Embryonic
0.40820869716301805,Embryonic fibroblasts,Embryonic,EMB,Embryonic
0.5559443430907494,Embryonic fibroblasts,Embryonic,EMB,Embryonic
0.40467180920022916,Embryonic fibroblasts,Embryonic,EMB,Embryonic
0.5214678946061424,Embryonic fibroblasts,Embryonic,EMB,Embryonic
0.5146634404203987,Embryonic fibroblasts,Embryonic,EMB,Embryonic
0.40856416873508733,Embryonic fibroblasts,Embryonic,EMB,Embryonic
0.5071207980211905,Embryonic fibroblasts,Embryonic,EMB,Embryonic
0.43857620732803554,Embryonic fibroblasts,Embryonic,EMB,Embryonic
0.42755095631953177,Embryonic fibroblasts,Embryonic,EMB,Embryonic
0.5253139604999147,Embryonic fibroblasts,Embryonic,EMB,Embryonic
0.4688424484724329,Embryonic fibroblasts,Embryonic,EMB,Embryonic
0.44909437726499535,Embryonic fibroblasts,Embryonic,EMB,Embryonic
0.46507342672931334,Embryonic fibroblasts,Embryonic,EMB,Embryonic
0.47457628291646353,Embryonic fibroblasts,Embryonic,EMB,Embryonic
0.3793687308301774,Embryonic fibroblasts,Embryonic,EMB,Embryonic
0.3796194876572563,Embryonic fibroblasts,Embryonic,EMB,Embryonic
0.4544294413851921,Embryonic fibroblasts,Embryonic,EMB,Embryonic
0.43569438348240613,Embryonic fibroblasts,Embryonic,EMB,Embryonic
0.46865248596077513,Embryonic fibroblasts,Embryonic,EMB,Embryonic
0.4242188435680462,Embryonic fibroblasts,Embryonic,EMB,Embryonic
0.44646616276680323,Embryonic fibroblasts,Embryonic,EMB,Embryonic
0.3747511058335183,Embryonic fibroblasts,Embryonic,EMB,Embryonic
0.39973033950112796,Embryonic fibroblasts,Embryonic,EMB,Embryonic
0.4364954315476612,Embryonic fibroblasts,Embryonic,EMB,Embryonic
0.3895029103189936,Embryonic fibroblasts,Embryonic,EMB,Embryonic
0.48325384639492425,Embryonic fibroblasts,Embryonic,EMB,Embryonic
0.3534576258618827,Embryonic fibroblasts,Embryonic,EMB,Embryonic
0.4585462412398162,Embryonic fibroblasts,Embryonic,EMB,Embryonic
0.2661271301908609,Embryonic fibroblasts,Embryonic,EMB,Embryonic
0.4758467542761815,Embryonic fibroblasts,Embryonic,EMB,Embryonic
0.4639215506929939,Embryonic fibroblasts,Embryonic,EMB,Embryonic
0.4464900851027243,Embryonic fibroblasts,Embryonic,EMB,Embryonic
0.4284462985126354,Embryonic fibroblasts,Embryonic,EMB,Embryonic
0.3920982518236642,Embryonic fibroblasts,Embryonic,EMB,Embryonic
0.5070785852282369,Embryonic fibroblasts,Embryonic,EMB,Embryonic
0.4235720605788922,Embryonic fibroblasts,Embryonic,EMB,Embryonic
0.5198590086625123,Embryonic fibroblasts,Embryonic,EMB,Embryonic
0.5871659847752276,Embryonic fibroblasts,Embryonic,EMB,Embryonic
0.4151060882258311,Embryonic fibroblasts,Embryonic,EMB,Embryonic
0.45078322117738445,Embryonic fibroblasts,Embryonic,EMB,Embryonic
0.47551385846692645,Embryonic fibroblasts,Embryonic,EMB,Embryonic
0.4822169376462667,Embryonic fibroblasts,Embryonic,EMB,Embryonic
0.40424251773904624,Embryonic fibroblasts,Embryonic,EMB,Embryonic
0.5491723343961693,Embryonic fibroblasts,Embryonic,EMB,Embryonic
0.5511285792538024,Embryonic fibroblasts,Embryonic,EMB,Embryonic
0.48127171648702954,Embryonic fibroblasts,Embryonic,EMB,Embryonic
0.5396482229183355,Embryonic fibroblasts,Embryonic,EMB,Embryonic
0.45288713586891494,Embryonic fibroblasts,Embryonic,EMB,Embryonic
0.5502652443718322,Embryonic fibroblasts,Embryonic,EMB,Embryonic
0.5209518079067597,Embryonic fibroblasts,Embryonic,EMB,Embryonic
0.42518279692356997,Embryonic fibroblasts,Embryonic,EMB,Embryonic
0.44061306070149403,Embryonic fibroblasts,Embryonic,EMB,Embryonic
0.5342375035358122,Embryonic fibroblasts,Embryonic,EMB,Embryonic
0.4837420813750113,Embryonic fibroblasts,Embryonic,EMB,Embryonic
0.3507803553692562,Embryonic fibroblasts,Embryonic,EMB,Embryonic
0.40284541907360905,Embryonic fibroblasts,Embryonic,EMB,Embryonic
0.47966752990558137,Embryonic fibroblasts,Embryonic,EMB,Embryonic
0.3746759994826376,Embryonic fibroblasts,Embryonic,EMB,Embryonic
0.5080338983695932,Embryonic fibroblasts,Embryonic,EMB,Embryonic
0.4177099817550061,Embryonic fibroblasts,Embryonic,EMB,Embryonic
0.4007230063036421,Embryonic fibroblasts,Embryonic,EMB,Embryonic
0.41245619923945365,Embryonic fibroblasts,Embryonic,EMB,Embryonic
0.5437651232221723,Embryonic fibroblasts,Embryonic,EMB,Embryonic
0.4382929706039603,Embryonic fibroblasts,Embryonic,EMB,Embryonic
0.3117374006505084,Embryonic fibroblasts,Embryonic,EMB,Embryonic
0.42451777567933663,Embryonic fibroblasts,Embryonic,EMB,Embryonic
0.39757941932369756,Embryonic fibroblasts,Embryonic,EMB,Embryonic
0.4577775785543848,Embryonic fibroblasts,Embryonic,EMB,Embryonic
0.4972841795514585,Embryonic fibroblasts,Embryonic,EMB,Embryonic
0.4316401670465029,Embryonic fibroblasts,Embryonic,EMB,Embryonic
0.48553428752724365,Embryonic fibroblasts,Embryonic,EMB,Embryonic
0.41396973198833936,Embryonic fibroblasts,Embryonic,EMB,Embryonic
0.3573059360441666,Embryonic fibroblasts,Embryonic,EMB,Embryonic
0.4212030121678513,Embryonic fibroblasts,Embryonic,EMB,Embryonic
0.4495924875100025,Embryonic fibroblasts,Embryonic,EMB,Embryonic
0.4843608947950059,Embryonic fibroblasts,Embryonic,EMB,Embryonic
0.42562623669590516,Embryonic fibroblasts,Embryonic,EMB,Embryonic
0.40637128491038826,Embryonic fibroblasts,Embryonic,EMB,Embryonic
0.47032513144894694,Embryonic fibroblasts,Embryonic,EMB,Embryonic
0.4722404483935162,Embryonic fibroblasts,Embryonic,EMB,Embryonic
0.4214596654428082,Embryonic fibroblasts,Embryonic,EMB,Embryonic
0.3400915000736775,Embryonic fibroblasts,Embryonic,EMB,Embryonic
0.5195415507899314,Embryonic fibroblasts,Embryonic,EMB,Embryonic
0.49858296097943877,Embryonic fibroblasts,Embryonic,EMB,Embryonic
0.4315241561152493,Embryonic fibroblasts,Embryonic,EMB,Embryonic
0.4226594075063143,Embryonic fibroblasts,Embryonic,EMB,Embryonic
0.4794745297939135,Embryonic fibroblasts,Embryonic,EMB,Embryonic
0.49132825941211977,Embryonic fibroblasts,Embryonic,EMB,Embryonic
0.509840271420037,Embryonic fibroblasts,Embryonic,EMB,Embryonic
0.4176383203375569,Embryonic fibroblasts,Embryonic,EMB,Embryonic
0.39517592316021843,Embryonic fibroblasts,Embryonic,EMB,Embryonic
0.5701238793158171,Embryonic fibroblasts,Embryonic,EMB,Embryonic
0.45369334085437985,Embryonic fibroblasts,Embryonic,EMB,Embryonic
0.46874068630154436,Embryonic fibroblasts,Embryonic,EMB,Embryonic
0.4731545864534704,Embryonic fibroblasts,Embryonic,EMB,Embryonic
0.4690585064240419,Embryonic fibroblasts,Embryonic,EMB,Embryonic
0.4182555831222645,Embryonic fibroblasts,Embryonic,EMB,Embryonic
0.4266213336575212,Embryonic fibroblasts,Embryonic,EMB,Embryonic
0.39527132025205963,Embryonic fibroblasts,Embryonic,EMB,Embryonic
0.4491269706616925,Embryonic fibroblasts,Embryonic,EMB,Embryonic
0.4270100586646181,Embryonic fibroblasts,Embryonic,EMB,Embryonic
0.392653564336066,Embryonic fibroblasts,Embryonic,EMB,Embryonic
0.4572484828910218,Embryonic fibroblasts,Embryonic,EMB,Embryonic
0.40253883660791223,Embryonic fibroblasts,Embryonic,EMB,Embryonic
0.4330869544573204,Embryonic fibroblasts,Embryonic,EMB,Embryonic
0.36386960634867876,Embryonic fibroblasts,Embryonic,EMB,Embryonic
0.5295172862781174,Embryonic fibroblasts,Embryonic,EMB,Embryonic
0.4464585816195316,Embryonic fibroblasts,Embryonic,EMB,Embryonic
0.3429200051608433,Embryonic fibroblasts,Embryonic,EMB,Embryonic
0.4783517005852389,Embryonic fibroblasts,Embryonic,EMB,Embryonic
0.5388532516349778,Embryonic fibroblasts,Embryonic,EMB,Embryonic
0.41458115092259135,Embryonic fibroblasts,Embryonic,EMB,Embryonic
0.5067715459954509,Embryonic fibroblasts,Embryonic,EMB,Embryonic
0.3883832223232964,Embryonic fibroblasts,Embryonic,EMB,Embryonic
0.4924681883196403,Embryonic fibroblasts,Embryonic,EMB,Embryonic
0.3977851179559127,Embryonic fibroblasts,Embryonic,EMB,Embryonic
0.3757294024665796,Embryonic fibroblasts,Embryonic,EMB,Embryonic
0.36163915214562303,Embryonic fibroblasts,Embryonic,EMB,Embryonic
0.4858399857234935,Embryonic fibroblasts,Embryonic,EMB,Embryonic
0.38756254118259537,Embryonic fibroblasts,Embryonic,EMB,Embryonic
0.4432671151664429,Embryonic fibroblasts,Embryonic,EMB,Embryonic
0.4444206193500403,Embryonic fibroblasts,Embryonic,EMB,Embryonic
0.401912071090404,Embryonic fibroblasts,Embryonic,EMB,Embryonic
0.4080280962016061,Embryonic fibroblasts,Embryonic,EMB,Embryonic
0.4794953298993855,Embryonic fibroblasts,Embryonic,EMB,Embryonic
0.5201803014012953,Embryonic fibroblasts,Embryonic,EMB,Embryonic
0.48413011075153706,Embryonic fibroblasts,Embryonic,EMB,Embryonic
0.4016441093696343,Embryonic fibroblasts,Embryonic,EMB,Embryonic
0.4681434259606475,Embryonic fibroblasts,Embryonic,EMB,Embryonic
0.3573655024272833,Embryonic fibroblasts,Embryonic,EMB,Embryonic
0.5463126311281423,Embryonic fibroblasts,Embryonic,EMB,Embryonic
0.45463611366292533,Embryonic fibroblasts,Embryonic,EMB,Embryonic
0.5013131824440415,Embryonic fibroblasts,Embryonic,EMB,Embryonic
0.5144213617725439,Embryonic fibroblasts,Embryonic,EMB,Embryonic
0.47731796587351416,Embryonic fibroblasts,Embryonic,EMB,Embryonic
0.2832623714484196,Embryonic fibroblasts,Embryonic,EMB,Embryonic
0.5334763436947229,Embryonic fibroblasts,Embryonic,EMB,Embryonic
0.49159683411036836,Embryonic fibroblasts,Embryonic,EMB,Embryonic
0.4307072188828018,Embryonic fibroblasts,Embryonic,EMB,Embryonic
0.4675499194147378,Embryonic fibroblasts,Embryonic,EMB,Embryonic
0.48494631873851934,Embryonic fibroblasts,Embryonic,EMB,Embryonic
0.5236589023242866,Embryonic fibroblasts,Embryonic,EMB,Embryonic
0.5003247523045802,Embryonic fibroblasts,Embryonic,EMB,Embryonic
0.4306887603512992,Embryonic fibroblasts,Embryonic,EMB,Embryonic
0.4162755266601259,Embryonic fibroblasts,Embryonic,EMB,Embryonic
0.36489760240479274,Embryonic fibroblasts,Embryonic,EMB,Embryonic
0.5726690946860158,Embryonic fibroblasts,Embryonic,EMB,Embryonic
0.43930476981773425,Embryonic fibroblasts,Embryonic,EMB,Embryonic
0.47646073901551955,Embryonic fibroblasts,Embryonic,EMB,Embryonic
0.37450961406216593,Embryonic fibroblasts,Embryonic,EMB,Embryonic
0.41868410895480274,Embryonic fibroblasts,Embryonic,EMB,Embryonic
0.5177188163819018,Embryonic fibroblasts,Embryonic,EMB,Embryonic
0.5102917487112635,Embryonic fibroblasts,Embryonic,EMB,Embryonic
0.4660638334245422,Embryonic fibroblasts,Embryonic,EMB,Embryonic
0.45199815361375706,Embryonic fibroblasts,Embryonic,EMB,Embryonic
0.45768864105876345,Embryonic fibroblasts,Embryonic,EMB,Embryonic
0.49212232783897125,Embryonic fibroblasts,Embryonic,EMB,Embryonic
0.42351783738204507,Embryonic fibroblasts,Embryonic,EMB,Embryonic
0.3424996762213409,Embryonic fibroblasts,Embryonic,EMB,Embryonic
0.5038902406101278,Embryonic fibroblasts,Embryonic,EMB,Embryonic
0.4971109817761146,Embryonic fibroblasts,Embryonic,EMB,Embryonic
0.4201391513926494,Embryonic fibroblasts,Embryonic,EMB,Embryonic
0.5555618748041002,Embryonic fibroblasts,Embryonic,EMB,Embryonic
0.4378511771704926,Embryonic fibroblasts,Embryonic,EMB,Embryonic
0.4456789794611827,Embryonic fibroblasts,Embryonic,EMB,Embryonic
0.47467786475333246,Embryonic fibroblasts,Embryonic,EMB,Embryonic
0.4618400923325367,Embryonic fibroblasts,Embryonic,EMB,Embryonic
0.4412677016664584,Embryonic fibroblasts,Embryonic,EMB,Embryonic
0.40007855697907085,Embryonic fibroblasts,Embryonic,EMB,Embryonic
0.5277141521215785,Embryonic fibroblasts,Embryonic,EMB,Embryonic
0.4427918662131141,Embryonic fibroblasts,Embryonic,EMB,Embryonic
0.40559532542014154,Embryonic fibroblasts,Embryonic,EMB,Embryonic
0.366557111983326,Embryonic fibroblasts,Embryonic,EMB,Embryonic
0.4098214152045649,Embryonic fibroblasts,Embryonic,EMB,Embryonic
0.5105287333185338,Embryonic fibroblasts,Embryonic,EMB,Embryonic
0.5377347148505331,Embryonic fibroblasts,Embryonic,EMB,Embryonic
0.4109353427938374,Embryonic fibroblasts,Embryonic,EMB,Embryonic
0.47731145407534137,Embryonic fibroblasts,Embryonic,EMB,Embryonic
0.5295701371963504,Embryonic fibroblasts,Embryonic,EMB,Embryonic
0.32846280635206526,Embryonic fibroblasts,Embryonic,EMB,Embryonic
0.4808341375703315,Embryonic fibroblasts,Embryonic,EMB,Embryonic
0.43763188111591755,Embryonic fibroblasts,Embryonic,EMB,Embryonic
0.36475481543085175,Embryonic fibroblasts,Embryonic,EMB,Embryonic
0.4038530073298376,Embryonic fibroblasts,Embryonic,EMB,Embryonic
0.38597481047590565,Embryonic fibroblasts,Embryonic,EMB,Embryonic
0.4108943931299598,Embryonic fibroblasts,Embryonic,EMB,Embryonic
0.35297700643489993,Embryonic fibroblasts,Embryonic,EMB,Embryonic
0.4870018232370496,Embryonic fibroblasts,Embryonic,EMB,Embryonic
0.4831873241015645,Embryonic fibroblasts,Embryonic,EMB,Embryonic
0.46613536433710884,Embryonic fibroblasts,Embryonic,EMB,Embryonic
0.39776633869877454,Embryonic fibroblasts,Embryonic,EMB,Embryonic
0.4874126371842016,Embryonic fibroblasts,Embryonic,EMB,Embryonic
0.357887754493696,Embryonic fibroblasts,Embryonic,EMB,Embryonic
0.3681561511358284,Embryonic fibroblasts,Embryonic,EMB,Embryonic
0.4527202699531936,Embryonic fibroblasts,Embryonic,EMB,Embryonic
0.4391799043279304,Embryonic fibroblasts,Embryonic,EMB,Embryonic
0.43954686309795477,Embryonic fibroblasts,Embryonic,EMB,Embryonic
0.39596623265098146,Embryonic fibroblasts,Embryonic,EMB,Embryonic
0.4917100664740302,Embryonic fibroblasts,Embryonic,EMB,Embryonic
0.40529377332446537,Embryonic fibroblasts,Embryonic,EMB,Embryonic
0.3982838941712906,Embryonic fibroblasts,Embryonic,EMB,Embryonic
0.48070420611826636,Embryonic fibroblasts,Embryonic,EMB,Embryonic
0.5265618655880828,Embryonic fibroblasts,Embryonic,EMB,Embryonic
0.4158224255717841,Embryonic fibroblasts,Embryonic,EMB,Embryonic
0.4115192022606369,Embryonic fibroblasts,Embryonic,EMB,Embryonic
0.1967435849051542,Embryonic fibroblasts,Embryonic,EMB,Embryonic
0.45335287338911734,Embryonic fibroblasts,Embryonic,EMB,Embryonic
0.3398764042989757,Embryonic fibroblasts,Embryonic,EMB,Embryonic
0.5394121300944297,Embryonic fibroblasts,Embryonic,EMB,Embryonic
0.4691908700125558,Embryonic fibroblasts,Embryonic,EMB,Embryonic
0.39473752997214684,Embryonic fibroblasts,Embryonic,EMB,Embryonic
0.431027859492641,Embryonic fibroblasts,Embryonic,EMB,Embryonic
0.5001282056238601,Embryonic fibroblasts,Embryonic,EMB,Embryonic
0.4438811113743918,Embryonic fibroblasts,Embryonic,EMB,Embryonic
0.5441924875612554,Embryonic fibroblasts,Embryonic,EMB,Embryonic
0.4367717526993662,Embryonic fibroblasts,Embryonic,EMB,Embryonic
0.3489586523452686,Embryonic fibroblasts,Embryonic,EMB,Embryonic
0.3691214210087893,Embryonic fibroblasts,Embryonic,EMB,Embryonic
0.37433494197711786,Embryonic fibroblasts,Embryonic,EMB,Embryonic
0.41360511914244735,Embryonic fibroblasts,Embryonic,EMB,Embryonic
0.4524448963460303,Embryonic fibroblasts,Embryonic,EMB,Embryonic
0.44241560639965316,Embryonic fibroblasts,Embryonic,EMB,Embryonic
0.5477031650025148,Embryonic fibroblasts,Embryonic,EMB,Embryonic
0.4837858305663556,Embryonic fibroblasts,Embryonic,EMB,Embryonic
0.41387811874715513,Embryonic fibroblasts,Embryonic,EMB,Embryonic
0.33861774679488865,Embryonic fibroblasts,Embryonic,EMB,Embryonic
0.4501864500320628,Embryonic fibroblasts,Embryonic,EMB,Embryonic
0.4825842796260827,Embryonic fibroblasts,Embryonic,EMB,Embryonic
0.3950937323715587,Embryonic fibroblasts,Embryonic,EMB,Embryonic
0.4625946264802828,Embryonic fibroblasts,Embryonic,EMB,Embryonic
0.4531239678250194,Embryonic fibroblasts,Embryonic,EMB,Embryonic
0.3784689384205767,Embryonic fibroblasts,Embryonic,EMB,Embryonic
0.4117559768736869,Embryonic fibroblasts,Embryonic,EMB,Embryonic
0.4440022554976946,Embryonic fibroblasts,Embryonic,EMB,Embryonic
0.38270137271964155,Embryonic fibroblasts,Embryonic,EMB,Embryonic
0.443857190620348,Embryonic fibroblasts,Embryonic,EMB,Embryonic
0.5200399275812746,Embryonic fibroblasts,Embryonic,EMB,Embryonic
0.48133530953897863,Embryonic fibroblasts,Embryonic,EMB,Embryonic
0.4862062282985408,Embryonic fibroblasts,Embryonic,EMB,Embryonic
0.4980007628793418,Embryonic fibroblasts,Embryonic,EMB,Embryonic
0.4521947505190836,Embryonic fibroblasts,Embryonic,EMB,Embryonic
0.43180370904241094,Embryonic fibroblasts,Embryonic,EMB,Embryonic
0.45487795226089,Embryonic fibroblasts,Embryonic,EMB,Embryonic
0.36116837199585045,Embryonic fibroblasts,Embryonic,EMB,Embryonic
0.42623372308302787,Embryonic fibroblasts,Embryonic,EMB,Embryonic
0.4359097545037694,Embryonic fibroblasts,Embryonic,EMB,Embryonic
0.4477298063483447,Embryonic fibroblasts,Embryonic,EMB,Embryonic
0.3911459426674239,Embryonic fibroblasts,Embryonic,EMB,Embryonic
0.5111410816057376,Embryonic fibroblasts,Embryonic,EMB,Embryonic
0.48039420679746114,Embryonic fibroblasts,Embryonic,EMB,Embryonic
0.4677928147067822,Embryonic fibroblasts,Embryonic,EMB,Embryonic
0.3589876021880123,Embryonic fibroblasts,Embryonic,EMB,Embryonic
0.505988229589049,Embryonic fibroblasts,Embryonic,EMB,Embryonic
0.495885360594387,Embryonic fibroblasts,Embryonic,EMB,Embryonic
0.3966410733989579,Embryonic fibroblasts,Embryonic,EMB,Embryonic
0.5284813365426124,Embryonic fibroblasts,Embryonic,EMB,Embryonic
0.4888838701368787,Embryonic fibroblasts,Embryonic,EMB,Embryonic
0.3540844510952615,Embryonic fibroblasts,Embryonic,EMB,Embryonic
0.48689890827303134,Embryonic fibroblasts,Embryonic,EMB,Embryonic
0.43792640334858385,Embryonic fibroblasts,Embryonic,EMB,Embryonic
0.44246721633509334,Embryonic fibroblasts,Embryonic,EMB,Embryonic
0.3999791525963948,Embryonic fibroblasts,Embryonic,EMB,Embryonic
0.4863115761899464,Embryonic fibroblasts,Embryonic,EMB,Embryonic
0.4445193648807938,Embryonic fibroblasts,Embryonic,EMB,Embryonic
0.4629742351281255,Embryonic fibroblasts,Embryonic,EMB,Embryonic
0.4061895422289882,Embryonic fibroblasts,Embryonic,EMB,Embryonic
0.3975106448324394,Embryonic fibroblasts,Embryonic,EMB,Embryonic
0.344687778426235,Embryonic fibroblasts,Embryonic,EMB,Embryonic
0.5184788439942671,Embryonic fibroblasts,Embryonic,EMB,Embryonic
0.4816220038515044,Embryonic fibroblasts,Embryonic,EMB,Embryonic
0.3894892800726783,Embryonic fibroblasts,Embryonic,EMB,Embryonic
0.4461024935107595,Embryonic fibroblasts,Embryonic,EMB,Embryonic
0.41870177180199064,Embryonic fibroblasts,Embryonic,EMB,Embryonic
0.39165713741105546,Embryonic fibroblasts,Embryonic,EMB,Embryonic
0.4840720451745705,Embryonic fibroblasts,Embryonic,EMB,Embryonic
0.36935046973278873,Embryonic fibroblasts,Embryonic,EMB,Embryonic
0.451829842653063,Embryonic fibroblasts,Embryonic,EMB,Embryonic
0.2396089149267872,Embryonic fibroblasts,Embryonic,EMB,Embryonic
0.5161995212492447,Embryonic fibroblasts,Embryonic,EMB,Embryonic
0.41616482530024795,Embryonic fibroblasts,Embryonic,EMB,Embryonic
0.42571247392686457,Embryonic fibroblasts,Embryonic,EMB,Embryonic
0.48745802559596535,Embryonic fibroblasts,Embryonic,EMB,Embryonic
0.5807951939642343,Embryonic fibroblasts,Embryonic,EMB,Embryonic
0.4914154070135026,Embryonic fibroblasts,Embryonic,EMB,Embryonic
0.3549059900089638,Embryonic fibroblasts,Embryonic,EMB,Embryonic
0.47662802175592645,Embryonic fibroblasts,Embryonic,EMB,Embryonic
0.5224087485974442,Embryonic fibroblasts,Embryonic,EMB,Embryonic
0.524831020854307,Embryonic fibroblasts,Embryonic,EMB,Embryonic
0.5049047582801536,Embryonic fibroblasts,Embryonic,EMB,Embryonic
0.43627946139024587,Embryonic fibroblasts,Embryonic,EMB,Embryonic
0.528592563481245,Embryonic fibroblasts,Embryonic,EMB,Embryonic
0.3636468266046766,Embryonic fibroblasts,Embryonic,EMB,Embryonic
0.39076346014387847,Embryonic fibroblasts,Embryonic,EMB,Embryonic
0.5159900348116792,Embryonic fibroblasts,Embryonic,EMB,Embryonic
0.4142105838902976,Embryonic fibroblasts,Embryonic,EMB,Embryonic
0.49040996813314375,Embryonic fibroblasts,Embryonic,EMB,Embryonic
0.47123161757261756,Embryonic fibroblasts,Embryonic,EMB,Embryonic
0.35968805234411955,Embryonic fibroblasts,Embryonic,EMB,Embryonic
0.4257422630504629,Embryonic fibroblasts,Embryonic,EMB,Embryonic
0.5430609718685003,Embryonic fibroblasts,Embryonic,EMB,Embryonic
0.2885620019111103,Embryonic fibroblasts,Embryonic,EMB,Embryonic
0.566783412669967,Embryonic fibroblasts,Embryonic,EMB,Embryonic
0.41317237048828326,Embryonic fibroblasts,Embryonic,EMB,Embryonic
0.4144339204551321,Embryonic fibroblasts,Embryonic,EMB,Embryonic
0.5361138639819838,Embryonic fibroblasts,Embryonic,EMB,Embryonic
0.44623495122097645,Embryonic fibroblasts,Embryonic,EMB,Embryonic
0.38090255036533016,Embryonic fibroblasts,Embryonic,EMB,Embryonic
0.5203971811381956,Embryonic fibroblasts,Embryonic,EMB,Embryonic
0.26147906077790506,Embryonic fibroblasts,Embryonic,EMB,Embryonic
0.5201669562883751,Embryonic fibroblasts,Embryonic,EMB,Embryonic
0.47243960398548057,Embryonic fibroblasts,Embryonic,EMB,Embryonic
0.38314703463420513,Embryonic fibroblasts,Embryonic,EMB,Embryonic
0.4255756988778491,Embryonic fibroblasts,Embryonic,EMB,Embryonic
0.5166245732790895,Embryonic fibroblasts,Embryonic,EMB,Embryonic
0.4458335569580635,Embryonic fibroblasts,Embryonic,EMB,Embryonic
0.525203702065699,Embryonic fibroblasts,Embryonic,EMB,Embryonic
0.443245537568246,Embryonic fibroblasts,Embryonic,EMB,Embryonic
0.39144085562379927,Embryonic fibroblasts,Embryonic,EMB,Embryonic
0.4436144005231483,Embryonic fibroblasts,Embryonic,EMB,Embryonic
0.38684902986055486,Embryonic fibroblasts,Embryonic,EMB,Embryonic
0.5115685119882006,Embryonic fibroblasts,Embryonic,EMB,Embryonic
0.39477534237774037,Embryonic fibroblasts,Embryonic,EMB,Embryonic
0.408661074146996,Embryonic fibroblasts,Embryonic,EMB,Embryonic
0.47601531121880586,Embryonic fibroblasts,Embryonic,EMB,Embryonic
0.5031845825182657,Embryonic fibroblasts,Embryonic,EMB,Embryonic
0.43827642970329345,Embryonic fibroblasts,Embryonic,EMB,Embryonic
0.4404701163307553,Embryonic fibroblasts,Embryonic,EMB,Embryonic
0.49270145986526553,Embryonic fibroblasts,Embryonic,EMB,Embryonic
0.4331137158676423,Embryonic fibroblasts,Embryonic,EMB,Embryonic
0.29931361265457346,Embryonic fibroblasts,Embryonic,EMB,Embryonic
0.5018057664004743,Embryonic fibroblasts,Embryonic,EMB,Embryonic
0.38700429349674265,Embryonic fibroblasts,Embryonic,EMB,Embryonic
0.4104041590523527,Embryonic fibroblasts,Embryonic,EMB,Embryonic
0.42451204256029657,Embryonic fibroblasts,Embryonic,EMB,Embryonic
0.38377119005406124,Embryonic fibroblasts,Embryonic,EMB,Embryonic
0.41235660028586174,Embryonic fibroblasts,Embryonic,EMB,Embryonic
0.4898821027749014,Embryonic fibroblasts,Embryonic,EMB,Embryonic
0.4792488212039701,Embryonic fibroblasts,Embryonic,EMB,Embryonic
0.4241282047633188,Embryonic fibroblasts,Embryonic,EMB,Embryonic
0.43869732218660706,Embryonic fibroblasts,Embryonic,EMB,Embryonic
0.4517943247605873,Embryonic fibroblasts,Embryonic,EMB,Embryonic
0.482123036219474,Embryonic fibroblasts,Embryonic,EMB,Embryonic
0.4932221941203466,Embryonic fibroblasts,Embryonic,EMB,Embryonic
0.43290860569380685,Embryonic fibroblasts,Embryonic,EMB,Embryonic
0.45903151138625203,Embryonic fibroblasts,Embryonic,EMB,Embryonic
0.4350052101345644,Embryonic fibroblasts,Embryonic,EMB,Embryonic
0.4704078865723567,Embryonic fibroblasts,Embryonic,EMB,Embryonic
0.44523378894607385,Embryonic fibroblasts,Embryonic,EMB,Embryonic
0.4938528799254346,Embryonic fibroblasts,Embryonic,EMB,Embryonic
0.4602561090933246,Embryonic fibroblasts,Embryonic,EMB,Embryonic
0.44427814123765474,Embryonic fibroblasts,Embryonic,EMB,Embryonic
0.447216439687091,Embryonic fibroblasts,Embryonic,EMB,Embryonic
0.4589348855711675,Embryonic fibroblasts,Embryonic,EMB,Embryonic
0.43244997792142126,Embryonic fibroblasts,Embryonic,EMB,Embryonic
0.44065806234424204,Embryonic fibroblasts,Embryonic,EMB,Embryonic
0.3426260848325144,Embryonic fibroblasts,Embryonic,EMB,Embryonic
0.42421235272974833,Embryonic fibroblasts,Embryonic,EMB,Embryonic
0.5463521950674483,Embryonic fibroblasts,Embryonic,EMB,Embryonic
0.35958845299505826,Embryonic fibroblasts,Embryonic,EMB,Embryonic
0.4581912537222207,Embryonic fibroblasts,Embryonic,EMB,Embryonic
0.4296985019570734,Embryonic fibroblasts,Embryonic,EMB,Embryonic
0.3992617553926073,Embryonic fibroblasts,Embryonic,EMB,Embryonic
0.4950172116641258,Embryonic fibroblasts,Embryonic,EMB,Embryonic
0.4847655279518237,Embryonic fibroblasts,Embryonic,EMB,Embryonic
0.38354243911847563,Embryonic fibroblasts,Embryonic,EMB,Embryonic
0.49428266730517145,Embryonic fibroblasts,Embryonic,EMB,Embryonic
0.4052324431480869,Embryonic fibroblasts,Embryonic,EMB,Embryonic
0.4102397248776108,Embryonic fibroblasts,Embryonic,EMB,Embryonic
0.3581874122912276,Embryonic fibroblasts,Embryonic,EMB,Embryonic
0.48917182639207235,Embryonic fibroblasts,Embryonic,EMB,Embryonic
0.40177587975413626,Embryonic fibroblasts,Embryonic,EMB,Embryonic
0.44433505323055295,Embryonic fibroblasts,Embryonic,EMB,Embryonic
0.48882925226162904,Embryonic fibroblasts,Embryonic,EMB,Embryonic
0.5018113749466717,Embryonic fibroblasts,Embryonic,EMB,Embryonic
0.46118816824194653,Embryonic fibroblasts,Embryonic,EMB,Embryonic
0.37744702428746163,Embryonic fibroblasts,Embryonic,EMB,Embryonic
0.43143252310059804,Embryonic fibroblasts,Embryonic,EMB,Embryonic
0.47732470308921165,Embryonic fibroblasts,Embryonic,EMB,Embryonic
0.47408036001238274,Embryonic fibroblasts,Embryonic,EMB,Embryonic
0.4415705161002719,Embryonic fibroblasts,Embryonic,EMB,Embryonic
0.3925920795311751,Embryonic fibroblasts,Embryonic,EMB,Embryonic
0.5168419833403762,Embryonic fibroblasts,Embryonic,EMB,Embryonic
0.28586684038548604,Embryonic fibroblasts,Embryonic,EMB,Embryonic
0.4777954488331515,Embryonic fibroblasts,Embryonic,EMB,Embryonic
0.5140762661295809,Embryonic fibroblasts,Embryonic,EMB,Embryonic
0.41545584763873544,Embryonic fibroblasts,Embryonic,EMB,Embryonic
0.48780516186072914,Embryonic fibroblasts,Embryonic,EMB,Embryonic
0.3949566753529029,Embryonic fibroblasts,Embryonic,EMB,Embryonic
0.42905593071640363,Embryonic fibroblasts,Embryonic,EMB,Embryonic
0.392219446962512,Embryonic fibroblasts,Embryonic,EMB,Embryonic
0.48845371417971584,Embryonic fibroblasts,Embryonic,EMB,Embryonic
0.37549600476623446,Embryonic fibroblasts,Embryonic,EMB,Embryonic
0.44671411650719145,Embryonic fibroblasts,Embryonic,EMB,Embryonic
0.5025658367235286,Embryonic fibroblasts,Embryonic,EMB,Embryonic
0.35829357801323086,Embryonic fibroblasts,Embryonic,EMB,Embryonic
0.44955302125162394,Embryonic fibroblasts,Embryonic,EMB,Embryonic
0.39913545276721735,Embryonic fibroblasts,Embryonic,EMB,Embryonic
0.3881434998817768,Embryonic fibroblasts,Embryonic,EMB,Embryonic
0.5126810657169818,Embryonic fibroblasts,Embryonic,EMB,Embryonic
0.5338915611929895,Embryonic fibroblasts,Embryonic,EMB,Embryonic
0.47261771388551194,Embryonic fibroblasts,Embryonic,EMB,Embryonic
0.46743214192193694,Embryonic fibroblasts,Embryonic,EMB,Embryonic
0.4545557780209454,Embryonic fibroblasts,Embryonic,EMB,Embryonic
0.4966949765029201,Embryonic fibroblasts,Embryonic,EMB,Embryonic
0.4670967293457942,Embryonic fibroblasts,Embryonic,EMB,Embryonic
0.4004666227387759,Embryonic fibroblasts,Embryonic,EMB,Embryonic
0.48087085927148193,Embryonic fibroblasts,Embryonic,EMB,Embryonic
0.45545843244216855,Embryonic fibroblasts,Embryonic,EMB,Embryonic
0.41260138236213323,Embryonic fibroblasts,Embryonic,EMB,Embryonic
0.4257272976996516,Embryonic fibroblasts,Embryonic,EMB,Embryonic
0.4784564303580641,Embryonic fibroblasts,Embryonic,EMB,Embryonic
0.38095272632893895,Embryonic fibroblasts,Embryonic,EMB,Embryonic
0.4715558763314598,Embryonic fibroblasts,Embryonic,EMB,Embryonic
0.5675873124646418,Embryonic fibroblasts,Embryonic,EMB,Embryonic
0.47508387770268173,Embryonic fibroblasts,Embryonic,EMB,Embryonic
0.46829951059118785,Embryonic fibroblasts,Embryonic,EMB,Embryonic
0.41254799558294286,Embryonic fibroblasts,Embryonic,EMB,Embryonic
0.4382801479060398,Embryonic fibroblasts,Embryonic,EMB,Embryonic
0.4945885687726626,Embryonic fibroblasts,Embryonic,EMB,Embryonic
0.31986233171229295,Embryonic fibroblasts,Embryonic,EMB,Embryonic
0.512520554598105,Embryonic fibroblasts,Embryonic,EMB,Embryonic
0.3520752861122607,Embryonic fibroblasts,Embryonic,EMB,Embryonic
0.5021987355845414,Embryonic fibroblasts,Embryonic,EMB,Embryonic
0.459506738588767,Embryonic fibroblasts,Embryonic,EMB,Embryonic
0.49944271805027873,Embryonic fibroblasts,Embryonic,EMB,Embryonic
0.5038497512725634,Embryonic fibroblasts,Embryonic,EMB,Embryonic
0.5381861027656886,Embryonic fibroblasts,Embryonic,EMB,Embryonic
0.5047508688999265,Embryonic fibroblasts,Embryonic,EMB,Embryonic
0.4976341216711986,Embryonic fibroblasts,Embryonic,EMB,Embryonic
0.5000758288733672,Embryonic fibroblasts,Embryonic,EMB,Embryonic
0.45174467635307974,Embryonic fibroblasts,Embryonic,EMB,Embryonic
0.4530324997210834,Embryonic fibroblasts,Embryonic,EMB,Embryonic
0.3581360649474301,Embryonic fibroblasts,Embryonic,EMB,Embryonic
0.5006374139249906,Embryonic fibroblasts,Embryonic,EMB,Embryonic
0.39540996982575255,Embryonic fibroblasts,Embryonic,EMB,Embryonic
0.4385970651720313,Embryonic fibroblasts,Embryonic,EMB,Embryonic
0.5282388912946783,Embryonic fibroblasts,Embryonic,EMB,Embryonic
0.37351838874540066,Embryonic fibroblasts,Embryonic,EMB,Embryonic
0.4710301488804763,Embryonic fibroblasts,Embryonic,EMB,Embryonic
0.46481785427206607,Embryonic fibroblasts,Embryonic,EMB,Embryonic
0.48729958238627386,Embryonic fibroblasts,Embryonic,EMB,Embryonic
0.454507440594304,Embryonic fibroblasts,Embryonic,EMB,Embryonic
0.5104240858033315,Embryonic fibroblasts,Embryonic,EMB,Embryonic
0.5528638026241244,Embryonic fibroblasts,Embryonic,EMB,Embryonic
0.41779591170628727,Embryonic fibroblasts,Embryonic,EMB,Embryonic
0.4362895142209004,Embryonic fibroblasts,Embryonic,EMB,Embryonic
0.48446704667558227,Embryonic fibroblasts,Embryonic,EMB,Embryonic
0.3811656276442662,Embryonic fibroblasts,Embryonic,EMB,Embryonic
0.47914568517259015,Embryonic fibroblasts,Embryonic,EMB,Embryonic
0.5373738621271376,Embryonic fibroblasts,Embryonic,EMB,Embryonic
0.375383874971096,Embryonic fibroblasts,Embryonic,EMB,Embryonic
0.4688468662604439,Embryonic fibroblasts,Embryonic,EMB,Embryonic
0.3351386942459097,Embryonic fibroblasts,Embryonic,EMB,Embryonic
0.4450525805437538,Embryonic fibroblasts,Embryonic,EMB,Embryonic
0.4405157875030979,Embryonic fibroblasts,Embryonic,EMB,Embryonic
0.5256663438518983,Embryonic fibroblasts,Embryonic,EMB,Embryonic
0.48566349408400644,Embryonic fibroblasts,Embryonic,EMB,Embryonic
0.4605580681269529,Embryonic fibroblasts,Embryonic,EMB,Embryonic
0.47664088756000506,Embryonic fibroblasts,Embryonic,EMB,Embryonic
0.5104290849312741,Embryonic fibroblasts,Embryonic,EMB,Embryonic
0.4755567937823664,Embryonic fibroblasts,Embryonic,EMB,Embryonic
0.46101808636954233,Embryonic fibroblasts,Embryonic,EMB,Embryonic
0.4147956673347083,Embryonic fibroblasts,Embryonic,EMB,Embryonic
0.34800477633949833,Embryonic fibroblasts,Embryonic,EMB,Embryonic
0.48112806224882315,Embryonic fibroblasts,Embryonic,EMB,Embryonic
0.51978692290646,Embryonic fibroblasts,Embryonic,EMB,Embryonic
0.32627261053247864,Embryonic fibroblasts,Embryonic,EMB,Embryonic
0.4896107712598749,Embryonic fibroblasts,Embryonic,EMB,Embryonic
0.31688467892230154,Embryonic fibroblasts,Embryonic,EMB,Embryonic
0.4944990981843692,Embryonic fibroblasts,Embryonic,EMB,Embryonic
0.5069916484120128,Embryonic fibroblasts,Embryonic,EMB,Embryonic
0.5290128196543884,Embryonic fibroblasts,Embryonic,EMB,Embryonic
0.41533662272814575,Embryonic fibroblasts,Embryonic,EMB,Embryonic
0.4622066852934203,Embryonic fibroblasts,Embryonic,EMB,Embryonic
0.44861237053156344,Embryonic fibroblasts,Embryonic,EMB,Embryonic
0.39589856784669486,Embryonic fibroblasts,Embryonic,EMB,Embryonic
0.34399642366950695,Embryonic fibroblasts,Embryonic,EMB,Embryonic
0.35119357732922707,Embryonic fibroblasts,Embryonic,EMB,Embryonic
0.5132801056699141,Embryonic fibroblasts,Embryonic,EMB,Embryonic
0.45702504983166803,Embryonic fibroblasts,Embryonic,EMB,Embryonic
0.43133604637745526,Embryonic fibroblasts,Embryonic,EMB,Embryonic
0.3519175986444804,Embryonic fibroblasts,Embryonic,EMB,Embryonic
0.46590570461297715,Embryonic fibroblasts,Embryonic,EMB,Embryonic
0.4101328449379772,Embryonic fibroblasts,Embryonic,EMB,Embryonic
0.43311144033705273,Embryonic fibroblasts,Embryonic,EMB,Embryonic
0.4693012328506776,Embryonic fibroblasts,Embryonic,EMB,Embryonic
0.4929504588311227,Embryonic fibroblasts,Embryonic,EMB,Embryonic
0.5223866394884527,Embryonic fibroblasts,Embryonic,EMB,Embryonic
0.3486679701199058,Embryonic fibroblasts,Embryonic,EMB,Embryonic
0.4699734112990488,Embryonic fibroblasts,Embryonic,EMB,Embryonic
0.4744590262567851,Embryonic fibroblasts,Embryonic,EMB,Embryonic
0.42531265442286836,Embryonic fibroblasts,Embryonic,EMB,Embryonic
0.5240510959929756,Embryonic fibroblasts,Embryonic,EMB,Embryonic
0.448927942410856,Embryonic fibroblasts,Embryonic,EMB,Embryonic
0.4390215908321829,Embryonic fibroblasts,Embryonic,EMB,Embryonic
0.42712257562424166,Embryonic fibroblasts,Embryonic,EMB,Embryonic
0.4037260241017113,Embryonic fibroblasts,Embryonic,EMB,Embryonic
0.3721617098149239,Embryonic fibroblasts,Embryonic,EMB,Embryonic
0.4525003712033424,Embryonic fibroblasts,Embryonic,EMB,Embryonic
0.526414494333538,Embryonic fibroblasts,Embryonic,EMB,Embryonic
0.488301848416108,Embryonic fibroblasts,Embryonic,EMB,Embryonic
0.3841807930740903,Embryonic fibroblasts,Embryonic,EMB,Embryonic
0.425105033018716,Embryonic fibroblasts,Embryonic,EMB,Embryonic
0.48985917188061884,Embryonic fibroblasts,Embryonic,EMB,Embryonic
0.4866995470370095,Embryonic fibroblasts,Embryonic,EMB,Embryonic
0.3670527730867029,Embryonic fibroblasts,Embryonic,EMB,Embryonic
0.4787904050076821,Embryonic fibroblasts,Embryonic,EMB,Embryonic
0.4182288331805535,Embryonic fibroblasts,Embryonic,EMB,Embryonic
0.408410379804073,Embryonic fibroblasts,Embryonic,EMB,Embryonic
0.42396497716553694,Embryonic fibroblasts,Embryonic,EMB,Embryonic
0.5031079880162539,Embryonic fibroblasts,Embryonic,EMB,Embryonic
0.5091790799009042,Embryonic fibroblasts,Embryonic,EMB,Embryonic
0.572124319058742,Embryonic fibroblasts,Embryonic,EMB,Embryonic
0.4243224877775297,Embryonic fibroblasts,Embryonic,EMB,Embryonic
0.49537467758808296,Embryonic fibroblasts,Embryonic,EMB,Embryonic
0.2731769046866495,Embryonic fibroblasts,Embryonic,EMB,Embryonic
0.42366589082120343,Embryonic fibroblasts,Embryonic,EMB,Embryonic
0.5131110156346178,Embryonic fibroblasts,Embryonic,EMB,Embryonic
0.4594675697233329,Embryonic fibroblasts,Embryonic,EMB,Embryonic
0.5091710653192345,Embryonic fibroblasts,Embryonic,EMB,Embryonic
0.38702414922142786,Embryonic fibroblasts,Embryonic,EMB,Embryonic
0.44054864981894715,Embryonic fibroblasts,Embryonic,EMB,Embryonic
0.4783410209356787,Embryonic fibroblasts,Embryonic,EMB,Embryonic
0.419485777115985,Embryonic fibroblasts,Embryonic,EMB,Embryonic
0.3961534328092907,Embryonic fibroblasts,Embryonic,EMB,Embryonic
0.47221916858373336,Embryonic fibroblasts,Embryonic,EMB,Embryonic
0.2761290121345433,Embryonic fibroblasts,Embryonic,EMB,Embryonic
0.5048615489044601,Embryonic fibroblasts,Embryonic,EMB,Embryonic
0.38827364409634757,Embryonic fibroblasts,Embryonic,EMB,Embryonic
0.4844164376730447,Embryonic fibroblasts,Embryonic,EMB,Embryonic
0.39433214067794864,Embryonic fibroblasts,Embryonic,EMB,Embryonic
0.5043369224401226,Embryonic fibroblasts,Embryonic,EMB,Embryonic
0.38018328021874254,Embryonic fibroblasts,Embryonic,EMB,Embryonic
0.5511735140622317,Embryonic fibroblasts,Embryonic,EMB,Embryonic
0.39018584197422246,Embryonic fibroblasts,Embryonic,EMB,Embryonic
0.5301250526575336,Embryonic fibroblasts,Embryonic,EMB,Embryonic
0.4899254256502959,Embryonic fibroblasts,Embryonic,EMB,Embryonic
0.36602518159572495,Embryonic fibroblasts,Embryonic,EMB,Embryonic
0.5727313680567733,Embryonic fibroblasts,Embryonic,EMB,Embryonic
0.45209730647793206,Embryonic fibroblasts,Embryonic,EMB,Embryonic
0.5736080219506872,Embryonic fibroblasts,Embryonic,EMB,Embryonic
0.4627887089915378,Embryonic fibroblasts,Embryonic,EMB,Embryonic
0.3156622523419125,Embryonic fibroblasts,Embryonic,EMB,Embryonic
0.513207079092299,Embryonic fibroblasts,Embryonic,EMB,Embryonic
0.6070852257912273,Embryonic fibroblasts,Embryonic,EMB,Embryonic
0.5450586500490154,Embryonic fibroblasts,Embryonic,EMB,Embryonic
0.3491345286344607,Embryonic fibroblasts,Embryonic,EMB,Embryonic
0.5232031919292313,Embryonic fibroblasts,Embryonic,EMB,Embryonic
0.49753359534200137,Embryonic fibroblasts,Embryonic,EMB,Embryonic
0.38128390501031434,Embryonic fibroblasts,Embryonic,EMB,Embryonic
0.4988867419403221,Embryonic fibroblasts,Embryonic,EMB,Embryonic
0.489120589384221,Embryonic fibroblasts,Embryonic,EMB,Embryonic
0.3923405400702698,Embryonic fibroblasts,Embryonic,EMB,Embryonic
0.4549944531786573,Embryonic fibroblasts,Embryonic,EMB,Embryonic
0.24735391186946115,Embryonic fibroblasts,Embryonic,EMB,Embryonic
0.4524464299761357,Embryonic fibroblasts,Embryonic,EMB,Embryonic
0.4704286767910952,Embryonic fibroblasts,Embryonic,EMB,Embryonic
0.39410583651117725,Embryonic fibroblasts,Embryonic,EMB,Embryonic
0.43640200784783284,Embryonic fibroblasts,Embryonic,EMB,Embryonic
0.5120808587340233,Embryonic fibroblasts,Embryonic,EMB,Embryonic
0.4763895106369989,Embryonic fibroblasts,Embryonic,EMB,Embryonic
0.45887554381463674,Embryonic fibroblasts,Embryonic,EMB,Embryonic
0.4243039102097554,Embryonic fibroblasts,Embryonic,EMB,Embryonic
0.4697810898127705,Embryonic fibroblasts,Embryonic,EMB,Embryonic
0.3621091706214444,Embryonic fibroblasts,Embryonic,EMB,Embryonic
0.3960310524488272,Embryonic fibroblasts,Embryonic,EMB,Embryonic
0.4633681103324534,Embryonic fibroblasts,Embryonic,EMB,Embryonic
0.4957176250415844,Embryonic fibroblasts,Embryonic,EMB,Embryonic
0.4493773510019586,Embryonic fibroblasts,Embryonic,EMB,Embryonic
0.31793381993315317,Embryonic fibroblasts,Embryonic,EMB,Embryonic
0.44010240577351323,Embryonic fibroblasts,Embryonic,EMB,Embryonic
0.46500208326921455,Embryonic fibroblasts,Embryonic,EMB,Embryonic
0.41448711305887603,Embryonic fibroblasts,Embryonic,EMB,Embryonic
0.3084977517947601,Embryonic fibroblasts,Embryonic,EMB,Embryonic
0.46444049109914304,Embryonic fibroblasts,Embryonic,EMB,Embryonic
0.3664549155871007,Embryonic fibroblasts,Embryonic,EMB,Embryonic
0.40614026358531474,Embryonic fibroblasts,Embryonic,EMB,Embryonic
0.4493648395384097,Embryonic fibroblasts,Embryonic,EMB,Embryonic
0.4395421870684639,Embryonic fibroblasts,Embryonic,EMB,Embryonic
0.5016972887647021,Embryonic fibroblasts,Embryonic,EMB,Embryonic
0.39076352025521827,Embryonic fibroblasts,Embryonic,EMB,Embryonic
0.38665383173028833,Embryonic fibroblasts,Embryonic,EMB,Embryonic
0.5062831923745614,Embryonic fibroblasts,Embryonic,EMB,Embryonic
0.4362356718610288,Embryonic fibroblasts,Embryonic,EMB,Embryonic
0.37361169657271215,Embryonic fibroblasts,Embryonic,EMB,Embryonic
0.44832082183287403,Embryonic fibroblasts,Embryonic,EMB,Embryonic
0.3468680353103375,Embryonic fibroblasts,Embryonic,EMB,Embryonic
0.39726936028702187,Embryonic fibroblasts,Embryonic,EMB,Embryonic
0.4222263531543495,Embryonic fibroblasts,Embryonic,EMB,Embryonic
0.47925736096892496,Embryonic fibroblasts,Embryonic,EMB,Embryonic
0.4598524863606737,Embryonic fibroblasts,Embryonic,EMB,Embryonic
0.47088983675367285,Embryonic fibroblasts,Embryonic,EMB,Embryonic
0.473838888805436,Embryonic fibroblasts,Embryonic,EMB,Embryonic
0.474899947284886,Embryonic fibroblasts,Embryonic,EMB,Embryonic
0.46147046098070427,Embryonic fibroblasts,Embryonic,EMB,Embryonic
0.3789405071362158,Embryonic fibroblasts,Embryonic,EMB,Embryonic
0.48194076716838075,Embryonic fibroblasts,Embryonic,EMB,Embryonic
0.45450308370857156,Embryonic fibroblasts,Embryonic,EMB,Embryonic
0.4954419611599246,Embryonic fibroblasts,Embryonic,EMB,Embryonic
0.424472513817762,Embryonic fibroblasts,Embryonic,EMB,Embryonic
0.4640386384872636,Embryonic fibroblasts,Embryonic,EMB,Embryonic
0.480753673796285,Embryonic fibroblasts,Embryonic,EMB,Embryonic
0.5244975539873231,Embryonic fibroblasts,Embryonic,EMB,Embryonic
0.3982504089912289,Embryonic fibroblasts,Embryonic,EMB,Embryonic
0.3450817671302639,Embryonic fibroblasts,Embryonic,EMB,Embryonic
0.3516993426742728,Embryonic fibroblasts,Embryonic,EMB,Embryonic
0.4650552414671257,Embryonic fibroblasts,Embryonic,EMB,Embryonic
0.459455890327278,Embryonic fibroblasts,Embryonic,EMB,Embryonic
0.4361994927438146,Embryonic fibroblasts,Embryonic,EMB,Embryonic
0.48886446366536523,Embryonic fibroblasts,Embryonic,EMB,Embryonic
0.5174992332165849,Embryonic fibroblasts,Embryonic,EMB,Embryonic
0.3572621117136475,Embryonic fibroblasts,Embryonic,EMB,Embryonic
0.4596804113227896,Embryonic fibroblasts,Embryonic,EMB,Embryonic
0.42542752402960304,Embryonic fibroblasts,Embryonic,EMB,Embryonic
0.5008474105180063,Embryonic fibroblasts,Embryonic,EMB,Embryonic
0.45550664134127405,Embryonic fibroblasts,Embryonic,EMB,Embryonic
0.4942582913659159,Embryonic fibroblasts,Embryonic,EMB,Embryonic
0.4802046191907389,Embryonic fibroblasts,Embryonic,EMB,Embryonic
0.41955764022279823,Embryonic fibroblasts,Embryonic,EMB,Embryonic
0.3811002106877152,Embryonic fibroblasts,Embryonic,EMB,Embryonic
0.4405463881297846,Embryonic fibroblasts,Embryonic,EMB,Embryonic
0.38911776905506695,Embryonic fibroblasts,Embryonic,EMB,Embryonic
0.5297904239016253,Embryonic fibroblasts,Embryonic,EMB,Embryonic
0.543216453012826,Embryonic fibroblasts,Embryonic,EMB,Embryonic
0.4730148141423178,Embryonic fibroblasts,Embryonic,EMB,Embryonic
0.4975578071614803,Embryonic fibroblasts,Embryonic,EMB,Embryonic
0.4962253341184423,Embryonic fibroblasts,Embryonic,EMB,Embryonic
0.5302817680616734,Embryonic fibroblasts,Embryonic,EMB,Embryonic
0.4599046535124157,Embryonic fibroblasts,Embryonic,EMB,Embryonic
0.38507452570697515,Embryonic fibroblasts,Embryonic,EMB,Embryonic
0.5219518652403229,Embryonic fibroblasts,Embryonic,EMB,Embryonic
0.4225647270049194,Embryonic fibroblasts,Embryonic,EMB,Embryonic
0.4992211397421352,Embryonic fibroblasts,Embryonic,EMB,Embryonic
0.4895089754740924,Embryonic fibroblasts,Embryonic,EMB,Embryonic
0.4224198535347341,Embryonic fibroblasts,Embryonic,EMB,Embryonic
0.5194544510403387,Embryonic fibroblasts,Embryonic,EMB,Embryonic
0.5505505881565576,Embryonic fibroblasts,Embryonic,EMB,Embryonic
0.3030399177767987,Embryonic fibroblasts,Embryonic,EMB,Embryonic
0.5166935894021152,Embryonic fibroblasts,Embryonic,EMB,Embryonic
0.3954350868745535,Embryonic fibroblasts,Embryonic,EMB,Embryonic
0.4538535106832151,Embryonic fibroblasts,Embryonic,EMB,Embryonic
0.4345229123356973,Embryonic fibroblasts,Embryonic,EMB,Embryonic
0.36848726377382385,Embryonic fibroblasts,Embryonic,EMB,Embryonic
0.4063641803036729,Embryonic fibroblasts,Embryonic,EMB,Embryonic
0.49228085251534703,Embryonic fibroblasts,Embryonic,EMB,Embryonic
0.4969402311650545,Embryonic fibroblasts,Embryonic,EMB,Embryonic
0.46921234755700936,Embryonic fibroblasts,Embryonic,EMB,Embryonic
0.5247090331948991,Embryonic fibroblasts,Embryonic,EMB,Embryonic
0.48628411044872777,Embryonic fibroblasts,Embryonic,EMB,Embryonic
0.44204046180973455,Embryonic fibroblasts,Embryonic,EMB,Embryonic
0.47696169189415155,Embryonic fibroblasts,Embryonic,EMB,Embryonic
0.42151695352704993,Embryonic fibroblasts,Embryonic,EMB,Embryonic
0.3396566748100026,Embryonic fibroblasts,Embryonic,EMB,Embryonic
0.4670674578915635,Embryonic fibroblasts,Embryonic,EMB,Embryonic
0.5822363530553872,Embryonic fibroblasts,Embryonic,EMB,Embryonic
0.44183733214636,Embryonic fibroblasts,Embryonic,EMB,Embryonic
0.5480706398600295,Embryonic fibroblasts,Embryonic,EMB,Embryonic
0.4331982403208848,Embryonic fibroblasts,Embryonic,EMB,Embryonic
0.4635583955470937,Embryonic fibroblasts,Embryonic,EMB,Embryonic
0.416161811032929,Embryonic fibroblasts,Embryonic,EMB,Embryonic
0.488461156912718,Embryonic fibroblasts,Embryonic,EMB,Embryonic
0.49753162115904986,Embryonic fibroblasts,Embryonic,EMB,Embryonic
0.5204520220581536,Embryonic fibroblasts,Embryonic,EMB,Embryonic
0.4808660816063704,Embryonic fibroblasts,Embryonic,EMB,Embryonic
0.5156806773376148,Embryonic fibroblasts,Embryonic,EMB,Embryonic
0.5296761008335202,Embryonic fibroblasts,Embryonic,EMB,Embryonic
0.4260114155294191,Embryonic fibroblasts,Embryonic,EMB,Embryonic
0.5010906482865003,Embryonic fibroblasts,Embryonic,EMB,Embryonic
0.4262921267862812,Embryonic fibroblasts,Embryonic,EMB,Embryonic
0.48259913543188643,Embryonic fibroblasts,Embryonic,EMB,Embryonic
0.2535996845394849,Embryonic fibroblasts,Embryonic,EMB,Embryonic
0.377341687864667,Embryonic fibroblasts,Embryonic,EMB,Embryonic
0.4747074996438877,Embryonic fibroblasts,Embryonic,EMB,Embryonic
0.4463644539842757,Embryonic fibroblasts,Embryonic,EMB,Embryonic
0.4653559666364094,Embryonic fibroblasts,Embryonic,EMB,Embryonic
0.43834195106375057,Embryonic fibroblasts,Embryonic,EMB,Embryonic
0.37209205263609607,Embryonic fibroblasts,Embryonic,EMB,Embryonic
0.4385510056487955,Embryonic fibroblasts,Embryonic,EMB,Embryonic
0.555463136391795,Embryonic fibroblasts,Embryonic,EMB,Embryonic
0.5021644495790636,Embryonic fibroblasts,Embryonic,EMB,Embryonic
0.4815334400744105,Embryonic fibroblasts,Embryonic,EMB,Embryonic
0.44477344127752316,Embryonic fibroblasts,Embryonic,EMB,Embryonic
0.44184139717571874,Embryonic fibroblasts,Embryonic,EMB,Embryonic
0.396555474060046,Embryonic fibroblasts,Embryonic,EMB,Embryonic
0.45653867316201546,Embryonic fibroblasts,Embryonic,EMB,Embryonic
0.4430620393984402,Embryonic fibroblasts,Embryonic,EMB,Embryonic
0.40052945648958993,Embryonic fibroblasts,Embryonic,EMB,Embryonic
0.5149620399419732,Embryonic fibroblasts,Embryonic,EMB,Embryonic
0.42551227548224735,Embryonic fibroblasts,Embryonic,EMB,Embryonic
0.3484021759665954,Embryonic fibroblasts,Embryonic,EMB,Embryonic
0.49729684129335705,Embryonic fibroblasts,Embryonic,EMB,Embryonic
0.3809360675784085,Embryonic fibroblasts,Embryonic,EMB,Embryonic
0.30008994072224626,Embryonic fibroblasts,Embryonic,EMB,Embryonic
0.47785750074107797,Embryonic fibroblasts,Embryonic,EMB,Embryonic
0.49368613897802527,Embryonic fibroblasts,Embryonic,EMB,Embryonic
0.4959108889313029,Embryonic fibroblasts,Embryonic,EMB,Embryonic
0.3983087498148571,Embryonic fibroblasts,Embryonic,EMB,Embryonic
0.5040448912688367,Embryonic fibroblasts,Embryonic,EMB,Embryonic
0.39966359811775326,Embryonic fibroblasts,Embryonic,EMB,Embryonic
0.49386586872047833,Embryonic fibroblasts,Embryonic,EMB,Embryonic
0.4620844243646978,Embryonic fibroblasts,Embryonic,EMB,Embryonic
0.47873433536448073,Embryonic fibroblasts,Embryonic,EMB,Embryonic
0.4369652218376727,Embryonic fibroblasts,Embryonic,EMB,Embryonic
0.2488538444277016,Embryonic fibroblasts,Embryonic,EMB,Embryonic
0.44209275867542047,Embryonic fibroblasts,Embryonic,EMB,Embryonic
0.39496186628347607,Embryonic fibroblasts,Embryonic,EMB,Embryonic
0.4078240648681337,Embryonic fibroblasts,Embryonic,EMB,Embryonic
0.44425571654412893,Embryonic fibroblasts,Embryonic,EMB,Embryonic
0.5072003166235113,Embryonic fibroblasts,Embryonic,EMB,Embryonic
0.46869354714700695,Embryonic fibroblasts,Embryonic,EMB,Embryonic
0.41522891942134366,Embryonic fibroblasts,Embryonic,EMB,Embryonic
0.4380616194574561,Embryonic fibroblasts,Embryonic,EMB,Embryonic
0.4033004986950651,Embryonic fibroblasts,Embryonic,EMB,Embryonic
0.4712552302560445,Embryonic fibroblasts,Embryonic,EMB,Embryonic
0.4752246920755486,Embryonic fibroblasts,Embryonic,EMB,Embryonic
0.35469372539927596,Embryonic fibroblasts,Embryonic,EMB,Embryonic
0.47550753807591467,Embryonic fibroblasts,Embryonic,EMB,Embryonic
0.4477968811123741,Embryonic fibroblasts,Embryonic,EMB,Embryonic
0.43784281773955747,Embryonic fibroblasts,Embryonic,EMB,Embryonic
0.52424776012809,Embryonic fibroblasts,Embryonic,EMB,Embryonic
0.49690479315738567,Embryonic fibroblasts,Embryonic,EMB,Embryonic
0.452342211940638,Embryonic fibroblasts,Embryonic,EMB,Embryonic
0.4584055593491787,Embryonic fibroblasts,Embryonic,EMB,Embryonic
0.33625456873074916,Embryonic fibroblasts,Embryonic,EMB,Embryonic
0.46828601440897927,Embryonic fibroblasts,Embryonic,EMB,Embryonic
0.46945587085436763,Embryonic fibroblasts,Embryonic,EMB,Embryonic
0.46284659700277014,Embryonic fibroblasts,Embryonic,EMB,Embryonic
0.406222249916325,Embryonic fibroblasts,Embryonic,EMB,Embryonic
0.42445530417843913,Embryonic fibroblasts,Embryonic,EMB,Embryonic
0.41440392647841495,Embryonic fibroblasts,Embryonic,EMB,Embryonic
0.5461437182631108,Embryonic fibroblasts,Embryonic,EMB,Embryonic
0.5026728879013869,Embryonic fibroblasts,Embryonic,EMB,Embryonic
0.5079767617501092,Embryonic fibroblasts,Embryonic,EMB,Embryonic
0.4121079643608598,Embryonic fibroblasts,Embryonic,EMB,Embryonic
0.4419222939886939,Embryonic fibroblasts,Embryonic,EMB,Embryonic
0.3703286493069251,Embryonic fibroblasts,Embryonic,EMB,Embryonic
0.45308872873842926,Embryonic fibroblasts,Embryonic,EMB,Embryonic
0.4895133758614525,Embryonic fibroblasts,Embryonic,EMB,Embryonic
0.45921350044505166,Embryonic fibroblasts,Embryonic,EMB,Embryonic
0.39375412585254327,Embryonic fibroblasts,Embryonic,EMB,Embryonic
0.4385943815170817,Embryonic fibroblasts,Embryonic,EMB,Embryonic
0.4554230553367784,Embryonic fibroblasts,Embryonic,EMB,Embryonic
0.3877861609034782,Embryonic fibroblasts,Embryonic,EMB,Embryonic
0.3847034093677664,Embryonic fibroblasts,Embryonic,EMB,Embryonic
0.4731132092872349,Embryonic fibroblasts,Embryonic,EMB,Embryonic
0.45683795565914226,Embryonic fibroblasts,Embryonic,EMB,Embryonic
0.5572259738043386,Embryonic fibroblasts,Embryonic,EMB,Embryonic
0.5264933105823091,Embryonic fibroblasts,Embryonic,EMB,Embryonic
0.4299550496417161,Embryonic fibroblasts,Embryonic,EMB,Embryonic
0.4304470376258516,Embryonic fibroblasts,Embryonic,EMB,Embryonic
0.31519638075760337,Embryonic fibroblasts,Embryonic,EMB,Embryonic
0.4096357103158348,Embryonic fibroblasts,Embryonic,EMB,Embryonic
0.4687978324122926,Embryonic fibroblasts,Embryonic,EMB,Embryonic
0.5108613961963469,Embryonic fibroblasts,Embryonic,EMB,Embryonic
0.4473936518717178,Embryonic fibroblasts,Embryonic,EMB,Embryonic
0.482820970004163,Embryonic fibroblasts,Embryonic,EMB,Embryonic
0.41096156082928437,Embryonic fibroblasts,Embryonic,EMB,Embryonic
0.4592517431212885,Embryonic fibroblasts,Embryonic,EMB,Embryonic
0.43615038612930446,Embryonic fibroblasts,Embryonic,EMB,Embryonic
0.4403762497052646,Embryonic fibroblasts,Embryonic,EMB,Embryonic
0.3494720253340317,Embryonic fibroblasts,Embryonic,EMB,Embryonic
0.5339200005797264,Embryonic fibroblasts,Embryonic,EMB,Embryonic
0.4800477645813912,Embryonic fibroblasts,Embryonic,EMB,Embryonic
0.49812073245870114,Embryonic fibroblasts,Embryonic,EMB,Embryonic
0.33766625626018476,Embryonic fibroblasts,Embryonic,EMB,Embryonic
0.5177662568840772,Embryonic fibroblasts,Embryonic,EMB,Embryonic
0.46115311383953883,Embryonic fibroblasts,Embryonic,EMB,Embryonic
0.4697383142669444,Embryonic fibroblasts,Embryonic,EMB,Embryonic
0.3581788543346831,Embryonic fibroblasts,Embryonic,EMB,Embryonic
0.42127607433770714,Embryonic fibroblasts,Embryonic,EMB,Embryonic
0.46046895741576005,Embryonic fibroblasts,Embryonic,EMB,Embryonic
0.47851502784129474,Embryonic fibroblasts,Embryonic,EMB,Embryonic
0.43346925031933675,Embryonic fibroblasts,Embryonic,EMB,Embryonic
0.40932017758800704,Embryonic fibroblasts,Embryonic,EMB,Embryonic
0.5099594113047183,Embryonic fibroblasts,Embryonic,EMB,Embryonic
0.5203094450784327,Embryonic fibroblasts,Embryonic,EMB,Embryonic
0.48543050450802144,Embryonic fibroblasts,Embryonic,EMB,Embryonic
0.44591455896588356,Embryonic fibroblasts,Embryonic,EMB,Embryonic
0.5117645718461618,Embryonic fibroblasts,Embryonic,EMB,Embryonic
0.4386067703851347,Embryonic fibroblasts,Embryonic,EMB,Embryonic
0.47879541995439845,Embryonic fibroblasts,Embryonic,EMB,Embryonic
0.5166337548907851,Embryonic fibroblasts,Embryonic,EMB,Embryonic
0.5179921157523703,Embryonic fibroblasts,Embryonic,EMB,Embryonic
0.31298919636605566,Embryonic fibroblasts,Embryonic,EMB,Embryonic
0.36576984206991964,Embryonic fibroblasts,Embryonic,EMB,Embryonic
0.44826945352920133,Embryonic fibroblasts,Embryonic,EMB,Embryonic
0.4421396012279519,Embryonic fibroblasts,Embryonic,EMB,Embryonic
0.5776148350585331,Embryonic fibroblasts,Embryonic,EMB,Embryonic
0.47828802408925875,Embryonic fibroblasts,Embryonic,EMB,Embryonic
0.4936573970572424,Embryonic fibroblasts,Embryonic,EMB,Embryonic
0.565824419290921,Embryonic fibroblasts,Embryonic,EMB,Embryonic
0.47865689851277204,Embryonic fibroblasts,Embryonic,EMB,Embryonic
0.438624549500309,Embryonic fibroblasts,Embryonic,EMB,Embryonic
0.4420570335570099,Embryonic fibroblasts,Embryonic,EMB,Embryonic
0.4471737637995388,Embryonic fibroblasts,Embryonic,EMB,Embryonic
0.4977484585807305,Embryonic fibroblasts,Embryonic,EMB,Embryonic
0.3444768983547109,Embryonic fibroblasts,Embryonic,EMB,Embryonic
0.3852977361170899,Embryonic fibroblasts,Embryonic,EMB,Embryonic
0.4758822136391947,Embryonic fibroblasts,Embryonic,EMB,Embryonic
0.42030641554599724,Embryonic fibroblasts,Embryonic,EMB,Embryonic
0.4068604452887339,Embryonic fibroblasts,Embryonic,EMB,Embryonic
0.5329654186611821,Embryonic fibroblasts,Embryonic,EMB,Embryonic
0.3999306063619412,Embryonic fibroblasts,Embryonic,EMB,Embryonic
0.4529573550096765,Embryonic fibroblasts,Embryonic,EMB,Embryonic
0.41959565945885724,Embryonic fibroblasts,Embryonic,EMB,Embryonic
0.39584978314422853,Embryonic fibroblasts,Embryonic,EMB,Embryonic
0.3852172715521047,Embryonic fibroblasts,Embryonic,EMB,Embryonic
0.44004324474647133,Embryonic fibroblasts,Embryonic,EMB,Embryonic
0.3517312412313374,Embryonic fibroblasts,Embryonic,EMB,Embryonic
0.4010891235149082,Embryonic fibroblasts,Embryonic,EMB,Embryonic
0.46654615099687635,Embryonic fibroblasts,Embryonic,EMB,Embryonic
0.5267754902168351,Embryonic fibroblasts,Embryonic,EMB,Embryonic
0.4557337000635484,Embryonic fibroblasts,Embryonic,EMB,Embryonic
0.41083455189565093,Embryonic fibroblasts,Embryonic,EMB,Embryonic
0.5328188925246196,Embryonic fibroblasts,Embryonic,EMB,Embryonic
0.45620167475381435,Embryonic fibroblasts,Embryonic,EMB,Embryonic
0.4063048958901966,Embryonic fibroblasts,Embryonic,EMB,Embryonic
0.4679213580614596,Embryonic fibroblasts,Embryonic,EMB,Embryonic
0.48316807186309413,Embryonic fibroblasts,Embryonic,EMB,Embryonic
0.4870888941173803,Embryonic fibroblasts,Embryonic,EMB,Embryonic
0.44035882651249747,Embryonic fibroblasts,Embryonic,EMB,Embryonic
0.5077629840747218,Embryonic fibroblasts,Embryonic,EMB,Embryonic
0.5166099041348149,Embryonic fibroblasts,Embryonic,EMB,Embryonic
0.3979855236264647,Embryonic fibroblasts,Embryonic,EMB,Embryonic
0.3860989107325342,Embryonic fibroblasts,Embryonic,EMB,Embryonic
0.43381364677250445,Embryonic fibroblasts,Embryonic,EMB,Embryonic
0.27904979603779456,Embryonic fibroblasts,Embryonic,EMB,Embryonic
0.3909235991261051,Embryonic fibroblasts,Embryonic,EMB,Embryonic
0.4247804729122357,Embryonic fibroblasts,Embryonic,EMB,Embryonic
0.5266186553809545,Embryonic fibroblasts,Embryonic,EMB,Embryonic
0.5227115685678285,Embryonic fibroblasts,Embryonic,EMB,Embryonic
0.46673493421895856,Embryonic fibroblasts,Embryonic,EMB,Embryonic
0.395786438842495,Embryonic fibroblasts,Embryonic,EMB,Embryonic
0.33055911537722493,Embryonic fibroblasts,Embryonic,EMB,Embryonic
0.4715011734303019,Embryonic fibroblasts,Embryonic,EMB,Embryonic
0.2876572950040061,Embryonic fibroblasts,Embryonic,EMB,Embryonic
0.39637340551190864,Embryonic fibroblasts,Embryonic,EMB,Embryonic
0.5432569348364729,Embryonic fibroblasts,Embryonic,EMB,Embryonic
0.40053877770196294,Embryonic fibroblasts,Embryonic,EMB,Embryonic
0.45005380605578593,Embryonic fibroblasts,Embryonic,EMB,Embryonic
0.40653359225101293,Embryonic fibroblasts,Embryonic,EMB,Embryonic
0.4736785097733192,Embryonic fibroblasts,Embryonic,EMB,Embryonic
0.4932311261908879,Embryonic fibroblasts,Embryonic,EMB,Embryonic
0.40910749694457227,Embryonic fibroblasts,Embryonic,EMB,Embryonic
0.4361789172649285,Embryonic fibroblasts,Embryonic,EMB,Embryonic
0.48836838850558806,Embryonic fibroblasts,Embryonic,EMB,Embryonic
0.5087019706597942,Embryonic fibroblasts,Embryonic,EMB,Embryonic
0.489177124494837,Embryonic fibroblasts,Embryonic,EMB,Embryonic
0.4126298106757284,Embryonic fibroblasts,Embryonic,EMB,Embryonic
0.4822834729901147,Embryonic fibroblasts,Embryonic,EMB,Embryonic
0.4458455238603295,Embryonic fibroblasts,Embryonic,EMB,Embryonic
0.47598065030839265,Embryonic fibroblasts,Embryonic,EMB,Embryonic
0.45612071031558177,Embryonic fibroblasts,Embryonic,EMB,Embryonic
0.4709311071431862,Embryonic fibroblasts,Embryonic,EMB,Embryonic
0.4990004148568302,Embryonic fibroblasts,Embryonic,EMB,Embryonic
0.5644361332642842,Embryonic fibroblasts,Embryonic,EMB,Embryonic
0.545281939157529,Embryonic fibroblasts,Embryonic,EMB,Embryonic
0.482394827269875,Embryonic fibroblasts,Embryonic,EMB,Embryonic
0.4271191097309351,Embryonic fibroblasts,Embryonic,EMB,Embryonic
0.48805264736541737,Embryonic fibroblasts,Embryonic,EMB,Embryonic
0.4438010786619272,Embryonic fibroblasts,Embryonic,EMB,Embryonic
0.4999141661477687,Embryonic fibroblasts,Embryonic,EMB,Embryonic
0.3634769788501225,Embryonic fibroblasts,Embryonic,EMB,Embryonic
0.4050931825742617,Embryonic fibroblasts,Embryonic,EMB,Embryonic
0.4352382918549058,Embryonic fibroblasts,Embryonic,EMB,Embryonic
0.43326530084801784,Embryonic fibroblasts,Embryonic,EMB,Embryonic
0.5128885356563764,Embryonic fibroblasts,Embryonic,EMB,Embryonic
0.5169808686137967,Embryonic fibroblasts,Embryonic,EMB,Embryonic
0.3967946515448134,Embryonic fibroblasts,Embryonic,EMB,Embryonic
0.4870138858428961,Embryonic fibroblasts,Embryonic,EMB,Embryonic
0.38914555433551323,Embryonic fibroblasts,Embryonic,EMB,Embryonic
0.4199114243271883,Embryonic fibroblasts,Embryonic,EMB,Embryonic
0.4261645831780984,Embryonic fibroblasts,Embryonic,EMB,Embryonic
0.3334993971054074,Embryonic fibroblasts,Embryonic,EMB,Embryonic
0.3346262652424641,Embryonic fibroblasts,Embryonic,EMB,Embryonic
0.39393792181076315,Embryonic fibroblasts,Embryonic,EMB,Embryonic
0.4142661101586241,Embryonic fibroblasts,Embryonic,EMB,Embryonic
0.4913522446276661,Embryonic fibroblasts,Embryonic,EMB,Embryonic
0.27330214310404227,Embryonic fibroblasts,Embryonic,EMB,Embryonic
0.455215658559212,Embryonic fibroblasts,Embryonic,EMB,Embryonic
0.4846788090392067,Embryonic fibroblasts,Embryonic,EMB,Embryonic
0.49552264323304757,Embryonic fibroblasts,Embryonic,EMB,Embryonic
0.48206515255840443,Embryonic fibroblasts,Embryonic,EMB,Embryonic
0.47797008413955083,Embryonic fibroblasts,Embryonic,EMB,Embryonic
0.47713119203115484,Embryonic fibroblasts,Embryonic,EMB,Embryonic
0.42639344642697685,Embryonic fibroblasts,Embryonic,EMB,Embryonic
0.48607389239288085,Embryonic fibroblasts,Embryonic,EMB,Embryonic
0.5097034354687429,Embryonic fibroblasts,Embryonic,EMB,Embryonic
0.536525961227148,Embryonic fibroblasts,Embryonic,EMB,Embryonic
0.47687141573481007,Embryonic fibroblasts,Embryonic,EMB,Embryonic
0.3685461151483715,Embryonic fibroblasts,Embryonic,EMB,Embryonic
0.5368566934236372,Embryonic fibroblasts,Embryonic,EMB,Embryonic
0.4406634636645047,Embryonic fibroblasts,Embryonic,EMB,Embryonic
0.45767597022107,Embryonic fibroblasts,Embryonic,EMB,Embryonic
0.4649576756214171,Embryonic fibroblasts,Embryonic,EMB,Embryonic
0.5648662299010458,Embryonic fibroblasts,Embryonic,EMB,Embryonic
0.5009838687960795,Embryonic fibroblasts,Embryonic,EMB,Embryonic
0.41372627354795305,Embryonic fibroblasts,Embryonic,EMB,Embryonic
0.3367683783176651,Embryonic fibroblasts,Embryonic,EMB,Embryonic
0.4317631228148579,Embryonic fibroblasts,Embryonic,EMB,Embryonic
0.29505475981710566,Embryonic fibroblasts,Embryonic,EMB,Embryonic
0.4955187352050174,Embryonic fibroblasts,Embryonic,EMB,Embryonic
0.4270893502675372,Embryonic fibroblasts,Embryonic,EMB,Embryonic
0.47450435139345426,Embryonic fibroblasts,Embryonic,EMB,Embryonic
0.3126819135241555,Embryonic fibroblasts,Embryonic,EMB,Embryonic
0.48669757206311937,Embryonic fibroblasts,Embryonic,EMB,Embryonic
0.48885520335527066,Embryonic fibroblasts,Embryonic,EMB,Embryonic
0.3716703047525973,Embryonic fibroblasts,Embryonic,EMB,Embryonic
0.469696994048294,Embryonic fibroblasts,Embryonic,EMB,Embryonic
0.3513054117087678,Embryonic fibroblasts,Embryonic,EMB,Embryonic
0.5759589036865993,Embryonic fibroblasts,Embryonic,EMB,Embryonic
0.4861497046565357,Embryonic fibroblasts,Embryonic,EMB,Embryonic
0.5154663566828219,Embryonic fibroblasts,Embryonic,EMB,Embryonic
0.44467132832532896,Embryonic fibroblasts,Embryonic,EMB,Embryonic
0.4206200005873194,Embryonic fibroblasts,Embryonic,EMB,Embryonic
0.4510209544081176,Embryonic fibroblasts,Embryonic,EMB,Embryonic
0.42688435715262685,Embryonic fibroblasts,Embryonic,EMB,Embryonic
0.49481505643720824,Embryonic fibroblasts,Embryonic,EMB,Embryonic
0.4391991976952123,Embryonic fibroblasts,Embryonic,EMB,Embryonic
0.4301395649586677,Embryonic fibroblasts,Embryonic,EMB,Embryonic
0.5590834062968995,Embryonic fibroblasts,Embryonic,EMB,Embryonic
0.5141981339617782,Embryonic fibroblasts,Embryonic,EMB,Embryonic
0.5193660569195923,Embryonic fibroblasts,Embryonic,EMB,Embryonic
0.44326652038055364,Embryonic fibroblasts,Embryonic,EMB,Embryonic
0.3549785119676995,Embryonic fibroblasts,Embryonic,EMB,Embryonic
0.41133743150091356,Embryonic fibroblasts,Embryonic,EMB,Embryonic
0.5423858218634992,Embryonic fibroblasts,Embryonic,EMB,Embryonic
0.47406455428922123,Embryonic fibroblasts,Embryonic,EMB,Embryonic
0.45640832528073383,Embryonic fibroblasts,Embryonic,EMB,Embryonic
0.48825854610511926,Embryonic fibroblasts,Embryonic,EMB,Embryonic
0.4936079637850564,Embryonic fibroblasts,Embryonic,EMB,Embryonic
0.4064508917023724,Embryonic fibroblasts,Embryonic,EMB,Embryonic
0.5116127080599006,Embryonic fibroblasts,Embryonic,EMB,Embryonic
0.37608670862092286,Embryonic fibroblasts,Embryonic,EMB,Embryonic
0.45277187118830836,Embryonic fibroblasts,Embryonic,EMB,Embryonic
0.46246593403366376,Embryonic fibroblasts,Embryonic,EMB,Embryonic
0.35226055084361396,Embryonic fibroblasts,Embryonic,EMB,Embryonic
0.4388223581236971,Embryonic fibroblasts,Embryonic,EMB,Embryonic
0.38633995404165367,Embryonic fibroblasts,Embryonic,EMB,Embryonic
0.4440652422951436,Embryonic fibroblasts,Embryonic,EMB,Embryonic
0.46004130042936453,Embryonic fibroblasts,Embryonic,EMB,Embryonic
0.45925326726012966,Embryonic fibroblasts,Embryonic,EMB,Embryonic
0.40724194942112907,Embryonic fibroblasts,Embryonic,EMB,Embryonic
0.4374256770738842,Embryonic fibroblasts,Embryonic,EMB,Embryonic
0.3979672260509841,Embryonic fibroblasts,Embryonic,EMB,Embryonic
0.5566203777606671,Embryonic fibroblasts,Embryonic,EMB,Embryonic
0.3452685065667906,Embryonic fibroblasts,Embryonic,EMB,Embryonic
0.4821978954020166,Embryonic fibroblasts,Embryonic,EMB,Embryonic
0.4592475408640685,Embryonic fibroblasts,Embryonic,EMB,Embryonic
0.46543320654438614,Embryonic fibroblasts,Embryonic,EMB,Embryonic
0.4721081429389955,Embryonic fibroblasts,Embryonic,EMB,Embryonic
0.4708771125276183,Embryonic fibroblasts,Embryonic,EMB,Embryonic
0.4448981252468994,Embryonic fibroblasts,Embryonic,EMB,Embryonic
0.48735466098330604,Embryonic fibroblasts,Embryonic,EMB,Embryonic
0.4250544184796078,Embryonic fibroblasts,Embryonic,EMB,Embryonic
0.46102012778228185,Embryonic fibroblasts,Embryonic,EMB,Embryonic
0.43382590790396036,Embryonic fibroblasts,Embryonic,EMB,Embryonic
0.4413640205973341,Embryonic fibroblasts,Embryonic,EMB,Embryonic
0.330185795878316,Embryonic fibroblasts,Embryonic,EMB,Embryonic
0.4537590322666536,Embryonic fibroblasts,Embryonic,EMB,Embryonic
0.4565205863716937,Embryonic fibroblasts,Embryonic,EMB,Embryonic
0.37514113035287056,Embryonic fibroblasts,Embryonic,EMB,Embryonic
0.4249789957532541,Embryonic fibroblasts,Embryonic,EMB,Embryonic
0.40841966740155206,Embryonic fibroblasts,Embryonic,EMB,Embryonic
0.5230929374497089,Embryonic fibroblasts,Embryonic,EMB,Embryonic
0.38548622115528886,Embryonic fibroblasts,Embryonic,EMB,Embryonic
0.46079308922894385,Embryonic fibroblasts,Embryonic,EMB,Embryonic
0.4827223949206956,Embryonic fibroblasts,Embryonic,EMB,Embryonic
0.434195536092038,Embryonic fibroblasts,Embryonic,EMB,Embryonic
0.42992971745759345,Embryonic fibroblasts,Embryonic,EMB,Embryonic
0.42338701216926866,Embryonic fibroblasts,Embryonic,EMB,Embryonic
0.4803763493793573,Embryonic fibroblasts,Embryonic,EMB,Embryonic
0.4722889926506231,Embryonic fibroblasts,Embryonic,EMB,Embryonic
0.4603749911319955,Embryonic fibroblasts,Embryonic,EMB,Embryonic
0.5297710945466334,Embryonic fibroblasts,Embryonic,EMB,Embryonic
0.5423850075921255,Embryonic fibroblasts,Embryonic,EMB,Embryonic
0.36949376251201727,Embryonic fibroblasts,Embryonic,EMB,Embryonic
0.4874071180140752,Embryonic fibroblasts,Embryonic,EMB,Embryonic
0.5393714726823953,Embryonic fibroblasts,Embryonic,EMB,Embryonic
0.437352211129831,Embryonic fibroblasts,Embryonic,EMB,Embryonic
0.46136343867210783,Embryonic fibroblasts,Embryonic,EMB,Embryonic
0.5072481122571553,Embryonic fibroblasts,Embryonic,EMB,Embryonic
0.4848922236737388,Embryonic fibroblasts,Embryonic,EMB,Embryonic
0.500723837817479,Embryonic fibroblasts,Embryonic,EMB,Embryonic
0.5077959579129252,Embryonic fibroblasts,Embryonic,EMB,Embryonic
0.5943016287154882,Embryonic fibroblasts,Embryonic,EMB,Embryonic
0.4551247903822666,Embryonic fibroblasts,Embryonic,EMB,Embryonic
0.4802346871202229,Embryonic fibroblasts,Embryonic,EMB,Embryonic
0.5149852128634926,Embryonic fibroblasts,Embryonic,EMB,Embryonic
0.5275786152870705,Embryonic fibroblasts,Embryonic,EMB,Embryonic
0.44351038378154545,Embryonic fibroblasts,Embryonic,EMB,Embryonic
0.48647267141704015,Embryonic fibroblasts,Embryonic,EMB,Embryonic
0.3941583473257768,Embryonic fibroblasts,Embryonic,EMB,Embryonic
0.5329444362443437,Embryonic fibroblasts,Embryonic,EMB,Embryonic
0.4729247839649065,Embryonic fibroblasts,Embryonic,EMB,Embryonic
0.42530099242746444,Embryonic fibroblasts,Embryonic,EMB,Embryonic
0.4152618596446531,Embryonic fibroblasts,Embryonic,EMB,Embryonic
0.439155535507123,Embryonic fibroblasts,Embryonic,EMB,Embryonic
0.42838696110626734,Embryonic fibroblasts,Embryonic,EMB,Embryonic
0.4650980992705749,Embryonic fibroblasts,Embryonic,EMB,Embryonic
0.4501466341787864,Embryonic fibroblasts,Embryonic,EMB,Embryonic
0.5561794800652574,Embryonic fibroblasts,Embryonic,EMB,Embryonic
0.5288245272097587,Embryonic fibroblasts,Embryonic,EMB,Embryonic
0.4546862180465834,Embryonic fibroblasts,Embryonic,EMB,Embryonic
0.4159429776774831,Embryonic fibroblasts,Embryonic,EMB,Embryonic
0.39555891663015275,Embryonic fibroblasts,Embryonic,EMB,Embryonic
0.44575735476163814,Embryonic fibroblasts,Embryonic,EMB,Embryonic
0.47775642312761907,Embryonic fibroblasts,Embryonic,EMB,Embryonic
0.4678719880643683,Embryonic fibroblasts,Embryonic,EMB,Embryonic
0.5252334706248916,Embryonic fibroblasts,Embryonic,EMB,Embryonic
0.3809204568216322,Embryonic fibroblasts,Embryonic,EMB,Embryonic
0.4661703186857733,Embryonic fibroblasts,Embryonic,EMB,Embryonic
0.39759174056649327,Embryonic fibroblasts,Embryonic,EMB,Embryonic
0.44246808439029733,Embryonic fibroblasts,Embryonic,EMB,Embryonic
0.44114832529111103,Embryonic fibroblasts,Embryonic,EMB,Embryonic
0.4872238405161618,Embryonic fibroblasts,Embryonic,EMB,Embryonic
0.5116393899808849,Embryonic fibroblasts,Embryonic,EMB,Embryonic
0.5134583626845406,Embryonic fibroblasts,Embryonic,EMB,Embryonic
0.46258523408342833,Embryonic fibroblasts,Embryonic,EMB,Embryonic
0.5159443454477467,Embryonic fibroblasts,Embryonic,EMB,Embryonic
0.5248974858046122,Embryonic fibroblasts,Embryonic,EMB,Embryonic
0.5292042094148988,Embryonic fibroblasts,Embryonic,EMB,Embryonic
0.4559651742010178,Embryonic fibroblasts,Embryonic,EMB,Embryonic
0.3273266771139753,Embryonic fibroblasts,Embryonic,EMB,Embryonic
0.49584365914329165,Embryonic fibroblasts,Embryonic,EMB,Embryonic
0.4279944826996527,Embryonic fibroblasts,Embryonic,EMB,Embryonic
0.42956221214893964,Embryonic fibroblasts,Embryonic,EMB,Embryonic
0.3555011638536163,Embryonic fibroblasts,Embryonic,EMB,Embryonic
0.3955032060731132,Embryonic fibroblasts,Embryonic,EMB,Embryonic
0.4984475091708391,Embryonic fibroblasts,Embryonic,EMB,Embryonic
0.3154017487774492,Embryonic fibroblasts,Embryonic,EMB,Embryonic
0.383853410898391,Embryonic fibroblasts,Embryonic,EMB,Embryonic
0.37333355705297616,Embryonic fibroblasts,Embryonic,EMB,Embryonic
0.46885396493511927,Embryonic fibroblasts,Embryonic,EMB,Embryonic
0.4616929512411485,Embryonic fibroblasts,Embryonic,EMB,Embryonic
0.49556452976379456,Embryonic fibroblasts,Embryonic,EMB,Embryonic
0.3811121815446747,Embryonic fibroblasts,Embryonic,EMB,Embryonic
0.48756479875887676,Embryonic fibroblasts,Embryonic,EMB,Embryonic
0.4730739383907108,Embryonic fibroblasts,Embryonic,EMB,Embryonic
0.45414098011564963,Embryonic fibroblasts,Embryonic,EMB,Embryonic
0.43015429460975163,Embryonic fibroblasts,Embryonic,EMB,Embryonic
0.5020150317706782,Embryonic fibroblasts,Embryonic,EMB,Embryonic
0.5119569439525158,Embryonic fibroblasts,Embryonic,EMB,Embryonic
0.4310187494608962,Embryonic fibroblasts,Embryonic,EMB,Embryonic
0.3568576727322763,Embryonic fibroblasts,Embryonic,EMB,Embryonic
0.44604367851939114,Embryonic fibroblasts,Embryonic,EMB,Embryonic
0.40286443047125065,Embryonic fibroblasts,Embryonic,EMB,Embryonic
0.4987233537819878,Embryonic fibroblasts,Embryonic,EMB,Embryonic
0.46841956203270074,Embryonic fibroblasts,Embryonic,EMB,Embryonic
0.5173358573178002,Embryonic fibroblasts,Embryonic,EMB,Embryonic
0.5750767282497431,Embryonic fibroblasts,Embryonic,EMB,Embryonic
0.4242814965893712,Embryonic fibroblasts,Embryonic,EMB,Embryonic
0.470734107254601,Embryonic fibroblasts,Embryonic,EMB,Embryonic
0.4092149341005076,Embryonic fibroblasts,Embryonic,EMB,Embryonic
0.40885629837823906,Embryonic fibroblasts,Embryonic,EMB,Embryonic
0.4853562037281888,Embryonic fibroblasts,Embryonic,EMB,Embryonic
0.47639255456451857,Embryonic fibroblasts,Embryonic,EMB,Embryonic
0.36185788544732556,Embryonic fibroblasts,Embryonic,EMB,Embryonic
0.44325024760810017,Embryonic fibroblasts,Embryonic,EMB,Embryonic
0.38790584693131985,Embryonic fibroblasts,Embryonic,EMB,Embryonic
0.49629940789887306,Embryonic fibroblasts,Embryonic,EMB,Embryonic
0.4363956775700875,Embryonic fibroblasts,Embryonic,EMB,Embryonic
0.51835528315782,Embryonic fibroblasts,Embryonic,EMB,Embryonic
0.5309447356336177,Embryonic fibroblasts,Embryonic,EMB,Embryonic
0.48786422164761967,Embryonic fibroblasts,Embryonic,EMB,Embryonic
0.4428059722090469,Embryonic fibroblasts,Embryonic,EMB,Embryonic
0.4502133016093945,Embryonic fibroblasts,Embryonic,EMB,Embryonic
0.43080988707395107,Embryonic fibroblasts,Embryonic,EMB,Embryonic
0.3807896015531859,Embryonic fibroblasts,Embryonic,EMB,Embryonic
0.5288923082820316,Embryonic fibroblasts,Embryonic,EMB,Embryonic
0.4210590640959244,Embryonic fibroblasts,Embryonic,EMB,Embryonic
0.45835696447199614,Embryonic fibroblasts,Embryonic,EMB,Embryonic
0.45745757662753156,Embryonic fibroblasts,Embryonic,EMB,Embryonic
0.43016256308273837,Embryonic fibroblasts,Embryonic,EMB,Embryonic
0.46298451179442707,Embryonic fibroblasts,Embryonic,EMB,Embryonic
0.4481560546729467,Embryonic fibroblasts,Embryonic,EMB,Embryonic
0.4896734373316882,Embryonic fibroblasts,Embryonic,EMB,Embryonic
0.44073946693985133,Embryonic fibroblasts,Embryonic,EMB,Embryonic
0.47452582261039833,Embryonic fibroblasts,Embryonic,EMB,Embryonic
0.375222059989801,Embryonic fibroblasts,Embryonic,EMB,Embryonic
0.5094040608272596,Embryonic fibroblasts,Embryonic,EMB,Embryonic
0.40870364721251945,Embryonic fibroblasts,Embryonic,EMB,Embryonic
0.46785479108006434,Embryonic fibroblasts,Embryonic,EMB,Embryonic
0.46401297608624104,Embryonic fibroblasts,Embryonic,EMB,Embryonic
0.4098534814406301,Embryonic fibroblasts,Embryonic,EMB,Embryonic
0.32353387461295896,Embryonic fibroblasts,Embryonic,EMB,Embryonic
0.4636066384565626,Embryonic fibroblasts,Embryonic,EMB,Embryonic
0.4246513236985275,Embryonic fibroblasts,Embryonic,EMB,Embryonic
0.5107518626574334,Embryonic fibroblasts,Embryonic,EMB,Embryonic
0.4461176866519112,Embryonic fibroblasts,Embryonic,EMB,Embryonic
0.4200539491049561,Embryonic fibroblasts,Embryonic,EMB,Embryonic
0.3933746678785197,Embryonic fibroblasts,Embryonic,EMB,Embryonic
0.5154905712705862,Embryonic fibroblasts,Embryonic,EMB,Embryonic
0.33695049867228605,Embryonic fibroblasts,Embryonic,EMB,Embryonic
0.4221303498080082,Embryonic fibroblasts,Embryonic,EMB,Embryonic
0.42432077697715936,Embryonic fibroblasts,Embryonic,EMB,Embryonic
0.49375522668100164,Embryonic fibroblasts,Embryonic,EMB,Embryonic
0.501311999595242,Embryonic fibroblasts,Embryonic,EMB,Embryonic
0.5415563150335094,Embryonic fibroblasts,Embryonic,EMB,Embryonic
0.48044489291652026,Embryonic fibroblasts,Embryonic,EMB,Embryonic
0.4608013873621311,Embryonic fibroblasts,Embryonic,EMB,Embryonic
0.493664793915801,Embryonic fibroblasts,Embryonic,EMB,Embryonic
0.3909847588551977,Embryonic fibroblasts,Embryonic,EMB,Embryonic
0.3411834696232469,Embryonic fibroblasts,Embryonic,EMB,Embryonic
0.5148756283090343,Embryonic fibroblasts,Embryonic,EMB,Embryonic
0.4204184033676423,Embryonic fibroblasts,Embryonic,EMB,Embryonic
0.38677878382787795,Embryonic fibroblasts,Embryonic,EMB,Embryonic
0.462271161032939,Embryonic fibroblasts,Embryonic,EMB,Embryonic
0.4606879754553883,Embryonic fibroblasts,Embryonic,EMB,Embryonic
0.5188843728891429,Embryonic fibroblasts,Embryonic,EMB,Embryonic
0.47001713834410996,Embryonic fibroblasts,Embryonic,EMB,Embryonic
0.49029662543353564,Embryonic fibroblasts,Embryonic,EMB,Embryonic
0.47837161563032526,Embryonic fibroblasts,Embryonic,EMB,Embryonic
0.4626165643510496,Embryonic fibroblasts,Embryonic,EMB,Embryonic
0.48575811724234685,Embryonic fibroblasts,Embryonic,EMB,Embryonic
0.4535563376195545,Embryonic fibroblasts,Embryonic,EMB,Embryonic
0.43519719033080123,Embryonic fibroblasts,Embryonic,EMB,Embryonic
0.4976631325111334,Embryonic fibroblasts,Embryonic,EMB,Embryonic
0.4771677298390615,Embryonic fibroblasts,Embryonic,EMB,Embryonic
0.3985522620390738,Embryonic fibroblasts,Embryonic,EMB,Embryonic
0.32636403790307245,Embryonic fibroblasts,Embryonic,EMB,Embryonic
0.36189371655151953,Embryonic fibroblasts,Embryonic,EMB,Embryonic
0.512901670379607,Embryonic fibroblasts,Embryonic,EMB,Embryonic
0.49736703314673425,Embryonic fibroblasts,Embryonic,EMB,Embryonic
0.29558055093865315,Embryonic fibroblasts,Embryonic,EMB,Embryonic
0.4744326682251913,Embryonic fibroblasts,Embryonic,EMB,Embryonic
0.471552366145587,Embryonic fibroblasts,Embryonic,EMB,Embryonic
0.49576810393470866,Embryonic fibroblasts,Embryonic,EMB,Embryonic
0.37254452492818535,Embryonic fibroblasts,Embryonic,EMB,Embryonic
0.32305941818019,Embryonic fibroblasts,Embryonic,EMB,Embryonic
0.5301951258701084,Embryonic fibroblasts,Embryonic,EMB,Embryonic
0.47026865249497746,Embryonic fibroblasts,Embryonic,EMB,Embryonic
0.4411294301614558,Embryonic fibroblasts,Embryonic,EMB,Embryonic
0.5638990408153719,Embryonic fibroblasts,Embryonic,EMB,Embryonic
0.48796585370909495,Embryonic fibroblasts,Embryonic,EMB,Embryonic
0.38257069897162277,Embryonic fibroblasts,Embryonic,EMB,Embryonic
0.41788859706485565,Embryonic fibroblasts,Embryonic,EMB,Embryonic
0.4305413139575797,Embryonic fibroblasts,Embryonic,EMB,Embryonic
0.4017717494723363,Embryonic fibroblasts,Embryonic,EMB,Embryonic
0.39426651056342266,Embryonic fibroblasts,Embryonic,EMB,Embryonic
0.42225852221244353,Embryonic fibroblasts,Embryonic,EMB,Embryonic
0.45642549023202117,Embryonic fibroblasts,Embryonic,EMB,Embryonic
0.3086926995929336,Embryonic fibroblasts,Embryonic,EMB,Embryonic
0.3934136615510355,Embryonic fibroblasts,Embryonic,EMB,Embryonic
0.4885464639997868,Embryonic fibroblasts,Embryonic,EMB,Embryonic
0.4063864175447309,Embryonic fibroblasts,Embryonic,EMB,Embryonic
0.3770659868088892,Embryonic fibroblasts,Embryonic,EMB,Embryonic
0.4798537580002499,Embryonic fibroblasts,Embryonic,EMB,Embryonic
0.4625468719754505,Embryonic fibroblasts,Embryonic,EMB,Embryonic
0.4277211433867807,Embryonic fibroblasts,Embryonic,EMB,Embryonic
0.46874538764107304,Embryonic fibroblasts,Embryonic,EMB,Embryonic
0.4670230684353557,Embryonic fibroblasts,Embryonic,EMB,Embryonic
0.5177501861964571,Embryonic fibroblasts,Embryonic,EMB,Embryonic
0.4424041025919858,Embryonic fibroblasts,Embryonic,EMB,Embryonic
0.38450396706052964,Embryonic fibroblasts,Embryonic,EMB,Embryonic
0.45897619432120706,Embryonic fibroblasts,Embryonic,EMB,Embryonic
0.4256720209724795,Embryonic fibroblasts,Embryonic,EMB,Embryonic
0.5120176330730921,Embryonic fibroblasts,Embryonic,EMB,Embryonic
0.4328200885820953,Embryonic fibroblasts,Embryonic,EMB,Embryonic
0.3699669732163611,Embryonic fibroblasts,Embryonic,EMB,Embryonic
0.4846932654209758,Embryonic fibroblasts,Embryonic,EMB,Embryonic
0.3792970239337539,Embryonic fibroblasts,Embryonic,EMB,Embryonic
0.4186161368708381,Embryonic fibroblasts,Embryonic,EMB,Embryonic
0.49702362853067433,Embryonic fibroblasts,Embryonic,EMB,Embryonic
0.3376549062900911,Embryonic fibroblasts,Embryonic,EMB,Embryonic
0.45693615623314354,Embryonic fibroblasts,Embryonic,EMB,Embryonic
0.4543264050120861,Embryonic fibroblasts,Embryonic,EMB,Embryonic
0.44026748219046535,Embryonic fibroblasts,Embryonic,EMB,Embryonic
0.457827706270734,Embryonic fibroblasts,Embryonic,EMB,Embryonic
0.42766892956965646,Embryonic fibroblasts,Embryonic,EMB,Embryonic
0.45463795971381027,Embryonic fibroblasts,Embryonic,EMB,Embryonic
0.44953440809160894,Embryonic fibroblasts,Embryonic,EMB,Embryonic
0.5008680504583952,Embryonic fibroblasts,Embryonic,EMB,Embryonic
0.443192085141145,Embryonic fibroblasts,Embryonic,EMB,Embryonic
0.4248716894976707,Embryonic fibroblasts,Embryonic,EMB,Embryonic
0.5160531054486285,Embryonic fibroblasts,Embryonic,EMB,Embryonic
0.3504614243733792,Embryonic fibroblasts,Embryonic,EMB,Embryonic
0.38752506927610464,Embryonic fibroblasts,Embryonic,EMB,Embryonic
0.51394372062517,Embryonic fibroblasts,Embryonic,EMB,Embryonic
0.44026695265701743,Embryonic fibroblasts,Embryonic,EMB,Embryonic
0.45261693262791897,Embryonic fibroblasts,Embryonic,EMB,Embryonic
0.4102718057460417,Embryonic fibroblasts,Embryonic,EMB,Embryonic
0.5178270270758686,Embryonic fibroblasts,Embryonic,EMB,Embryonic
0.3932111812483194,Embryonic fibroblasts,Embryonic,EMB,Embryonic
0.5372932741757179,Embryonic fibroblasts,Embryonic,EMB,Embryonic
0.4875641213198951,Embryonic fibroblasts,Embryonic,EMB,Embryonic
0.461758659658604,Embryonic fibroblasts,Embryonic,EMB,Embryonic
0.5021580239932073,Embryonic fibroblasts,Embryonic,EMB,Embryonic
0.5230687806004685,Embryonic fibroblasts,Embryonic,EMB,Embryonic
0.4466096651447825,Embryonic fibroblasts,Embryonic,EMB,Embryonic
0.3503632510867624,Embryonic fibroblasts,Embryonic,EMB,Embryonic
0.4812367696522826,Embryonic fibroblasts,Embryonic,EMB,Embryonic
0.39857264927455355,Embryonic fibroblasts,Embryonic,EMB,Embryonic
0.4259574319869929,Embryonic fibroblasts,Embryonic,EMB,Embryonic
0.6277705502416147,Embryonic fibroblasts,Embryonic,EMB,Embryonic
0.5219122937870995,Embryonic fibroblasts,Embryonic,EMB,Embryonic
0.4547027739750852,Embryonic fibroblasts,Embryonic,EMB,Embryonic
0.4133938685161505,Embryonic fibroblasts,Embryonic,EMB,Embryonic
0.42634432003899975,Embryonic fibroblasts,Embryonic,EMB,Embryonic
0.4384653501532371,Embryonic fibroblasts,Embryonic,EMB,Embryonic
0.4818629253560667,Embryonic fibroblasts,Embryonic,EMB,Embryonic
0.36125703187199415,Embryonic fibroblasts,Embryonic,EMB,Embryonic
0.3654365622599343,Embryonic fibroblasts,Embryonic,EMB,Embryonic
0.4727367730944478,Embryonic fibroblasts,Embryonic,EMB,Embryonic
0.44291472904617396,Embryonic fibroblasts,Embryonic,EMB,Embryonic
0.4099411633210931,Embryonic fibroblasts,Embryonic,EMB,Embryonic
0.38458256461475493,Embryonic fibroblasts,Embryonic,EMB,Embryonic
0.49685954157801404,Embryonic fibroblasts,Embryonic,EMB,Embryonic
0.5438526255595544,Embryonic fibroblasts,Embryonic,EMB,Embryonic
0.5137357939186864,Embryonic fibroblasts,Embryonic,EMB,Embryonic
0.44913724020954593,Embryonic fibroblasts,Embryonic,EMB,Embryonic
0.4758392834648561,Embryonic fibroblasts,Embryonic,EMB,Embryonic
0.5549269127890254,Embryonic fibroblasts,Embryonic,EMB,Embryonic
0.4482601560449887,Embryonic fibroblasts,Embryonic,EMB,Embryonic
0.47543396219138456,Embryonic fibroblasts,Embryonic,EMB,Embryonic
0.5201773001844646,Embryonic fibroblasts,Embryonic,EMB,Embryonic
0.4393793691769196,Embryonic fibroblasts,Embryonic,EMB,Embryonic
0.47102943189456065,Embryonic fibroblasts,Embryonic,EMB,Embryonic
0.4205200433385043,Embryonic fibroblasts,Embryonic,EMB,Embryonic
0.4548576895982528,Embryonic fibroblasts,Embryonic,EMB,Embryonic
0.41325810507771,Embryonic fibroblasts,Embryonic,EMB,Embryonic
0.5144216476968777,Embryonic fibroblasts,Embryonic,EMB,Embryonic
0.5071863518101334,Embryonic fibroblasts,Embryonic,EMB,Embryonic
0.5191090864782237,Embryonic fibroblasts,Embryonic,EMB,Embryonic
0.4937088120262973,Embryonic fibroblasts,Embryonic,EMB,Embryonic
0.38908612359838074,Embryonic fibroblasts,Embryonic,EMB,Embryonic
0.3741181330292298,Embryonic fibroblasts,Embryonic,EMB,Embryonic
0.35372858484478975,Embryonic fibroblasts,Embryonic,EMB,Embryonic
0.47598981096021326,Embryonic fibroblasts,Embryonic,EMB,Embryonic
0.3566337204216774,Embryonic fibroblasts,Embryonic,EMB,Embryonic
0.3722305044751184,Embryonic fibroblasts,Embryonic,EMB,Embryonic
0.3988099202016268,Embryonic fibroblasts,Embryonic,EMB,Embryonic
0.39022832685008274,Embryonic fibroblasts,Embryonic,EMB,Embryonic
0.48160913409273237,Embryonic fibroblasts,Embryonic,EMB,Embryonic
0.3982486657623728,Embryonic fibroblasts,Embryonic,EMB,Embryonic
0.43573882039493483,Embryonic fibroblasts,Embryonic,EMB,Embryonic
0.400937110241236,Embryonic fibroblasts,Embryonic,EMB,Embryonic
0.49675410945163884,Embryonic fibroblasts,Embryonic,EMB,Embryonic
0.40507339328842584,Embryonic fibroblasts,Embryonic,EMB,Embryonic
0.46770010166535997,Embryonic fibroblasts,Embryonic,EMB,Embryonic
0.47900959428553513,Embryonic fibroblasts,Embryonic,EMB,Embryonic
0.38246166688783423,Embryonic fibroblasts,Embryonic,EMB,Embryonic
0.43122558704481423,Embryonic fibroblasts,Embryonic,EMB,Embryonic
0.41859277886966684,Embryonic fibroblasts,Embryonic,EMB,Embryonic
0.38888989052484824,Embryonic fibroblasts,Embryonic,EMB,Embryonic
0.49303190771929833,Embryonic fibroblasts,Embryonic,EMB,Embryonic
0.42298479691200325,Embryonic fibroblasts,Embryonic,EMB,Embryonic
0.4944496534435724,Embryonic fibroblasts,Embryonic,EMB,Embryonic
0.4358455215824261,Embryonic fibroblasts,Embryonic,EMB,Embryonic
0.4759423969544837,Embryonic fibroblasts,Embryonic,EMB,Embryonic
0.3957663489999599,Embryonic fibroblasts,Embryonic,EMB,Embryonic
0.4333722792595174,Embryonic fibroblasts,Embryonic,EMB,Embryonic
0.3572077287471865,Embryonic fibroblasts,Embryonic,EMB,Embryonic
0.5005519387634518,Embryonic fibroblasts,Embryonic,EMB,Embryonic
0.4263155452942615,Embryonic fibroblasts,Embryonic,EMB,Embryonic
0.5417099623864997,Embryonic fibroblasts,Embryonic,EMB,Embryonic
0.5546370942687039,Embryonic fibroblasts,Embryonic,EMB,Embryonic
0.42870633028217453,Embryonic fibroblasts,Embryonic,EMB,Embryonic
0.4648434715895837,Embryonic fibroblasts,Embryonic,EMB,Embryonic
0.3045035806553458,Embryonic fibroblasts,Embryonic,EMB,Embryonic
0.36014256090784674,Embryonic fibroblasts,Embryonic,EMB,Embryonic
0.5693424441570714,Embryonic fibroblasts,Embryonic,EMB,Embryonic
0.4702949804709013,Embryonic fibroblasts,Embryonic,EMB,Embryonic
0.4676606425254295,Embryonic fibroblasts,Embryonic,EMB,Embryonic
0.4476270792322636,Embryonic fibroblasts,Embryonic,EMB,Embryonic
0.42327475345112486,Embryonic fibroblasts,Embryonic,EMB,Embryonic
0.39389447198971017,Embryonic fibroblasts,Embryonic,EMB,Embryonic
0.5192397614126504,Embryonic fibroblasts,Embryonic,EMB,Embryonic
0.4990828425316254,Embryonic fibroblasts,Embryonic,EMB,Embryonic
0.39651414790935546,Embryonic fibroblasts,Embryonic,EMB,Embryonic
0.24684176483565579,Embryonic fibroblasts,Embryonic,EMB,Embryonic
0.4451974263310853,Embryonic fibroblasts,Embryonic,EMB,Embryonic
0.4282049506921233,Embryonic fibroblasts,Embryonic,EMB,Embryonic
0.3599375424828985,Embryonic fibroblasts,Embryonic,EMB,Embryonic
0.4257943471536433,Embryonic fibroblasts,Embryonic,EMB,Embryonic
0.4238827436661884,Embryonic fibroblasts,Embryonic,EMB,Embryonic
0.47101357594679283,Embryonic fibroblasts,Embryonic,EMB,Embryonic
0.5128687163148706,Embryonic fibroblasts,Embryonic,EMB,Embryonic
0.4667761512201109,Embryonic fibroblasts,Embryonic,EMB,Embryonic
0.40431758849768623,Embryonic fibroblasts,Embryonic,EMB,Embryonic
0.34237727727381834,Embryonic fibroblasts,Embryonic,EMB,Embryonic
0.4739084973415349,Embryonic fibroblasts,Embryonic,EMB,Embryonic
0.3871926108559409,Embryonic fibroblasts,Embryonic,EMB,Embryonic
0.422710487117368,Embryonic fibroblasts,Embryonic,EMB,Embryonic
0.43973670420052474,Embryonic fibroblasts,Embryonic,EMB,Embryonic
0.48643357848171964,Embryonic fibroblasts,Embryonic,EMB,Embryonic
0.45981761071040816,Embryonic fibroblasts,Embryonic,EMB,Embryonic
0.440205481298084,Embryonic fibroblasts,Embryonic,EMB,Embryonic
0.5250381823276153,Embryonic fibroblasts,Embryonic,EMB,Embryonic
0.45955739781591076,Embryonic fibroblasts,Embryonic,EMB,Embryonic
0.33038312519286245,Embryonic fibroblasts,Embryonic,EMB,Embryonic
0.48644099590468404,Embryonic fibroblasts,Embryonic,EMB,Embryonic
0.48675626287711443,Embryonic fibroblasts,Embryonic,EMB,Embryonic
0.4754904415408235,Embryonic fibroblasts,Embryonic,EMB,Embryonic
0.4452940474005376,Embryonic fibroblasts,Embryonic,EMB,Embryonic
0.49867238490234983,Embryonic fibroblasts,Embryonic,EMB,Embryonic
0.48336351241606684,Embryonic fibroblasts,Embryonic,EMB,Embryonic
0.38705014618951306,Embryonic fibroblasts,Embryonic,EMB,Embryonic
0.43512900429792284,Embryonic fibroblasts,Embryonic,EMB,Embryonic
0.4306094505567905,Embryonic fibroblasts,Embryonic,EMB,Embryonic
0.40650758025509276,Embryonic fibroblasts,Embryonic,EMB,Embryonic
0.5245410192316804,Embryonic fibroblasts,Embryonic,EMB,Embryonic
0.41569444180622456,Embryonic fibroblasts,Embryonic,EMB,Embryonic
0.3392870984284086,Embryonic fibroblasts,Embryonic,EMB,Embryonic
0.3665946202729961,Embryonic fibroblasts,Embryonic,EMB,Embryonic
0.3454031741596865,Embryonic fibroblasts,Embryonic,EMB,Embryonic
0.5041184177196993,Embryonic fibroblasts,Embryonic,EMB,Embryonic
0.49200809889256936,Embryonic fibroblasts,Embryonic,EMB,Embryonic
0.4059013281277841,Embryonic fibroblasts,Embryonic,EMB,Embryonic
0.4892487329193944,Embryonic fibroblasts,Embryonic,EMB,Embryonic
0.4815237154833093,Embryonic fibroblasts,Embryonic,EMB,Embryonic
0.3629924466494774,Embryonic fibroblasts,Embryonic,EMB,Embryonic
0.48761157289521223,Embryonic fibroblasts,Embryonic,EMB,Embryonic
0.46858189784711807,Embryonic fibroblasts,Embryonic,EMB,Embryonic
0.5380552676661785,Embryonic fibroblasts,Embryonic,EMB,Embryonic
0.5649111908104517,Embryonic fibroblasts,Embryonic,EMB,Embryonic
0.4017560738585881,Embryonic fibroblasts,Embryonic,EMB,Embryonic
0.4730739660735647,Embryonic fibroblasts,Embryonic,EMB,Embryonic
0.43063222168145926,Embryonic fibroblasts,Embryonic,EMB,Embryonic
0.5027092449798045,Embryonic fibroblasts,Embryonic,EMB,Embryonic
0.4754397344618893,Embryonic fibroblasts,Embryonic,EMB,Embryonic
0.5193993641384503,Embryonic fibroblasts,Embryonic,EMB,Embryonic
0.45662470593532534,Embryonic fibroblasts,Embryonic,EMB,Embryonic
0.47529000304631613,Embryonic fibroblasts,Embryonic,EMB,Embryonic
0.467358590556506,Embryonic fibroblasts,Embryonic,EMB,Embryonic
0.364051055987297,Embryonic fibroblasts,Embryonic,EMB,Embryonic
0.47655024124136014,Embryonic fibroblasts,Embryonic,EMB,Embryonic
0.3968739735988717,Embryonic fibroblasts,Embryonic,EMB,Embryonic
0.5306709051478238,Embryonic fibroblasts,Embryonic,EMB,Embryonic
0.4558334983336883,Embryonic fibroblasts,Embryonic,EMB,Embryonic
0.38493321620649307,Embryonic fibroblasts,Embryonic,EMB,Embryonic
0.454722745176818,Embryonic fibroblasts,Embryonic,EMB,Embryonic
0.4374079525334791,Embryonic fibroblasts,Embryonic,EMB,Embryonic
0.3942776062467299,Embryonic fibroblasts,Embryonic,EMB,Embryonic
0.4959041244282209,Embryonic fibroblasts,Embryonic,EMB,Embryonic
0.4206851011683974,Embryonic fibroblasts,Embryonic,EMB,Embryonic
0.4296224524118138,Embryonic fibroblasts,Embryonic,EMB,Embryonic
0.4552038557767225,Embryonic fibroblasts,Embryonic,EMB,Embryonic
0.3760246092566755,Embryonic fibroblasts,Embryonic,EMB,Embryonic
0.35093473038583434,Embryonic fibroblasts,Embryonic,EMB,Embryonic
0.42958056073996526,Embryonic fibroblasts,Embryonic,EMB,Embryonic
0.38724170916559486,Embryonic fibroblasts,Embryonic,EMB,Embryonic
0.5691637125792356,Embryonic fibroblasts,Embryonic,EMB,Embryonic
0.5029719204618899,Embryonic fibroblasts,Embryonic,EMB,Embryonic
0.5204856693806451,Embryonic fibroblasts,Embryonic,EMB,Embryonic
0.3710497255619942,Embryonic fibroblasts,Embryonic,EMB,Embryonic
0.3832158514406828,Embryonic fibroblasts,Embryonic,EMB,Embryonic
0.4597061583542512,Embryonic fibroblasts,Embryonic,EMB,Embryonic
0.4767444514892122,Embryonic fibroblasts,Embryonic,EMB,Embryonic
0.4916349723826991,Embryonic fibroblasts,Embryonic,EMB,Embryonic
0.47558284176599674,Embryonic fibroblasts,Embryonic,EMB,Embryonic
0.5341603585404775,Embryonic fibroblasts,Embryonic,EMB,Embryonic
0.5396708196410247,Embryonic fibroblasts,Embryonic,EMB,Embryonic
0.33527365567252615,Embryonic fibroblasts,Embryonic,EMB,Embryonic
0.49758303256888076,Embryonic fibroblasts,Embryonic,EMB,Embryonic
0.43534014814749755,Embryonic fibroblasts,Embryonic,EMB,Embryonic
0.4825446931450243,Embryonic fibroblasts,Embryonic,EMB,Embryonic
0.4225431288423169,Embryonic fibroblasts,Embryonic,EMB,Embryonic
0.5240257851641974,Embryonic fibroblasts,Embryonic,EMB,Embryonic
0.4636299715431652,Embryonic fibroblasts,Embryonic,EMB,Embryonic
0.433679865030933,Embryonic fibroblasts,Embryonic,EMB,Embryonic
0.3754317817316247,Embryonic fibroblasts,Embryonic,EMB,Embryonic
0.47970662086355526,Embryonic fibroblasts,Embryonic,EMB,Embryonic
0.43138665973015555,Embryonic fibroblasts,Embryonic,EMB,Embryonic
0.3476512939782155,Embryonic fibroblasts,Embryonic,EMB,Embryonic
0.48089480375368615,Embryonic fibroblasts,Embryonic,EMB,Embryonic
0.5585494214460709,Embryonic fibroblasts,Embryonic,EMB,Embryonic
0.4089720249670362,Embryonic fibroblasts,Embryonic,EMB,Embryonic
0.36787881125510047,Embryonic fibroblasts,Embryonic,EMB,Embryonic
0.42417450394097533,Embryonic fibroblasts,Embryonic,EMB,Embryonic
0.3780784120506304,Embryonic fibroblasts,Embryonic,EMB,Embryonic
0.47224376361300385,Embryonic fibroblasts,Embryonic,EMB,Embryonic
0.4995899920193654,Embryonic fibroblasts,Embryonic,EMB,Embryonic
0.4979103146908369,Embryonic fibroblasts,Embryonic,EMB,Embryonic
0.5315385095168019,Embryonic fibroblasts,Embryonic,EMB,Embryonic
0.49605883322092303,Embryonic fibroblasts,Embryonic,EMB,Embryonic
0.47635774456216373,Embryonic fibroblasts,Embryonic,EMB,Embryonic
0.4638896841689459,Embryonic fibroblasts,Embryonic,EMB,Embryonic
0.5111132864385577,Embryonic fibroblasts,Embryonic,EMB,Embryonic
0.4853411925029339,Embryonic fibroblasts,Embryonic,EMB,Embryonic
0.5103633856096135,Embryonic fibroblasts,Embryonic,EMB,Embryonic
0.4891876851081255,Embryonic fibroblasts,Embryonic,EMB,Embryonic
0.48217114427389757,Embryonic fibroblasts,Embryonic,EMB,Embryonic
0.547255296369027,Embryonic fibroblasts,Embryonic,EMB,Embryonic
0.3974289946503692,Embryonic fibroblasts,Embryonic,EMB,Embryonic
0.3682914408019981,Embryonic fibroblasts,Embryonic,EMB,Embryonic
0.4752902086903736,Embryonic fibroblasts,Embryonic,EMB,Embryonic
0.4812700124096381,Embryonic fibroblasts,Embryonic,EMB,Embryonic
0.42540568937633433,Embryonic fibroblasts,Embryonic,EMB,Embryonic
0.3722266083111685,Embryonic fibroblasts,Embryonic,EMB,Embryonic
0.4473671831087085,Embryonic fibroblasts,Embryonic,EMB,Embryonic
0.43289731385770636,Embryonic fibroblasts,Embryonic,EMB,Embryonic
0.3778061780745672,Embryonic fibroblasts,Embryonic,EMB,Embryonic
0.5248250955371672,Embryonic fibroblasts,Embryonic,EMB,Embryonic
0.43690862819759424,Embryonic fibroblasts,Embryonic,EMB,Embryonic
0.45678012340908697,Embryonic fibroblasts,Embryonic,EMB,Embryonic
0.26778137488605425,Embryonic fibroblasts,Embryonic,EMB,Embryonic
0.4693527803019619,Embryonic fibroblasts,Embryonic,EMB,Embryonic
0.5063581120639131,Embryonic fibroblasts,Embryonic,EMB,Embryonic
0.4831136398584348,Embryonic fibroblasts,Embryonic,EMB,Embryonic
0.5168994418719041,Embryonic fibroblasts,Embryonic,EMB,Embryonic
0.558336407026512,Embryonic fibroblasts,Embryonic,EMB,Embryonic
0.4123198212416568,Embryonic fibroblasts,Embryonic,EMB,Embryonic
0.5137792322711283,Embryonic fibroblasts,Embryonic,EMB,Embryonic
0.4698977062075854,Embryonic fibroblasts,Embryonic,EMB,Embryonic
0.3505232231809271,Embryonic fibroblasts,Embryonic,EMB,Embryonic
0.5327144720088193,Embryonic fibroblasts,Embryonic,EMB,Embryonic
0.45189164936999776,Embryonic fibroblasts,Embryonic,EMB,Embryonic
0.432810040497073,Embryonic fibroblasts,Embryonic,EMB,Embryonic
0.4776370914403072,Embryonic fibroblasts,Embryonic,EMB,Embryonic
0.45516359146121327,Embryonic fibroblasts,Embryonic,EMB,Embryonic
0.4537448262169774,Embryonic fibroblasts,Embryonic,EMB,Embryonic
0.48882076667597407,Embryonic fibroblasts,Embryonic,EMB,Embryonic
0.4930692384432342,Embryonic fibroblasts,Embryonic,EMB,Embryonic
0.4148696062600936,Embryonic fibroblasts,Embryonic,EMB,Embryonic
0.4592951573501008,Embryonic fibroblasts,Embryonic,EMB,Embryonic
0.5099086354141189,Embryonic fibroblasts,Embryonic,EMB,Embryonic
0.4570008075610499,Embryonic fibroblasts,Embryonic,EMB,Embryonic
0.4788589552678238,Embryonic fibroblasts,Embryonic,EMB,Embryonic
0.39841768065849426,Embryonic fibroblasts,Embryonic,EMB,Embryonic
0.4846778935276817,Embryonic fibroblasts,Embryonic,EMB,Embryonic
0.5456935096375308,Embryonic fibroblasts,Embryonic,EMB,Embryonic
0.4622480114441108,Embryonic fibroblasts,Embryonic,EMB,Embryonic
0.3659645332084907,Embryonic fibroblasts,Embryonic,EMB,Embryonic
0.4217504603769333,Embryonic fibroblasts,Embryonic,EMB,Embryonic
0.4476509972180219,Embryonic fibroblasts,Embryonic,EMB,Embryonic
0.4879369828653068,Embryonic fibroblasts,Embryonic,EMB,Embryonic
0.4849689573809588,Embryonic fibroblasts,Embryonic,EMB,Embryonic
0.37564461344434785,Embryonic fibroblasts,Embryonic,EMB,Embryonic
0.4149546044856069,Embryonic fibroblasts,Embryonic,EMB,Embryonic
0.45100640746386944,Embryonic fibroblasts,Embryonic,EMB,Embryonic
0.4114519127567551,Embryonic fibroblasts,Embryonic,EMB,Embryonic
0.48042088950938416,Embryonic fibroblasts,Embryonic,EMB,Embryonic
0.5898489005927003,Embryonic fibroblasts,Embryonic,EMB,Embryonic
0.39226137976317194,Embryonic fibroblasts,Embryonic,EMB,Embryonic
0.3962688272038412,Embryonic fibroblasts,Embryonic,EMB,Embryonic
0.48959522140537726,Embryonic fibroblasts,Embryonic,EMB,Embryonic
0.5172864232546754,Embryonic fibroblasts,Embryonic,EMB,Embryonic
0.4351040201268205,Embryonic fibroblasts,Embryonic,EMB,Embryonic
0.49255749241534097,Embryonic fibroblasts,Embryonic,EMB,Embryonic
0.42960614839728234,Embryonic fibroblasts,Embryonic,EMB,Embryonic
0.3310814275549775,Embryonic fibroblasts,Embryonic,EMB,Embryonic
0.5349613381895365,Embryonic fibroblasts,Embryonic,EMB,Embryonic
0.42951961535525573,Embryonic fibroblasts,Embryonic,EMB,Embryonic
0.41468736291450753,Embryonic fibroblasts,Embryonic,EMB,Embryonic
0.34220938906985,Embryonic fibroblasts,Embryonic,EMB,Embryonic
0.3709544206145095,Embryonic fibroblasts,Embryonic,EMB,Embryonic
0.437019105721825,Embryonic fibroblasts,Embryonic,EMB,Embryonic
0.4636286269474049,Embryonic fibroblasts,Embryonic,EMB,Embryonic
0.43932586771162024,Embryonic fibroblasts,Embryonic,EMB,Embryonic
0.4958815071411259,Embryonic fibroblasts,Embryonic,EMB,Embryonic
0.4322761299944804,Embryonic fibroblasts,Embryonic,EMB,Embryonic
0.5095510441263805,Embryonic fibroblasts,Embryonic,EMB,Embryonic
0.49222519218291383,Embryonic fibroblasts,Embryonic,EMB,Embryonic
0.4022920637389769,Embryonic fibroblasts,Embryonic,EMB,Embryonic
0.3060422514129076,Embryonic fibroblasts,Embryonic,EMB,Embryonic
0.5170143051511292,Embryonic fibroblasts,Embryonic,EMB,Embryonic
0.47821733078075696,Embryonic fibroblasts,Embryonic,EMB,Embryonic
0.4204705183174312,Embryonic fibroblasts,Embryonic,EMB,Embryonic
0.4284992198244111,Embryonic fibroblasts,Embryonic,EMB,Embryonic
0.4500114789721928,Embryonic fibroblasts,Embryonic,EMB,Embryonic
0.4226411016259776,Embryonic fibroblasts,Embryonic,EMB,Embryonic
0.36248723377510145,Embryonic fibroblasts,Embryonic,EMB,Embryonic
0.5077714981341693,Embryonic fibroblasts,Embryonic,EMB,Embryonic
0.5043730082265722,Embryonic fibroblasts,Embryonic,EMB,Embryonic
0.5698673450771319,Embryonic fibroblasts,Embryonic,EMB,Embryonic
0.37961681112075474,Embryonic fibroblasts,Embryonic,EMB,Embryonic
0.44657315778801504,Embryonic fibroblasts,Embryonic,EMB,Embryonic
0.42985137735390944,Embryonic fibroblasts,Embryonic,EMB,Embryonic
0.45920822962967167,Embryonic fibroblasts,Embryonic,EMB,Embryonic
0.5197446136189872,Embryonic fibroblasts,Embryonic,EMB,Embryonic
0.4796916286208287,Embryonic fibroblasts,Embryonic,EMB,Embryonic
0.49763103740580616,Embryonic fibroblasts,Embryonic,EMB,Embryonic
0.5508244929905874,Embryonic fibroblasts,Embryonic,EMB,Embryonic
0.4450501982364421,Embryonic fibroblasts,Embryonic,EMB,Embryonic
0.35770980119952367,Embryonic fibroblasts,Embryonic,EMB,Embryonic
0.4447137008878964,Embryonic fibroblasts,Embryonic,EMB,Embryonic
0.5015931854153134,Embryonic fibroblasts,Embryonic,EMB,Embryonic
0.4346530514091667,Embryonic fibroblasts,Embryonic,EMB,Embryonic
0.40366134627735917,Embryonic fibroblasts,Embryonic,EMB,Embryonic
0.40039049291324,Embryonic fibroblasts,Embryonic,EMB,Embryonic
0.38641406460073313,Embryonic fibroblasts,Embryonic,EMB,Embryonic
0.3532710802053332,Embryonic fibroblasts,Embryonic,EMB,Embryonic
0.44507310658897226,Embryonic fibroblasts,Embryonic,EMB,Embryonic
0.49879582472517847,Embryonic fibroblasts,Embryonic,EMB,Embryonic
0.46388143823771166,Embryonic fibroblasts,Embryonic,EMB,Embryonic
0.37355745834803,Embryonic fibroblasts,Embryonic,EMB,Embryonic
0.4890821481823748,Embryonic fibroblasts,Embryonic,EMB,Embryonic
0.431877031035624,Embryonic fibroblasts,Embryonic,EMB,Embryonic
0.5225910255579242,Embryonic fibroblasts,Embryonic,EMB,Embryonic
0.48996013836719277,Embryonic fibroblasts,Embryonic,EMB,Embryonic
0.40540621554038353,Embryonic fibroblasts,Embryonic,EMB,Embryonic
0.46352701110017264,Embryonic fibroblasts,Embryonic,EMB,Embryonic
0.4367679905995229,Embryonic fibroblasts,Embryonic,EMB,Embryonic
0.30507365050168544,Embryonic fibroblasts,Embryonic,EMB,Embryonic
0.4499968193191822,Embryonic fibroblasts,Embryonic,EMB,Embryonic
0.4987543111220203,Embryonic fibroblasts,Embryonic,EMB,Embryonic
0.5305354770673847,Embryonic fibroblasts,Embryonic,EMB,Embryonic
0.47899979218244304,Embryonic fibroblasts,Embryonic,EMB,Embryonic
0.3363712922977556,Embryonic fibroblasts,Embryonic,EMB,Embryonic
0.38511721543595434,Embryonic fibroblasts,Embryonic,EMB,Embryonic
0.4846242109374241,Embryonic fibroblasts,Embryonic,EMB,Embryonic
0.38755121691800887,Embryonic fibroblasts,Embryonic,EMB,Embryonic
0.445387668044098,Embryonic fibroblasts,Embryonic,EMB,Embryonic
0.4490481670679405,Embryonic fibroblasts,Embryonic,EMB,Embryonic
0.5049522426794258,Embryonic fibroblasts,Embryonic,EMB,Embryonic
0.5009725279217807,Embryonic fibroblasts,Embryonic,EMB,Embryonic
0.4512954631238317,Embryonic fibroblasts,Embryonic,EMB,Embryonic
0.5676708589222035,Embryonic fibroblasts,Embryonic,EMB,Embryonic
0.4115013950671395,Embryonic fibroblasts,Embryonic,EMB,Embryonic
0.3369918730702362,Embryonic fibroblasts,Embryonic,EMB,Embryonic
0.4167893496929994,Embryonic fibroblasts,Embryonic,EMB,Embryonic
0.5137323145794221,Embryonic fibroblasts,Embryonic,EMB,Embryonic
0.43783144680958874,Embryonic fibroblasts,Embryonic,EMB,Embryonic
0.44842500032143745,Embryonic fibroblasts,Embryonic,EMB,Embryonic
0.4532739317765653,Embryonic fibroblasts,Embryonic,EMB,Embryonic
0.39229045585554806,Embryonic fibroblasts,Embryonic,EMB,Embryonic
0.5069967479891682,Embryonic fibroblasts,Embryonic,EMB,Embryonic
0.5072025917586316,Embryonic fibroblasts,Embryonic,EMB,Embryonic
0.4224345131877446,Embryonic fibroblasts,Embryonic,EMB,Embryonic
0.40121523631501443,Embryonic fibroblasts,Embryonic,EMB,Embryonic
0.357819869017517,Embryonic fibroblasts,Embryonic,EMB,Embryonic
0.36136618022376904,Embryonic fibroblasts,Embryonic,EMB,Embryonic
0.39285474789481223,Embryonic fibroblasts,Embryonic,EMB,Embryonic
0.4136883504109439,Embryonic fibroblasts,Embryonic,EMB,Embryonic
0.45151383259374034,Embryonic fibroblasts,Embryonic,EMB,Embryonic
0.49203598066753507,Embryonic fibroblasts,Embryonic,EMB,Embryonic
0.5084328419089984,Embryonic fibroblasts,Embryonic,EMB,Embryonic
0.4608349413538582,Embryonic fibroblasts,Embryonic,EMB,Embryonic
0.33261042038682037,Embryonic fibroblasts,Embryonic,EMB,Embryonic
0.389551201475722,Embryonic fibroblasts,Embryonic,EMB,Embryonic
0.4953873911364653,Embryonic fibroblasts,Embryonic,EMB,Embryonic
0.4120330300391425,Embryonic fibroblasts,Embryonic,EMB,Embryonic
0.49487158640672274,Embryonic fibroblasts,Embryonic,EMB,Embryonic
0.41523887852576424,Embryonic fibroblasts,Embryonic,EMB,Embryonic
0.4954720421398969,Embryonic fibroblasts,Embryonic,EMB,Embryonic
0.5120100400617402,Embryonic fibroblasts,Embryonic,EMB,Embryonic
0.42985083318809597,Embryonic fibroblasts,Embryonic,EMB,Embryonic
0.444092093477006,Embryonic fibroblasts,Embryonic,EMB,Embryonic
0.4520702377879321,Embryonic fibroblasts,Embryonic,EMB,Embryonic
0.5069956750808453,Embryonic fibroblasts,Embryonic,EMB,Embryonic
0.46410162251642717,Embryonic fibroblasts,Embryonic,EMB,Embryonic
0.4663370580513052,Embryonic fibroblasts,Embryonic,EMB,Embryonic
0.48867400800343896,Embryonic fibroblasts,Embryonic,EMB,Embryonic
0.49803556062214704,Embryonic fibroblasts,Embryonic,EMB,Embryonic
0.5012747084182401,Embryonic fibroblasts,Embryonic,EMB,Embryonic
0.4272385042978722,Embryonic fibroblasts,Embryonic,EMB,Embryonic
0.3735131274212848,Embryonic fibroblasts,Embryonic,EMB,Embryonic
0.5027790081444159,Embryonic fibroblasts,Embryonic,EMB,Embryonic
0.3816214119920882,Embryonic fibroblasts,Embryonic,EMB,Embryonic
0.4325332649510949,Embryonic fibroblasts,Embryonic,EMB,Embryonic
0.43508698212119173,Embryonic fibroblasts,Embryonic,EMB,Embryonic
0.4036164901673287,Embryonic fibroblasts,Embryonic,EMB,Embryonic
0.47202328747791444,Embryonic fibroblasts,Embryonic,EMB,Embryonic
0.41186187367653815,Embryonic fibroblasts,Embryonic,EMB,Embryonic
0.49208299485376056,Embryonic fibroblasts,Embryonic,EMB,Embryonic
0.5161166285025043,Embryonic fibroblasts,Embryonic,EMB,Embryonic
0.35525753733875987,Embryonic fibroblasts,Embryonic,EMB,Embryonic
0.4114311158150379,Embryonic fibroblasts,Embryonic,EMB,Embryonic
0.4782630707647651,Embryonic fibroblasts,Embryonic,EMB,Embryonic
0.5229582963532589,Embryonic fibroblasts,Embryonic,EMB,Embryonic
0.47154097188292704,Embryonic fibroblasts,Embryonic,EMB,Embryonic
0.4844168117870415,Embryonic fibroblasts,Embryonic,EMB,Embryonic
0.46556300670063006,Embryonic fibroblasts,Embryonic,EMB,Embryonic
0.5110609875955252,Embryonic fibroblasts,Embryonic,EMB,Embryonic
0.5200876480757437,Embryonic fibroblasts,Embryonic,EMB,Embryonic
0.4032587750976866,Embryonic fibroblasts,Embryonic,EMB,Embryonic
0.5016365114544625,Embryonic fibroblasts,Embryonic,EMB,Embryonic
0.45687470187939183,Embryonic fibroblasts,Embryonic,EMB,Embryonic
0.4108652466440409,Embryonic fibroblasts,Embryonic,EMB,Embryonic
0.4128304124990736,Embryonic fibroblasts,Embryonic,EMB,Embryonic
0.3254431760733784,Embryonic fibroblasts,Embryonic,EMB,Embryonic
0.5235406589686018,Embryonic fibroblasts,Embryonic,EMB,Embryonic
0.40912886771230367,Embryonic fibroblasts,Embryonic,EMB,Embryonic
0.3709168763371293,Embryonic fibroblasts,Embryonic,EMB,Embryonic
0.46465155150468684,Embryonic fibroblasts,Embryonic,EMB,Embryonic
0.5533880964987461,Embryonic fibroblasts,Embryonic,EMB,Embryonic
0.49694333480844455,Embryonic fibroblasts,Embryonic,EMB,Embryonic
0.44030100494011437,Embryonic fibroblasts,Embryonic,EMB,Embryonic
0.46604760296730835,Embryonic fibroblasts,Embryonic,EMB,Embryonic
0.3919981134498908,Embryonic fibroblasts,Embryonic,EMB,Embryonic
0.48793562047342626,Embryonic fibroblasts,Embryonic,EMB,Embryonic
0.47495116175098484,Embryonic fibroblasts,Embryonic,EMB,Embryonic
0.4473919545173052,Embryonic fibroblasts,Embryonic,EMB,Embryonic
0.3071899564340849,Embryonic fibroblasts,Embryonic,EMB,Embryonic
0.2807340485511319,Embryonic fibroblasts,Embryonic,EMB,Embryonic
0.4103841162706692,Embryonic fibroblasts,Embryonic,EMB,Embryonic
0.42876447613941737,Embryonic fibroblasts,Embryonic,EMB,Embryonic
0.4171138955625834,Embryonic fibroblasts,Embryonic,EMB,Embryonic
0.41633050006231337,Embryonic fibroblasts,Embryonic,EMB,Embryonic
0.4553204836401484,Embryonic fibroblasts,Embryonic,EMB,Embryonic
0.3543795558542674,Embryonic fibroblasts,Embryonic,EMB,Embryonic
0.4638206534135546,Embryonic fibroblasts,Embryonic,EMB,Embryonic
0.4447677014355043,Embryonic fibroblasts,Embryonic,EMB,Embryonic
0.3634285995037309,Embryonic fibroblasts,Embryonic,EMB,Embryonic
0.4557151145863874,Embryonic fibroblasts,Embryonic,EMB,Embryonic
0.5143156045703703,Embryonic fibroblasts,Embryonic,EMB,Embryonic
0.50924463804001,Embryonic fibroblasts,Embryonic,EMB,Embryonic
0.37938354194794555,Embryonic fibroblasts,Embryonic,EMB,Embryonic
0.49276897557761046,Embryonic fibroblasts,Embryonic,EMB,Embryonic
0.3681701001304328,Embryonic fibroblasts,Embryonic,EMB,Embryonic
0.4981676106034733,Embryonic fibroblasts,Embryonic,EMB,Embryonic
0.40646041934974164,Embryonic fibroblasts,Embryonic,EMB,Embryonic
0.4865135226090519,Embryonic fibroblasts,Embryonic,EMB,Embryonic
0.46271593511883163,Embryonic fibroblasts,Embryonic,EMB,Embryonic
0.490245595651619,Embryonic fibroblasts,Embryonic,EMB,Embryonic
0.4874520840645825,Embryonic fibroblasts,Embryonic,EMB,Embryonic
0.40065971657667765,Embryonic fibroblasts,Embryonic,EMB,Embryonic
0.5004888950184176,Embryonic fibroblasts,Embryonic,EMB,Embryonic
0.5163449831778099,Embryonic fibroblasts,Embryonic,EMB,Embryonic
0.44656566522587593,Embryonic fibroblasts,Embryonic,EMB,Embryonic
0.43047703793007824,Embryonic fibroblasts,Embryonic,EMB,Embryonic
0.5449640332181844,Embryonic fibroblasts,Embryonic,EMB,Embryonic
0.43860620921413956,Embryonic fibroblasts,Embryonic,EMB,Embryonic
0.3818383289031065,Embryonic fibroblasts,Embryonic,EMB,Embryonic
0.45785092902139046,Embryonic fibroblasts,Embryonic,EMB,Embryonic
0.3989580555029388,Embryonic fibroblasts,Embryonic,EMB,Embryonic
0.45955009112436196,Embryonic fibroblasts,Embryonic,EMB,Embryonic
0.3779838134113892,Embryonic fibroblasts,Embryonic,EMB,Embryonic
0.3285957299251663,Embryonic fibroblasts,Embryonic,EMB,Embryonic
0.35443955092615,Embryonic fibroblasts,Embryonic,EMB,Embryonic
0.5621569584247954,Embryonic fibroblasts,Embryonic,EMB,Embryonic
0.5007741027616897,Embryonic fibroblasts,Embryonic,EMB,Embryonic
0.42261018857851135,Embryonic fibroblasts,Embryonic,EMB,Embryonic
0.4092099812424778,Embryonic fibroblasts,Embryonic,EMB,Embryonic
0.4444639928455103,Embryonic fibroblasts,Embryonic,EMB,Embryonic
0.47242197079849324,Embryonic fibroblasts,Embryonic,EMB,Embryonic
0.4652513555043865,Embryonic fibroblasts,Embryonic,EMB,Embryonic
0.47053925555547743,Embryonic fibroblasts,Embryonic,EMB,Embryonic
0.349896465968275,Embryonic fibroblasts,Embryonic,EMB,Embryonic
0.47604867775806514,Embryonic fibroblasts,Embryonic,EMB,Embryonic
0.42384883731127826,Embryonic fibroblasts,Embryonic,EMB,Embryonic
0.4667073866155863,Embryonic fibroblasts,Embryonic,EMB,Embryonic
0.45082336092005126,Embryonic fibroblasts,Embryonic,EMB,Embryonic
0.43260207424365504,Embryonic fibroblasts,Embryonic,EMB,Embryonic
0.40277376991570946,Embryonic fibroblasts,Embryonic,EMB,Embryonic
0.5261366526022161,Embryonic fibroblasts,Embryonic,EMB,Embryonic
0.3874046666578166,Embryonic fibroblasts,Embryonic,EMB,Embryonic
0.4907288797510231,Embryonic fibroblasts,Embryonic,EMB,Embryonic
0.4711965952032265,Embryonic fibroblasts,Embryonic,EMB,Embryonic
0.44175073859752423,Embryonic fibroblasts,Embryonic,EMB,Embryonic
0.4916504644986729,Embryonic fibroblasts,Embryonic,EMB,Embryonic
0.4211833525959595,Embryonic fibroblasts,Embryonic,EMB,Embryonic
0.44544569446959975,Embryonic fibroblasts,Embryonic,EMB,Embryonic
0.393818413744125,Embryonic fibroblasts,Embryonic,EMB,Embryonic
0.49795255872586847,Embryonic fibroblasts,Embryonic,EMB,Embryonic
0.45409661438760235,Embryonic fibroblasts,Embryonic,EMB,Embryonic
0.5111107471299177,Embryonic fibroblasts,Embryonic,EMB,Embryonic
0.4235352048136351,Embryonic fibroblasts,Embryonic,EMB,Embryonic
0.5193703204745601,Embryonic fibroblasts,Embryonic,EMB,Embryonic
0.4097064483123723,Embryonic fibroblasts,Embryonic,EMB,Embryonic
0.4987335272307913,Embryonic fibroblasts,Embryonic,EMB,Embryonic
0.4303513249494761,Embryonic fibroblasts,Embryonic,EMB,Embryonic
0.4252105240700231,Embryonic fibroblasts,Embryonic,EMB,Embryonic
0.4362858363560268,Embryonic fibroblasts,Embryonic,EMB,Embryonic
0.5144460355002134,Embryonic fibroblasts,Embryonic,EMB,Embryonic
0.3276021737121037,Embryonic fibroblasts,Embryonic,EMB,Embryonic
0.47794086765555854,Embryonic fibroblasts,Embryonic,EMB,Embryonic
0.4238316992519061,Embryonic fibroblasts,Embryonic,EMB,Embryonic
0.38306609234225564,Embryonic fibroblasts,Embryonic,EMB,Embryonic
0.446157160028738,Embryonic fibroblasts,Embryonic,EMB,Embryonic
0.40131132468726416,Embryonic fibroblasts,Embryonic,EMB,Embryonic
0.5199279919615826,Embryonic fibroblasts,Embryonic,EMB,Embryonic
0.4247653110131618,Embryonic fibroblasts,Embryonic,EMB,Embryonic
0.41350434564491184,Embryonic fibroblasts,Embryonic,EMB,Embryonic
0.44357969373829165,Embryonic fibroblasts,Embryonic,EMB,Embryonic
0.3748511390124468,Embryonic fibroblasts,Embryonic,EMB,Embryonic
0.5506171456466886,Embryonic fibroblasts,Embryonic,EMB,Embryonic
0.5112893074695287,Embryonic fibroblasts,Embryonic,EMB,Embryonic
0.5888711817403466,Embryonic fibroblasts,Embryonic,EMB,Embryonic
0.4728818905692167,Embryonic fibroblasts,Embryonic,EMB,Embryonic
0.5635056247509493,Embryonic fibroblasts,Embryonic,EMB,Embryonic
0.47419803191486937,Embryonic fibroblasts,Embryonic,EMB,Embryonic
0.4037877620069807,Embryonic fibroblasts,Embryonic,EMB,Embryonic
0.3826073502792305,Embryonic fibroblasts,Embryonic,EMB,Embryonic
0.5089926457667089,Embryonic fibroblasts,Embryonic,EMB,Embryonic
0.4564715813928043,Embryonic fibroblasts,Embryonic,EMB,Embryonic
0.5350521684014251,Embryonic fibroblasts,Embryonic,EMB,Embryonic
0.4007824469275082,Embryonic fibroblasts,Embryonic,EMB,Embryonic
0.4697484082264103,Embryonic fibroblasts,Embryonic,EMB,Embryonic
0.39811264803714574,Embryonic fibroblasts,Embryonic,EMB,Embryonic
0.4825570946680964,Embryonic fibroblasts,Embryonic,EMB,Embryonic
0.45210838515605767,Embryonic fibroblasts,Embryonic,EMB,Embryonic
0.4649780838167719,Embryonic fibroblasts,Embryonic,EMB,Embryonic
0.5401039562506125,Embryonic fibroblasts,Embryonic,EMB,Embryonic
0.4147476806893725,Embryonic fibroblasts,Embryonic,EMB,Embryonic
0.39511045756093843,Embryonic fibroblasts,Embryonic,EMB,Embryonic
0.5762606732904132,Embryonic fibroblasts,Embryonic,EMB,Embryonic
0.4445354201451096,Embryonic fibroblasts,Embryonic,EMB,Embryonic
0.3699207519461647,Embryonic fibroblasts,Embryonic,EMB,Embryonic
0.4593538173174873,Embryonic fibroblasts,Embryonic,EMB,Embryonic
0.5296169275469289,Embryonic fibroblasts,Embryonic,EMB,Embryonic
0.46118235563356896,Embryonic fibroblasts,Embryonic,EMB,Embryonic
0.358338214637777,Embryonic fibroblasts,Embryonic,EMB,Embryonic
0.4267474492259128,Embryonic fibroblasts,Embryonic,EMB,Embryonic
0.43861713207734465,Embryonic fibroblasts,Embryonic,EMB,Embryonic
0.41286840958884957,Embryonic fibroblasts,Embryonic,EMB,Embryonic
0.5571705993962393,Embryonic fibroblasts,Embryonic,EMB,Embryonic
0.4259378693050896,Embryonic fibroblasts,Embryonic,EMB,Embryonic
0.37506781982826837,Embryonic fibroblasts,Embryonic,EMB,Embryonic
0.5333212730475736,Embryonic fibroblasts,Embryonic,EMB,Embryonic
0.49032006055122834,Embryonic fibroblasts,Embryonic,EMB,Embryonic
0.48172568048947384,Embryonic fibroblasts,Embryonic,EMB,Embryonic
0.5476883689125815,Embryonic fibroblasts,Embryonic,EMB,Embryonic
0.48409128278067515,Embryonic fibroblasts,Embryonic,EMB,Embryonic
0.37421751131092934,Embryonic fibroblasts,Embryonic,EMB,Embryonic
0.5769322814719944,Embryonic fibroblasts,Embryonic,EMB,Embryonic
0.47460220830459804,Embryonic fibroblasts,Embryonic,EMB,Embryonic
0.5213423500954797,Embryonic fibroblasts,Embryonic,EMB,Embryonic
0.4467033775372301,Embryonic fibroblasts,Embryonic,EMB,Embryonic
0.39942070045289274,Embryonic fibroblasts,Embryonic,EMB,Embryonic
0.5442596172955232,Embryonic fibroblasts,Embryonic,EMB,Embryonic
0.48446353609424003,Embryonic fibroblasts,Embryonic,EMB,Embryonic
0.38636787457261473,Embryonic fibroblasts,Embryonic,EMB,Embryonic
0.3763111461724035,Embryonic fibroblasts,Embryonic,EMB,Embryonic
0.3820451538320056,Embryonic fibroblasts,Embryonic,EMB,Embryonic
0.40187220422158276,Embryonic fibroblasts,Embryonic,EMB,Embryonic
0.4716762832999106,Embryonic fibroblasts,Embryonic,EMB,Embryonic
0.4000150833588627,Embryonic fibroblasts,Embryonic,EMB,Embryonic
0.5716729208613837,Embryonic fibroblasts,Embryonic,EMB,Embryonic
0.410922356767079,Embryonic fibroblasts,Embryonic,EMB,Embryonic
0.48711957027871106,Embryonic fibroblasts,Embryonic,EMB,Embryonic
0.24097446304818004,Embryonic fibroblasts,Embryonic,EMB,Embryonic
0.28533347642152307,Embryonic fibroblasts,Embryonic,EMB,Embryonic
0.4163478441612121,Embryonic fibroblasts,Embryonic,EMB,Embryonic
0.49586563062895245,Embryonic fibroblasts,Embryonic,EMB,Embryonic
0.4564173032257188,Embryonic fibroblasts,Embryonic,EMB,Embryonic
0.5013006852173889,Embryonic fibroblasts,Embryonic,EMB,Embryonic
0.5354584692524549,Embryonic fibroblasts,Embryonic,EMB,Embryonic
0.474015107966547,Embryonic fibroblasts,Embryonic,EMB,Embryonic
0.42106216694837584,Embryonic fibroblasts,Embryonic,EMB,Embryonic
0.4909041197300452,Embryonic fibroblasts,Embryonic,EMB,Embryonic
0.5524699143693083,Embryonic fibroblasts,Embryonic,EMB,Embryonic
0.48041577411345515,Embryonic fibroblasts,Embryonic,EMB,Embryonic
0.4781555928754876,Embryonic fibroblasts,Embryonic,EMB,Embryonic
0.46054830398891766,Embryonic fibroblasts,Embryonic,EMB,Embryonic
0.5225658839900242,Embryonic fibroblasts,Embryonic,EMB,Embryonic
0.41824430987322303,Embryonic fibroblasts,Embryonic,EMB,Embryonic
0.3421965537169107,Embryonic fibroblasts,Embryonic,EMB,Embryonic
0.49930938951657217,Embryonic fibroblasts,Embryonic,EMB,Embryonic
0.4898372589244206,Embryonic fibroblasts,Embryonic,EMB,Embryonic
0.37578806203849674,Embryonic fibroblasts,Embryonic,EMB,Embryonic
0.5196357606828101,Embryonic fibroblasts,Embryonic,EMB,Embryonic
0.30472307760834616,Embryonic fibroblasts,Embryonic,EMB,Embryonic
0.4423859359168571,Embryonic fibroblasts,Embryonic,EMB,Embryonic
0.3101034530237851,Embryonic fibroblasts,Embryonic,EMB,Embryonic
0.3832909115216506,Embryonic fibroblasts,Embryonic,EMB,Embryonic
0.45630857486238424,Embryonic fibroblasts,Embryonic,EMB,Embryonic
0.49512998686522935,Embryonic fibroblasts,Embryonic,EMB,Embryonic
0.3503520316215514,Embryonic fibroblasts,Embryonic,EMB,Embryonic
0.4713332785033547,Embryonic fibroblasts,Embryonic,EMB,Embryonic
0.41911760346414434,Embryonic fibroblasts,Embryonic,EMB,Embryonic
0.39833470130396814,Embryonic fibroblasts,Embryonic,EMB,Embryonic
0.4522532938230144,Embryonic fibroblasts,Embryonic,EMB,Embryonic
0.5650671564047203,Embryonic fibroblasts,Embryonic,EMB,Embryonic
0.4614285016835984,Embryonic fibroblasts,Embryonic,EMB,Embryonic
0.3837345786888571,Embryonic fibroblasts,Embryonic,EMB,Embryonic
0.4413390221893354,Embryonic fibroblasts,Embryonic,EMB,Embryonic
0.343291222344734,Embryonic fibroblasts,Embryonic,EMB,Embryonic
0.4064446820427762,Embryonic fibroblasts,Embryonic,EMB,Embryonic
0.521937119374996,Embryonic fibroblasts,Embryonic,EMB,Embryonic
0.4348422961439702,Embryonic fibroblasts,Embryonic,EMB,Embryonic
0.3995301446157349,Embryonic fibroblasts,Embryonic,EMB,Embryonic
0.3954261235619343,Embryonic fibroblasts,Embryonic,EMB,Embryonic
0.3471384746465301,Embryonic fibroblasts,Embryonic,EMB,Embryonic
0.5557748662864374,Embryonic fibroblasts,Embryonic,EMB,Embryonic
0.29911888394641506,Embryonic fibroblasts,Embryonic,EMB,Embryonic
0.466116284127802,Embryonic fibroblasts,Embryonic,EMB,Embryonic
0.3205041582841931,Embryonic fibroblasts,Embryonic,EMB,Embryonic
0.39132552885450617,Embryonic fibroblasts,Embryonic,EMB,Embryonic
0.46292194458994906,Embryonic fibroblasts,Embryonic,EMB,Embryonic
0.4599211050370114,Embryonic fibroblasts,Embryonic,EMB,Embryonic
0.3585129148011481,Embryonic fibroblasts,Embryonic,EMB,Embryonic
0.4357172922304055,Embryonic fibroblasts,Embryonic,EMB,Embryonic
0.502571444083318,Embryonic fibroblasts,Embryonic,EMB,Embryonic
0.46623117429894234,Embryonic fibroblasts,Embryonic,EMB,Embryonic
0.5568358389490402,Embryonic fibroblasts,Embryonic,EMB,Embryonic
0.4458849901187081,Embryonic fibroblasts,Embryonic,EMB,Embryonic
0.26721617801293723,Embryonic fibroblasts,Embryonic,EMB,Embryonic
0.4594907454131377,Embryonic fibroblasts,Embryonic,EMB,Embryonic
0.4413654608966749,Embryonic fibroblasts,Embryonic,EMB,Embryonic
0.5168697069276054,Embryonic fibroblasts,Embryonic,EMB,Embryonic
0.39775604423635263,Embryonic fibroblasts,Embryonic,EMB,Embryonic
0.5248305953292958,Embryonic fibroblasts,Embryonic,EMB,Embryonic
0.43889886878620854,Embryonic fibroblasts,Embryonic,EMB,Embryonic
0.36760481546312207,Embryonic fibroblasts,Embryonic,EMB,Embryonic
0.483076941885445,Embryonic fibroblasts,Embryonic,EMB,Embryonic
0.3723645828186959,Embryonic fibroblasts,Embryonic,EMB,Embryonic
0.40089364697422547,Embryonic fibroblasts,Embryonic,EMB,Embryonic
0.4375863827636769,Embryonic fibroblasts,Embryonic,EMB,Embryonic
0.44802870326286376,Embryonic fibroblasts,Embryonic,EMB,Embryonic
0.4651217776019124,Embryonic fibroblasts,Embryonic,EMB,Embryonic
0.4894065220227955,Embryonic fibroblasts,Embryonic,EMB,Embryonic
0.4098277644648385,Embryonic fibroblasts,Embryonic,EMB,Embryonic
0.4520616683627766,Embryonic fibroblasts,Embryonic,EMB,Embryonic
0.36330969492330756,Embryonic fibroblasts,Embryonic,EMB,Embryonic
0.44951315754655724,Embryonic fibroblasts,Embryonic,EMB,Embryonic
0.39026279912162015,Embryonic fibroblasts,Embryonic,EMB,Embryonic
0.43497780094546157,Embryonic fibroblasts,Embryonic,EMB,Embryonic
0.5413320495111923,Embryonic fibroblasts,Embryonic,EMB,Embryonic
0.4760259287796796,Embryonic fibroblasts,Embryonic,EMB,Embryonic
0.4394137552361407,Embryonic fibroblasts,Embryonic,EMB,Embryonic
0.5472560738617519,Embryonic fibroblasts,Embryonic,EMB,Embryonic
0.43107750434092457,Embryonic fibroblasts,Embryonic,EMB,Embryonic
0.37618775459683435,Embryonic fibroblasts,Embryonic,EMB,Embryonic
0.45200814119197014,Embryonic fibroblasts,Embryonic,EMB,Embryonic
0.4658405791173306,Embryonic fibroblasts,Embryonic,EMB,Embryonic
0.3419680966150456,Embryonic fibroblasts,Embryonic,EMB,Embryonic
0.42596539199389344,Embryonic fibroblasts,Embryonic,EMB,Embryonic
0.4199365042018713,Embryonic fibroblasts,Embryonic,EMB,Embryonic
0.42270955262331456,Embryonic fibroblasts,Embryonic,EMB,Embryonic
0.4726492031318084,Embryonic fibroblasts,Embryonic,EMB,Embryonic
0.4896092981365789,Embryonic fibroblasts,Embryonic,EMB,Embryonic
0.41998365759330497,Embryonic fibroblasts,Embryonic,EMB,Embryonic
0.4485797087186702,Embryonic fibroblasts,Embryonic,EMB,Embryonic
0.4879934519325429,Embryonic fibroblasts,Embryonic,EMB,Embryonic
0.40950391778504974,Embryonic fibroblasts,Embryonic,EMB,Embryonic
0.48417624580941704,Embryonic fibroblasts,Embryonic,EMB,Embryonic
0.4754244626223386,Embryonic fibroblasts,Embryonic,EMB,Embryonic
0.5113897044802513,Embryonic fibroblasts,Embryonic,EMB,Embryonic
0.4073729185847457,Embryonic fibroblasts,Embryonic,EMB,Embryonic
0.5322368146472023,Embryonic fibroblasts,Embryonic,EMB,Embryonic
0.4421914179938575,Embryonic fibroblasts,Embryonic,EMB,Embryonic
0.5301471665121573,Embryonic fibroblasts,Embryonic,EMB,Embryonic
0.4601017059984233,Embryonic fibroblasts,Embryonic,EMB,Embryonic
0.448447443206553,Embryonic fibroblasts,Embryonic,EMB,Embryonic
0.3476540875736421,Embryonic fibroblasts,Embryonic,EMB,Embryonic
0.4920615564607719,Embryonic fibroblasts,Embryonic,EMB,Embryonic
0.5222671575227912,Embryonic fibroblasts,Embryonic,EMB,Embryonic
0.4478527249425817,Embryonic fibroblasts,Embryonic,EMB,Embryonic
0.36035042473470524,Embryonic fibroblasts,Embryonic,EMB,Embryonic
0.3295498523083362,Embryonic fibroblasts,Embryonic,EMB,Embryonic
0.48745385774457795,Embryonic fibroblasts,Embryonic,EMB,Embryonic
0.4162521666816081,Embryonic fibroblasts,Embryonic,EMB,Embryonic
0.5835512368085348,Embryonic fibroblasts,Embryonic,EMB,Embryonic
0.5488086702812269,Embryonic fibroblasts,Embryonic,EMB,Embryonic
0.45928494712264867,Embryonic fibroblasts,Embryonic,EMB,Embryonic
0.384877112157459,Embryonic fibroblasts,Embryonic,EMB,Embryonic
0.3397029478866827,Embryonic fibroblasts,Embryonic,EMB,Embryonic
0.43066266253853197,Embryonic fibroblasts,Embryonic,EMB,Embryonic
0.5184864642930036,Embryonic fibroblasts,Embryonic,EMB,Embryonic
0.500984227486772,Embryonic fibroblasts,Embryonic,EMB,Embryonic
0.4702738952320344,Embryonic fibroblasts,Embryonic,EMB,Embryonic
0.39707931986790385,Embryonic fibroblasts,Embryonic,EMB,Embryonic
0.4870720744108279,Embryonic fibroblasts,Embryonic,EMB,Embryonic
0.49067101072231917,Embryonic fibroblasts,Embryonic,EMB,Embryonic
0.5126702678220885,Embryonic fibroblasts,Embryonic,EMB,Embryonic
0.40382659590988274,Embryonic fibroblasts,Embryonic,EMB,Embryonic
0.4383633862929845,Embryonic fibroblasts,Embryonic,EMB,Embryonic
0.43540585221479033,Embryonic fibroblasts,Embryonic,EMB,Embryonic
0.47181671288110844,Embryonic fibroblasts,Embryonic,EMB,Embryonic
0.45378938967969545,Embryonic fibroblasts,Embryonic,EMB,Embryonic
0.41607654230638635,Embryonic fibroblasts,Embryonic,EMB,Embryonic
0.5512717011902754,Embryonic fibroblasts,Embryonic,EMB,Embryonic
0.4376282645487919,Embryonic fibroblasts,Embryonic,EMB,Embryonic
0.42627229913991943,Embryonic fibroblasts,Embryonic,EMB,Embryonic
0.4240590711858988,Embryonic fibroblasts,Embryonic,EMB,Embryonic
0.5322100117125996,Embryonic fibroblasts,Embryonic,EMB,Embryonic
0.5306770693284457,Embryonic fibroblasts,Embryonic,EMB,Embryonic
0.4151651132114196,Embryonic fibroblasts,Embryonic,EMB,Embryonic
0.5195033278871615,Embryonic fibroblasts,Embryonic,EMB,Embryonic
0.40367641365926055,Embryonic fibroblasts,Embryonic,EMB,Embryonic
0.4841603926299346,Embryonic fibroblasts,Embryonic,EMB,Embryonic
0.37506930244282866,Embryonic fibroblasts,Embryonic,EMB,Embryonic
0.4689837176350422,Embryonic fibroblasts,Embryonic,EMB,Embryonic
0.3618988121739814,Embryonic fibroblasts,Embryonic,EMB,Embryonic
0.4779285199163169,Embryonic fibroblasts,Embryonic,EMB,Embryonic
0.534917045227848,Embryonic fibroblasts,Embryonic,EMB,Embryonic
0.49980813884003494,Embryonic fibroblasts,Embryonic,EMB,Embryonic
0.505578378609743,Embryonic fibroblasts,Embryonic,EMB,Embryonic
0.5054437038983988,Embryonic fibroblasts,Embryonic,EMB,Embryonic
0.44665719660490655,Embryonic fibroblasts,Embryonic,EMB,Embryonic
0.5057973737121493,Embryonic fibroblasts,Embryonic,EMB,Embryonic
0.45018954102043385,Embryonic fibroblasts,Embryonic,EMB,Embryonic
0.36655269656813094,Embryonic fibroblasts,Embryonic,EMB,Embryonic
0.4047685892483567,Embryonic fibroblasts,Embryonic,EMB,Embryonic
0.4986618488081604,Embryonic fibroblasts,Embryonic,EMB,Embryonic
0.42705313872183703,Embryonic fibroblasts,Embryonic,EMB,Embryonic
0.4209155569723131,Embryonic fibroblasts,Embryonic,EMB,Embryonic
0.5096210683007569,Embryonic fibroblasts,Embryonic,EMB,Embryonic
0.5022619497768617,Embryonic fibroblasts,Embryonic,EMB,Embryonic
0.34185311350861014,Embryonic fibroblasts,Embryonic,EMB,Embryonic
0.460058956949043,Embryonic fibroblasts,Embryonic,EMB,Embryonic
0.4492776037473637,Embryonic fibroblasts,Embryonic,EMB,Embryonic
0.38947088521173967,Embryonic fibroblasts,Embryonic,EMB,Embryonic
0.5100865728895174,Embryonic fibroblasts,Embryonic,EMB,Embryonic
0.44528442049036376,Embryonic fibroblasts,Embryonic,EMB,Embryonic
0.508646578060105,Embryonic fibroblasts,Embryonic,EMB,Embryonic
0.3489427311450596,Embryonic fibroblasts,Embryonic,EMB,Embryonic
0.4993415949578457,Embryonic fibroblasts,Embryonic,EMB,Embryonic
0.40953173984414487,Embryonic fibroblasts,Embryonic,EMB,Embryonic
0.5032794370261708,Embryonic fibroblasts,Embryonic,EMB,Embryonic
0.4072422559098685,Embryonic fibroblasts,Embryonic,EMB,Embryonic
0.4432846700505006,Embryonic fibroblasts,Embryonic,EMB,Embryonic
0.5017342350924383,Embryonic fibroblasts,Embryonic,EMB,Embryonic
0.5099599040595175,Embryonic fibroblasts,Embryonic,EMB,Embryonic
0.48486946480861964,Embryonic fibroblasts,Embryonic,EMB,Embryonic
0.4877900489998536,Embryonic fibroblasts,Embryonic,EMB,Embryonic
0.40866513482619193,Embryonic fibroblasts,Embryonic,EMB,Embryonic
0.43655631523915356,Embryonic fibroblasts,Embryonic,EMB,Embryonic
0.38978421082517406,Embryonic fibroblasts,Embryonic,EMB,Embryonic
0.3951543487257763,Embryonic fibroblasts,Embryonic,EMB,Embryonic
0.6015300632091619,Embryonic fibroblasts,Embryonic,EMB,Embryonic
0.45778873355809324,Embryonic fibroblasts,Embryonic,EMB,Embryonic
0.5489960361411901,Embryonic fibroblasts,Embryonic,EMB,Embryonic
0.35238143237527414,Embryonic fibroblasts,Embryonic,EMB,Embryonic
0.47511061103468044,Embryonic fibroblasts,Embryonic,EMB,Embryonic
0.4545418278399331,Embryonic fibroblasts,Embryonic,EMB,Embryonic
0.36844624411187277,Embryonic fibroblasts,Embryonic,EMB,Embryonic
0.46169288084760585,Embryonic fibroblasts,Embryonic,EMB,Embryonic
0.522068659200872,Embryonic fibroblasts,Embryonic,EMB,Embryonic
0.5435480769926795,Embryonic fibroblasts,Embryonic,EMB,Embryonic
0.4551779098241824,Embryonic fibroblasts,Embryonic,EMB,Embryonic
0.3461693513203083,Embryonic fibroblasts,Embryonic,EMB,Embryonic
0.4778518941722272,Embryonic fibroblasts,Embryonic,EMB,Embryonic
0.3410779303246802,Embryonic fibroblasts,Embryonic,EMB,Embryonic
0.5171688506149934,Embryonic fibroblasts,Embryonic,EMB,Embryonic
0.5289731564522778,Embryonic fibroblasts,Embryonic,EMB,Embryonic
0.5161058191390001,Embryonic fibroblasts,Embryonic,EMB,Embryonic
0.41022090211884504,Embryonic fibroblasts,Embryonic,EMB,Embryonic
0.4941231598874827,Embryonic fibroblasts,Embryonic,EMB,Embryonic
0.4724010702438085,Embryonic fibroblasts,Embryonic,EMB,Embryonic
0.4324074527076881,Embryonic fibroblasts,Embryonic,EMB,Embryonic
0.5407524294757309,Embryonic fibroblasts,Embryonic,EMB,Embryonic
0.43224191398707607,Embryonic fibroblasts,Embryonic,EMB,Embryonic
0.46535690745797215,Embryonic fibroblasts,Embryonic,EMB,Embryonic
0.5255111597050479,Embryonic fibroblasts,Embryonic,EMB,Embryonic
0.6405226509526091,Embryonic fibroblasts,Embryonic,EMB,Embryonic
0.5321991185095951,Embryonic fibroblasts,Embryonic,EMB,Embryonic
0.3325345847904744,Embryonic fibroblasts,Embryonic,EMB,Embryonic
0.5118030529904114,Embryonic fibroblasts,Embryonic,EMB,Embryonic
0.35422940840494727,Embryonic fibroblasts,Embryonic,EMB,Embryonic
0.4437044773659418,Embryonic fibroblasts,Embryonic,EMB,Embryonic
0.4323316499352974,Embryonic fibroblasts,Embryonic,EMB,Embryonic
0.44562832418873227,Embryonic fibroblasts,Embryonic,EMB,Embryonic
0.43241624517755195,Embryonic fibroblasts,Embryonic,EMB,Embryonic
0.3988121039833291,Embryonic fibroblasts,Embryonic,EMB,Embryonic
0.4220539645092778,Embryonic fibroblasts,Embryonic,EMB,Embryonic
0.4247890640882049,Embryonic fibroblasts,Embryonic,EMB,Embryonic
0.4840079356396616,Embryonic fibroblasts,Embryonic,EMB,Embryonic
0.3463831163406767,Embryonic fibroblasts,Embryonic,EMB,Embryonic
0.29095798455257527,Embryonic fibroblasts,Embryonic,EMB,Embryonic
0.44082784998745633,Embryonic fibroblasts,Embryonic,EMB,Embryonic
0.40652630137823786,Embryonic fibroblasts,Embryonic,EMB,Embryonic
0.29681324073938625,Embryonic fibroblasts,Embryonic,EMB,Embryonic
0.5238481826513308,Embryonic fibroblasts,Embryonic,EMB,Embryonic
0.4995532766457244,Embryonic fibroblasts,Embryonic,EMB,Embryonic
0.5077331894145525,Embryonic fibroblasts,Embryonic,EMB,Embryonic
0.4329780469463743,Embryonic fibroblasts,Embryonic,EMB,Embryonic
0.5481915929716403,Embryonic fibroblasts,Embryonic,EMB,Embryonic
0.4961449790984646,Embryonic fibroblasts,Embryonic,EMB,Embryonic
0.3366362488470013,Embryonic fibroblasts,Embryonic,EMB,Embryonic
0.3802943928667354,Embryonic fibroblasts,Embryonic,EMB,Embryonic
0.5111225562399165,Embryonic fibroblasts,Embryonic,EMB,Embryonic
0.48182410885381577,Embryonic fibroblasts,Embryonic,EMB,Embryonic
0.5145530502948923,Embryonic fibroblasts,Embryonic,EMB,Embryonic
0.5219134564669627,Embryonic fibroblasts,Embryonic,EMB,Embryonic
0.5099658906744051,Embryonic fibroblasts,Embryonic,EMB,Embryonic
0.46735341663111446,Embryonic fibroblasts,Embryonic,EMB,Embryonic
0.46765133119978997,Embryonic fibroblasts,Embryonic,EMB,Embryonic
0.5570175092595508,Embryonic fibroblasts,Embryonic,EMB,Embryonic
0.5141369544592186,Embryonic fibroblasts,Embryonic,EMB,Embryonic
0.4082372658682295,Embryonic fibroblasts,Embryonic,EMB,Embryonic
0.40775004447606394,Embryonic fibroblasts,Embryonic,EMB,Embryonic
0.4790921038224839,Embryonic fibroblasts,Embryonic,EMB,Embryonic
0.3346967272014013,Embryonic fibroblasts,Embryonic,EMB,Embryonic
0.3965755710210292,Embryonic fibroblasts,Embryonic,EMB,Embryonic
0.34963766648120315,Embryonic fibroblasts,Embryonic,EMB,Embryonic
0.4023175984034023,Embryonic fibroblasts,Embryonic,EMB,Embryonic
0.4693581930908355,Embryonic fibroblasts,Embryonic,EMB,Embryonic
0.39762225933102635,Embryonic fibroblasts,Embryonic,EMB,Embryonic
0.4450013067572537,Embryonic fibroblasts,Embryonic,EMB,Embryonic
0.4886215794464624,Embryonic fibroblasts,Embryonic,EMB,Embryonic
0.44346890023405716,Embryonic fibroblasts,Embryonic,EMB,Embryonic
0.5288539327280961,Embryonic fibroblasts,Embryonic,EMB,Embryonic
0.48129899438031104,Embryonic fibroblasts,Embryonic,EMB,Embryonic
0.44532765873531915,Embryonic fibroblasts,Embryonic,EMB,Embryonic
0.5671052772574174,Embryonic fibroblasts,Embryonic,EMB,Embryonic
0.30669712728666065,Embryonic fibroblasts,Embryonic,EMB,Embryonic
0.42122213152862303,Embryonic fibroblasts,Embryonic,EMB,Embryonic
0.3229176384666612,Embryonic fibroblasts,Embryonic,EMB,Embryonic
0.43668978297806815,Embryonic fibroblasts,Embryonic,EMB,Embryonic
0.5142910656977461,Embryonic fibroblasts,Embryonic,EMB,Embryonic
0.43965955010939506,Embryonic fibroblasts,Embryonic,EMB,Embryonic
0.4349435758422624,Embryonic fibroblasts,Embryonic,EMB,Embryonic
0.4019444236462724,Embryonic fibroblasts,Embryonic,EMB,Embryonic
0.4772360024797256,Embryonic fibroblasts,Embryonic,EMB,Embryonic
0.49514552011001467,Embryonic fibroblasts,Embryonic,EMB,Embryonic
0.4621093496108683,Embryonic fibroblasts,Embryonic,EMB,Embryonic
0.46483177914304064,Embryonic fibroblasts,Embryonic,EMB,Embryonic
0.3829970841286168,Embryonic fibroblasts,Embryonic,EMB,Embryonic
0.4210402172135288,Embryonic fibroblasts,Embryonic,EMB,Embryonic
0.5062026827260713,Embryonic fibroblasts,Embryonic,EMB,Embryonic
0.5338691811874994,Embryonic fibroblasts,Embryonic,EMB,Embryonic
0.3859099883052439,Embryonic fibroblasts,Embryonic,EMB,Embryonic
0.3096330185142167,Embryonic fibroblasts,Embryonic,EMB,Embryonic
0.37590045363433916,Embryonic fibroblasts,Embryonic,EMB,Embryonic
0.46453121374337075,Embryonic fibroblasts,Embryonic,EMB,Embryonic
0.4156449068984179,Embryonic fibroblasts,Embryonic,EMB,Embryonic
0.43086949379494055,Embryonic fibroblasts,Embryonic,EMB,Embryonic
0.3771771057843915,Embryonic fibroblasts,Embryonic,EMB,Embryonic
0.4527512015877189,Embryonic fibroblasts,Embryonic,EMB,Embryonic
0.36014695061753454,Embryonic fibroblasts,Embryonic,EMB,Embryonic
0.47632309037472925,Embryonic fibroblasts,Embryonic,EMB,Embryonic
0.48133561879600356,Embryonic fibroblasts,Embryonic,EMB,Embryonic
0.41277821094149897,Embryonic fibroblasts,Embryonic,EMB,Embryonic
0.4851369990270315,Embryonic fibroblasts,Embryonic,EMB,Embryonic
0.4806621843370046,Embryonic fibroblasts,Embryonic,EMB,Embryonic
0.42945819461639806,Embryonic fibroblasts,Embryonic,EMB,Embryonic
0.41900357146147443,Embryonic fibroblasts,Embryonic,EMB,Embryonic
0.5054955392513635,Embryonic fibroblasts,Embryonic,EMB,Embryonic
0.5088163957589893,Embryonic fibroblasts,Embryonic,EMB,Embryonic
0.4517085688158162,Embryonic fibroblasts,Embryonic,EMB,Embryonic
0.4551880405622969,Embryonic fibroblasts,Embryonic,EMB,Embryonic
0.46578942990367306,Embryonic fibroblasts,Embryonic,EMB,Embryonic
0.4093392767798423,Embryonic fibroblasts,Embryonic,EMB,Embryonic
0.4425718357719723,Embryonic fibroblasts,Embryonic,EMB,Embryonic
0.47943882444897007,Embryonic fibroblasts,Embryonic,EMB,Embryonic
0.35070773414771583,Embryonic fibroblasts,Embryonic,EMB,Embryonic
0.5310069129053251,Embryonic fibroblasts,Embryonic,EMB,Embryonic
0.4476873143540362,Embryonic fibroblasts,Embryonic,EMB,Embryonic
0.45194262932277723,Embryonic fibroblasts,Embryonic,EMB,Embryonic
0.36579041280317376,Embryonic fibroblasts,Embryonic,EMB,Embryonic
0.46017946753046113,Embryonic fibroblasts,Embryonic,EMB,Embryonic
0.44816256449377295,Embryonic fibroblasts,Embryonic,EMB,Embryonic
0.28636451086858583,Embryonic fibroblasts,Embryonic,EMB,Embryonic
0.4198872999064338,Embryonic fibroblasts,Embryonic,EMB,Embryonic
0.5238803888835428,Embryonic fibroblasts,Embryonic,EMB,Embryonic
0.4114142980858322,Embryonic fibroblasts,Embryonic,EMB,Embryonic
0.4272683697470535,Embryonic fibroblasts,Embryonic,EMB,Embryonic
0.4341541964953899,Embryonic fibroblasts,Embryonic,EMB,Embryonic
0.41098669606967514,Embryonic fibroblasts,Embryonic,EMB,Embryonic
0.41133975211500795,Embryonic fibroblasts,Embryonic,EMB,Embryonic
0.4331306332551219,Embryonic fibroblasts,Embryonic,EMB,Embryonic
0.3953573680532046,Embryonic fibroblasts,Embryonic,EMB,Embryonic
0.37037133152198676,Embryonic fibroblasts,Embryonic,EMB,Embryonic
0.44090009472218383,Embryonic fibroblasts,Embryonic,EMB,Embryonic
0.4267860474290874,Embryonic fibroblasts,Embryonic,EMB,Embryonic
0.43687328075240467,Embryonic fibroblasts,Embryonic,EMB,Embryonic
0.2527587280811276,Embryonic fibroblasts,Embryonic,EMB,Embryonic
0.47995718311971824,Embryonic fibroblasts,Embryonic,EMB,Embryonic
0.36078404658517477,Embryonic fibroblasts,Embryonic,EMB,Embryonic
0.5528380449149907,Embryonic fibroblasts,Embryonic,EMB,Embryonic
0.47838895102889867,Embryonic fibroblasts,Embryonic,EMB,Embryonic
0.4287851141024595,Embryonic fibroblasts,Embryonic,EMB,Embryonic
0.4384177577908346,Embryonic fibroblasts,Embryonic,EMB,Embryonic
0.39582192588836207,Embryonic fibroblasts,Embryonic,EMB,Embryonic
0.5088997199627812,Embryonic fibroblasts,Embryonic,EMB,Embryonic
0.39368709696295745,Embryonic fibroblasts,Embryonic,EMB,Embryonic
0.36277852423231105,Embryonic fibroblasts,Embryonic,EMB,Embryonic
0.46872851889632233,Embryonic fibroblasts,Embryonic,EMB,Embryonic
0.4790156022557672,Embryonic fibroblasts,Embryonic,EMB,Embryonic
0.5935334362431035,Embryonic fibroblasts,Embryonic,EMB,Embryonic
0.5051808492687019,Embryonic fibroblasts,Embryonic,EMB,Embryonic
0.41177724007375754,Embryonic fibroblasts,Embryonic,EMB,Embryonic
0.4732226435633436,Embryonic fibroblasts,Embryonic,EMB,Embryonic
0.4845138528449343,Embryonic fibroblasts,Embryonic,EMB,Embryonic
0.42346763492199035,Embryonic fibroblasts,Embryonic,EMB,Embryonic
0.34870451702360733,Embryonic fibroblasts,Embryonic,EMB,Embryonic
0.4799494172882643,Embryonic fibroblasts,Embryonic,EMB,Embryonic
0.4112429874901848,Embryonic fibroblasts,Embryonic,EMB,Embryonic
0.4687630951762966,Embryonic fibroblasts,Embryonic,EMB,Embryonic
0.3970317160368905,Embryonic fibroblasts,Embryonic,EMB,Embryonic
0.3358757221523272,Embryonic fibroblasts,Embryonic,EMB,Embryonic
0.4171251945171321,Embryonic fibroblasts,Embryonic,EMB,Embryonic
0.5112477147725023,Embryonic fibroblasts,Embryonic,EMB,Embryonic
0.4649092820381292,Embryonic fibroblasts,Embryonic,EMB,Embryonic
0.485070253293494,Embryonic fibroblasts,Embryonic,EMB,Embryonic
0.4883083930382362,Embryonic fibroblasts,Embryonic,EMB,Embryonic
0.5095257973636356,Embryonic fibroblasts,Embryonic,EMB,Embryonic
0.44860510220054073,Embryonic fibroblasts,Embryonic,EMB,Embryonic
0.46997828506321027,Embryonic fibroblasts,Embryonic,EMB,Embryonic
0.4375668710973187,Embryonic fibroblasts,Embryonic,EMB,Embryonic
0.4621605727772928,Embryonic fibroblasts,Embryonic,EMB,Embryonic
0.4481243190492507,Embryonic fibroblasts,Embryonic,EMB,Embryonic
0.44412783718247545,Embryonic fibroblasts,Embryonic,EMB,Embryonic
0.5273279003797418,Embryonic fibroblasts,Embryonic,EMB,Embryonic
0.48218733478872794,Embryonic fibroblasts,Embryonic,EMB,Embryonic
0.5071540949578457,Embryonic fibroblasts,Embryonic,EMB,Embryonic
0.5099086698199515,Embryonic fibroblasts,Embryonic,EMB,Embryonic
0.41801043958701506,Embryonic fibroblasts,Embryonic,EMB,Embryonic
0.4718586796921318,Embryonic fibroblasts,Embryonic,EMB,Embryonic
0.380364857593958,Embryonic fibroblasts,Embryonic,EMB,Embryonic
0.46578117448117456,Embryonic fibroblasts,Embryonic,EMB,Embryonic
0.41412016496652393,Embryonic fibroblasts,Embryonic,EMB,Embryonic
0.4932947975457666,Embryonic fibroblasts,Embryonic,EMB,Embryonic
0.4251356138719357,Embryonic fibroblasts,Embryonic,EMB,Embryonic
0.4792498320236064,Embryonic fibroblasts,Embryonic,EMB,Embryonic
0.4947227677343892,Embryonic fibroblasts,Embryonic,EMB,Embryonic
0.47109040693947074,Embryonic fibroblasts,Embryonic,EMB,Embryonic
0.4527645324637428,Embryonic fibroblasts,Embryonic,EMB,Embryonic
0.42799660676548446,Embryonic fibroblasts,Embryonic,EMB,Embryonic
0.4036666641535908,Embryonic fibroblasts,Embryonic,EMB,Embryonic
0.3737694920036226,Embryonic fibroblasts,Embryonic,EMB,Embryonic
0.4759941737779858,Embryonic fibroblasts,Embryonic,EMB,Embryonic
0.3978711538929774,Embryonic fibroblasts,Embryonic,EMB,Embryonic
0.45682485375986687,Embryonic fibroblasts,Embryonic,EMB,Embryonic
0.37275057355076746,Embryonic fibroblasts,Embryonic,EMB,Embryonic
0.4891613745328526,Embryonic fibroblasts,Embryonic,EMB,Embryonic
0.35771343121260696,Embryonic fibroblasts,Embryonic,EMB,Embryonic
0.42816508500970996,Embryonic fibroblasts,Embryonic,EMB,Embryonic
0.3665282379757832,Embryonic fibroblasts,Embryonic,EMB,Embryonic
0.5390424722461515,Embryonic fibroblasts,Embryonic,EMB,Embryonic
0.3976264647520011,Embryonic fibroblasts,Embryonic,EMB,Embryonic
0.4753444180457938,Embryonic fibroblasts,Embryonic,EMB,Embryonic
0.3312813883225205,Embryonic fibroblasts,Embryonic,EMB,Embryonic
0.4995118089170098,Embryonic fibroblasts,Embryonic,EMB,Embryonic
0.44217932137764765,Embryonic fibroblasts,Embryonic,EMB,Embryonic
0.41885408009579145,Embryonic fibroblasts,Embryonic,EMB,Embryonic
0.45753511155563686,Embryonic fibroblasts,Embryonic,EMB,Embryonic
0.45295466384080935,Embryonic fibroblasts,Embryonic,EMB,Embryonic
0.5100487533654757,Embryonic fibroblasts,Embryonic,EMB,Embryonic
0.42504643949017884,Embryonic fibroblasts,Embryonic,EMB,Embryonic
0.4297147597016919,Embryonic fibroblasts,Embryonic,EMB,Embryonic
0.3967511764137226,Embryonic fibroblasts,Embryonic,EMB,Embryonic
0.39144236908496816,Embryonic fibroblasts,Embryonic,EMB,Embryonic
0.42441765668356096,Embryonic fibroblasts,Embryonic,EMB,Embryonic
0.49752719664806005,Embryonic fibroblasts,Embryonic,EMB,Embryonic
0.38112975501579144,Embryonic fibroblasts,Embryonic,EMB,Embryonic
0.4489854543307449,Embryonic fibroblasts,Embryonic,EMB,Embryonic
0.527816768506244,Embryonic fibroblasts,Embryonic,EMB,Embryonic
0.4827811039262804,Embryonic fibroblasts,Embryonic,EMB,Embryonic
0.4608378310483347,Embryonic fibroblasts,Embryonic,EMB,Embryonic
0.3962695465625729,Embryonic fibroblasts,Embryonic,EMB,Embryonic
0.43818725808982206,Embryonic fibroblasts,Embryonic,EMB,Embryonic
0.4441133871282158,Embryonic fibroblasts,Embryonic,EMB,Embryonic
0.3817132059627615,Embryonic fibroblasts,Embryonic,EMB,Embryonic
0.4492654177550826,Embryonic fibroblasts,Embryonic,EMB,Embryonic
0.45734413308324146,Embryonic fibroblasts,Embryonic,EMB,Embryonic
0.43600812354771007,Embryonic fibroblasts,Embryonic,EMB,Embryonic
0.42605203299905015,Embryonic fibroblasts,Embryonic,EMB,Embryonic
0.4361711514334745,Embryonic fibroblasts,Embryonic,EMB,Embryonic
0.42878751895152356,Embryonic fibroblasts,Embryonic,EMB,Embryonic
0.38075615038348753,Embryonic fibroblasts,Embryonic,EMB,Embryonic
0.46035534856528526,Embryonic fibroblasts,Embryonic,EMB,Embryonic
0.46265488770303204,Embryonic fibroblasts,Embryonic,EMB,Embryonic
0.47476149663227174,Embryonic fibroblasts,Embryonic,EMB,Embryonic
0.5253038898731399,Embryonic fibroblasts,Embryonic,EMB,Embryonic
0.4490765182650141,Embryonic fibroblasts,Embryonic,EMB,Embryonic
0.453643370139359,Embryonic fibroblasts,Embryonic,EMB,Embryonic
0.4194705084401889,Embryonic fibroblasts,Embryonic,EMB,Embryonic
0.5086785739026276,Embryonic fibroblasts,Embryonic,EMB,Embryonic
0.41353988489273197,Embryonic fibroblasts,Embryonic,EMB,Embryonic
0.503725091426817,Embryonic fibroblasts,Embryonic,EMB,Embryonic
0.5095272795827266,Embryonic fibroblasts,Embryonic,EMB,Embryonic
0.39397440820765556,Embryonic fibroblasts,Embryonic,EMB,Embryonic
0.496983875161554,Embryonic fibroblasts,Embryonic,EMB,Embryonic
0.520048412375991,Embryonic fibroblasts,Embryonic,EMB,Embryonic
0.37224830178188234,Embryonic fibroblasts,Embryonic,EMB,Embryonic
0.4241338251735965,Embryonic fibroblasts,Embryonic,EMB,Embryonic
0.5003874563414502,Embryonic fibroblasts,Embryonic,EMB,Embryonic
0.40670532916261026,Embryonic fibroblasts,Embryonic,EMB,Embryonic
0.44954697096617224,Embryonic fibroblasts,Embryonic,EMB,Embryonic
0.48889281723525496,Embryonic fibroblasts,Embryonic,EMB,Embryonic
0.37262069153236993,Embryonic fibroblasts,Embryonic,EMB,Embryonic
0.5104561283112363,Embryonic fibroblasts,Embryonic,EMB,Embryonic
0.5111607427595068,Embryonic fibroblasts,Embryonic,EMB,Embryonic
0.33841639516167243,Embryonic fibroblasts,Embryonic,EMB,Embryonic
0.49723409454579826,Embryonic fibroblasts,Embryonic,EMB,Embryonic
0.4818508821282178,Embryonic fibroblasts,Embryonic,EMB,Embryonic
0.3931984578132036,Embryonic fibroblasts,Embryonic,EMB,Embryonic
0.502994675767785,Embryonic fibroblasts,Embryonic,EMB,Embryonic
0.49958286526636686,Embryonic fibroblasts,Embryonic,EMB,Embryonic
0.43122150817402854,Embryonic fibroblasts,Embryonic,EMB,Embryonic
0.49002328730707173,Embryonic fibroblasts,Embryonic,EMB,Embryonic
0.4967338234563104,Embryonic fibroblasts,Embryonic,EMB,Embryonic
0.4708554831229377,Embryonic fibroblasts,Embryonic,EMB,Embryonic
0.47273829802422757,Embryonic fibroblasts,Embryonic,EMB,Embryonic
0.4077590275621503,Embryonic fibroblasts,Embryonic,EMB,Embryonic
0.4141279027196547,Embryonic fibroblasts,Embryonic,EMB,Embryonic
0.45943217086712895,Embryonic fibroblasts,Embryonic,EMB,Embryonic
0.447626988274315,Embryonic fibroblasts,Embryonic,EMB,Embryonic
0.39889996422046503,Embryonic fibroblasts,Embryonic,EMB,Embryonic
0.4214488157414313,Embryonic fibroblasts,Embryonic,EMB,Embryonic
0.4660192541430507,Embryonic fibroblasts,Embryonic,EMB,Embryonic
0.42642021535121627,Embryonic fibroblasts,Embryonic,EMB,Embryonic
0.541719033662249,Embryonic fibroblasts,Embryonic,EMB,Embryonic
0.40139598439102125,Embryonic fibroblasts,Embryonic,EMB,Embryonic
0.5280937591875438,Embryonic fibroblasts,Embryonic,EMB,Embryonic
0.3614834277876526,Embryonic fibroblasts,Embryonic,EMB,Embryonic
0.45441831090058277,Embryonic fibroblasts,Embryonic,EMB,Embryonic
0.5495331337312037,Embryonic fibroblasts,Embryonic,EMB,Embryonic
0.4213331979067029,Embryonic fibroblasts,Embryonic,EMB,Embryonic
0.5279971756876788,Embryonic fibroblasts,Embryonic,EMB,Embryonic
0.35658027788130986,Embryonic fibroblasts,Embryonic,EMB,Embryonic
0.4770277107550399,Embryonic fibroblasts,Embryonic,EMB,Embryonic
0.44956001552239305,Embryonic fibroblasts,Embryonic,EMB,Embryonic
0.4736167936188636,Embryonic fibroblasts,Embryonic,EMB,Embryonic
0.5031786698561449,Embryonic fibroblasts,Embryonic,EMB,Embryonic
0.3922223299340096,Embryonic fibroblasts,Embryonic,EMB,Embryonic
0.44685799734933035,Embryonic fibroblasts,Embryonic,EMB,Embryonic
0.5370394006547605,Embryonic fibroblasts,Embryonic,EMB,Embryonic
0.516984493090309,Embryonic fibroblasts,Embryonic,EMB,Embryonic
0.49675200278645804,Embryonic fibroblasts,Embryonic,EMB,Embryonic
0.46489599268638615,Embryonic fibroblasts,Embryonic,EMB,Embryonic
0.48139930359683986,Embryonic fibroblasts,Embryonic,EMB,Embryonic
0.4712968526132716,Embryonic fibroblasts,Embryonic,EMB,Embryonic
0.4459461640846969,Embryonic fibroblasts,Embryonic,EMB,Embryonic
0.5007770774820743,Embryonic fibroblasts,Embryonic,EMB,Embryonic
0.47728554213316443,Embryonic fibroblasts,Embryonic,EMB,Embryonic
0.41214666143136963,Embryonic fibroblasts,Embryonic,EMB,Embryonic
0.4902957431414353,Embryonic fibroblasts,Embryonic,EMB,Embryonic
0.3917839276501432,Embryonic fibroblasts,Embryonic,EMB,Embryonic
0.3439774700103892,Embryonic fibroblasts,Embryonic,EMB,Embryonic
0.3781512325887188,Embryonic fibroblasts,Embryonic,EMB,Embryonic
0.42194967963946156,Embryonic fibroblasts,Embryonic,EMB,Embryonic
0.45193706783743137,Embryonic fibroblasts,Embryonic,EMB,Embryonic
0.4288067933362771,Embryonic fibroblasts,Embryonic,EMB,Embryonic
0.4761929429964038,Embryonic fibroblasts,Embryonic,EMB,Embryonic
0.48116153793762073,Embryonic fibroblasts,Embryonic,EMB,Embryonic
0.4805258439087952,Embryonic fibroblasts,Embryonic,EMB,Embryonic
0.4527768165324205,Embryonic fibroblasts,Embryonic,EMB,Embryonic
0.41853628567880097,Embryonic fibroblasts,Embryonic,EMB,Embryonic
0.38701456779022814,Embryonic fibroblasts,Embryonic,EMB,Embryonic
0.41717195362563253,Embryonic fibroblasts,Embryonic,EMB,Embryonic
0.45603052669606614,Embryonic fibroblasts,Embryonic,EMB,Embryonic
0.44319298285654957,Embryonic fibroblasts,Embryonic,EMB,Embryonic
0.4008762933840624,Embryonic fibroblasts,Embryonic,EMB,Embryonic
0.5008932663745314,Embryonic fibroblasts,Embryonic,EMB,Embryonic
0.4120835500610782,Embryonic fibroblasts,Embryonic,EMB,Embryonic
0.5088086073857829,Embryonic fibroblasts,Embryonic,EMB,Embryonic
0.39697943657185564,Embryonic fibroblasts,Embryonic,EMB,Embryonic
0.35711109027708315,Embryonic fibroblasts,Embryonic,EMB,Embryonic
0.31034827820621486,Embryonic fibroblasts,Embryonic,EMB,Embryonic
0.46122165579482427,Embryonic fibroblasts,Embryonic,EMB,Embryonic
0.4268463988188464,Embryonic fibroblasts,Embryonic,EMB,Embryonic
0.4475118426299802,Embryonic fibroblasts,Embryonic,EMB,Embryonic
0.5282852925034249,Embryonic fibroblasts,Embryonic,EMB,Embryonic
0.5399010856196566,Embryonic fibroblasts,Embryonic,EMB,Embryonic
0.5065740244828045,Embryonic fibroblasts,Embryonic,EMB,Embryonic
0.45429447639935155,Embryonic fibroblasts,Embryonic,EMB,Embryonic
0.5141718562104607,Embryonic fibroblasts,Embryonic,EMB,Embryonic
0.5629849426978213,Embryonic fibroblasts,Embryonic,EMB,Embryonic
0.47136951061346066,Embryonic fibroblasts,Embryonic,EMB,Embryonic
0.47953412702363873,Embryonic fibroblasts,Embryonic,EMB,Embryonic
0.39743157508782073,Embryonic fibroblasts,Embryonic,EMB,Embryonic
0.49927182309290885,Embryonic fibroblasts,Embryonic,EMB,Embryonic
0.5220220642121483,Embryonic fibroblasts,Embryonic,EMB,Embryonic
0.47634253441583013,Embryonic fibroblasts,Embryonic,EMB,Embryonic
0.46268112274366074,Embryonic fibroblasts,Embryonic,EMB,Embryonic
0.4976478539486038,Embryonic fibroblasts,Embryonic,EMB,Embryonic
0.2813030545849437,Embryonic fibroblasts,Embryonic,EMB,Embryonic
0.41097889266863374,Embryonic fibroblasts,Embryonic,EMB,Embryonic
0.42594376654390625,Embryonic fibroblasts,Embryonic,EMB,Embryonic
0.48526074929329316,Embryonic fibroblasts,Embryonic,EMB,Embryonic
0.47407407007251023,Embryonic fibroblasts,Embryonic,EMB,Embryonic
0.3945499829872254,Embryonic fibroblasts,Embryonic,EMB,Embryonic
0.47642325405854047,Embryonic fibroblasts,Embryonic,EMB,Embryonic
0.44466685200785544,Embryonic fibroblasts,Embryonic,EMB,Embryonic
0.48398188567868455,Embryonic fibroblasts,Embryonic,EMB,Embryonic
0.4869894217139775,Embryonic fibroblasts,Embryonic,EMB,Embryonic
0.48177565911388137,Embryonic fibroblasts,Embryonic,EMB,Embryonic
0.5654420973279282,Embryonic fibroblasts,Embryonic,EMB,Embryonic
0.44604315333610595,Embryonic fibroblasts,Embryonic,EMB,Embryonic
0.5105232453904853,Embryonic fibroblasts,Embryonic,EMB,Embryonic
0.31230197900957574,Embryonic fibroblasts,Embryonic,EMB,Embryonic
0.381970959828895,Embryonic fibroblasts,Embryonic,EMB,Embryonic
0.47755610722860753,Embryonic fibroblasts,Embryonic,EMB,Embryonic
0.3070289403008594,Embryonic fibroblasts,Embryonic,EMB,Embryonic
0.5266491104749236,Embryonic fibroblasts,Embryonic,EMB,Embryonic
0.40594710528591027,Embryonic fibroblasts,Embryonic,EMB,Embryonic
0.46753066678079813,Embryonic fibroblasts,Embryonic,EMB,Embryonic
0.4308770512140516,Embryonic fibroblasts,Embryonic,EMB,Embryonic
0.5383702870748015,Embryonic fibroblasts,Embryonic,EMB,Embryonic
0.44298728343339566,Embryonic fibroblasts,Embryonic,EMB,Embryonic
0.3898155620526703,Embryonic fibroblasts,Embryonic,EMB,Embryonic
0.44789310908530133,Embryonic fibroblasts,Embryonic,EMB,Embryonic
0.45680736215090373,Embryonic fibroblasts,Embryonic,EMB,Embryonic
0.4770632124332726,Embryonic fibroblasts,Embryonic,EMB,Embryonic
0.3176144835812013,Embryonic fibroblasts,Embryonic,EMB,Embryonic
0.374360965441649,Embryonic fibroblasts,Embryonic,EMB,Embryonic
0.5043034139273697,Embryonic fibroblasts,Embryonic,EMB,Embryonic
0.42310791838201234,Embryonic fibroblasts,Embryonic,EMB,Embryonic
0.419020013494806,Embryonic fibroblasts,Embryonic,EMB,Embryonic
0.4903655727448959,Embryonic fibroblasts,Embryonic,EMB,Embryonic
0.5563207140310953,Embryonic fibroblasts,Embryonic,EMB,Embryonic
0.47719387194439505,Embryonic fibroblasts,Embryonic,EMB,Embryonic
0.42772110621266257,Embryonic fibroblasts,Embryonic,EMB,Embryonic
0.4842907650303153,Embryonic fibroblasts,Embryonic,EMB,Embryonic
0.4200294521520821,Embryonic fibroblasts,Embryonic,EMB,Embryonic
0.5114530088395812,Embryonic fibroblasts,Embryonic,EMB,Embryonic
0.3869619897458406,Embryonic fibroblasts,Embryonic,EMB,Embryonic
0.35480383315967273,Embryonic fibroblasts,Embryonic,EMB,Embryonic
0.44579950388402784,Embryonic fibroblasts,Embryonic,EMB,Embryonic
0.5230613932331741,Embryonic fibroblasts,Embryonic,EMB,Embryonic
0.387090575811207,Embryonic fibroblasts,Embryonic,EMB,Embryonic
0.527179306333994,Embryonic fibroblasts,Embryonic,EMB,Embryonic
0.5644740524465999,Embryonic fibroblasts,Embryonic,EMB,Embryonic
0.46462389158802164,Embryonic fibroblasts,Embryonic,EMB,Embryonic
0.419811173640122,Embryonic fibroblasts,Embryonic,EMB,Embryonic
0.4617348437039357,Embryonic fibroblasts,Embryonic,EMB,Embryonic
0.5363542452754259,Embryonic fibroblasts,Embryonic,EMB,Embryonic
0.4769366385159145,Embryonic fibroblasts,Embryonic,EMB,Embryonic
0.41085923076442193,Embryonic fibroblasts,Embryonic,EMB,Embryonic
0.5782473495138549,Embryonic fibroblasts,Embryonic,EMB,Embryonic
0.412189408107934,Embryonic fibroblasts,Embryonic,EMB,Embryonic
0.48233392736413977,Embryonic fibroblasts,Embryonic,EMB,Embryonic
0.419943924393121,Embryonic fibroblasts,Embryonic,EMB,Embryonic
0.4844486253181978,Embryonic fibroblasts,Embryonic,EMB,Embryonic
0.415839053475706,Embryonic fibroblasts,Embryonic,EMB,Embryonic
0.5134853388347147,Embryonic fibroblasts,Embryonic,EMB,Embryonic
0.5074759666637442,Embryonic fibroblasts,Embryonic,EMB,Embryonic
0.4550899281779587,Embryonic fibroblasts,Embryonic,EMB,Embryonic
0.5398032682554469,Embryonic fibroblasts,Embryonic,EMB,Embryonic
0.47698710277667317,Embryonic fibroblasts,Embryonic,EMB,Embryonic
0.5274353932968541,Embryonic fibroblasts,Embryonic,EMB,Embryonic
0.5342341610289401,Embryonic fibroblasts,Embryonic,EMB,Embryonic
0.41370323271319354,Embryonic fibroblasts,Embryonic,EMB,Embryonic
0.4977790248015845,Embryonic fibroblasts,Embryonic,EMB,Embryonic
0.4234927037235318,Embryonic fibroblasts,Embryonic,EMB,Embryonic
0.3395426412254553,Embryonic fibroblasts,Embryonic,EMB,Embryonic
0.4919151976077408,Embryonic fibroblasts,Embryonic,EMB,Embryonic
0.4069127287084621,Embryonic fibroblasts,Embryonic,EMB,Embryonic
0.41980554492498817,Embryonic fibroblasts,Embryonic,EMB,Embryonic
0.46776152833625784,Embryonic fibroblasts,Embryonic,EMB,Embryonic
0.5218307618503621,Embryonic fibroblasts,Embryonic,EMB,Embryonic
0.5482142853979103,Embryonic fibroblasts,Embryonic,EMB,Embryonic
0.38975463683689726,Embryonic fibroblasts,Embryonic,EMB,Embryonic
0.4558092426171126,Embryonic fibroblasts,Embryonic,EMB,Embryonic
0.5026739778148912,Embryonic fibroblasts,Embryonic,EMB,Embryonic
0.4515831263362435,Embryonic fibroblasts,Embryonic,EMB,Embryonic
0.49752085885639735,Embryonic fibroblasts,Embryonic,EMB,Embryonic
0.48353754384078207,Embryonic fibroblasts,Embryonic,EMB,Embryonic
0.44268910073650697,Embryonic fibroblasts,Embryonic,EMB,Embryonic
0.46317864769404293,Embryonic fibroblasts,Embryonic,EMB,Embryonic
0.3892161744821869,Embryonic fibroblasts,Embryonic,EMB,Embryonic
0.44885413794504664,Embryonic fibroblasts,Embryonic,EMB,Embryonic
0.40890716641319513,Embryonic fibroblasts,Embryonic,EMB,Embryonic
0.42234581574201335,Embryonic fibroblasts,Embryonic,EMB,Embryonic
0.4950011884328268,Embryonic fibroblasts,Embryonic,EMB,Embryonic
0.4290744102077813,Embryonic fibroblasts,Embryonic,EMB,Embryonic
0.42351407765501786,Embryonic fibroblasts,Embryonic,EMB,Embryonic
0.48234190516716063,Embryonic fibroblasts,Embryonic,EMB,Embryonic
0.4833743419485074,Embryonic fibroblasts,Embryonic,EMB,Embryonic
0.4443800418228127,Embryonic fibroblasts,Embryonic,EMB,Embryonic
0.4013168948729355,Embryonic fibroblasts,Embryonic,EMB,Embryonic
0.4704448392276024,Embryonic fibroblasts,Embryonic,EMB,Embryonic
0.5053738379117588,Embryonic fibroblasts,Embryonic,EMB,Embryonic
0.4832194219751771,Embryonic fibroblasts,Embryonic,EMB,Embryonic
0.5385427144758685,Embryonic fibroblasts,Embryonic,EMB,Embryonic
0.44336519116760165,Embryonic fibroblasts,Embryonic,EMB,Embryonic
0.4928065957851042,Embryonic fibroblasts,Embryonic,EMB,Embryonic
0.4471377452428771,Embryonic fibroblasts,Embryonic,EMB,Embryonic
0.3559527866775605,Embryonic fibroblasts,Embryonic,EMB,Embryonic
0.4689212611619798,Embryonic fibroblasts,Embryonic,EMB,Embryonic
0.4682892054510937,Embryonic fibroblasts,Embryonic,EMB,Embryonic
0.38679197984885655,Embryonic fibroblasts,Embryonic,EMB,Embryonic
0.38472024647496983,Embryonic fibroblasts,Embryonic,EMB,Embryonic
0.5066135998907213,Embryonic fibroblasts,Embryonic,EMB,Embryonic
0.45670067401390074,Embryonic fibroblasts,Embryonic,EMB,Embryonic
0.44175809709555675,Embryonic fibroblasts,Embryonic,EMB,Embryonic
0.4730730430481223,Embryonic fibroblasts,Embryonic,EMB,Embryonic
0.4961124466040459,Embryonic fibroblasts,Embryonic,EMB,Embryonic
0.4077376599581737,Embryonic fibroblasts,Embryonic,EMB,Embryonic
0.49850374926132657,Embryonic fibroblasts,Embryonic,EMB,Embryonic
0.4632565776960202,Embryonic fibroblasts,Embryonic,EMB,Embryonic
0.4551691082585236,Embryonic fibroblasts,Embryonic,EMB,Embryonic
0.47540799962913194,Embryonic fibroblasts,Embryonic,EMB,Embryonic
0.3581664350154907,Embryonic fibroblasts,Embryonic,EMB,Embryonic
0.47336500066211057,Embryonic fibroblasts,Embryonic,EMB,Embryonic
0.480899311708707,Embryonic fibroblasts,Embryonic,EMB,Embryonic
0.37822398352420306,Embryonic fibroblasts,Embryonic,EMB,Embryonic
0.4907602258374181,Embryonic fibroblasts,Embryonic,EMB,Embryonic
0.5161159174486287,Embryonic fibroblasts,Embryonic,EMB,Embryonic
0.5448333626339206,Embryonic fibroblasts,Embryonic,EMB,Embryonic
0.5317820391416699,Embryonic fibroblasts,Embryonic,EMB,Embryonic
0.47030023230375306,Embryonic fibroblasts,Embryonic,EMB,Embryonic
0.4225810436744698,Embryonic fibroblasts,Embryonic,EMB,Embryonic
0.3439842566597543,Embryonic fibroblasts,Embryonic,EMB,Embryonic
0.5736622305151686,Embryonic fibroblasts,Embryonic,EMB,Embryonic
0.5273095941039355,Embryonic fibroblasts,Embryonic,EMB,Embryonic
0.4556365423422,Embryonic fibroblasts,Embryonic,EMB,Embryonic
0.42759377536698545,Embryonic fibroblasts,Embryonic,EMB,Embryonic
0.37191681028425805,Embryonic fibroblasts,Embryonic,EMB,Embryonic
0.48689913289961717,Embryonic fibroblasts,Embryonic,EMB,Embryonic
0.4894877300701422,Embryonic fibroblasts,Embryonic,EMB,Embryonic
0.38966301173163276,Embryonic fibroblasts,Embryonic,EMB,Embryonic
0.5291151133360715,Embryonic fibroblasts,Embryonic,EMB,Embryonic
0.48450740550826404,Embryonic fibroblasts,Embryonic,EMB,Embryonic
0.48008123829284194,Embryonic fibroblasts,Embryonic,EMB,Embryonic
0.509250790752021,Embryonic fibroblasts,Embryonic,EMB,Embryonic
0.5241559827671293,Embryonic fibroblasts,Embryonic,EMB,Embryonic
0.4899630478351363,Embryonic fibroblasts,Embryonic,EMB,Embryonic
0.4529159533243418,Embryonic fibroblasts,Embryonic,EMB,Embryonic
0.33242931876122245,Embryonic fibroblasts,Embryonic,EMB,Embryonic
0.377059249988661,Embryonic fibroblasts,Embryonic,EMB,Embryonic
0.4433136251292584,Embryonic fibroblasts,Embryonic,EMB,Embryonic
0.41841365696359123,Embryonic fibroblasts,Embryonic,EMB,Embryonic
0.47076368045193906,Embryonic fibroblasts,Embryonic,EMB,Embryonic
0.5088900819794657,Embryonic fibroblasts,Embryonic,EMB,Embryonic
0.37555958358128727,Embryonic fibroblasts,Embryonic,EMB,Embryonic
0.4923827119716935,Embryonic fibroblasts,Embryonic,EMB,Embryonic
0.4009784972942051,Embryonic fibroblasts,Embryonic,EMB,Embryonic
0.5254565378751048,Embryonic fibroblasts,Embryonic,EMB,Embryonic
0.5346714753766488,Embryonic fibroblasts,Embryonic,EMB,Embryonic
0.4846198682885879,Embryonic fibroblasts,Embryonic,EMB,Embryonic
0.38231274341612514,Embryonic fibroblasts,Embryonic,EMB,Embryonic
0.43644594132789005,Embryonic fibroblasts,Embryonic,EMB,Embryonic
0.5123512051349208,Embryonic fibroblasts,Embryonic,EMB,Embryonic
0.38534373948367934,Embryonic fibroblasts,Embryonic,EMB,Embryonic
0.506101547769558,Embryonic fibroblasts,Embryonic,EMB,Embryonic
0.47576732623633966,Embryonic fibroblasts,Embryonic,EMB,Embryonic
0.43960365328629575,Embryonic fibroblasts,Embryonic,EMB,Embryonic
0.5611716576342313,Embryonic fibroblasts,Embryonic,EMB,Embryonic
0.4687874121906202,Embryonic fibroblasts,Embryonic,EMB,Embryonic
0.44904074134011995,Embryonic fibroblasts,Embryonic,EMB,Embryonic
0.42530335891600246,Embryonic fibroblasts,Embryonic,EMB,Embryonic
0.41549331163583936,Embryonic fibroblasts,Embryonic,EMB,Embryonic
0.4923252249663731,Embryonic fibroblasts,Embryonic,EMB,Embryonic
0.38880884580633934,Embryonic fibroblasts,Embryonic,EMB,Embryonic
0.45176227750705034,Embryonic fibroblasts,Embryonic,EMB,Embryonic
0.4304278225614993,Embryonic fibroblasts,Embryonic,EMB,Embryonic
0.47933876991469704,Embryonic fibroblasts,Embryonic,EMB,Embryonic
0.5318238651656075,Embryonic fibroblasts,Embryonic,EMB,Embryonic
0.5072991681400483,Embryonic fibroblasts,Embryonic,EMB,Embryonic
0.4904126545563789,Embryonic fibroblasts,Embryonic,EMB,Embryonic
0.4400460826344641,Embryonic fibroblasts,Embryonic,EMB,Embryonic
0.4123931661720916,Embryonic fibroblasts,Embryonic,EMB,Embryonic
0.5524834568214297,Embryonic fibroblasts,Embryonic,EMB,Embryonic
0.4790507147921681,Embryonic fibroblasts,Embryonic,EMB,Embryonic
0.4251211436487396,Embryonic fibroblasts,Embryonic,EMB,Embryonic
0.4524352935594863,Embryonic fibroblasts,Embryonic,EMB,Embryonic
0.4903683987688084,Embryonic fibroblasts,Embryonic,EMB,Embryonic
0.4472302202117559,Embryonic fibroblasts,Embryonic,EMB,Embryonic
0.4838228646882856,Embryonic fibroblasts,Embryonic,EMB,Embryonic
0.32469399855785935,Embryonic fibroblasts,Embryonic,EMB,Embryonic
0.4990105064434801,Embryonic fibroblasts,Embryonic,EMB,Embryonic
0.578825706024771,Embryonic fibroblasts,Embryonic,EMB,Embryonic
0.4976394870037511,Embryonic fibroblasts,Embryonic,EMB,Embryonic
0.43477869913732764,Embryonic fibroblasts,Embryonic,EMB,Embryonic
0.3684715276532664,Embryonic fibroblasts,Embryonic,EMB,Embryonic
0.4659880848314514,Embryonic fibroblasts,Embryonic,EMB,Embryonic
0.4222482933979323,Embryonic fibroblasts,Embryonic,EMB,Embryonic
0.4148695176749612,Embryonic fibroblasts,Embryonic,EMB,Embryonic
0.44937733083302217,Embryonic fibroblasts,Embryonic,EMB,Embryonic
0.43877892174860167,Embryonic fibroblasts,Embryonic,EMB,Embryonic
0.4539830676258142,Embryonic fibroblasts,Embryonic,EMB,Embryonic
0.4972699561011314,Embryonic fibroblasts,Embryonic,EMB,Embryonic
0.5042570518700877,Embryonic fibroblasts,Embryonic,EMB,Embryonic
0.4440885583765646,Embryonic fibroblasts,Embryonic,EMB,Embryonic
0.4494385447414145,Embryonic fibroblasts,Embryonic,EMB,Embryonic
0.3228805541201249,Embryonic fibroblasts,Embryonic,EMB,Embryonic
0.5745247420299703,Embryonic fibroblasts,Embryonic,EMB,Embryonic
0.5949085448358209,Embryonic fibroblasts,Embryonic,EMB,Embryonic
0.41460247621134855,Embryonic fibroblasts,Embryonic,EMB,Embryonic
0.5480220303504812,Embryonic fibroblasts,Embryonic,EMB,Embryonic
0.515780901132766,Embryonic fibroblasts,Embryonic,EMB,Embryonic
0.4414251036053744,Embryonic fibroblasts,Embryonic,EMB,Embryonic
0.3855156104593833,Embryonic fibroblasts,Embryonic,EMB,Embryonic
0.46745399041663255,Embryonic fibroblasts,Embryonic,EMB,Embryonic
0.4533215976962652,Embryonic fibroblasts,Embryonic,EMB,Embryonic
0.471328261974761,Embryonic fibroblasts,Embryonic,EMB,Embryonic
0.40688437790685783,Embryonic fibroblasts,Embryonic,EMB,Embryonic
0.5471991654280778,Embryonic fibroblasts,Embryonic,EMB,Embryonic
0.48473356097856296,Embryonic fibroblasts,Embryonic,EMB,Embryonic
0.4153595405719401,Embryonic fibroblasts,Embryonic,EMB,Embryonic
0.43772727425306535,Embryonic fibroblasts,Embryonic,EMB,Embryonic
0.476780840996116,Embryonic fibroblasts,Embryonic,EMB,Embryonic
0.42122981866167813,Embryonic fibroblasts,Embryonic,EMB,Embryonic
0.5657537208413178,Embryonic fibroblasts,Embryonic,EMB,Embryonic
0.46655529662086187,Embryonic fibroblasts,Embryonic,EMB,Embryonic
0.4495745680032122,Embryonic fibroblasts,Embryonic,EMB,Embryonic
0.40245758347706057,Embryonic fibroblasts,Embryonic,EMB,Embryonic
0.39560275559303754,Embryonic fibroblasts,Embryonic,EMB,Embryonic
0.5102140101164474,Embryonic fibroblasts,Embryonic,EMB,Embryonic
0.4126981758562183,Embryonic fibroblasts,Embryonic,EMB,Embryonic
0.3668315728472496,Embryonic fibroblasts,Embryonic,EMB,Embryonic
0.4605883294409448,Embryonic fibroblasts,Embryonic,EMB,Embryonic
0.4210674539779989,Embryonic fibroblasts,Embryonic,EMB,Embryonic
0.42030004888507266,Embryonic fibroblasts,Embryonic,EMB,Embryonic
0.4044652239257509,Embryonic fibroblasts,Embryonic,EMB,Embryonic
0.39056195071839506,Embryonic fibroblasts,Embryonic,EMB,Embryonic
0.5277246391775696,Embryonic fibroblasts,Embryonic,EMB,Embryonic
0.5096854870926906,Embryonic fibroblasts,Embryonic,EMB,Embryonic
0.4010144656262605,Embryonic fibroblasts,Embryonic,EMB,Embryonic
0.4604704352846883,Embryonic fibroblasts,Embryonic,EMB,Embryonic
0.41336140087870377,Embryonic fibroblasts,Embryonic,EMB,Embryonic
0.5080755855837922,Embryonic fibroblasts,Embryonic,EMB,Embryonic
0.4750304794548805,Embryonic fibroblasts,Embryonic,EMB,Embryonic
0.4313243800318886,Embryonic fibroblasts,Embryonic,EMB,Embryonic
0.4520937765185921,Embryonic fibroblasts,Embryonic,EMB,Embryonic
0.5078093006530293,Embryonic fibroblasts,Embryonic,EMB,Embryonic
0.5104917213428868,Embryonic fibroblasts,Embryonic,EMB,Embryonic
0.4315988072809184,Embryonic fibroblasts,Embryonic,EMB,Embryonic
0.4241941682584993,Embryonic fibroblasts,Embryonic,EMB,Embryonic
0.3553351644112217,Embryonic fibroblasts,Embryonic,EMB,Embryonic
0.33924141499651633,Embryonic fibroblasts,Embryonic,EMB,Embryonic
0.45467572861777633,Embryonic fibroblasts,Embryonic,EMB,Embryonic
0.4816058675159737,Embryonic fibroblasts,Embryonic,EMB,Embryonic
0.4756123200506929,Embryonic fibroblasts,Embryonic,EMB,Embryonic
0.3952136216706417,Embryonic fibroblasts,Embryonic,EMB,Embryonic
0.34654695335671337,Embryonic fibroblasts,Embryonic,EMB,Embryonic
0.4974856280746634,Embryonic fibroblasts,Embryonic,EMB,Embryonic
0.4555841390952613,Embryonic fibroblasts,Embryonic,EMB,Embryonic
0.40378056446497007,Embryonic fibroblasts,Embryonic,EMB,Embryonic
0.5316633841024008,Embryonic fibroblasts,Embryonic,EMB,Embryonic
0.4443781957719279,Embryonic fibroblasts,Embryonic,EMB,Embryonic
0.35246922261433655,Embryonic fibroblasts,Embryonic,EMB,Embryonic
0.48003740209824264,Embryonic fibroblasts,Embryonic,EMB,Embryonic
0.3179765183624577,Embryonic fibroblasts,Embryonic,EMB,Embryonic
0.505434811770261,Embryonic fibroblasts,Embryonic,EMB,Embryonic
0.45334543935644067,Embryonic fibroblasts,Embryonic,EMB,Embryonic
0.3767133448199565,Embryonic fibroblasts,Embryonic,EMB,Embryonic
0.4020969609168217,Embryonic fibroblasts,Embryonic,EMB,Embryonic
0.4487099130445809,Embryonic fibroblasts,Embryonic,EMB,Embryonic
0.5097263900911859,Embryonic fibroblasts,Embryonic,EMB,Embryonic
0.3998522085197333,Embryonic fibroblasts,Embryonic,EMB,Embryonic
0.3634434695464309,Embryonic fibroblasts,Embryonic,EMB,Embryonic
0.5151116914727394,Embryonic fibroblasts,Embryonic,EMB,Embryonic
0.4613198773287006,Embryonic fibroblasts,Embryonic,EMB,Embryonic
0.41281679490777734,Embryonic fibroblasts,Embryonic,EMB,Embryonic
0.5551952549513015,Embryonic fibroblasts,Embryonic,EMB,Embryonic
0.46018517731680997,Embryonic fibroblasts,Embryonic,EMB,Embryonic
0.26071434329462173,Embryonic fibroblasts,Embryonic,EMB,Embryonic
0.39641121079905406,Embryonic fibroblasts,Embryonic,EMB,Embryonic
0.3767646787177965,Embryonic fibroblasts,Embryonic,EMB,Embryonic
0.5408335374693344,Embryonic fibroblasts,Embryonic,EMB,Embryonic
0.5512302184337258,Embryonic fibroblasts,Embryonic,EMB,Embryonic
0.4528181683886182,Embryonic fibroblasts,Embryonic,EMB,Embryonic
0.25760012347248856,Embryonic fibroblasts,Embryonic,EMB,Embryonic
0.5051485912300061,Embryonic fibroblasts,Embryonic,EMB,Embryonic
0.3388080244956114,Embryonic fibroblasts,Embryonic,EMB,Embryonic
0.4917960691916703,Embryonic fibroblasts,Embryonic,EMB,Embryonic
0.5342536193069373,Embryonic fibroblasts,Embryonic,EMB,Embryonic
0.4214520261615434,Embryonic fibroblasts,Embryonic,EMB,Embryonic
0.4178721020386324,Embryonic fibroblasts,Embryonic,EMB,Embryonic
0.4468376235598083,Embryonic fibroblasts,Embryonic,EMB,Embryonic
0.3241905973285356,Embryonic fibroblasts,Embryonic,EMB,Embryonic
0.5250275703033125,Embryonic fibroblasts,Embryonic,EMB,Embryonic
0.43025519782123095,Embryonic fibroblasts,Embryonic,EMB,Embryonic
0.31619213933942725,Embryonic fibroblasts,Embryonic,EMB,Embryonic
0.4507118915587126,Embryonic fibroblasts,Embryonic,EMB,Embryonic
0.4362150485303524,Embryonic fibroblasts,Embryonic,EMB,Embryonic
0.4465945578204777,Embryonic fibroblasts,Embryonic,EMB,Embryonic
0.5102210067600328,Embryonic fibroblasts,Embryonic,EMB,Embryonic
0.38855891906940754,Embryonic fibroblasts,Embryonic,EMB,Embryonic
0.47793659105010233,Embryonic fibroblasts,Embryonic,EMB,Embryonic
0.5115680714353545,Embryonic fibroblasts,Embryonic,EMB,Embryonic
0.44560200135390987,Embryonic fibroblasts,Embryonic,EMB,Embryonic
0.3821840387099565,Embryonic fibroblasts,Embryonic,EMB,Embryonic
0.4709581924428985,Embryonic fibroblasts,Embryonic,EMB,Embryonic
0.39783799853434637,Embryonic fibroblasts,Embryonic,EMB,Embryonic
0.4689134122819641,Embryonic fibroblasts,Embryonic,EMB,Embryonic
0.4852347807990004,Embryonic fibroblasts,Embryonic,EMB,Embryonic
0.3681764134029964,Embryonic fibroblasts,Embryonic,EMB,Embryonic
0.33996458526174733,Embryonic fibroblasts,Embryonic,EMB,Embryonic
0.5401884391795742,Embryonic fibroblasts,Embryonic,EMB,Embryonic
0.4931977541150578,Embryonic fibroblasts,Embryonic,EMB,Embryonic
0.5189557645965013,Embryonic fibroblasts,Embryonic,EMB,Embryonic
0.4330321127464236,Embryonic fibroblasts,Embryonic,EMB,Embryonic
0.3257334387057702,Embryonic fibroblasts,Embryonic,EMB,Embryonic
0.4575802286754326,Embryonic fibroblasts,Embryonic,EMB,Embryonic
0.5488121092826184,Embryonic fibroblasts,Embryonic,EMB,Embryonic
0.43081284360274624,Embryonic fibroblasts,Embryonic,EMB,Embryonic
0.3635149874085093,Embryonic fibroblasts,Embryonic,EMB,Embryonic
0.4472997516313332,Embryonic fibroblasts,Embryonic,EMB,Embryonic
0.4911364591544331,Embryonic fibroblasts,Embryonic,EMB,Embryonic
0.4706619424046804,Embryonic fibroblasts,Embryonic,EMB,Embryonic
0.5268987746202127,Embryonic fibroblasts,Embryonic,EMB,Embryonic
0.473921704435655,Embryonic fibroblasts,Embryonic,EMB,Embryonic
0.5068090503304277,Embryonic fibroblasts,Embryonic,EMB,Embryonic
0.5014158581491084,Embryonic fibroblasts,Embryonic,EMB,Embryonic
0.4961374240521695,Embryonic fibroblasts,Embryonic,EMB,Embryonic
0.4390097927953256,Embryonic fibroblasts,Embryonic,EMB,Embryonic
0.36614090818452216,Embryonic fibroblasts,Embryonic,EMB,Embryonic
0.5229640808833133,Embryonic fibroblasts,Embryonic,EMB,Embryonic
0.4693975082799258,Embryonic fibroblasts,Embryonic,EMB,Embryonic
0.48060281173386515,Embryonic fibroblasts,Embryonic,EMB,Embryonic
0.47949616513063426,Embryonic fibroblasts,Embryonic,EMB,Embryonic
0.4753426574162866,Embryonic fibroblasts,Embryonic,EMB,Embryonic
0.41002935337965946,Embryonic fibroblasts,Embryonic,EMB,Embryonic
0.393338263343781,Embryonic fibroblasts,Embryonic,EMB,Embryonic
0.4926568671378164,Embryonic fibroblasts,Embryonic,EMB,Embryonic
0.39368802275668535,Embryonic fibroblasts,Embryonic,EMB,Embryonic
0.4016524877830978,Embryonic fibroblasts,Embryonic,EMB,Embryonic
0.4401562485288541,Embryonic fibroblasts,Embryonic,EMB,Embryonic
0.4732723722511274,Embryonic fibroblasts,Embryonic,EMB,Embryonic
0.4515647540170573,Embryonic fibroblasts,Embryonic,EMB,Embryonic
0.4361411562703493,Embryonic fibroblasts,Embryonic,EMB,Embryonic
0.44703186900443176,Embryonic fibroblasts,Embryonic,EMB,Embryonic
0.5506769489159407,Embryonic fibroblasts,Embryonic,EMB,Embryonic
0.47543956599195003,Embryonic fibroblasts,Embryonic,EMB,Embryonic
0.5319324970344229,Embryonic fibroblasts,Embryonic,EMB,Embryonic
0.4416373377639229,Embryonic fibroblasts,Embryonic,EMB,Embryonic
0.4800584327623406,Embryonic fibroblasts,Embryonic,EMB,Embryonic
0.4994379546220634,Embryonic fibroblasts,Embryonic,EMB,Embryonic
0.3927551457774656,Embryonic fibroblasts,Embryonic,EMB,Embryonic
0.37677325447046134,Embryonic fibroblasts,Embryonic,EMB,Embryonic
0.5012233689838294,Embryonic fibroblasts,Embryonic,EMB,Embryonic
0.4559207578528948,Embryonic fibroblasts,Embryonic,EMB,Embryonic
0.47355747519502395,Embryonic fibroblasts,Embryonic,EMB,Embryonic
0.4923441252371297,Embryonic fibroblasts,Embryonic,EMB,Embryonic
0.46264892877099817,Embryonic fibroblasts,Embryonic,EMB,Embryonic
0.4557200140560561,Embryonic fibroblasts,Embryonic,EMB,Embryonic
0.37475659178421994,Embryonic fibroblasts,Embryonic,EMB,Embryonic
0.48944934818869723,Embryonic fibroblasts,Embryonic,EMB,Embryonic
0.4601067047308966,Embryonic fibroblasts,Embryonic,EMB,Embryonic
0.5339532512464688,Embryonic fibroblasts,Embryonic,EMB,Embryonic
0.3968548886439327,Embryonic fibroblasts,Embryonic,EMB,Embryonic
0.4869749174804181,Embryonic fibroblasts,Embryonic,EMB,Embryonic
0.5103587032526132,Embryonic fibroblasts,Embryonic,EMB,Embryonic
0.4914879004984458,Embryonic fibroblasts,Embryonic,EMB,Embryonic
0.47566188026853745,Embryonic fibroblasts,Embryonic,EMB,Embryonic
0.4552265746994383,Embryonic fibroblasts,Embryonic,EMB,Embryonic
0.37268413272409207,Embryonic fibroblasts,Embryonic,EMB,Embryonic
0.4320214817490836,Embryonic fibroblasts,Embryonic,EMB,Embryonic
0.4073627609547159,Embryonic fibroblasts,Embryonic,EMB,Embryonic
0.5112715465459441,Embryonic fibroblasts,Embryonic,EMB,Embryonic
0.5094355441415159,Embryonic fibroblasts,Embryonic,EMB,Embryonic
0.2865186711453116,Embryonic fibroblasts,Embryonic,EMB,Embryonic
0.48509853093327016,Embryonic fibroblasts,Embryonic,EMB,Embryonic
0.45296609804587273,Embryonic fibroblasts,Embryonic,EMB,Embryonic
0.3152003923986009,Embryonic fibroblasts,Embryonic,EMB,Embryonic
0.4237259827830746,Embryonic fibroblasts,Embryonic,EMB,Embryonic
0.5069613712792473,Embryonic fibroblasts,Embryonic,EMB,Embryonic
0.44339671244691475,Embryonic fibroblasts,Embryonic,EMB,Embryonic
0.39685390985731317,Embryonic fibroblasts,Embryonic,EMB,Embryonic
0.49396154738649056,Embryonic fibroblasts,Embryonic,EMB,Embryonic
0.4850813042887656,Embryonic fibroblasts,Embryonic,EMB,Embryonic
0.45476146162532555,Embryonic fibroblasts,Embryonic,EMB,Embryonic
0.2733458025238461,Embryonic fibroblasts,Embryonic,EMB,Embryonic
0.4287677486482162,Embryonic fibroblasts,Embryonic,EMB,Embryonic
0.46546220117007797,Embryonic fibroblasts,Embryonic,EMB,Embryonic
0.5293142673461585,Embryonic fibroblasts,Embryonic,EMB,Embryonic
0.4029996995730146,Embryonic fibroblasts,Embryonic,EMB,Embryonic
0.47158345834066484,Embryonic fibroblasts,Embryonic,EMB,Embryonic
0.38944963031652535,Embryonic fibroblasts,Embryonic,EMB,Embryonic
0.4817081936261428,Embryonic fibroblasts,Embryonic,EMB,Embryonic
0.404731606537441,Embryonic fibroblasts,Embryonic,EMB,Embryonic
0.4614033055409292,Embryonic fibroblasts,Embryonic,EMB,Embryonic
0.5509158120025819,Embryonic fibroblasts,Embryonic,EMB,Embryonic
0.45610548474594387,Embryonic fibroblasts,Embryonic,EMB,Embryonic
0.4353227581741551,Embryonic fibroblasts,Embryonic,EMB,Embryonic
0.3492066048992489,Embryonic fibroblasts,Embryonic,EMB,Embryonic
0.4541525693446947,Embryonic fibroblasts,Embryonic,EMB,Embryonic
0.39550128092836007,Embryonic fibroblasts,Embryonic,EMB,Embryonic
0.43877710812620274,Embryonic fibroblasts,Embryonic,EMB,Embryonic
0.36231478501869,Embryonic fibroblasts,Embryonic,EMB,Embryonic
0.46362587210797385,Embryonic fibroblasts,Embryonic,EMB,Embryonic
0.5001807160429902,Embryonic fibroblasts,Embryonic,EMB,Embryonic
0.4210699201248109,Embryonic fibroblasts,Embryonic,EMB,Embryonic
0.427237941940469,Embryonic fibroblasts,Embryonic,EMB,Embryonic
0.5286317125732118,Embryonic fibroblasts,Embryonic,EMB,Embryonic
0.46624793903525635,Embryonic fibroblasts,Embryonic,EMB,Embryonic
0.3905638311751126,Embryonic fibroblasts,Embryonic,EMB,Embryonic
0.45975038962272247,Embryonic fibroblasts,Embryonic,EMB,Embryonic
0.43500284799618916,Embryonic fibroblasts,Embryonic,EMB,Embryonic
0.49385048100841067,Embryonic fibroblasts,Embryonic,EMB,Embryonic
0.4809350724193581,Embryonic fibroblasts,Embryonic,EMB,Embryonic
0.42476135987897345,Embryonic fibroblasts,Embryonic,EMB,Embryonic
0.25636050465342763,Embryonic fibroblasts,Embryonic,EMB,Embryonic
0.4516271393056384,Embryonic fibroblasts,Embryonic,EMB,Embryonic
0.4200154288092417,Embryonic fibroblasts,Embryonic,EMB,Embryonic
0.39305285035192083,Embryonic fibroblasts,Embryonic,EMB,Embryonic
0.4649531937673728,Embryonic fibroblasts,Embryonic,EMB,Embryonic
0.4086348944720751,Embryonic fibroblasts,Embryonic,EMB,Embryonic
0.47967854570408175,Embryonic fibroblasts,Embryonic,EMB,Embryonic
0.517826075972103,Embryonic fibroblasts,Embryonic,EMB,Embryonic
0.3962820267840438,Embryonic fibroblasts,Embryonic,EMB,Embryonic
0.5077780534339698,Embryonic fibroblasts,Embryonic,EMB,Embryonic
0.3962626820057476,Embryonic fibroblasts,Embryonic,EMB,Embryonic
0.4390501207813988,Embryonic fibroblasts,Embryonic,EMB,Embryonic
0.44111417216333193,Embryonic fibroblasts,Embryonic,EMB,Embryonic
0.2942228283645848,Embryonic fibroblasts,Embryonic,EMB,Embryonic
0.4393611479270219,Embryonic fibroblasts,Embryonic,EMB,Embryonic
0.41786101110095736,Embryonic fibroblasts,Embryonic,EMB,Embryonic
0.44776266312762314,Embryonic fibroblasts,Embryonic,EMB,Embryonic
0.4105835866562291,Embryonic fibroblasts,Embryonic,EMB,Embryonic
0.4638957324770509,Embryonic fibroblasts,Embryonic,EMB,Embryonic
0.5154730128273044,Embryonic fibroblasts,Embryonic,EMB,Embryonic
0.5538079738122607,Embryonic fibroblasts,Embryonic,EMB,Embryonic
0.41499839836498675,Embryonic fibroblasts,Embryonic,EMB,Embryonic
0.3302823327127987,Embryonic fibroblasts,Embryonic,EMB,Embryonic
0.3778400243181375,Embryonic fibroblasts,Embryonic,EMB,Embryonic
0.497920136567396,Embryonic fibroblasts,Embryonic,EMB,Embryonic
0.4843727133962689,Embryonic fibroblasts,Embryonic,EMB,Embryonic
0.4750034471480599,Embryonic fibroblasts,Embryonic,EMB,Embryonic
0.39873859058295497,Embryonic fibroblasts,Embryonic,EMB,Embryonic
0.43941222832901405,Embryonic fibroblasts,Embryonic,EMB,Embryonic
0.48702525440004885,Embryonic fibroblasts,Embryonic,EMB,Embryonic
0.5192118693554819,Embryonic fibroblasts,Embryonic,EMB,Embryonic
0.45149586483969023,Embryonic fibroblasts,Embryonic,EMB,Embryonic
0.486058767667925,Embryonic fibroblasts,Embryonic,EMB,Embryonic
0.48052120979905455,Embryonic fibroblasts,Embryonic,EMB,Embryonic
0.4032974701908498,Embryonic fibroblasts,Embryonic,EMB,Embryonic
0.525117001740141,Embryonic fibroblasts,Embryonic,EMB,Embryonic
0.47686631694859355,Embryonic fibroblasts,Embryonic,EMB,Embryonic
0.38518649494156115,Embryonic fibroblasts,Embryonic,EMB,Embryonic
0.5350442894657395,Embryonic fibroblasts,Embryonic,EMB,Embryonic
0.5293942937311137,Embryonic fibroblasts,Embryonic,EMB,Embryonic
0.4076436173488262,Embryonic fibroblasts,Embryonic,EMB,Embryonic
0.4132738344752885,Embryonic fibroblasts,Embryonic,EMB,Embryonic
0.4037373546938073,Embryonic fibroblasts,Embryonic,EMB,Embryonic
0.5233408757667929,Embryonic fibroblasts,Embryonic,EMB,Embryonic
0.4373503124815237,Embryonic fibroblasts,Embryonic,EMB,Embryonic
0.47104217905783685,Embryonic fibroblasts,Embryonic,EMB,Embryonic
0.40555042818129966,Embryonic fibroblasts,Embryonic,EMB,Embryonic
0.3532950749121438,Embryonic fibroblasts,Embryonic,EMB,Embryonic
0.4804473404762731,Embryonic fibroblasts,Embryonic,EMB,Embryonic
0.4393983659421955,Embryonic fibroblasts,Embryonic,EMB,Embryonic
0.47203035767879714,Embryonic fibroblasts,Embryonic,EMB,Embryonic
0.5059354577646842,Embryonic fibroblasts,Embryonic,EMB,Embryonic
0.38043781971007046,Embryonic fibroblasts,Embryonic,EMB,Embryonic
0.45535268512672833,Embryonic fibroblasts,Embryonic,EMB,Embryonic
0.4517710320118574,Embryonic fibroblasts,Embryonic,EMB,Embryonic
0.49011102218042635,Embryonic fibroblasts,Embryonic,EMB,Embryonic
0.5021519298106587,Embryonic fibroblasts,Embryonic,EMB,Embryonic
0.4437488458622745,Embryonic fibroblasts,Embryonic,EMB,Embryonic
0.413202989702029,Embryonic fibroblasts,Embryonic,EMB,Embryonic
0.4019624345064806,Embryonic fibroblasts,Embryonic,EMB,Embryonic
0.4755754401618061,Embryonic fibroblasts,Embryonic,EMB,Embryonic
0.4087930766720013,Embryonic fibroblasts,Embryonic,EMB,Embryonic
0.4050778059353355,Embryonic fibroblasts,Embryonic,EMB,Embryonic
0.5082502303814557,Embryonic fibroblasts,Embryonic,EMB,Embryonic
0.44970242086841977,Embryonic fibroblasts,Embryonic,EMB,Embryonic
0.5376111196082531,Embryonic fibroblasts,Embryonic,EMB,Embryonic
0.49058337550723846,Embryonic fibroblasts,Embryonic,EMB,Embryonic
0.4074322350312387,Embryonic fibroblasts,Embryonic,EMB,Embryonic
0.5064678789297377,Embryonic fibroblasts,Embryonic,EMB,Embryonic
0.4498719016274253,Embryonic fibroblasts,Embryonic,EMB,Embryonic
0.44642274418782824,Embryonic fibroblasts,Embryonic,EMB,Embryonic
0.48789354055817136,Embryonic fibroblasts,Embryonic,EMB,Embryonic
0.4427158475144632,Embryonic fibroblasts,Embryonic,EMB,Embryonic
0.5126719869273149,Embryonic fibroblasts,Embryonic,EMB,Embryonic
0.39767405355517954,Embryonic fibroblasts,Embryonic,EMB,Embryonic
0.5378486266305231,Embryonic fibroblasts,Embryonic,EMB,Embryonic
0.2956353266061699,Embryonic fibroblasts,Embryonic,EMB,Embryonic
0.5055091283688673,Embryonic fibroblasts,Embryonic,EMB,Embryonic
0.4544044350678066,Embryonic fibroblasts,Embryonic,EMB,Embryonic
0.5112732648602318,Embryonic fibroblasts,Embryonic,EMB,Embryonic
0.394307557117289,Embryonic fibroblasts,Embryonic,EMB,Embryonic
0.41758311835409023,Embryonic fibroblasts,Embryonic,EMB,Embryonic
0.546978722512413,Embryonic fibroblasts,Embryonic,EMB,Embryonic
0.3057569281925879,Embryonic fibroblasts,Embryonic,EMB,Embryonic
0.48624198584543726,Embryonic fibroblasts,Embryonic,EMB,Embryonic
0.4052330675941766,Embryonic fibroblasts,Embryonic,EMB,Embryonic
0.4445978663359691,Embryonic fibroblasts,Embryonic,EMB,Embryonic
0.5064037179838146,Embryonic fibroblasts,Embryonic,EMB,Embryonic
0.4958438347316792,Embryonic fibroblasts,Embryonic,EMB,Embryonic
0.5160442552402409,Embryonic fibroblasts,Embryonic,EMB,Embryonic
0.4645901054557913,Embryonic fibroblasts,Embryonic,EMB,Embryonic
0.492301572736012,Embryonic fibroblasts,Embryonic,EMB,Embryonic
0.4416676481161132,Embryonic fibroblasts,Embryonic,EMB,Embryonic
0.4612862379155959,Embryonic fibroblasts,Embryonic,EMB,Embryonic
0.44379668737036204,Embryonic fibroblasts,Embryonic,EMB,Embryonic
0.4202502782775385,Embryonic fibroblasts,Embryonic,EMB,Embryonic
0.4656475552775023,Embryonic fibroblasts,Embryonic,EMB,Embryonic
0.5079338632133179,Embryonic fibroblasts,Embryonic,EMB,Embryonic
0.4304397783906238,Embryonic fibroblasts,Embryonic,EMB,Embryonic
0.4818461187000025,Embryonic fibroblasts,Embryonic,EMB,Embryonic
0.46889895985488844,Embryonic fibroblasts,Embryonic,EMB,Embryonic
0.41141439972145294,Embryonic fibroblasts,Embryonic,EMB,Embryonic
0.4296982524159191,Embryonic fibroblasts,Embryonic,EMB,Embryonic
0.43975507414689485,Embryonic fibroblasts,Embryonic,EMB,Embryonic
0.41081098192291293,Embryonic fibroblasts,Embryonic,EMB,Embryonic
0.5211041557474946,Embryonic fibroblasts,Embryonic,EMB,Embryonic
0.4127925902067465,Embryonic fibroblasts,Embryonic,EMB,Embryonic
0.44277902057797197,Embryonic fibroblasts,Embryonic,EMB,Embryonic
0.5211476379970335,Embryonic fibroblasts,Embryonic,EMB,Embryonic
0.46764101815030895,Embryonic fibroblasts,Embryonic,EMB,Embryonic
0.5255701751993722,Embryonic fibroblasts,Embryonic,EMB,Embryonic
0.4693182597831649,Embryonic fibroblasts,Embryonic,EMB,Embryonic
0.44992328179517826,Embryonic fibroblasts,Embryonic,EMB,Embryonic
0.4085007920048679,Embryonic fibroblasts,Embryonic,EMB,Embryonic
0.3864160502522955,Embryonic fibroblasts,Embryonic,EMB,Embryonic
0.45088211065897826,Embryonic fibroblasts,Embryonic,EMB,Embryonic
0.5319295919166421,Embryonic fibroblasts,Embryonic,EMB,Embryonic
0.434356821539885,Embryonic fibroblasts,Embryonic,EMB,Embryonic
0.4446712737505599,Embryonic fibroblasts,Embryonic,EMB,Embryonic
0.3515386405437042,Embryonic fibroblasts,Embryonic,EMB,Embryonic
0.4082285204592172,Embryonic fibroblasts,Embryonic,EMB,Embryonic
0.3518014935915237,Embryonic fibroblasts,Embryonic,EMB,Embryonic
0.4211143977706817,Embryonic fibroblasts,Embryonic,EMB,Embryonic
0.5332564002568362,Embryonic fibroblasts,Embryonic,EMB,Embryonic
0.3387685289725016,Embryonic fibroblasts,Embryonic,EMB,Embryonic
0.36146254740190437,Embryonic fibroblasts,Embryonic,EMB,Embryonic
0.48648410324928754,Embryonic fibroblasts,Embryonic,EMB,Embryonic
0.4157340808847053,Embryonic fibroblasts,Embryonic,EMB,Embryonic
0.4116612481250324,Embryonic fibroblasts,Embryonic,EMB,Embryonic
0.4264589238903371,Embryonic fibroblasts,Embryonic,EMB,Embryonic
0.431435999671577,Embryonic fibroblasts,Embryonic,EMB,Embryonic
0.4191280683738523,Embryonic fibroblasts,Embryonic,EMB,Embryonic
0.4358770132015386,Embryonic fibroblasts,Embryonic,EMB,Embryonic
0.40841601880140976,Embryonic fibroblasts,Embryonic,EMB,Embryonic
0.32267518412293233,Embryonic fibroblasts,Embryonic,EMB,Embryonic
0.49527590951557704,Embryonic fibroblasts,Embryonic,EMB,Embryonic
0.46491603625900835,Embryonic fibroblasts,Embryonic,EMB,Embryonic
0.5138542164219826,Embryonic fibroblasts,Embryonic,EMB,Embryonic
0.510887643496525,Embryonic fibroblasts,Embryonic,EMB,Embryonic
0.509711407735193,Embryonic fibroblasts,Embryonic,EMB,Embryonic
0.5176059628778689,Embryonic fibroblasts,Embryonic,EMB,Embryonic
0.47118561618337496,Embryonic fibroblasts,Embryonic,EMB,Embryonic
0.31844811317907334,Embryonic fibroblasts,Embryonic,EMB,Embryonic
0.36756925327808015,Embryonic fibroblasts,Embryonic,EMB,Embryonic
0.44126093281321377,Embryonic fibroblasts,Embryonic,EMB,Embryonic
0.4954617698237581,Embryonic fibroblasts,Embryonic,EMB,Embryonic
0.5264882643935148,Embryonic fibroblasts,Embryonic,EMB,Embryonic
0.501261416693681,Embryonic fibroblasts,Embryonic,EMB,Embryonic
0.5941613624631283,Embryonic fibroblasts,Embryonic,EMB,Embryonic
0.5143555975939114,Embryonic fibroblasts,Embryonic,EMB,Embryonic
0.41547601617966956,Embryonic fibroblasts,Embryonic,EMB,Embryonic
0.423098786994923,Embryonic fibroblasts,Embryonic,EMB,Embryonic
0.5283779818166867,Embryonic fibroblasts,Embryonic,EMB,Embryonic
0.4792680829337047,Embryonic fibroblasts,Embryonic,EMB,Embryonic
0.4833404031651114,Embryonic fibroblasts,Embryonic,EMB,Embryonic
0.39182750204403866,Embryonic fibroblasts,Embryonic,EMB,Embryonic
0.44887482138706297,Embryonic fibroblasts,Embryonic,EMB,Embryonic
0.4429209232824659,Embryonic fibroblasts,Embryonic,EMB,Embryonic
0.3231410960451142,Embryonic fibroblasts,Embryonic,EMB,Embryonic
0.5553042652842763,Embryonic fibroblasts,Embryonic,EMB,Embryonic
0.506638965689738,Embryonic fibroblasts,Embryonic,EMB,Embryonic
0.524699768534642,Embryonic fibroblasts,Embryonic,EMB,Embryonic
0.46597762269002874,Embryonic fibroblasts,Embryonic,EMB,Embryonic
0.4232448974932078,Embryonic fibroblasts,Embryonic,EMB,Embryonic
0.41926682788802216,Embryonic fibroblasts,Embryonic,EMB,Embryonic
0.5721352415264778,Embryonic fibroblasts,Embryonic,EMB,Embryonic
0.39970094386952415,Embryonic fibroblasts,Embryonic,EMB,Embryonic
0.49214196170535596,Embryonic fibroblasts,Embryonic,EMB,Embryonic
0.45656413941024476,Embryonic fibroblasts,Embryonic,EMB,Embryonic
0.36068925377048694,Embryonic fibroblasts,Embryonic,EMB,Embryonic
0.40646803569378454,Embryonic fibroblasts,Embryonic,EMB,Embryonic
0.3912065297569102,Embryonic fibroblasts,Embryonic,EMB,Embryonic
0.46095577147450406,Embryonic fibroblasts,Embryonic,EMB,Embryonic
0.5018128816848619,Embryonic fibroblasts,Embryonic,EMB,Embryonic
0.49121509269636837,Embryonic fibroblasts,Embryonic,EMB,Embryonic
0.45248353211879233,Embryonic fibroblasts,Embryonic,EMB,Embryonic
0.43455632949503237,Embryonic fibroblasts,Embryonic,EMB,Embryonic
0.5157663067321967,Embryonic fibroblasts,Embryonic,EMB,Embryonic
0.4559731935283195,Embryonic fibroblasts,Embryonic,EMB,Embryonic
0.46639260844326164,Embryonic fibroblasts,Embryonic,EMB,Embryonic
0.42019647625553985,Embryonic fibroblasts,Embryonic,EMB,Embryonic
0.37014362818468616,Embryonic fibroblasts,Embryonic,EMB,Embryonic
0.38555911999630677,Embryonic fibroblasts,Embryonic,EMB,Embryonic
0.48520494817377446,Embryonic fibroblasts,Embryonic,EMB,Embryonic
0.4714884970560377,Embryonic fibroblasts,Embryonic,EMB,Embryonic
0.46890488833578303,Embryonic fibroblasts,Embryonic,EMB,Embryonic
0.3412459996536068,Embryonic fibroblasts,Embryonic,EMB,Embryonic
0.4305377788571384,Embryonic fibroblasts,Embryonic,EMB,Embryonic
0.34260444079546815,Embryonic fibroblasts,Embryonic,EMB,Embryonic
0.4961349041215271,Embryonic fibroblasts,Embryonic,EMB,Embryonic
0.40527770145043723,Embryonic fibroblasts,Embryonic,EMB,Embryonic
0.4373891586439752,Embryonic fibroblasts,Embryonic,EMB,Embryonic
0.44476478247629664,Embryonic fibroblasts,Embryonic,EMB,Embryonic
0.46906999678575173,Embryonic fibroblasts,Embryonic,EMB,Embryonic
0.3920462891295716,Embryonic fibroblasts,Embryonic,EMB,Embryonic
0.37970138303031825,Embryonic fibroblasts,Embryonic,EMB,Embryonic
0.4864560897830312,Embryonic fibroblasts,Embryonic,EMB,Embryonic
0.4351262538086545,Embryonic fibroblasts,Embryonic,EMB,Embryonic
0.4622664960765898,Embryonic fibroblasts,Embryonic,EMB,Embryonic
0.47649113913925023,Embryonic fibroblasts,Embryonic,EMB,Embryonic
0.37159277654747097,Embryonic fibroblasts,Embryonic,EMB,Embryonic
0.4498659205491083,Embryonic fibroblasts,Embryonic,EMB,Embryonic
0.4869186880676029,Embryonic fibroblasts,Embryonic,EMB,Embryonic
0.4256666457531933,Embryonic fibroblasts,Embryonic,EMB,Embryonic
0.561957070423611,Embryonic fibroblasts,Embryonic,EMB,Embryonic
0.4720207450055196,Embryonic fibroblasts,Embryonic,EMB,Embryonic
0.39198959029464836,Embryonic fibroblasts,Embryonic,EMB,Embryonic
0.43752480581442943,Embryonic fibroblasts,Embryonic,EMB,Embryonic
0.36865313073398903,Embryonic fibroblasts,Embryonic,EMB,Embryonic
0.5052354473704845,Embryonic fibroblasts,Embryonic,EMB,Embryonic
0.4786870399995535,Embryonic fibroblasts,Embryonic,EMB,Embryonic
0.5139397370624958,Embryonic fibroblasts,Embryonic,EMB,Embryonic
0.37281400485575605,Embryonic fibroblasts,Embryonic,EMB,Embryonic
0.3453844431498079,Embryonic fibroblasts,Embryonic,EMB,Embryonic
0.49812896731679374,Embryonic fibroblasts,Embryonic,EMB,Embryonic
0.3914467370438422,Embryonic fibroblasts,Embryonic,EMB,Embryonic
0.4173438590071692,Embryonic fibroblasts,Embryonic,EMB,Embryonic
0.46077486323341404,Embryonic fibroblasts,Embryonic,EMB,Embryonic
0.4646435104265713,Embryonic fibroblasts,Embryonic,EMB,Embryonic
0.42680407687635463,Embryonic fibroblasts,Embryonic,EMB,Embryonic
0.49199387662865035,Embryonic fibroblasts,Embryonic,EMB,Embryonic
0.47147536431015363,Embryonic fibroblasts,Embryonic,EMB,Embryonic
0.48742081984034125,Embryonic fibroblasts,Embryonic,EMB,Embryonic
0.5433434461276856,Embryonic fibroblasts,Embryonic,EMB,Embryonic
0.49546277945698636,Embryonic fibroblasts,Embryonic,EMB,Embryonic
0.4587394426453788,Embryonic fibroblasts,Embryonic,EMB,Embryonic
0.3363986247658063,Embryonic fibroblasts,Embryonic,EMB,Embryonic
0.3854106228405476,Embryonic fibroblasts,Embryonic,EMB,Embryonic
0.4723420424899347,Embryonic fibroblasts,Embryonic,EMB,Embryonic
0.4052801169771736,Embryonic fibroblasts,Embryonic,EMB,Embryonic
0.44025646125086354,Embryonic fibroblasts,Embryonic,EMB,Embryonic
0.4349352088974097,Embryonic fibroblasts,Embryonic,EMB,Embryonic
0.46913959424870894,Embryonic fibroblasts,Embryonic,EMB,Embryonic
0.5035210877761983,Embryonic fibroblasts,Embryonic,EMB,Embryonic
0.3905755698915688,Embryonic fibroblasts,Embryonic,EMB,Embryonic
0.4830380399618163,Embryonic fibroblasts,Embryonic,EMB,Embryonic
0.5388858659915501,Embryonic fibroblasts,Embryonic,EMB,Embryonic
0.28551503125498606,Embryonic fibroblasts,Embryonic,EMB,Embryonic
0.38750360557307795,Embryonic fibroblasts,Embryonic,EMB,Embryonic
0.42997893440804985,Embryonic fibroblasts,Embryonic,EMB,Embryonic
0.49988287384520425,Embryonic fibroblasts,Embryonic,EMB,Embryonic
0.42417970554922074,Embryonic fibroblasts,Embryonic,EMB,Embryonic
0.40959078697601636,Embryonic fibroblasts,Embryonic,EMB,Embryonic
0.5142142857206131,Embryonic fibroblasts,Embryonic,EMB,Embryonic
0.4718942731192516,Embryonic fibroblasts,Embryonic,EMB,Embryonic
0.49167736827795766,Embryonic fibroblasts,Embryonic,EMB,Embryonic
0.47304867027262154,Embryonic fibroblasts,Embryonic,EMB,Embryonic
0.3861558088840056,Embryonic fibroblasts,Embryonic,EMB,Embryonic
0.4077259006773118,Embryonic fibroblasts,Embryonic,EMB,Embryonic
0.5346502370911467,Embryonic fibroblasts,Embryonic,EMB,Embryonic
0.46485064896265804,Embryonic fibroblasts,Embryonic,EMB,Embryonic
0.4957849295733011,Embryonic fibroblasts,Embryonic,EMB,Embryonic
0.3532911202187313,Embryonic fibroblasts,Embryonic,EMB,Embryonic
0.3625490203230999,Embryonic fibroblasts,Embryonic,EMB,Embryonic
0.4384012054215569,Embryonic fibroblasts,Embryonic,EMB,Embryonic
0.4077740043815726,Embryonic fibroblasts,Embryonic,EMB,Embryonic
0.3636840908897632,Embryonic fibroblasts,Embryonic,EMB,Embryonic
0.42496375792406665,Embryonic fibroblasts,Embryonic,EMB,Embryonic
0.383447852738784,Embryonic fibroblasts,Embryonic,EMB,Embryonic
0.41249750205745295,Embryonic fibroblasts,Embryonic,EMB,Embryonic
0.4749804885709234,Embryonic fibroblasts,Embryonic,EMB,Embryonic
0.5015385105924787,Embryonic fibroblasts,Embryonic,EMB,Embryonic
0.45705128724511274,Embryonic fibroblasts,Embryonic,EMB,Embryonic
0.3947611620335715,Embryonic fibroblasts,Embryonic,EMB,Embryonic
0.4912046894798777,Embryonic fibroblasts,Embryonic,EMB,Embryonic
0.38206944790910735,Embryonic fibroblasts,Embryonic,EMB,Embryonic
0.4401352882582989,Embryonic fibroblasts,Embryonic,EMB,Embryonic
0.5547617604419599,Embryonic fibroblasts,Embryonic,EMB,Embryonic
0.5149528879904781,Embryonic fibroblasts,Embryonic,EMB,Embryonic
0.4518945782159389,Embryonic fibroblasts,Embryonic,EMB,Embryonic
0.5088280067388482,Embryonic fibroblasts,Embryonic,EMB,Embryonic
0.43264718147671716,Embryonic fibroblasts,Embryonic,EMB,Embryonic
0.40935720340508086,Embryonic fibroblasts,Embryonic,EMB,Embryonic
0.4416554569827306,Embryonic fibroblasts,Embryonic,EMB,Embryonic
0.5151387842863693,Embryonic fibroblasts,Embryonic,EMB,Embryonic
0.42654816827016717,Embryonic fibroblasts,Embryonic,EMB,Embryonic
0.36600736530643263,Embryonic fibroblasts,Embryonic,EMB,Embryonic
0.46411598794024783,Embryonic fibroblasts,Embryonic,EMB,Embryonic
0.4541713375286915,Embryonic fibroblasts,Embryonic,EMB,Embryonic
0.26761209423453536,Embryonic fibroblasts,Embryonic,EMB,Embryonic
0.4415240235381074,Embryonic fibroblasts,Embryonic,EMB,Embryonic
0.44523652757126186,Embryonic fibroblasts,Embryonic,EMB,Embryonic
0.4992634102736127,Embryonic fibroblasts,Embryonic,EMB,Embryonic
0.400388208682325,Embryonic fibroblasts,Embryonic,EMB,Embryonic
0.4247030526702394,Embryonic fibroblasts,Embryonic,EMB,Embryonic
0.36754156251480635,Embryonic fibroblasts,Embryonic,EMB,Embryonic
0.4222902894736868,Embryonic fibroblasts,Embryonic,EMB,Embryonic
0.47623234874797316,Embryonic fibroblasts,Embryonic,EMB,Embryonic
0.48356656733573583,Embryonic fibroblasts,Embryonic,EMB,Embryonic
0.5339350857577481,Embryonic fibroblasts,Embryonic,EMB,Embryonic
0.4706024966397128,Embryonic fibroblasts,Embryonic,EMB,Embryonic
0.49788945210120894,Embryonic fibroblasts,Embryonic,EMB,Embryonic
0.3970918064168843,Embryonic fibroblasts,Embryonic,EMB,Embryonic
0.45290170970507837,Embryonic fibroblasts,Embryonic,EMB,Embryonic
0.4878606224811451,Embryonic fibroblasts,Embryonic,EMB,Embryonic
0.5379509298034706,Embryonic fibroblasts,Embryonic,EMB,Embryonic
0.4608888513389871,Embryonic fibroblasts,Embryonic,EMB,Embryonic
0.4671638930904255,Embryonic fibroblasts,Embryonic,EMB,Embryonic
0.31702625694646647,Embryonic fibroblasts,Embryonic,EMB,Embryonic
0.4621590284695152,Embryonic fibroblasts,Embryonic,EMB,Embryonic
0.5423640706542614,Embryonic fibroblasts,Embryonic,EMB,Embryonic
0.4226134927248574,Embryonic fibroblasts,Embryonic,EMB,Embryonic
0.4309431685468059,Embryonic fibroblasts,Embryonic,EMB,Embryonic
0.4028927618948573,Embryonic fibroblasts,Embryonic,EMB,Embryonic
0.43134773961493716,Embryonic fibroblasts,Embryonic,EMB,Embryonic
0.49622246657024893,Embryonic fibroblasts,Embryonic,EMB,Embryonic
0.3807415816884256,Embryonic fibroblasts,Embryonic,EMB,Embryonic
0.4604908055149864,Embryonic fibroblasts,Embryonic,EMB,Embryonic
0.5281737780585813,Embryonic fibroblasts,Embryonic,EMB,Embryonic
0.42307450122267737,Embryonic fibroblasts,Embryonic,EMB,Embryonic
0.4800404088516442,Embryonic fibroblasts,Embryonic,EMB,Embryonic
0.5419610581308041,Embryonic fibroblasts,Embryonic,EMB,Embryonic
0.4015681555279552,Embryonic fibroblasts,Embryonic,EMB,Embryonic
0.5131302073662789,Embryonic fibroblasts,Embryonic,EMB,Embryonic
0.31295930244308173,Embryonic fibroblasts,Embryonic,EMB,Embryonic
0.39488173430820683,Embryonic fibroblasts,Embryonic,EMB,Embryonic
0.3526637183910531,Embryonic fibroblasts,Embryonic,EMB,Embryonic
0.46244343894659523,Embryonic fibroblasts,Embryonic,EMB,Embryonic
0.47092458941297316,Embryonic fibroblasts,Embryonic,EMB,Embryonic
0.5034138281859972,Embryonic fibroblasts,Embryonic,EMB,Embryonic
0.441643325960688,Embryonic fibroblasts,Embryonic,EMB,Embryonic
0.49652154658707304,Embryonic fibroblasts,Embryonic,EMB,Embryonic
0.4568615861386895,Embryonic fibroblasts,Embryonic,EMB,Embryonic
0.4629930911063159,Embryonic fibroblasts,Embryonic,EMB,Embryonic
0.47818408802340145,Embryonic fibroblasts,Embryonic,EMB,Embryonic
0.5619207331186604,Embryonic fibroblasts,Embryonic,EMB,Embryonic
0.34711906817501664,Embryonic fibroblasts,Embryonic,EMB,Embryonic
0.4217997489073404,Embryonic fibroblasts,Embryonic,EMB,Embryonic
0.4978844331997993,Embryonic fibroblasts,Embryonic,EMB,Embryonic
0.37455085400054006,Embryonic fibroblasts,Embryonic,EMB,Embryonic
0.3999926420556246,Embryonic fibroblasts,Embryonic,EMB,Embryonic
0.544414272304395,Embryonic fibroblasts,Embryonic,EMB,Embryonic
0.461670021533274,Embryonic fibroblasts,Embryonic,EMB,Embryonic
0.40348308530803934,Embryonic fibroblasts,Embryonic,EMB,Embryonic
0.5382993991953837,Embryonic fibroblasts,Embryonic,EMB,Embryonic
0.4966454119349129,Embryonic fibroblasts,Embryonic,EMB,Embryonic
0.4865519883299972,Embryonic fibroblasts,Embryonic,EMB,Embryonic
0.5062550325846489,Embryonic fibroblasts,Embryonic,EMB,Embryonic
0.40416878366677955,Embryonic fibroblasts,Embryonic,EMB,Embryonic
0.45875446810753,Embryonic fibroblasts,Embryonic,EMB,Embryonic
0.47604792043427674,Embryonic fibroblasts,Embryonic,EMB,Embryonic
0.4290457900915555,Embryonic fibroblasts,Embryonic,EMB,Embryonic
0.38424855753665094,Embryonic fibroblasts,Embryonic,EMB,Embryonic
0.5025597207901662,Embryonic fibroblasts,Embryonic,EMB,Embryonic
0.5824201201443452,Embryonic fibroblasts,Embryonic,EMB,Embryonic
0.34910711390878707,Embryonic fibroblasts,Embryonic,EMB,Embryonic
0.5459348570625737,Embryonic fibroblasts,Embryonic,EMB,Embryonic
0.5033365874870818,Embryonic fibroblasts,Embryonic,EMB,Embryonic
0.4810503924656725,Embryonic fibroblasts,Embryonic,EMB,Embryonic
0.4591221834104041,Embryonic fibroblasts,Embryonic,EMB,Embryonic
0.5220296880701086,Embryonic fibroblasts,Embryonic,EMB,Embryonic
0.5552550364697397,Embryonic fibroblasts,Embryonic,EMB,Embryonic
0.4477200639611232,Embryonic fibroblasts,Embryonic,EMB,Embryonic
0.4514656612642222,Embryonic fibroblasts,Embryonic,EMB,Embryonic
0.5107532677600028,Embryonic fibroblasts,Embryonic,EMB,Embryonic
0.45041295905195283,Embryonic fibroblasts,Embryonic,EMB,Embryonic
0.36483645770353523,Embryonic fibroblasts,Embryonic,EMB,Embryonic
0.4769192422150626,Embryonic fibroblasts,Embryonic,EMB,Embryonic
0.4468099351693504,Embryonic fibroblasts,Embryonic,EMB,Embryonic
0.48963674331339174,Embryonic fibroblasts,Embryonic,EMB,Embryonic
0.5117713996243383,Embryonic fibroblasts,Embryonic,EMB,Embryonic
0.39579883047883346,Embryonic fibroblasts,Embryonic,EMB,Embryonic
0.4798742618991852,Embryonic fibroblasts,Embryonic,EMB,Embryonic
0.4678246278424691,Embryonic fibroblasts,Embryonic,EMB,Embryonic
0.42952422613230534,Embryonic fibroblasts,Embryonic,EMB,Embryonic
0.40072675218924236,Embryonic fibroblasts,Embryonic,EMB,Embryonic
0.510050423827973,Embryonic fibroblasts,Embryonic,EMB,Embryonic
0.5046861368962746,Embryonic fibroblasts,Embryonic,EMB,Embryonic
0.49896302560343175,Embryonic fibroblasts,Embryonic,EMB,Embryonic
0.43205831536805755,Embryonic fibroblasts,Embryonic,EMB,Embryonic
0.5139304324598349,Embryonic fibroblasts,Embryonic,EMB,Embryonic
0.4294489524978931,Embryonic fibroblasts,Embryonic,EMB,Embryonic
0.456770691069829,Embryonic fibroblasts,Embryonic,EMB,Embryonic
0.4665027850153237,Embryonic fibroblasts,Embryonic,EMB,Embryonic
0.47942621688637127,Embryonic fibroblasts,Embryonic,EMB,Embryonic
0.3753208656318945,Embryonic fibroblasts,Embryonic,EMB,Embryonic
0.4978246212302217,Embryonic fibroblasts,Embryonic,EMB,Embryonic
0.446151778086473,Embryonic fibroblasts,Embryonic,EMB,Embryonic
0.4199709669821445,Embryonic fibroblasts,Embryonic,EMB,Embryonic
0.4756099155970982,Embryonic fibroblasts,Embryonic,EMB,Embryonic
0.5070771860577075,Embryonic fibroblasts,Embryonic,EMB,Embryonic
0.39217681299470997,Embryonic fibroblasts,Embryonic,EMB,Embryonic
0.3869997796096818,Embryonic fibroblasts,Embryonic,EMB,Embryonic
0.49849556185955474,Embryonic fibroblasts,Embryonic,EMB,Embryonic
0.46335381886139965,Embryonic fibroblasts,Embryonic,EMB,Embryonic
0.4181971976106008,Embryonic fibroblasts,Embryonic,EMB,Embryonic
0.38853031991305703,Embryonic fibroblasts,Embryonic,EMB,Embryonic
0.455306964520718,Embryonic fibroblasts,Embryonic,EMB,Embryonic
0.525696267830542,Embryonic fibroblasts,Embryonic,EMB,Embryonic
0.43431473727446734,Embryonic fibroblasts,Embryonic,EMB,Embryonic
0.3756451611693855,Embryonic fibroblasts,Embryonic,EMB,Embryonic
0.3913432110796918,Embryonic fibroblasts,Embryonic,EMB,Embryonic
0.2809249510934138,Embryonic fibroblasts,Embryonic,EMB,Embryonic
0.3590264614009522,Embryonic fibroblasts,Embryonic,EMB,Embryonic
0.5069869174122835,Embryonic fibroblasts,Embryonic,EMB,Embryonic
0.40646700589162,Embryonic fibroblasts,Embryonic,EMB,Embryonic
0.3959976965872401,Embryonic fibroblasts,Embryonic,EMB,Embryonic
0.4285922927429338,Embryonic fibroblasts,Embryonic,EMB,Embryonic
0.43949537022143953,Embryonic fibroblasts,Embryonic,EMB,Embryonic
0.5617681990118657,Embryonic fibroblasts,Embryonic,EMB,Embryonic
0.47808765045172336,Embryonic fibroblasts,Embryonic,EMB,Embryonic
0.44579969133649555,Embryonic fibroblasts,Embryonic,EMB,Embryonic
0.3671366596478979,Embryonic fibroblasts,Embryonic,EMB,Embryonic
0.40531364882261756,Embryonic fibroblasts,Embryonic,EMB,Embryonic
0.46645255289506843,Embryonic fibroblasts,Embryonic,EMB,Embryonic
0.5597898679824629,Embryonic fibroblasts,Embryonic,EMB,Embryonic
0.4647717658795683,Embryonic fibroblasts,Embryonic,EMB,Embryonic
0.5376151288764348,Embryonic fibroblasts,Embryonic,EMB,Embryonic
0.46778991868479625,Embryonic fibroblasts,Embryonic,EMB,Embryonic
0.5224675244373478,Embryonic fibroblasts,Embryonic,EMB,Embryonic
0.41371631444353246,Embryonic fibroblasts,Embryonic,EMB,Embryonic
0.4640941963931373,Embryonic fibroblasts,Embryonic,EMB,Embryonic
0.40167977872686766,Embryonic fibroblasts,Embryonic,EMB,Embryonic
0.37176004030534937,Embryonic fibroblasts,Embryonic,EMB,Embryonic
0.41226741601737144,Embryonic fibroblasts,Embryonic,EMB,Embryonic
0.5270492728508386,Embryonic fibroblasts,Embryonic,EMB,Embryonic
0.3702706165539138,Embryonic fibroblasts,Embryonic,EMB,Embryonic
0.4706407832130466,Embryonic fibroblasts,Embryonic,EMB,Embryonic
0.5557779086320795,Embryonic fibroblasts,Embryonic,EMB,Embryonic
0.39879367076186456,Embryonic fibroblasts,Embryonic,EMB,Embryonic
0.34633127070550923,Embryonic fibroblasts,Embryonic,EMB,Embryonic
0.5470853972034585,Embryonic fibroblasts,Embryonic,EMB,Embryonic
0.5215047361345031,Embryonic fibroblasts,Embryonic,EMB,Embryonic
0.4498705261850565,Embryonic fibroblasts,Embryonic,EMB,Embryonic
0.3559405536244277,Embryonic fibroblasts,Embryonic,EMB,Embryonic
0.3127755017392298,Embryonic fibroblasts,Embryonic,EMB,Embryonic
0.4624468720159466,Embryonic fibroblasts,Embryonic,EMB,Embryonic
0.42243379976105305,Embryonic fibroblasts,Embryonic,EMB,Embryonic
0.48889747270034006,Embryonic fibroblasts,Embryonic,EMB,Embryonic
0.43022398342612667,Embryonic fibroblasts,Embryonic,EMB,Embryonic
0.5090845935749557,Embryonic fibroblasts,Embryonic,EMB,Embryonic
0.4923289222092444,Embryonic fibroblasts,Embryonic,EMB,Embryonic
0.5923357980764927,Embryonic fibroblasts,Embryonic,EMB,Embryonic
0.40815645487210134,Embryonic fibroblasts,Embryonic,EMB,Embryonic
0.4706979684752596,Embryonic fibroblasts,Embryonic,EMB,Embryonic
0.47548717615047287,Embryonic fibroblasts,Embryonic,EMB,Embryonic
0.5533950876057605,Embryonic fibroblasts,Embryonic,EMB,Embryonic
0.4155185860814382,Embryonic fibroblasts,Embryonic,EMB,Embryonic
0.5055565178554977,Embryonic fibroblasts,Embryonic,EMB,Embryonic
0.5058999505498809,Embryonic fibroblasts,Embryonic,EMB,Embryonic
0.3875582218664503,Embryonic fibroblasts,Embryonic,EMB,Embryonic
0.5275971924593754,Embryonic fibroblasts,Embryonic,EMB,Embryonic
0.4817562728113044,Embryonic fibroblasts,Embryonic,EMB,Embryonic
0.48476094802138275,Embryonic fibroblasts,Embryonic,EMB,Embryonic
0.40301667904918087,Embryonic fibroblasts,Embryonic,EMB,Embryonic
0.436302043876039,Embryonic fibroblasts,Embryonic,EMB,Embryonic
0.43749799694778657,Embryonic fibroblasts,Embryonic,EMB,Embryonic
0.49906009118042377,Embryonic fibroblasts,Embryonic,EMB,Embryonic
0.4235171389831885,Embryonic fibroblasts,Embryonic,EMB,Embryonic
0.45884585197649624,Embryonic fibroblasts,Embryonic,EMB,Embryonic
0.49293535308869524,Embryonic fibroblasts,Embryonic,EMB,Embryonic
0.45443552647194574,Embryonic fibroblasts,Embryonic,EMB,Embryonic
0.37140860687072363,Embryonic fibroblasts,Embryonic,EMB,Embryonic
0.5462120518060534,Embryonic fibroblasts,Embryonic,EMB,Embryonic
0.48848289230318204,Embryonic fibroblasts,Embryonic,EMB,Embryonic
0.4719336357646628,Embryonic fibroblasts,Embryonic,EMB,Embryonic
0.4816115306369403,Embryonic fibroblasts,Embryonic,EMB,Embryonic
0.4309473925548397,Embryonic fibroblasts,Embryonic,EMB,Embryonic
0.449191231661359,Embryonic fibroblasts,Embryonic,EMB,Embryonic
0.48167253178282693,Embryonic fibroblasts,Embryonic,EMB,Embryonic
0.44337242351091427,Embryonic fibroblasts,Embryonic,EMB,Embryonic
0.5230240415493631,Embryonic fibroblasts,Embryonic,EMB,Embryonic
0.336771223324106,Embryonic fibroblasts,Embryonic,EMB,Embryonic
0.31883856717813025,Embryonic fibroblasts,Embryonic,EMB,Embryonic
0.47418147796371424,Embryonic fibroblasts,Embryonic,EMB,Embryonic
0.48472322380545224,Embryonic fibroblasts,Embryonic,EMB,Embryonic
0.45810458740702614,Embryonic fibroblasts,Embryonic,EMB,Embryonic
0.5122962080045728,Embryonic fibroblasts,Embryonic,EMB,Embryonic
0.4493472814905973,Embryonic fibroblasts,Embryonic,EMB,Embryonic
0.5096135488467026,Embryonic fibroblasts,Embryonic,EMB,Embryonic
0.43895860561661126,Embryonic fibroblasts,Embryonic,EMB,Embryonic
0.3548116025503508,Embryonic fibroblasts,Embryonic,EMB,Embryonic
0.5077939117545536,Embryonic fibroblasts,Embryonic,EMB,Embryonic
0.390194354847262,Embryonic fibroblasts,Embryonic,EMB,Embryonic
0.5216223732356878,Embryonic fibroblasts,Embryonic,EMB,Embryonic
0.4669832213400015,Embryonic fibroblasts,Embryonic,EMB,Embryonic
0.42498340998204104,Embryonic fibroblasts,Embryonic,EMB,Embryonic
0.4943649407469236,Embryonic fibroblasts,Embryonic,EMB,Embryonic
0.5040460669991882,Embryonic fibroblasts,Embryonic,EMB,Embryonic
0.4428194430812176,Embryonic fibroblasts,Embryonic,EMB,Embryonic
0.5152317868113493,Embryonic fibroblasts,Embryonic,EMB,Embryonic
0.527289418049084,Embryonic fibroblasts,Embryonic,EMB,Embryonic
0.37230037955755313,Embryonic fibroblasts,Embryonic,EMB,Embryonic
0.4798188811635763,Embryonic fibroblasts,Embryonic,EMB,Embryonic
0.42685167319345046,Embryonic fibroblasts,Embryonic,EMB,Embryonic
0.4710074485448196,Embryonic fibroblasts,Embryonic,EMB,Embryonic
0.48737337656988045,Embryonic fibroblasts,Embryonic,EMB,Embryonic
0.3816180592030133,Embryonic fibroblasts,Embryonic,EMB,Embryonic
0.4758577483238681,Embryonic fibroblasts,Embryonic,EMB,Embryonic
0.4343708207590956,Embryonic fibroblasts,Embryonic,EMB,Embryonic
0.49988181873300175,Embryonic fibroblasts,Embryonic,EMB,Embryonic
0.5153430109816963,Embryonic fibroblasts,Embryonic,EMB,Embryonic
0.36603267613521084,Embryonic fibroblasts,Embryonic,EMB,Embryonic
0.48732397414430306,Embryonic fibroblasts,Embryonic,EMB,Embryonic
0.6142334519840489,Embryonic fibroblasts,Embryonic,EMB,Embryonic
0.38600480524356146,Embryonic fibroblasts,Embryonic,EMB,Embryonic
0.4336298033579637,Embryonic fibroblasts,Embryonic,EMB,Embryonic
0.4378816619246624,Embryonic fibroblasts,Embryonic,EMB,Embryonic
0.5290971139444742,Embryonic fibroblasts,Embryonic,EMB,Embryonic
0.38565574699779925,Embryonic fibroblasts,Embryonic,EMB,Embryonic
0.4987830649068834,Embryonic fibroblasts,Embryonic,EMB,Embryonic
0.46400696890694754,Embryonic fibroblasts,Embryonic,EMB,Embryonic
0.5038621690098783,Embryonic fibroblasts,Embryonic,EMB,Embryonic
0.4861787111463078,Embryonic fibroblasts,Embryonic,EMB,Embryonic
0.517701699677874,Embryonic fibroblasts,Embryonic,EMB,Embryonic
0.42968911865601367,Embryonic fibroblasts,Embryonic,EMB,Embryonic
0.4684645371790029,Embryonic fibroblasts,Embryonic,EMB,Embryonic
0.3593813986939413,Embryonic fibroblasts,Embryonic,EMB,Embryonic
0.4521448636435632,Embryonic fibroblasts,Embryonic,EMB,Embryonic
0.35813944739670567,Embryonic fibroblasts,Embryonic,EMB,Embryonic
0.47192929944333606,Embryonic fibroblasts,Embryonic,EMB,Embryonic
0.388513073099616,Embryonic fibroblasts,Embryonic,EMB,Embryonic
0.42800794447602863,Embryonic fibroblasts,Embryonic,EMB,Embryonic
0.48302925263305385,Embryonic fibroblasts,Embryonic,EMB,Embryonic
0.5297640888072533,Embryonic fibroblasts,Embryonic,EMB,Embryonic
0.38311236185971176,Embryonic fibroblasts,Embryonic,EMB,Embryonic
0.44584444264715056,Embryonic fibroblasts,Embryonic,EMB,Embryonic
0.4716857421356145,Embryonic fibroblasts,Embryonic,EMB,Embryonic
0.424685731113093,Embryonic fibroblasts,Embryonic,EMB,Embryonic
0.4985664845402746,Embryonic fibroblasts,Embryonic,EMB,Embryonic
0.45303494293067365,Embryonic fibroblasts,Embryonic,EMB,Embryonic
0.47770220269905744,Embryonic fibroblasts,Embryonic,EMB,Embryonic
0.3149554984045058,Embryonic fibroblasts,Embryonic,EMB,Embryonic
0.4854232152171237,Embryonic fibroblasts,Embryonic,EMB,Embryonic
0.49941611917785605,Embryonic fibroblasts,Embryonic,EMB,Embryonic
0.38782270780717987,Embryonic fibroblasts,Embryonic,EMB,Embryonic
0.3327267204061623,Embryonic fibroblasts,Embryonic,EMB,Embryonic
0.5362432018345678,Embryonic fibroblasts,Embryonic,EMB,Embryonic
0.5602993305703798,Embryonic fibroblasts,Embryonic,EMB,Embryonic
0.46137425080389743,Embryonic fibroblasts,Embryonic,EMB,Embryonic
0.4616420499867679,Embryonic fibroblasts,Embryonic,EMB,Embryonic
0.4601404121647281,Embryonic fibroblasts,Embryonic,EMB,Embryonic
0.48435057225426076,Embryonic fibroblasts,Embryonic,EMB,Embryonic
0.42493212235411393,Embryonic fibroblasts,Embryonic,EMB,Embryonic
0.45959995427172184,Embryonic fibroblasts,Embryonic,EMB,Embryonic
0.5065871212409785,Embryonic fibroblasts,Embryonic,EMB,Embryonic
0.3952474449769901,Embryonic fibroblasts,Embryonic,EMB,Embryonic
0.5662382202180076,Embryonic fibroblasts,Embryonic,EMB,Embryonic
0.40725574813738374,Embryonic fibroblasts,Embryonic,EMB,Embryonic
0.5310616763132923,Embryonic fibroblasts,Embryonic,EMB,Embryonic
0.5145681955842538,Embryonic fibroblasts,Embryonic,EMB,Embryonic
0.44987572660689384,Embryonic fibroblasts,Embryonic,EMB,Embryonic
0.4570111328700803,Embryonic fibroblasts,Embryonic,EMB,Embryonic
0.4413452789097833,Embryonic fibroblasts,Embryonic,EMB,Embryonic
0.436053187674614,Embryonic fibroblasts,Embryonic,EMB,Embryonic
0.40898992984146093,Embryonic fibroblasts,Embryonic,EMB,Embryonic
0.5297820004046568,Embryonic fibroblasts,Embryonic,EMB,Embryonic
0.42962520250561276,Embryonic fibroblasts,Embryonic,EMB,Embryonic
0.5240058420407878,Embryonic fibroblasts,Embryonic,EMB,Embryonic
0.4007803489626529,Embryonic fibroblasts,Embryonic,EMB,Embryonic
0.45569681819731483,Embryonic fibroblasts,Embryonic,EMB,Embryonic
0.48023488485489346,Embryonic fibroblasts,Embryonic,EMB,Embryonic
0.3889765742406938,Embryonic fibroblasts,Embryonic,EMB,Embryonic
0.4937135185069275,Embryonic fibroblasts,Embryonic,EMB,Embryonic
0.4448021926895701,Embryonic fibroblasts,Embryonic,EMB,Embryonic
0.3872532200917104,Embryonic fibroblasts,Embryonic,EMB,Embryonic
0.3788733651423984,Embryonic fibroblasts,Embryonic,EMB,Embryonic
0.4662372704588376,Embryonic fibroblasts,Embryonic,EMB,Embryonic
0.446498084656559,Embryonic fibroblasts,Embryonic,EMB,Embryonic
0.45904924423151333,Embryonic fibroblasts,Embryonic,EMB,Embryonic
0.4092262271230161,Embryonic fibroblasts,Embryonic,EMB,Embryonic
0.4338087338568782,Embryonic fibroblasts,Embryonic,EMB,Embryonic
0.48063087819301314,Embryonic fibroblasts,Embryonic,EMB,Embryonic
0.340183346641773,Embryonic fibroblasts,Embryonic,EMB,Embryonic
0.5277827450924089,Embryonic fibroblasts,Embryonic,EMB,Embryonic
0.3725570098952883,Embryonic fibroblasts,Embryonic,EMB,Embryonic
0.5026126065097012,Embryonic fibroblasts,Embryonic,EMB,Embryonic
0.3987105826532695,Embryonic fibroblasts,Embryonic,EMB,Embryonic
0.3619243674028124,Embryonic fibroblasts,Embryonic,EMB,Embryonic
0.5276771535918893,Embryonic fibroblasts,Embryonic,EMB,Embryonic
0.48246101855539614,Embryonic fibroblasts,Embryonic,EMB,Embryonic
0.5092508682640118,Embryonic fibroblasts,Embryonic,EMB,Embryonic
0.5210994551989045,Embryonic fibroblasts,Embryonic,EMB,Embryonic
0.4072784896018519,Embryonic fibroblasts,Embryonic,EMB,Embryonic
0.4607541651590321,Embryonic fibroblasts,Embryonic,EMB,Embryonic
0.4188215998033258,Embryonic fibroblasts,Embryonic,EMB,Embryonic
0.4519340045319142,Embryonic fibroblasts,Embryonic,EMB,Embryonic
0.4398271551573151,Embryonic fibroblasts,Embryonic,EMB,Embryonic
0.5111212132260337,Embryonic fibroblasts,Embryonic,EMB,Embryonic
0.41820394431756247,Embryonic fibroblasts,Embryonic,EMB,Embryonic
0.4612249500544368,Embryonic fibroblasts,Embryonic,EMB,Embryonic
0.3875291489378288,Embryonic fibroblasts,Embryonic,EMB,Embryonic
0.3798629955313103,Embryonic fibroblasts,Embryonic,EMB,Embryonic
0.37470846830649224,Embryonic fibroblasts,Embryonic,EMB,Embryonic
0.5282199368446219,Embryonic fibroblasts,Embryonic,EMB,Embryonic
0.48326002916260524,Embryonic fibroblasts,Embryonic,EMB,Embryonic
0.4975402973609274,Embryonic fibroblasts,Embryonic,EMB,Embryonic
0.4737267744336018,Embryonic fibroblasts,Embryonic,EMB,Embryonic
0.5111305518390576,Embryonic fibroblasts,Embryonic,EMB,Embryonic
0.4956614786773308,Embryonic fibroblasts,Embryonic,EMB,Embryonic
0.5221121489643283,Embryonic fibroblasts,Embryonic,EMB,Embryonic
0.41779913636329585,Embryonic fibroblasts,Embryonic,EMB,Embryonic
0.5079426521239576,Embryonic fibroblasts,Embryonic,EMB,Embryonic
0.4639692031667363,Embryonic fibroblasts,Embryonic,EMB,Embryonic
0.44044687736585575,Embryonic fibroblasts,Embryonic,EMB,Embryonic
0.38505490489107874,Embryonic fibroblasts,Embryonic,EMB,Embryonic
0.35204431769908673,Embryonic fibroblasts,Embryonic,EMB,Embryonic
0.46424966804619866,Embryonic fibroblasts,Embryonic,EMB,Embryonic
0.42505447424078496,Embryonic fibroblasts,Embryonic,EMB,Embryonic
0.49313962051736454,Embryonic fibroblasts,Embryonic,EMB,Embryonic
0.4139523918441339,Embryonic fibroblasts,Embryonic,EMB,Embryonic
0.40052012499501394,Embryonic fibroblasts,Embryonic,EMB,Embryonic
0.5579387649767087,Embryonic fibroblasts,Embryonic,EMB,Embryonic
0.36909330827972836,Embryonic fibroblasts,Embryonic,EMB,Embryonic
0.4803183356088745,Embryonic fibroblasts,Embryonic,EMB,Embryonic
0.46770740123846066,Embryonic fibroblasts,Embryonic,EMB,Embryonic
0.43696824243250115,Embryonic fibroblasts,Embryonic,EMB,Embryonic
0.5057515902265137,Embryonic fibroblasts,Embryonic,EMB,Embryonic
0.5246214968471539,Embryonic fibroblasts,Embryonic,EMB,Embryonic
0.3661645264045198,Embryonic fibroblasts,Embryonic,EMB,Embryonic
0.5172477586126516,Embryonic fibroblasts,Embryonic,EMB,Embryonic
0.5332809525754179,Embryonic fibroblasts,Embryonic,EMB,Embryonic
0.5661213159215122,Embryonic fibroblasts,Embryonic,EMB,Embryonic
0.46254135399173213,Embryonic fibroblasts,Embryonic,EMB,Embryonic
0.26520576571963417,Embryonic fibroblasts,Embryonic,EMB,Embryonic
0.3910096160806414,Embryonic fibroblasts,Embryonic,EMB,Embryonic
0.47864489483185735,Embryonic fibroblasts,Embryonic,EMB,Embryonic
0.30626012970989436,Embryonic fibroblasts,Embryonic,EMB,Embryonic
0.4484137571280659,Embryonic fibroblasts,Embryonic,EMB,Embryonic
0.44367554680628324,Embryonic fibroblasts,Embryonic,EMB,Embryonic
0.3788390039977458,Embryonic fibroblasts,Embryonic,EMB,Embryonic
0.3926654042926735,Embryonic fibroblasts,Embryonic,EMB,Embryonic
0.46172273680552295,Embryonic fibroblasts,Embryonic,EMB,Embryonic
0.35464296335010337,Embryonic fibroblasts,Embryonic,EMB,Embryonic
0.5111114443423662,Embryonic fibroblasts,Embryonic,EMB,Embryonic
0.3621008404552405,Embryonic fibroblasts,Embryonic,EMB,Embryonic
0.5779271585526566,Embryonic fibroblasts,Embryonic,EMB,Embryonic
0.580752677846296,Embryonic fibroblasts,Embryonic,EMB,Embryonic
0.43522103792301675,Embryonic fibroblasts,Embryonic,EMB,Embryonic
0.5004818256084735,Embryonic fibroblasts,Embryonic,EMB,Embryonic
0.4604042163163133,Embryonic fibroblasts,Embryonic,EMB,Embryonic
0.47566961367150545,Embryonic fibroblasts,Embryonic,EMB,Embryonic
0.4725134507665094,Embryonic fibroblasts,Embryonic,EMB,Embryonic
0.45538893859217877,Embryonic fibroblasts,Embryonic,EMB,Embryonic
0.4809352741087222,Embryonic fibroblasts,Embryonic,EMB,Embryonic
0.4808748412522789,Embryonic fibroblasts,Embryonic,EMB,Embryonic
0.5058386678298232,Embryonic fibroblasts,Embryonic,EMB,Embryonic
0.41163708336640514,Embryonic fibroblasts,Embryonic,EMB,Embryonic
0.46744740782944766,Embryonic fibroblasts,Embryonic,EMB,Embryonic
0.4740070040088063,Embryonic fibroblasts,Embryonic,EMB,Embryonic
0.505515428986412,Embryonic fibroblasts,Embryonic,EMB,Embryonic
0.5680607742920175,Embryonic fibroblasts,Embryonic,EMB,Embryonic
0.40274529295938527,Embryonic fibroblasts,Embryonic,EMB,Embryonic
0.5071557796572392,Embryonic fibroblasts,Embryonic,EMB,Embryonic
0.4520544356239947,Embryonic fibroblasts,Embryonic,EMB,Embryonic
0.47049006351958955,Embryonic fibroblasts,Embryonic,EMB,Embryonic
0.42072202890907456,Embryonic fibroblasts,Embryonic,EMB,Embryonic
0.43776379189203574,Embryonic fibroblasts,Embryonic,EMB,Embryonic
0.4694645134413512,Embryonic fibroblasts,Embryonic,EMB,Embryonic
0.47268550365811035,Embryonic fibroblasts,Embryonic,EMB,Embryonic
0.5290173280048787,Embryonic fibroblasts,Embryonic,EMB,Embryonic
0.541397033824284,Embryonic fibroblasts,Embryonic,EMB,Embryonic
0.42052281834687183,Embryonic fibroblasts,Embryonic,EMB,Embryonic
0.5197830010370028,Embryonic fibroblasts,Embryonic,EMB,Embryonic
0.43228179232450825,Embryonic fibroblasts,Embryonic,EMB,Embryonic
0.4587636255955958,Embryonic fibroblasts,Embryonic,EMB,Embryonic
0.42754549567886785,Embryonic fibroblasts,Embryonic,EMB,Embryonic
0.4399805300319291,Embryonic fibroblasts,Embryonic,EMB,Embryonic
0.4086437063199367,Embryonic fibroblasts,Embryonic,EMB,Embryonic
0.5408939224739873,Embryonic fibroblasts,Embryonic,EMB,Embryonic
0.5031582007585114,Embryonic fibroblasts,Embryonic,EMB,Embryonic
0.3284605007658058,Embryonic fibroblasts,Embryonic,EMB,Embryonic
0.449221980984518,Embryonic fibroblasts,Embryonic,EMB,Embryonic
0.40945514376025566,Embryonic fibroblasts,Embryonic,EMB,Embryonic
0.4084889627259326,Embryonic fibroblasts,Embryonic,EMB,Embryonic
0.47177938057529517,Embryonic fibroblasts,Embryonic,EMB,Embryonic
0.41013242534500616,Embryonic fibroblasts,Embryonic,EMB,Embryonic
0.3335309377627182,Embryonic fibroblasts,Embryonic,EMB,Embryonic
0.4063438954947525,Embryonic fibroblasts,Embryonic,EMB,Embryonic
0.335968986478011,Embryonic fibroblasts,Embryonic,EMB,Embryonic
0.4712162073187974,Embryonic fibroblasts,Embryonic,EMB,Embryonic
0.44514606830961545,Embryonic fibroblasts,Embryonic,EMB,Embryonic
0.44324789654286645,Embryonic fibroblasts,Embryonic,EMB,Embryonic
0.40812281387711913,Embryonic fibroblasts,Embryonic,EMB,Embryonic
0.5467286569657426,Embryonic fibroblasts,Embryonic,EMB,Embryonic
0.48506104834910724,Embryonic fibroblasts,Embryonic,EMB,Embryonic
0.5462374559655961,Embryonic fibroblasts,Embryonic,EMB,Embryonic
0.3694220532427777,Embryonic fibroblasts,Embryonic,EMB,Embryonic
0.48209796820887135,Embryonic fibroblasts,Embryonic,EMB,Embryonic
0.5145890704334314,Embryonic fibroblasts,Embryonic,EMB,Embryonic
0.4829889305790207,Embryonic fibroblasts,Embryonic,EMB,Embryonic
0.44017615210532945,Embryonic fibroblasts,Embryonic,EMB,Embryonic
0.4873270236083934,Embryonic fibroblasts,Embryonic,EMB,Embryonic
0.5547652049799221,Embryonic fibroblasts,Embryonic,EMB,Embryonic
0.5321969038812842,Embryonic fibroblasts,Embryonic,EMB,Embryonic
0.44213118168567683,Embryonic fibroblasts,Embryonic,EMB,Embryonic
0.5183473844486673,Embryonic fibroblasts,Embryonic,EMB,Embryonic
0.5370886630841911,Embryonic fibroblasts,Embryonic,EMB,Embryonic
0.4688054977945339,Embryonic fibroblasts,Embryonic,EMB,Embryonic
0.4722821316530218,Embryonic fibroblasts,Embryonic,EMB,Embryonic
0.4494665368523263,Embryonic fibroblasts,Embryonic,EMB,Embryonic
0.4756057845243596,Embryonic fibroblasts,Embryonic,EMB,Embryonic
0.4722509916061537,Embryonic fibroblasts,Embryonic,EMB,Embryonic
0.39306463059265784,Embryonic fibroblasts,Embryonic,EMB,Embryonic
0.460948168971888,Embryonic fibroblasts,Embryonic,EMB,Embryonic
0.39650018032769213,Embryonic fibroblasts,Embryonic,EMB,Embryonic
0.5180968799310282,Embryonic fibroblasts,Embryonic,EMB,Embryonic
0.39611589011378784,Embryonic fibroblasts,Embryonic,EMB,Embryonic
0.4233528175172088,Embryonic fibroblasts,Embryonic,EMB,Embryonic
0.5282181200584682,Embryonic fibroblasts,Embryonic,EMB,Embryonic
0.3922041193617841,Embryonic fibroblasts,Embryonic,EMB,Embryonic
0.34437474506464383,Embryonic fibroblasts,Embryonic,EMB,Embryonic
0.3862894091051495,Embryonic fibroblasts,Embryonic,EMB,Embryonic
0.44846714786194974,Embryonic fibroblasts,Embryonic,EMB,Embryonic
0.4513898695649731,Embryonic fibroblasts,Embryonic,EMB,Embryonic
0.4412739706464558,Embryonic fibroblasts,Embryonic,EMB,Embryonic
0.4831209244037006,Embryonic fibroblasts,Embryonic,EMB,Embryonic
0.42779829550056375,Embryonic fibroblasts,Embryonic,EMB,Embryonic
0.40629736299018454,Embryonic fibroblasts,Embryonic,EMB,Embryonic
0.5000274969832966,Embryonic fibroblasts,Embryonic,EMB,Embryonic
0.4668258692302225,Embryonic fibroblasts,Embryonic,EMB,Embryonic
0.43279271696257976,Embryonic fibroblasts,Embryonic,EMB,Embryonic
0.5076089756582229,Embryonic fibroblasts,Embryonic,EMB,Embryonic
0.52432602469713,Embryonic fibroblasts,Embryonic,EMB,Embryonic
0.4553637044844528,Embryonic fibroblasts,Embryonic,EMB,Embryonic
0.5111482593742812,Embryonic fibroblasts,Embryonic,EMB,Embryonic
0.501004630145556,Embryonic fibroblasts,Embryonic,EMB,Embryonic
0.547507101980799,Embryonic fibroblasts,Embryonic,EMB,Embryonic
0.2535684661896872,Embryonic fibroblasts,Embryonic,EMB,Embryonic
0.3888277061346925,Embryonic fibroblasts,Embryonic,EMB,Embryonic
0.4909434305689727,Embryonic fibroblasts,Embryonic,EMB,Embryonic
0.5064945652008848,Embryonic fibroblasts,Embryonic,EMB,Embryonic
0.4403780573956234,Embryonic fibroblasts,Embryonic,EMB,Embryonic
0.5010428352522054,Embryonic fibroblasts,Embryonic,EMB,Embryonic
0.40196203864167,Embryonic fibroblasts,Embryonic,EMB,Embryonic
0.5045331298081479,Embryonic fibroblasts,Embryonic,EMB,Embryonic
0.40354054383956717,Embryonic fibroblasts,Embryonic,EMB,Embryonic
0.47962616697624216,Embryonic fibroblasts,Embryonic,EMB,Embryonic
0.29774526983233823,Embryonic fibroblasts,Embryonic,EMB,Embryonic
0.43866605242579504,Embryonic fibroblasts,Embryonic,EMB,Embryonic
0.4233891409807326,Embryonic fibroblasts,Embryonic,EMB,Embryonic
0.41083790152097127,Embryonic fibroblasts,Embryonic,EMB,Embryonic
0.4547763716104291,Embryonic fibroblasts,Embryonic,EMB,Embryonic
0.5214580600745644,Embryonic fibroblasts,Embryonic,EMB,Embryonic
0.44473012868433154,Embryonic fibroblasts,Embryonic,EMB,Embryonic
0.5005441887507716,Embryonic fibroblasts,Embryonic,EMB,Embryonic
0.48405089231044607,Embryonic fibroblasts,Embryonic,EMB,Embryonic
0.42494982158448125,Embryonic fibroblasts,Embryonic,EMB,Embryonic
0.23980616514746536,Embryonic fibroblasts,Embryonic,EMB,Embryonic
0.42502192592759264,Embryonic fibroblasts,Embryonic,EMB,Embryonic
0.5313824130221816,Embryonic fibroblasts,Embryonic,EMB,Embryonic
0.4120398384393213,Embryonic fibroblasts,Embryonic,EMB,Embryonic
0.45846870314795624,Embryonic fibroblasts,Embryonic,EMB,Embryonic
0.4374038693125308,Embryonic fibroblasts,Embryonic,EMB,Embryonic
0.41430333806053127,Embryonic fibroblasts,Embryonic,EMB,Embryonic
0.39516387835049216,Embryonic fibroblasts,Embryonic,EMB,Embryonic
0.5034078672766167,Embryonic fibroblasts,Embryonic,EMB,Embryonic
0.5019895963690575,Embryonic fibroblasts,Embryonic,EMB,Embryonic
0.5434252497518604,Embryonic fibroblasts,Embryonic,EMB,Embryonic
0.5032404757821409,Embryonic fibroblasts,Embryonic,EMB,Embryonic
0.5260769873517641,Embryonic fibroblasts,Embryonic,EMB,Embryonic
0.3725922434453076,Embryonic fibroblasts,Embryonic,EMB,Embryonic
0.5655158962571667,Embryonic fibroblasts,Embryonic,EMB,Embryonic
0.3910226934608176,Embryonic fibroblasts,Embryonic,EMB,Embryonic
0.45313863222366196,Embryonic fibroblasts,Embryonic,EMB,Embryonic
0.4263849873377677,Embryonic fibroblasts,Embryonic,EMB,Embryonic
0.5119818122511011,Embryonic fibroblasts,Embryonic,EMB,Embryonic
0.4634754067013033,Embryonic fibroblasts,Embryonic,EMB,Embryonic
0.4891790136518801,Embryonic fibroblasts,Embryonic,EMB,Embryonic
0.4135840402310898,Embryonic fibroblasts,Embryonic,EMB,Embryonic
0.4894092479929646,Embryonic fibroblasts,Embryonic,EMB,Embryonic
0.5275849416101224,Embryonic fibroblasts,Embryonic,EMB,Embryonic
0.40364289367789674,Embryonic fibroblasts,Embryonic,EMB,Embryonic
0.38308564236914006,Embryonic fibroblasts,Embryonic,EMB,Embryonic
0.38747927313545,Embryonic fibroblasts,Embryonic,EMB,Embryonic
0.5221524093251444,Embryonic fibroblasts,Embryonic,EMB,Embryonic
0.389320112525391,Embryonic fibroblasts,Embryonic,EMB,Embryonic
0.4244362125005214,Embryonic fibroblasts,Embryonic,EMB,Embryonic
0.3969703747873704,Embryonic fibroblasts,Embryonic,EMB,Embryonic
0.4297200127209516,Embryonic fibroblasts,Embryonic,EMB,Embryonic
0.5072492571408982,Embryonic fibroblasts,Embryonic,EMB,Embryonic
0.41690470809983976,Embryonic fibroblasts,Embryonic,EMB,Embryonic
0.43766757894694347,Embryonic fibroblasts,Embryonic,EMB,Embryonic
0.5339871627424803,Embryonic fibroblasts,Embryonic,EMB,Embryonic
0.4362840788902744,Embryonic fibroblasts,Embryonic,EMB,Embryonic
0.44776394088906474,Embryonic fibroblasts,Embryonic,EMB,Embryonic
0.40196797819570607,Embryonic fibroblasts,Embryonic,EMB,Embryonic
0.5406477151262099,Embryonic fibroblasts,Embryonic,EMB,Embryonic
0.21379437091660503,Embryonic fibroblasts,Embryonic,EMB,Embryonic
0.4031707266171443,Embryonic fibroblasts,Embryonic,EMB,Embryonic
0.5206076772089893,Embryonic fibroblasts,Embryonic,EMB,Embryonic
0.44662261755664695,Embryonic fibroblasts,Embryonic,EMB,Embryonic
0.4238226327217889,Embryonic fibroblasts,Embryonic,EMB,Embryonic
0.33132270972757893,Embryonic fibroblasts,Embryonic,EMB,Embryonic
0.47305733935605093,Embryonic fibroblasts,Embryonic,EMB,Embryonic
0.5089786212374604,Embryonic fibroblasts,Embryonic,EMB,Embryonic
0.36795692000922,Embryonic fibroblasts,Embryonic,EMB,Embryonic
0.48339205225201637,Embryonic fibroblasts,Embryonic,EMB,Embryonic
0.4309630211077364,Embryonic fibroblasts,Embryonic,EMB,Embryonic
0.5314989641645551,Embryonic fibroblasts,Embryonic,EMB,Embryonic
0.33214945380875066,Embryonic fibroblasts,Embryonic,EMB,Embryonic
0.46062571632152716,Embryonic fibroblasts,Embryonic,EMB,Embryonic
0.5071429549819721,Embryonic fibroblasts,Embryonic,EMB,Embryonic
0.3229885184366921,Embryonic fibroblasts,Embryonic,EMB,Embryonic
0.47645075816028526,Embryonic fibroblasts,Embryonic,EMB,Embryonic
0.5847195264043932,Embryonic fibroblasts,Embryonic,EMB,Embryonic
0.4572075731695477,Embryonic fibroblasts,Embryonic,EMB,Embryonic
0.3343056792073939,Embryonic fibroblasts,Embryonic,EMB,Embryonic
0.39930264375873703,Embryonic fibroblasts,Embryonic,EMB,Embryonic
0.3876370646116671,Embryonic fibroblasts,Embryonic,EMB,Embryonic
0.3114418414972294,Embryonic fibroblasts,Embryonic,EMB,Embryonic
0.5336065559300205,Embryonic fibroblasts,Embryonic,EMB,Embryonic
0.323173101378901,Embryonic fibroblasts,Embryonic,EMB,Embryonic
0.4769917827608574,Embryonic fibroblasts,Embryonic,EMB,Embryonic
0.40632413112348525,Embryonic fibroblasts,Embryonic,EMB,Embryonic
0.3722699082493412,Embryonic fibroblasts,Embryonic,EMB,Embryonic
0.39861827694526875,Embryonic fibroblasts,Embryonic,EMB,Embryonic
0.5105039298769203,Embryonic fibroblasts,Embryonic,EMB,Embryonic
0.47787973007274914,Embryonic fibroblasts,Embryonic,EMB,Embryonic
0.31538885568598607,Embryonic fibroblasts,Embryonic,EMB,Embryonic
0.5311605084518315,Embryonic fibroblasts,Embryonic,EMB,Embryonic
0.4381328759142998,Embryonic fibroblasts,Embryonic,EMB,Embryonic
0.5218364253667982,Embryonic fibroblasts,Embryonic,EMB,Embryonic
0.5161476222257162,Embryonic fibroblasts,Embryonic,EMB,Embryonic
0.4952359153056278,Embryonic fibroblasts,Embryonic,EMB,Embryonic
0.4812601782735294,Embryonic fibroblasts,Embryonic,EMB,Embryonic
0.4456338026255165,Embryonic fibroblasts,Embryonic,EMB,Embryonic
0.5202422315046646,Embryonic fibroblasts,Embryonic,EMB,Embryonic
0.4746677794941921,Embryonic fibroblasts,Embryonic,EMB,Embryonic
0.3932943868113088,Embryonic fibroblasts,Embryonic,EMB,Embryonic
0.48559794148147145,Embryonic fibroblasts,Embryonic,EMB,Embryonic
0.5224821631304832,Embryonic fibroblasts,Embryonic,EMB,Embryonic
0.4138219893880833,Embryonic fibroblasts,Embryonic,EMB,Embryonic
0.5053847552383932,Embryonic fibroblasts,Embryonic,EMB,Embryonic
0.4364207625858719,Embryonic fibroblasts,Embryonic,EMB,Embryonic
0.431712344155973,Embryonic fibroblasts,Embryonic,EMB,Embryonic
0.44540715400494907,Embryonic fibroblasts,Embryonic,EMB,Embryonic
0.4900982402158481,Embryonic fibroblasts,Embryonic,EMB,Embryonic
0.42489422057244924,Embryonic fibroblasts,Embryonic,EMB,Embryonic
0.4534334178389095,Embryonic fibroblasts,Embryonic,EMB,Embryonic
0.42628519381325997,Embryonic fibroblasts,Embryonic,EMB,Embryonic
0.5139589149527299,Embryonic fibroblasts,Embryonic,EMB,Embryonic
0.46325072316789245,Embryonic fibroblasts,Embryonic,EMB,Embryonic
0.4735720581269823,Embryonic fibroblasts,Embryonic,EMB,Embryonic
0.5176363088222997,Embryonic fibroblasts,Embryonic,EMB,Embryonic
0.280042948872129,Embryonic fibroblasts,Embryonic,EMB,Embryonic
0.43501444671649836,Embryonic fibroblasts,Embryonic,EMB,Embryonic
0.4095048716571008,Embryonic fibroblasts,Embryonic,EMB,Embryonic
0.47177622354354404,Embryonic fibroblasts,Embryonic,EMB,Embryonic
0.4734578038705426,Embryonic fibroblasts,Embryonic,EMB,Embryonic
0.39145897405166835,Embryonic fibroblasts,Embryonic,EMB,Embryonic
0.3497364313899544,Embryonic fibroblasts,Embryonic,EMB,Embryonic
0.572637841534916,Embryonic fibroblasts,Embryonic,EMB,Embryonic
0.38857144951548495,Embryonic fibroblasts,Embryonic,EMB,Embryonic
0.4163704922949158,Embryonic fibroblasts,Embryonic,EMB,Embryonic
0.5021744735404562,Embryonic fibroblasts,Embryonic,EMB,Embryonic
0.4048186327297362,Embryonic fibroblasts,Embryonic,EMB,Embryonic
0.4402157203947981,Embryonic fibroblasts,Embryonic,EMB,Embryonic
0.444761168281987,Embryonic fibroblasts,Embryonic,EMB,Embryonic
0.22699535780370217,Embryonic fibroblasts,Embryonic,EMB,Embryonic
0.34986966382461093,Embryonic fibroblasts,Embryonic,EMB,Embryonic
0.4417742551819012,Embryonic fibroblasts,Embryonic,EMB,Embryonic
0.4472741671377708,Embryonic fibroblasts,Embryonic,EMB,Embryonic
0.4117703976632153,Embryonic fibroblasts,Embryonic,EMB,Embryonic
0.45021935149937675,Embryonic fibroblasts,Embryonic,EMB,Embryonic
0.5130492757520018,Embryonic fibroblasts,Embryonic,EMB,Embryonic
0.5026349173080569,Embryonic fibroblasts,Embryonic,EMB,Embryonic
0.5181169448589947,Embryonic fibroblasts,Embryonic,EMB,Embryonic
0.4021796753068893,Embryonic fibroblasts,Embryonic,EMB,Embryonic
0.3860113237647132,Embryonic fibroblasts,Embryonic,EMB,Embryonic
0.5008249526050559,Embryonic fibroblasts,Embryonic,EMB,Embryonic
0.48961733328265417,Embryonic fibroblasts,Embryonic,EMB,Embryonic
0.44204293309764797,Embryonic fibroblasts,Embryonic,EMB,Embryonic
0.2327969476144986,Embryonic fibroblasts,Embryonic,EMB,Embryonic
0.44428626813261735,Embryonic fibroblasts,Embryonic,EMB,Embryonic
0.4228627558642345,Embryonic fibroblasts,Embryonic,EMB,Embryonic
0.47762275369934043,Embryonic fibroblasts,Embryonic,EMB,Embryonic
0.456245675859129,Embryonic fibroblasts,Embryonic,EMB,Embryonic
0.448553829995918,Embryonic fibroblasts,Embryonic,EMB,Embryonic
0.39231281608757135,Embryonic fibroblasts,Embryonic,EMB,Embryonic
0.410608329195564,Embryonic fibroblasts,Embryonic,EMB,Embryonic
0.4900549489780009,Embryonic fibroblasts,Embryonic,EMB,Embryonic
0.43018247535953924,Embryonic fibroblasts,Embryonic,EMB,Embryonic
0.4214075789668118,Embryonic fibroblasts,Embryonic,EMB,Embryonic
0.505265941220449,Embryonic fibroblasts,Embryonic,EMB,Embryonic
0.47853926457534207,Embryonic fibroblasts,Embryonic,EMB,Embryonic
0.5177165511335151,Embryonic fibroblasts,Embryonic,EMB,Embryonic
0.36245811062187366,Embryonic fibroblasts,Embryonic,EMB,Embryonic
0.5313723874789116,Embryonic fibroblasts,Embryonic,EMB,Embryonic
0.47330002900403784,Embryonic fibroblasts,Embryonic,EMB,Embryonic
0.4667509689188686,Embryonic fibroblasts,Embryonic,EMB,Embryonic
0.4954306776286803,Embryonic fibroblasts,Embryonic,EMB,Embryonic
0.5028606559536701,Embryonic fibroblasts,Embryonic,EMB,Embryonic
0.41590587078919433,Embryonic fibroblasts,Embryonic,EMB,Embryonic
0.5224695369808253,Embryonic fibroblasts,Embryonic,EMB,Embryonic
0.4536700326823456,Embryonic fibroblasts,Embryonic,EMB,Embryonic
0.5069632873282056,Embryonic fibroblasts,Embryonic,EMB,Embryonic
0.4653433393003435,Embryonic fibroblasts,Embryonic,EMB,Embryonic
0.4163354616206686,Embryonic fibroblasts,Embryonic,EMB,Embryonic
0.49423108109789177,Embryonic fibroblasts,Embryonic,EMB,Embryonic
0.4413258744156166,Embryonic fibroblasts,Embryonic,EMB,Embryonic
0.4493591574349148,Embryonic fibroblasts,Embryonic,EMB,Embryonic
0.5004270673416078,Embryonic fibroblasts,Embryonic,EMB,Embryonic
0.3361193858413016,Embryonic fibroblasts,Embryonic,EMB,Embryonic
0.46020377465805123,Embryonic fibroblasts,Embryonic,EMB,Embryonic
0.4963035781230764,Embryonic fibroblasts,Embryonic,EMB,Embryonic
0.3991310958814848,Embryonic fibroblasts,Embryonic,EMB,Embryonic
0.48627928453635655,Embryonic fibroblasts,Embryonic,EMB,Embryonic
0.5090714719022134,Embryonic fibroblasts,Embryonic,EMB,Embryonic
0.5012837361923619,Embryonic fibroblasts,Embryonic,EMB,Embryonic
0.4488590595609984,Embryonic fibroblasts,Embryonic,EMB,Embryonic
0.5061562688623058,Embryonic fibroblasts,Embryonic,EMB,Embryonic
0.4942110446437176,Embryonic fibroblasts,Embryonic,EMB,Embryonic
0.4916011921825088,Embryonic fibroblasts,Embryonic,EMB,Embryonic
0.4900670839547369,Embryonic fibroblasts,Embryonic,EMB,Embryonic
0.3496791733613826,Embryonic fibroblasts,Embryonic,EMB,Embryonic
0.45335423063989644,Embryonic fibroblasts,Embryonic,EMB,Embryonic
0.439045842198596,Embryonic fibroblasts,Embryonic,EMB,Embryonic
0.5618793519977314,Embryonic fibroblasts,Embryonic,EMB,Embryonic
0.4648860217178854,Embryonic fibroblasts,Embryonic,EMB,Embryonic
0.5697304818384533,Embryonic fibroblasts,Embryonic,EMB,Embryonic
0.5782423096525702,Embryonic fibroblasts,Embryonic,EMB,Embryonic
0.44307716768262,Embryonic fibroblasts,Embryonic,EMB,Embryonic
0.48824096907477843,Embryonic fibroblasts,Embryonic,EMB,Embryonic
0.3610510821167473,Embryonic fibroblasts,Embryonic,EMB,Embryonic
0.4363615062507188,Embryonic fibroblasts,Embryonic,EMB,Embryonic
0.4819132741397776,Embryonic fibroblasts,Embryonic,EMB,Embryonic
0.4219828788951895,Embryonic fibroblasts,Embryonic,EMB,Embryonic
0.3657892042488669,Embryonic fibroblasts,Embryonic,EMB,Embryonic
0.4519969838154457,Embryonic fibroblasts,Embryonic,EMB,Embryonic
0.3955043481885707,Embryonic fibroblasts,Embryonic,EMB,Embryonic
0.4808682594560326,Embryonic fibroblasts,Embryonic,EMB,Embryonic
0.4852203137395591,Embryonic fibroblasts,Embryonic,EMB,Embryonic
0.44510357275608287,Embryonic fibroblasts,Embryonic,EMB,Embryonic
0.5173442151668579,Embryonic fibroblasts,Embryonic,EMB,Embryonic
0.48308274777084376,Embryonic fibroblasts,Embryonic,EMB,Embryonic
0.5671597448543175,Embryonic fibroblasts,Embryonic,EMB,Embryonic
0.5157116773883361,Embryonic fibroblasts,Embryonic,EMB,Embryonic
0.5096039515967292,Embryonic fibroblasts,Embryonic,EMB,Embryonic
0.45499924191691044,Embryonic fibroblasts,Embryonic,EMB,Embryonic
0.4412386370426932,Embryonic fibroblasts,Embryonic,EMB,Embryonic
0.545652148290069,Embryonic fibroblasts,Embryonic,EMB,Embryonic
0.35043274928691504,Embryonic fibroblasts,Embryonic,EMB,Embryonic
0.38530197396655064,Embryonic fibroblasts,Embryonic,EMB,Embryonic
0.571441906654758,Embryonic fibroblasts,Embryonic,EMB,Embryonic
0.5298882816037078,Embryonic fibroblasts,Embryonic,EMB,Embryonic
0.44960773838967816,Embryonic fibroblasts,Embryonic,EMB,Embryonic
0.46864773202382404,Embryonic fibroblasts,Embryonic,EMB,Embryonic
0.3935677644847069,Embryonic fibroblasts,Embryonic,EMB,Embryonic
0.4576107604904539,Embryonic fibroblasts,Embryonic,EMB,Embryonic
0.4740419168331899,Embryonic fibroblasts,Embryonic,EMB,Embryonic
0.516824970249316,Embryonic fibroblasts,Embryonic,EMB,Embryonic
0.4301448717617578,Embryonic fibroblasts,Embryonic,EMB,Embryonic
0.5212568152180703,Embryonic fibroblasts,Embryonic,EMB,Embryonic
0.273152125368666,Embryonic fibroblasts,Embryonic,EMB,Embryonic
0.5051026127779852,Embryonic fibroblasts,Embryonic,EMB,Embryonic
0.2696498101266271,Embryonic fibroblasts,Embryonic,EMB,Embryonic
0.478874534782522,Embryonic fibroblasts,Embryonic,EMB,Embryonic
0.3994230250216806,Embryonic fibroblasts,Embryonic,EMB,Embryonic
0.40568902792585554,Embryonic fibroblasts,Embryonic,EMB,Embryonic
0.42575835469795814,Embryonic fibroblasts,Embryonic,EMB,Embryonic
0.5031865416733823,Embryonic fibroblasts,Embryonic,EMB,Embryonic
0.48105623947988274,Embryonic fibroblasts,Embryonic,EMB,Embryonic
0.4220449695591113,Embryonic fibroblasts,Embryonic,EMB,Embryonic
0.4689801635520725,Embryonic fibroblasts,Embryonic,EMB,Embryonic
0.5032396852389278,Embryonic fibroblasts,Embryonic,EMB,Embryonic
0.47211429248725184,Embryonic fibroblasts,Embryonic,EMB,Embryonic
0.5182266334218898,Embryonic fibroblasts,Embryonic,EMB,Embryonic
0.381263818331534,Embryonic fibroblasts,Embryonic,EMB,Embryonic
0.4152517909952251,Embryonic fibroblasts,Embryonic,EMB,Embryonic
0.44355127847518466,Embryonic fibroblasts,Embryonic,EMB,Embryonic
0.4448170393995791,Embryonic fibroblasts,Embryonic,EMB,Embryonic
0.4933770085033628,Embryonic fibroblasts,Embryonic,EMB,Embryonic
0.44420987215621477,Embryonic fibroblasts,Embryonic,EMB,Embryonic
0.4539288638069648,Embryonic fibroblasts,Embryonic,EMB,Embryonic
0.5051419224305047,Embryonic fibroblasts,Embryonic,EMB,Embryonic
0.5509266237389021,Embryonic fibroblasts,Embryonic,EMB,Embryonic
0.4491169241585476,Embryonic fibroblasts,Embryonic,EMB,Embryonic
0.4456520373213719,Embryonic fibroblasts,Embryonic,EMB,Embryonic
0.5028380762361625,Embryonic fibroblasts,Embryonic,EMB,Embryonic
0.480655406387965,Embryonic fibroblasts,Embryonic,EMB,Embryonic
0.39152707229035294,Embryonic fibroblasts,Embryonic,EMB,Embryonic
0.48326226712360737,Embryonic fibroblasts,Embryonic,EMB,Embryonic
0.5137837864960622,Embryonic fibroblasts,Embryonic,EMB,Embryonic
0.4898205191026751,Embryonic fibroblasts,Embryonic,EMB,Embryonic
0.3435648760557323,Embryonic fibroblasts,Embryonic,EMB,Embryonic
0.41895227434228327,Embryonic fibroblasts,Embryonic,EMB,Embryonic
0.47478417403070655,Embryonic fibroblasts,Embryonic,EMB,Embryonic
0.4886943786292064,Embryonic fibroblasts,Embryonic,EMB,Embryonic
0.49018320522193665,Embryonic fibroblasts,Embryonic,EMB,Embryonic
0.42653049790906183,Embryonic fibroblasts,Embryonic,EMB,Embryonic
0.36671058453886735,Embryonic fibroblasts,Embryonic,EMB,Embryonic
0.47001590289788797,Embryonic fibroblasts,Embryonic,EMB,Embryonic
0.39879780025272576,Embryonic fibroblasts,Embryonic,EMB,Embryonic
0.38679301400118393,Embryonic fibroblasts,Embryonic,EMB,Embryonic
0.3776544653575944,Embryonic fibroblasts,Embryonic,EMB,Embryonic
0.4345260669946324,Embryonic fibroblasts,Embryonic,EMB,Embryonic
0.5151879502212806,Embryonic fibroblasts,Embryonic,EMB,Embryonic
0.4344336549053789,Embryonic fibroblasts,Embryonic,EMB,Embryonic
0.4751629533793405,Embryonic fibroblasts,Embryonic,EMB,Embryonic
0.3949096034281535,Embryonic fibroblasts,Embryonic,EMB,Embryonic
0.4774369210740132,Embryonic fibroblasts,Embryonic,EMB,Embryonic
0.4536307364757838,Embryonic fibroblasts,Embryonic,EMB,Embryonic
0.4460702275626767,Embryonic fibroblasts,Embryonic,EMB,Embryonic
0.4520629599656451,Embryonic fibroblasts,Embryonic,EMB,Embryonic
0.4620946124458669,Embryonic fibroblasts,Embryonic,EMB,Embryonic
0.4160278078285263,Embryonic fibroblasts,Embryonic,EMB,Embryonic
0.5025313581244817,Embryonic fibroblasts,Embryonic,EMB,Embryonic
0.45925334635399795,Embryonic fibroblasts,Embryonic,EMB,Embryonic
0.49381432878311154,Embryonic fibroblasts,Embryonic,EMB,Embryonic
0.4949774792548806,Embryonic fibroblasts,Embryonic,EMB,Embryonic
0.37887409636521024,Embryonic fibroblasts,Embryonic,EMB,Embryonic
0.456186710589411,Embryonic fibroblasts,Embryonic,EMB,Embryonic
0.5919104276938283,Embryonic fibroblasts,Embryonic,EMB,Embryonic
0.426961517571266,Embryonic fibroblasts,Embryonic,EMB,Embryonic
0.42846765899816386,Embryonic fibroblasts,Embryonic,EMB,Embryonic
0.4600209349446986,Embryonic fibroblasts,Embryonic,EMB,Embryonic
0.40318561643331147,Embryonic fibroblasts,Embryonic,EMB,Embryonic
0.4202127055263658,Embryonic fibroblasts,Embryonic,EMB,Embryonic
0.34593918025431825,Embryonic fibroblasts,Embryonic,EMB,Embryonic
0.5113108961408672,Embryonic fibroblasts,Embryonic,EMB,Embryonic
0.3545360007573775,Embryonic fibroblasts,Embryonic,EMB,Embryonic
0.5891578590476906,Embryonic fibroblasts,Embryonic,EMB,Embryonic
0.45162950816699243,Embryonic fibroblasts,Embryonic,EMB,Embryonic
0.42582603888024245,Embryonic fibroblasts,Embryonic,EMB,Embryonic
0.4863718682593042,Embryonic fibroblasts,Embryonic,EMB,Embryonic
0.4567610653460631,Embryonic fibroblasts,Embryonic,EMB,Embryonic
0.4927124796184593,Embryonic fibroblasts,Embryonic,EMB,Embryonic
0.4769254538520055,Embryonic fibroblasts,Embryonic,EMB,Embryonic
0.4126015144488932,Embryonic fibroblasts,Embryonic,EMB,Embryonic
0.46660351896592495,Embryonic fibroblasts,Embryonic,EMB,Embryonic
0.4346355459587766,Embryonic fibroblasts,Embryonic,EMB,Embryonic
0.4767914609298058,Embryonic fibroblasts,Embryonic,EMB,Embryonic
0.44377804810937055,Embryonic fibroblasts,Embryonic,EMB,Embryonic
0.41925110877264643,Embryonic fibroblasts,Embryonic,EMB,Embryonic
0.3714636055829489,Embryonic fibroblasts,Embryonic,EMB,Embryonic
0.35605727402767945,Embryonic fibroblasts,Embryonic,EMB,Embryonic
0.40684563258908835,Embryonic fibroblasts,Embryonic,EMB,Embryonic
0.4890093043115953,Embryonic fibroblasts,Embryonic,EMB,Embryonic
0.42556184440041733,Embryonic fibroblasts,Embryonic,EMB,Embryonic
0.4095416688928954,Embryonic fibroblasts,Embryonic,EMB,Embryonic
0.4240956212533551,Embryonic fibroblasts,Embryonic,EMB,Embryonic
0.41052549260546994,Embryonic fibroblasts,Embryonic,EMB,Embryonic
0.462169569704806,Embryonic fibroblasts,Embryonic,EMB,Embryonic
0.5411575178177603,Embryonic fibroblasts,Embryonic,EMB,Embryonic
0.4522704955529504,Embryonic fibroblasts,Embryonic,EMB,Embryonic
0.37922941844986846,Embryonic fibroblasts,Embryonic,EMB,Embryonic
0.42348087721288186,Embryonic fibroblasts,Embryonic,EMB,Embryonic
0.48832404255100775,Embryonic fibroblasts,Embryonic,EMB,Embryonic
0.48497582312419213,Embryonic fibroblasts,Embryonic,EMB,Embryonic
0.5281854357038225,Embryonic fibroblasts,Embryonic,EMB,Embryonic
0.4192221631851528,Embryonic fibroblasts,Embryonic,EMB,Embryonic
0.452429632020397,Embryonic fibroblasts,Embryonic,EMB,Embryonic
0.5405333600250883,Embryonic fibroblasts,Embryonic,EMB,Embryonic
0.38354298723898267,Embryonic fibroblasts,Embryonic,EMB,Embryonic
0.4530216488332984,Embryonic fibroblasts,Embryonic,EMB,Embryonic
0.48296513360688087,Embryonic fibroblasts,Embryonic,EMB,Embryonic
0.4942916673964395,Embryonic fibroblasts,Embryonic,EMB,Embryonic
0.4755816739450321,Embryonic fibroblasts,Embryonic,EMB,Embryonic
0.4646165524679869,Embryonic fibroblasts,Embryonic,EMB,Embryonic
0.4443807149116315,Embryonic fibroblasts,Embryonic,EMB,Embryonic
0.4526541723939064,Embryonic fibroblasts,Embryonic,EMB,Embryonic
0.42382273000724674,Embryonic fibroblasts,Embryonic,EMB,Embryonic
0.4002156574993541,Embryonic fibroblasts,Embryonic,EMB,Embryonic
0.5239714654728309,Embryonic fibroblasts,Embryonic,EMB,Embryonic
0.45294417915763435,Embryonic fibroblasts,Embryonic,EMB,Embryonic
0.4094209696726015,Embryonic fibroblasts,Embryonic,EMB,Embryonic
0.34934630167575736,Embryonic fibroblasts,Embryonic,EMB,Embryonic
0.5933411614222075,Embryonic fibroblasts,Embryonic,EMB,Embryonic
0.3792678778433043,Embryonic fibroblasts,Embryonic,EMB,Embryonic
0.4704393702820824,Embryonic fibroblasts,Embryonic,EMB,Embryonic
0.4288374987623392,Embryonic fibroblasts,Embryonic,EMB,Embryonic
0.3201537166866751,Embryonic fibroblasts,Embryonic,EMB,Embryonic
0.43712327906928716,Embryonic fibroblasts,Embryonic,EMB,Embryonic
0.38609200583783615,Embryonic fibroblasts,Embryonic,EMB,Embryonic
0.46015042821673363,Embryonic fibroblasts,Embryonic,EMB,Embryonic
0.4311336206495082,Embryonic fibroblasts,Embryonic,EMB,Embryonic
0.24584807732677202,Embryonic fibroblasts,Embryonic,EMB,Embryonic
0.395573031326411,Embryonic fibroblasts,Embryonic,EMB,Embryonic
0.3919899841821122,Embryonic fibroblasts,Embryonic,EMB,Embryonic
0.5169495905481284,Embryonic fibroblasts,Embryonic,EMB,Embryonic
0.33726438071108356,Embryonic fibroblasts,Embryonic,EMB,Embryonic
0.3774503921043717,Embryonic fibroblasts,Embryonic,EMB,Embryonic
0.4964300084850637,Embryonic fibroblasts,Embryonic,EMB,Embryonic
0.39770557760277797,Embryonic fibroblasts,Embryonic,EMB,Embryonic
0.46807171550500004,Embryonic fibroblasts,Embryonic,EMB,Embryonic
0.4449120825463599,Embryonic fibroblasts,Embryonic,EMB,Embryonic
0.517324516048032,Embryonic fibroblasts,Embryonic,EMB,Embryonic
0.43140831998144474,Embryonic fibroblasts,Embryonic,EMB,Embryonic
0.5243568313633434,Embryonic fibroblasts,Embryonic,EMB,Embryonic
0.5710149850436026,Embryonic fibroblasts,Embryonic,EMB,Embryonic
0.45969309204721653,Embryonic fibroblasts,Embryonic,EMB,Embryonic
0.4534424685502532,Embryonic fibroblasts,Embryonic,EMB,Embryonic
0.362374672918381,Embryonic fibroblasts,Embryonic,EMB,Embryonic
0.4974743405887257,Embryonic fibroblasts,Embryonic,EMB,Embryonic
0.4042759847275182,Embryonic fibroblasts,Embryonic,EMB,Embryonic
0.35615929246270106,Embryonic fibroblasts,Embryonic,EMB,Embryonic
0.33196778666199483,Embryonic fibroblasts,Embryonic,EMB,Embryonic
0.5262288800072872,Embryonic fibroblasts,Embryonic,EMB,Embryonic
0.4118867850812817,Embryonic fibroblasts,Embryonic,EMB,Embryonic
0.4067723410470145,Embryonic fibroblasts,Embryonic,EMB,Embryonic
0.4466858210712949,Embryonic fibroblasts,Embryonic,EMB,Embryonic
0.4756685795191782,Embryonic fibroblasts,Embryonic,EMB,Embryonic
0.5136172674069532,Embryonic fibroblasts,Embryonic,EMB,Embryonic
0.4343830886135303,Embryonic fibroblasts,Embryonic,EMB,Embryonic
0.30363730466788474,Embryonic fibroblasts,Embryonic,EMB,Embryonic
0.5144593738901548,Embryonic fibroblasts,Embryonic,EMB,Embryonic
0.3622021189671247,Embryonic fibroblasts,Embryonic,EMB,Embryonic
0.4382949697014803,Embryonic fibroblasts,Embryonic,EMB,Embryonic
0.43478515794260875,Embryonic fibroblasts,Embryonic,EMB,Embryonic
0.4763492601629167,Embryonic fibroblasts,Embryonic,EMB,Embryonic
0.4840903593597633,Embryonic fibroblasts,Embryonic,EMB,Embryonic
0.3626795912490898,Embryonic fibroblasts,Embryonic,EMB,Embryonic
0.396721199442187,Embryonic fibroblasts,Embryonic,EMB,Embryonic
0.5255079943684406,Embryonic fibroblasts,Embryonic,EMB,Embryonic
0.39821486341589946,Embryonic fibroblasts,Embryonic,EMB,Embryonic
0.41541638849880497,Embryonic fibroblasts,Embryonic,EMB,Embryonic
0.5547824612846272,Embryonic fibroblasts,Embryonic,EMB,Embryonic
0.510950310359277,Embryonic fibroblasts,Embryonic,EMB,Embryonic
0.4347393289779989,Embryonic fibroblasts,Embryonic,EMB,Embryonic
0.4811009844630283,Embryonic fibroblasts,Embryonic,EMB,Embryonic
0.4658571057811012,Embryonic fibroblasts,Embryonic,EMB,Embryonic
0.44710628288849597,Embryonic fibroblasts,Embryonic,EMB,Embryonic
0.37362254073751827,Embryonic fibroblasts,Embryonic,EMB,Embryonic
0.4915145108394792,Embryonic fibroblasts,Embryonic,EMB,Embryonic
0.43347745274894345,Embryonic fibroblasts,Embryonic,EMB,Embryonic
0.444285254940165,Embryonic fibroblasts,Embryonic,EMB,Embryonic
0.34421992435411825,Embryonic fibroblasts,Embryonic,EMB,Embryonic
0.41293439760312933,Embryonic fibroblasts,Embryonic,EMB,Embryonic
0.46256687244191447,Embryonic fibroblasts,Embryonic,EMB,Embryonic
0.44833425197170257,Embryonic fibroblasts,Embryonic,EMB,Embryonic
0.4413631264411536,Embryonic fibroblasts,Embryonic,EMB,Embryonic
0.485108189085522,Embryonic fibroblasts,Embryonic,EMB,Embryonic
0.538512430224655,Embryonic fibroblasts,Embryonic,EMB,Embryonic
0.500555337031501,Embryonic fibroblasts,Embryonic,EMB,Embryonic
0.43994866073959576,Embryonic fibroblasts,Embryonic,EMB,Embryonic
0.47909429788638913,Embryonic fibroblasts,Embryonic,EMB,Embryonic
0.5051920762478304,Embryonic fibroblasts,Embryonic,EMB,Embryonic
0.5569012733062422,Embryonic fibroblasts,Embryonic,EMB,Embryonic
0.5326797719469412,Embryonic fibroblasts,Embryonic,EMB,Embryonic
0.402846480513321,Embryonic fibroblasts,Embryonic,EMB,Embryonic
0.3444476901755747,Embryonic fibroblasts,Embryonic,EMB,Embryonic
0.4989629322726673,Embryonic fibroblasts,Embryonic,EMB,Embryonic
0.5023503300561811,Embryonic fibroblasts,Embryonic,EMB,Embryonic
0.4624474058995572,Embryonic fibroblasts,Embryonic,EMB,Embryonic
0.4614721092969185,Embryonic fibroblasts,Embryonic,EMB,Embryonic
0.5189251667381,Embryonic fibroblasts,Embryonic,EMB,Embryonic
0.49321408502150443,Embryonic fibroblasts,Embryonic,EMB,Embryonic
0.4815519911457389,Embryonic fibroblasts,Embryonic,EMB,Embryonic
0.36456471727320994,Embryonic fibroblasts,Embryonic,EMB,Embryonic
0.4263681312480359,Embryonic fibroblasts,Embryonic,EMB,Embryonic
0.5426733869995143,Embryonic fibroblasts,Embryonic,EMB,Embryonic
0.4591962358354904,Embryonic fibroblasts,Embryonic,EMB,Embryonic
0.4879406627075271,Embryonic fibroblasts,Embryonic,EMB,Embryonic
0.41082335180843765,Embryonic fibroblasts,Embryonic,EMB,Embryonic
0.45121658320449676,Embryonic fibroblasts,Embryonic,EMB,Embryonic
0.43749175723252043,Embryonic fibroblasts,Embryonic,EMB,Embryonic
0.3556713137467472,Embryonic fibroblasts,Embryonic,EMB,Embryonic
0.48296035238254525,Embryonic fibroblasts,Embryonic,EMB,Embryonic
0.5108621760618877,Embryonic fibroblasts,Embryonic,EMB,Embryonic
0.4593764338136436,Embryonic fibroblasts,Embryonic,EMB,Embryonic
0.4779463793117675,Embryonic fibroblasts,Embryonic,EMB,Embryonic
0.35767786744568775,Embryonic fibroblasts,Embryonic,EMB,Embryonic
0.44816637879556925,Embryonic fibroblasts,Embryonic,EMB,Embryonic
0.4119870587055698,Embryonic fibroblasts,Embryonic,EMB,Embryonic
0.5542931146402219,Embryonic fibroblasts,Embryonic,EMB,Embryonic
0.439075863858167,Embryonic fibroblasts,Embryonic,EMB,Embryonic
0.4908580574385239,Embryonic fibroblasts,Embryonic,EMB,Embryonic
0.4415182524540107,Embryonic fibroblasts,Embryonic,EMB,Embryonic
0.53358583294107,Embryonic fibroblasts,Embryonic,EMB,Embryonic
0.45087470826384884,Embryonic fibroblasts,Embryonic,EMB,Embryonic
0.42880251435800487,Embryonic fibroblasts,Embryonic,EMB,Embryonic
0.42462266284895966,Embryonic fibroblasts,Embryonic,EMB,Embryonic
0.419291935445559,Embryonic fibroblasts,Embryonic,EMB,Embryonic
0.4840183139415838,Embryonic fibroblasts,Embryonic,EMB,Embryonic
0.5098232555606913,Embryonic fibroblasts,Embryonic,EMB,Embryonic
0.5022036065804174,Embryonic fibroblasts,Embryonic,EMB,Embryonic
0.3596004807996028,Embryonic fibroblasts,Embryonic,EMB,Embryonic
0.5008741644144108,Embryonic fibroblasts,Embryonic,EMB,Embryonic
0.515578278461087,Embryonic fibroblasts,Embryonic,EMB,Embryonic
0.4688760633664385,Embryonic fibroblasts,Embryonic,EMB,Embryonic
0.4114812514407739,Embryonic fibroblasts,Embryonic,EMB,Embryonic
0.489079039002414,Embryonic fibroblasts,Embryonic,EMB,Embryonic
0.4682843779568452,Embryonic fibroblasts,Embryonic,EMB,Embryonic
0.4157815747752418,Embryonic fibroblasts,Embryonic,EMB,Embryonic
0.4785349065032016,Embryonic fibroblasts,Embryonic,EMB,Embryonic
0.5326279140522241,Embryonic fibroblasts,Embryonic,EMB,Embryonic
0.4825294248646976,Embryonic fibroblasts,Embryonic,EMB,Embryonic
0.42051742295864925,Embryonic fibroblasts,Embryonic,EMB,Embryonic
0.42071759490682065,Embryonic fibroblasts,Embryonic,EMB,Embryonic
0.49464902140257294,Embryonic fibroblasts,Embryonic,EMB,Embryonic
0.4795523897978174,Embryonic fibroblasts,Embryonic,EMB,Embryonic
0.47391986866697294,Embryonic fibroblasts,Embryonic,EMB,Embryonic
0.4978180659304213,Embryonic fibroblasts,Embryonic,EMB,Embryonic
0.4983245628937482,Embryonic fibroblasts,Embryonic,EMB,Embryonic
0.3774299443620828,Embryonic fibroblasts,Embryonic,EMB,Embryonic
0.4193770444024877,Embryonic fibroblasts,Embryonic,EMB,Embryonic
0.5509567683894383,Embryonic fibroblasts,Embryonic,EMB,Embryonic
0.5841261373128779,Embryonic fibroblasts,Embryonic,EMB,Embryonic
0.4719988403541775,Embryonic fibroblasts,Embryonic,EMB,Embryonic
0.3995032768241602,Embryonic fibroblasts,Embryonic,EMB,Embryonic
0.31017990555230346,Embryonic fibroblasts,Embryonic,EMB,Embryonic
0.4066281098190393,Embryonic fibroblasts,Embryonic,EMB,Embryonic
0.39882410529142787,Embryonic fibroblasts,Embryonic,EMB,Embryonic
0.47639485461420716,Embryonic fibroblasts,Embryonic,EMB,Embryonic
0.55559656181549,Embryonic fibroblasts,Embryonic,EMB,Embryonic
0.5455401561182612,Embryonic fibroblasts,Embryonic,EMB,Embryonic
0.506284443639557,Embryonic fibroblasts,Embryonic,EMB,Embryonic
0.4922854969072906,Embryonic fibroblasts,Embryonic,EMB,Embryonic
0.4878603057102027,Embryonic fibroblasts,Embryonic,EMB,Embryonic
0.39840553421314734,Embryonic fibroblasts,Embryonic,EMB,Embryonic
0.5398091769628743,Embryonic fibroblasts,Embryonic,EMB,Embryonic
0.46941374506466915,Embryonic fibroblasts,Embryonic,EMB,Embryonic
0.4955679766745728,Embryonic fibroblasts,Embryonic,EMB,Embryonic
0.44697943332900697,Embryonic fibroblasts,Embryonic,EMB,Embryonic
0.4765245203108751,Embryonic fibroblasts,Embryonic,EMB,Embryonic
0.3755197285765463,Embryonic fibroblasts,Embryonic,EMB,Embryonic
0.3835253627523208,Embryonic fibroblasts,Embryonic,EMB,Embryonic
0.44752406540090994,Embryonic fibroblasts,Embryonic,EMB,Embryonic
0.4728083328762762,Embryonic fibroblasts,Embryonic,EMB,Embryonic
0.42799739177212687,Embryonic fibroblasts,Embryonic,EMB,Embryonic
0.35055458469062634,Embryonic fibroblasts,Embryonic,EMB,Embryonic
0.4609288048155942,Embryonic fibroblasts,Embryonic,EMB,Embryonic
0.47759250543583687,Embryonic fibroblasts,Embryonic,EMB,Embryonic
0.531629058549989,Embryonic fibroblasts,Embryonic,EMB,Embryonic
0.39606976731545745,Embryonic fibroblasts,Embryonic,EMB,Embryonic
0.43006679662253233,Embryonic fibroblasts,Embryonic,EMB,Embryonic
0.45572682680639764,Embryonic fibroblasts,Embryonic,EMB,Embryonic
0.4352115268853599,Embryonic fibroblasts,Embryonic,EMB,Embryonic
0.29983713101381687,Embryonic fibroblasts,Embryonic,EMB,Embryonic
0.4274917142212749,Embryonic fibroblasts,Embryonic,EMB,Embryonic
0.5082397654717477,Embryonic fibroblasts,Embryonic,EMB,Embryonic
0.5116374403170325,Embryonic fibroblasts,Embryonic,EMB,Embryonic
0.516499043005323,Embryonic fibroblasts,Embryonic,EMB,Embryonic
0.3760743707684148,Embryonic fibroblasts,Embryonic,EMB,Embryonic
0.5275657799341311,Embryonic fibroblasts,Embryonic,EMB,Embryonic
0.5274055440619159,Embryonic fibroblasts,Embryonic,EMB,Embryonic
0.43981042838605783,Embryonic fibroblasts,Embryonic,EMB,Embryonic
0.38826028672387775,Embryonic fibroblasts,Embryonic,EMB,Embryonic
0.486325940427359,Embryonic fibroblasts,Embryonic,EMB,Embryonic
0.3650122821862436,Embryonic fibroblasts,Embryonic,EMB,Embryonic
0.38898067446682383,Embryonic fibroblasts,Embryonic,EMB,Embryonic
0.4453266609661712,Embryonic fibroblasts,Embryonic,EMB,Embryonic
0.43942175478997525,Embryonic fibroblasts,Embryonic,EMB,Embryonic
0.3796300150511202,Embryonic fibroblasts,Embryonic,EMB,Embryonic
0.5189116238905092,Embryonic fibroblasts,Embryonic,EMB,Embryonic
0.5783507722605072,Embryonic fibroblasts,Embryonic,EMB,Embryonic
0.41939193500959354,Embryonic fibroblasts,Embryonic,EMB,Embryonic
0.5245486213388271,Embryonic fibroblasts,Embryonic,EMB,Embryonic
0.3525497532227019,Embryonic fibroblasts,Embryonic,EMB,Embryonic
0.44793003089393835,Embryonic fibroblasts,Embryonic,EMB,Embryonic
0.45663075740718506,Embryonic fibroblasts,Embryonic,EMB,Embryonic
0.44369934891952456,Embryonic fibroblasts,Embryonic,EMB,Embryonic
0.4161510700856208,Embryonic fibroblasts,Embryonic,EMB,Embryonic
0.37961400487030933,Embryonic fibroblasts,Embryonic,EMB,Embryonic
0.35300170863636193,Embryonic fibroblasts,Embryonic,EMB,Embryonic
0.3516962386354134,Embryonic fibroblasts,Embryonic,EMB,Embryonic
0.46812372051431217,Embryonic fibroblasts,Embryonic,EMB,Embryonic
0.3761085579065572,Embryonic fibroblasts,Embryonic,EMB,Embryonic
0.39391844415476823,Embryonic fibroblasts,Embryonic,EMB,Embryonic
0.465642973765184,Embryonic fibroblasts,Embryonic,EMB,Embryonic
0.46482546626594634,Embryonic fibroblasts,Embryonic,EMB,Embryonic
0.38207187925461733,Embryonic fibroblasts,Embryonic,EMB,Embryonic
0.46855451040882906,Embryonic fibroblasts,Embryonic,EMB,Embryonic
0.5043650304235513,Embryonic fibroblasts,Embryonic,EMB,Embryonic
0.4640776637973268,Embryonic fibroblasts,Embryonic,EMB,Embryonic
0.4045281185788434,Embryonic fibroblasts,Embryonic,EMB,Embryonic
0.38995427648333525,Embryonic fibroblasts,Embryonic,EMB,Embryonic
0.5485778830740033,Embryonic fibroblasts,Embryonic,EMB,Embryonic
0.41721983468065416,Embryonic fibroblasts,Embryonic,EMB,Embryonic
0.41579758891074614,Embryonic fibroblasts,Embryonic,EMB,Embryonic
0.498006189114173,Embryonic fibroblasts,Embryonic,EMB,Embryonic
0.5058616461804268,Embryonic fibroblasts,Embryonic,EMB,Embryonic
0.36950572704146717,Embryonic fibroblasts,Embryonic,EMB,Embryonic
0.3616081580269418,Embryonic fibroblasts,Embryonic,EMB,Embryonic
0.4392141159851719,Embryonic fibroblasts,Embryonic,EMB,Embryonic
0.5014234994077198,Embryonic fibroblasts,Embryonic,EMB,Embryonic
0.31218727431355636,Embryonic fibroblasts,Embryonic,EMB,Embryonic
0.4414410516974987,Embryonic fibroblasts,Embryonic,EMB,Embryonic
0.5006803053433337,Embryonic fibroblasts,Embryonic,EMB,Embryonic
0.41861339547736454,Embryonic fibroblasts,Embryonic,EMB,Embryonic
0.39938854444528693,Embryonic fibroblasts,Embryonic,EMB,Embryonic
0.38597426433274534,Embryonic fibroblasts,Embryonic,EMB,Embryonic
0.48373839639168964,Embryonic fibroblasts,Embryonic,EMB,Embryonic
0.30402467519248794,Embryonic fibroblasts,Embryonic,EMB,Embryonic
0.4871221388520825,Embryonic fibroblasts,Embryonic,EMB,Embryonic
0.48496616022630823,Embryonic fibroblasts,Embryonic,EMB,Embryonic
0.40100127632826066,Embryonic fibroblasts,Embryonic,EMB,Embryonic
0.3501667977368068,Embryonic fibroblasts,Embryonic,EMB,Embryonic
0.5067483928473985,Embryonic fibroblasts,Embryonic,EMB,Embryonic
0.42443119122629563,Embryonic fibroblasts,Embryonic,EMB,Embryonic
0.45531034855187097,Embryonic fibroblasts,Embryonic,EMB,Embryonic
0.5199182847711324,Embryonic fibroblasts,Embryonic,EMB,Embryonic
0.4296950368547054,Embryonic fibroblasts,Embryonic,EMB,Embryonic
0.5676344994709696,Embryonic fibroblasts,Embryonic,EMB,Embryonic
0.5223451583137806,Embryonic fibroblasts,Embryonic,EMB,Embryonic
0.40197392209990496,Embryonic fibroblasts,Embryonic,EMB,Embryonic
0.4370838420756397,Embryonic fibroblasts,Embryonic,EMB,Embryonic
0.5670319683146927,Embryonic fibroblasts,Embryonic,EMB,Embryonic
0.4699501505833356,Embryonic fibroblasts,Embryonic,EMB,Embryonic
0.4954535768854156,Embryonic fibroblasts,Embryonic,EMB,Embryonic
0.3487812020880984,Embryonic fibroblasts,Embryonic,EMB,Embryonic
0.46057813345038884,Embryonic fibroblasts,Embryonic,EMB,Embryonic
0.42067574752753834,Embryonic fibroblasts,Embryonic,EMB,Embryonic
0.47070230361017823,Embryonic fibroblasts,Embryonic,EMB,Embryonic
0.3497973585830742,Embryonic fibroblasts,Embryonic,EMB,Embryonic
0.4574496015927961,Embryonic fibroblasts,Embryonic,EMB,Embryonic
0.41360228916384134,Embryonic fibroblasts,Embryonic,EMB,Embryonic
0.37764064647240336,Embryonic fibroblasts,Embryonic,EMB,Embryonic
0.4538094921772495,Embryonic fibroblasts,Embryonic,EMB,Embryonic
0.46375406665869234,Embryonic fibroblasts,Embryonic,EMB,Embryonic
0.42476101028407587,Embryonic fibroblasts,Embryonic,EMB,Embryonic
0.4462236158832484,Embryonic fibroblasts,Embryonic,EMB,Embryonic
0.31765835339069465,Embryonic fibroblasts,Embryonic,EMB,Embryonic
0.3541145285160097,Embryonic fibroblasts,Embryonic,EMB,Embryonic
0.327080717725475,Embryonic fibroblasts,Embryonic,EMB,Embryonic
0.5780059024305381,Embryonic fibroblasts,Embryonic,EMB,Embryonic
0.5004189167184847,Embryonic fibroblasts,Embryonic,EMB,Embryonic
0.5372618917061436,Embryonic fibroblasts,Embryonic,EMB,Embryonic
0.5001759925571784,Embryonic fibroblasts,Embryonic,EMB,Embryonic
0.4614208185052367,Embryonic fibroblasts,Embryonic,EMB,Embryonic
0.4475460784108516,Embryonic fibroblasts,Embryonic,EMB,Embryonic
0.4924159970442684,Embryonic fibroblasts,Embryonic,EMB,Embryonic
0.3473915671155385,Embryonic fibroblasts,Embryonic,EMB,Embryonic
0.500524490422884,Embryonic fibroblasts,Embryonic,EMB,Embryonic
0.401033196636139,Embryonic fibroblasts,Embryonic,EMB,Embryonic
0.49763677645688625,Embryonic fibroblasts,Embryonic,EMB,Embryonic
0.45633754615538497,Embryonic fibroblasts,Embryonic,EMB,Embryonic
0.439782868523136,Embryonic fibroblasts,Embryonic,EMB,Embryonic
0.4927462582367722,Embryonic fibroblasts,Embryonic,EMB,Embryonic
0.388879746340776,Embryonic fibroblasts,Embryonic,EMB,Embryonic
0.4518629833793284,Embryonic fibroblasts,Embryonic,EMB,Embryonic
0.37243719573538014,Embryonic fibroblasts,Embryonic,EMB,Embryonic
0.4739595907940154,Embryonic fibroblasts,Embryonic,EMB,Embryonic
0.5391609141274456,Embryonic fibroblasts,Embryonic,EMB,Embryonic
0.4547261422584592,Embryonic fibroblasts,Embryonic,EMB,Embryonic
0.3722064540071307,Embryonic fibroblasts,Embryonic,EMB,Embryonic
0.4017431511069244,Embryonic fibroblasts,Embryonic,EMB,Embryonic
0.4816770642569469,Embryonic fibroblasts,Embryonic,EMB,Embryonic
0.4606057846667286,Embryonic fibroblasts,Embryonic,EMB,Embryonic
0.48971755351858115,Embryonic fibroblasts,Embryonic,EMB,Embryonic
0.5111741693391113,Embryonic fibroblasts,Embryonic,EMB,Embryonic
0.42084689479434784,Embryonic fibroblasts,Embryonic,EMB,Embryonic
0.4529560349330154,Embryonic fibroblasts,Embryonic,EMB,Embryonic
0.41613881330432767,Embryonic fibroblasts,Embryonic,EMB,Embryonic
0.4922832186084157,Embryonic fibroblasts,Embryonic,EMB,Embryonic
0.42940195808513465,Embryonic fibroblasts,Embryonic,EMB,Embryonic
0.5235536995701293,Embryonic fibroblasts,Embryonic,EMB,Embryonic
0.45305999986813467,Embryonic fibroblasts,Embryonic,EMB,Embryonic
0.410860439714198,Embryonic fibroblasts,Embryonic,EMB,Embryonic
0.5405475020087311,Embryonic fibroblasts,Embryonic,EMB,Embryonic
0.3258309855689504,Embryonic fibroblasts,Embryonic,EMB,Embryonic
0.47374865970694624,Embryonic fibroblasts,Embryonic,EMB,Embryonic
0.4221658400176299,Embryonic fibroblasts,Embryonic,EMB,Embryonic
0.39824573968471694,Embryonic fibroblasts,Embryonic,EMB,Embryonic
0.4970967559529715,Embryonic fibroblasts,Embryonic,EMB,Embryonic
0.5241460580685415,Embryonic fibroblasts,Embryonic,EMB,Embryonic
0.4349699338738562,Embryonic fibroblasts,Embryonic,EMB,Embryonic
0.5254534551915899,Embryonic fibroblasts,Embryonic,EMB,Embryonic
0.5057421365319112,Embryonic fibroblasts,Embryonic,EMB,Embryonic
0.3866064240520682,Embryonic fibroblasts,Embryonic,EMB,Embryonic
0.4080871638978836,Embryonic fibroblasts,Embryonic,EMB,Embryonic
0.42522788873332773,Embryonic fibroblasts,Embryonic,EMB,Embryonic
0.5031383300059914,Embryonic fibroblasts,Embryonic,EMB,Embryonic
0.4703692927193449,Embryonic fibroblasts,Embryonic,EMB,Embryonic
0.5294549270905129,Embryonic fibroblasts,Embryonic,EMB,Embryonic
0.5051473324510929,Embryonic fibroblasts,Embryonic,EMB,Embryonic
0.4352586197699844,Embryonic fibroblasts,Embryonic,EMB,Embryonic
0.5068538506792808,Embryonic fibroblasts,Embryonic,EMB,Embryonic
0.41802285376510606,Embryonic fibroblasts,Embryonic,EMB,Embryonic
0.4204965655101228,Embryonic fibroblasts,Embryonic,EMB,Embryonic
0.41207901007304076,Embryonic fibroblasts,Embryonic,EMB,Embryonic
0.3803261110897804,Embryonic fibroblasts,Embryonic,EMB,Embryonic
0.4520461651736613,Embryonic fibroblasts,Embryonic,EMB,Embryonic
0.47627242126085195,Embryonic fibroblasts,Embryonic,EMB,Embryonic
0.47602413058058496,Embryonic fibroblasts,Embryonic,EMB,Embryonic
0.3191448716288801,Embryonic fibroblasts,Embryonic,EMB,Embryonic
0.4434411624099317,Embryonic fibroblasts,Embryonic,EMB,Embryonic
0.41125926698561704,Embryonic fibroblasts,Embryonic,EMB,Embryonic
0.3487175611843589,Embryonic fibroblasts,Embryonic,EMB,Embryonic
0.4308822603362145,Embryonic fibroblasts,Embryonic,EMB,Embryonic
0.42021805859936884,Embryonic fibroblasts,Embryonic,EMB,Embryonic
0.44110173148879517,Embryonic fibroblasts,Embryonic,EMB,Embryonic
0.41829395907166933,Embryonic fibroblasts,Embryonic,EMB,Embryonic
0.38988416056007164,Embryonic fibroblasts,Embryonic,EMB,Embryonic
0.4629960207431959,Embryonic fibroblasts,Embryonic,EMB,Embryonic
0.509903559565124,Embryonic fibroblasts,Embryonic,EMB,Embryonic
0.47483496613554904,Embryonic fibroblasts,Embryonic,EMB,Embryonic
0.5188230984739414,Embryonic fibroblasts,Embryonic,EMB,Embryonic
0.4143533234079176,Embryonic fibroblasts,Embryonic,EMB,Embryonic
0.47685342385713025,Embryonic fibroblasts,Embryonic,EMB,Embryonic
0.3744271049206865,Embryonic fibroblasts,Embryonic,EMB,Embryonic
0.4359527515124267,Embryonic fibroblasts,Embryonic,EMB,Embryonic
0.42899697572888856,Embryonic fibroblasts,Embryonic,EMB,Embryonic
0.25893524971933696,Embryonic fibroblasts,Embryonic,EMB,Embryonic
0.41835837390890956,Embryonic fibroblasts,Embryonic,EMB,Embryonic
0.48151544898766935,Embryonic fibroblasts,Embryonic,EMB,Embryonic
0.4163339849381483,Embryonic fibroblasts,Embryonic,EMB,Embryonic
0.3260686049045134,Embryonic fibroblasts,Embryonic,EMB,Embryonic
0.49327982389009917,Embryonic fibroblasts,Embryonic,EMB,Embryonic
0.38765986974669914,Embryonic fibroblasts,Embryonic,EMB,Embryonic
0.42101240069100454,Embryonic fibroblasts,Embryonic,EMB,Embryonic
0.32792305397636384,Embryonic fibroblasts,Embryonic,EMB,Embryonic
0.4528585924737413,Embryonic fibroblasts,Embryonic,EMB,Embryonic
0.5430641474873106,Embryonic fibroblasts,Embryonic,EMB,Embryonic
0.45580054901458406,Embryonic fibroblasts,Embryonic,EMB,Embryonic
0.46911735305295754,Embryonic fibroblasts,Embryonic,EMB,Embryonic
0.5321320010348769,Embryonic fibroblasts,Embryonic,EMB,Embryonic
0.49095653919122684,Embryonic fibroblasts,Embryonic,EMB,Embryonic
0.423783075900931,Embryonic fibroblasts,Embryonic,EMB,Embryonic
0.4396918995015087,Embryonic fibroblasts,Embryonic,EMB,Embryonic
0.4702795322520244,Embryonic fibroblasts,Embryonic,EMB,Embryonic
0.29483350104818995,Embryonic fibroblasts,Embryonic,EMB,Embryonic
0.46173910369967963,Embryonic fibroblasts,Embryonic,EMB,Embryonic
0.45886540200338066,Embryonic fibroblasts,Embryonic,EMB,Embryonic
0.5546696421864268,Embryonic fibroblasts,Embryonic,EMB,Embryonic
0.45873473062817793,Embryonic fibroblasts,Embryonic,EMB,Embryonic
0.5423598114494562,Embryonic fibroblasts,Embryonic,EMB,Embryonic
0.36333818057995726,Embryonic fibroblasts,Embryonic,EMB,Embryonic
0.5026045171843262,Embryonic fibroblasts,Embryonic,EMB,Embryonic
0.48830160164323905,Embryonic fibroblasts,Embryonic,EMB,Embryonic
0.4970658045449792,Embryonic fibroblasts,Embryonic,EMB,Embryonic
0.4818598007528015,Embryonic fibroblasts,Embryonic,EMB,Embryonic
0.4749193944897415,Embryonic fibroblasts,Embryonic,EMB,Embryonic
0.41172492066631916,Embryonic fibroblasts,Embryonic,EMB,Embryonic
0.45998998946874636,Embryonic fibroblasts,Embryonic,EMB,Embryonic
0.44154214117503776,Embryonic fibroblasts,Embryonic,EMB,Embryonic
0.4695559499077398,Embryonic fibroblasts,Embryonic,EMB,Embryonic
0.39680164423370523,Embryonic fibroblasts,Embryonic,EMB,Embryonic
0.4568309772071466,Embryonic fibroblasts,Embryonic,EMB,Embryonic
0.37461191407135846,Embryonic fibroblasts,Embryonic,EMB,Embryonic
0.4152033503510857,Embryonic fibroblasts,Embryonic,EMB,Embryonic
0.467174152356076,Embryonic fibroblasts,Embryonic,EMB,Embryonic
0.48149876888179444,Embryonic fibroblasts,Embryonic,EMB,Embryonic
0.3306450350463032,Embryonic fibroblasts,Embryonic,EMB,Embryonic
0.34580251751859575,Embryonic fibroblasts,Embryonic,EMB,Embryonic
0.4844720248436498,Embryonic fibroblasts,Embryonic,EMB,Embryonic
0.46147138914724817,Embryonic fibroblasts,Embryonic,EMB,Embryonic
0.5274243454653371,Embryonic fibroblasts,Embryonic,EMB,Embryonic
0.4517465686738776,Embryonic fibroblasts,Embryonic,EMB,Embryonic
0.3693586618801926,Embryonic fibroblasts,Embryonic,EMB,Embryonic
0.5328528926057635,Embryonic fibroblasts,Embryonic,EMB,Embryonic
0.46718840151191027,Embryonic fibroblasts,Embryonic,EMB,Embryonic
0.3917555218783004,Embryonic fibroblasts,Embryonic,EMB,Embryonic
0.428216038861513,Embryonic fibroblasts,Embryonic,EMB,Embryonic
0.48246359464268507,Embryonic fibroblasts,Embryonic,EMB,Embryonic
0.5002628044050906,Embryonic fibroblasts,Embryonic,EMB,Embryonic
0.4361994219548026,Embryonic fibroblasts,Embryonic,EMB,Embryonic
0.463232370226704,Embryonic fibroblasts,Embryonic,EMB,Embryonic
0.5899577230777381,Embryonic fibroblasts,Embryonic,EMB,Embryonic
0.28227613774567945,Embryonic fibroblasts,Embryonic,EMB,Embryonic
0.4487572305557912,Embryonic fibroblasts,Embryonic,EMB,Embryonic
0.4361474339506722,Embryonic fibroblasts,Embryonic,EMB,Embryonic
0.4839944829590806,Embryonic fibroblasts,Embryonic,EMB,Embryonic
0.3900422759256792,Embryonic fibroblasts,Embryonic,EMB,Embryonic
0.40081353595883135,Embryonic fibroblasts,Embryonic,EMB,Embryonic
0.5031747527323198,Embryonic fibroblasts,Embryonic,EMB,Embryonic
0.4731918222647645,Embryonic fibroblasts,Embryonic,EMB,Embryonic
0.506863952943603,Embryonic fibroblasts,Embryonic,EMB,Embryonic
0.4521420601614031,Embryonic fibroblasts,Embryonic,EMB,Embryonic
0.27486144826542214,Embryonic fibroblasts,Embryonic,EMB,Embryonic
0.46382407224600974,Embryonic fibroblasts,Embryonic,EMB,Embryonic
0.4451235518672024,Embryonic fibroblasts,Embryonic,EMB,Embryonic
0.4475870506164817,Embryonic fibroblasts,Embryonic,EMB,Embryonic
0.31324945078483396,Embryonic fibroblasts,Embryonic,EMB,Embryonic
0.47375872123792606,Embryonic fibroblasts,Embryonic,EMB,Embryonic
0.5277326418951589,Embryonic fibroblasts,Embryonic,EMB,Embryonic
0.3839538055362974,Embryonic fibroblasts,Embryonic,EMB,Embryonic
0.38554641237996456,Embryonic fibroblasts,Embryonic,EMB,Embryonic
0.4068169875582941,Embryonic fibroblasts,Embryonic,EMB,Embryonic
0.42678267723936125,Embryonic fibroblasts,Embryonic,EMB,Embryonic
0.40868266558661986,Embryonic fibroblasts,Embryonic,EMB,Embryonic
0.45433685766224446,Embryonic fibroblasts,Embryonic,EMB,Embryonic
0.44978584868517896,Embryonic fibroblasts,Embryonic,EMB,Embryonic
0.3955491738474619,Embryonic fibroblasts,Embryonic,EMB,Embryonic
0.44261135620965075,Embryonic fibroblasts,Embryonic,EMB,Embryonic
0.5111064040856121,Embryonic fibroblasts,Embryonic,EMB,Embryonic
0.3921420516350841,Embryonic fibroblasts,Embryonic,EMB,Embryonic
0.4321537322333659,Embryonic fibroblasts,Embryonic,EMB,Embryonic
0.33837517618317337,Embryonic fibroblasts,Embryonic,EMB,Embryonic
0.44745686764591536,Embryonic fibroblasts,Embryonic,EMB,Embryonic
0.3860604584575466,Embryonic fibroblasts,Embryonic,EMB,Embryonic
0.4931193732780316,Embryonic fibroblasts,Embryonic,EMB,Embryonic
0.4695589795983631,Embryonic fibroblasts,Embryonic,EMB,Embryonic
0.48397367138499764,Embryonic fibroblasts,Embryonic,EMB,Embryonic
0.48399119660885487,Embryonic fibroblasts,Embryonic,EMB,Embryonic
0.5333038577641933,Embryonic fibroblasts,Embryonic,EMB,Embryonic
0.5408250945943682,Embryonic fibroblasts,Embryonic,EMB,Embryonic
0.4843904604784265,Embryonic fibroblasts,Embryonic,EMB,Embryonic
0.47189231870976717,Embryonic fibroblasts,Embryonic,EMB,Embryonic
0.47372451630366336,Embryonic fibroblasts,Embryonic,EMB,Embryonic
0.5113512478551008,Embryonic fibroblasts,Embryonic,EMB,Embryonic
0.47659913034773255,Embryonic fibroblasts,Embryonic,EMB,Embryonic
0.3900081939823816,Embryonic fibroblasts,Embryonic,EMB,Embryonic
0.4588974528161416,Embryonic fibroblasts,Embryonic,EMB,Embryonic
0.42938546582719683,Embryonic fibroblasts,Embryonic,EMB,Embryonic
0.5134166098224309,Embryonic fibroblasts,Embryonic,EMB,Embryonic
0.44660094900050157,Embryonic fibroblasts,Embryonic,EMB,Embryonic
0.46616477222826225,Embryonic fibroblasts,Embryonic,EMB,Embryonic
0.3538874603024711,Embryonic fibroblasts,Embryonic,EMB,Embryonic
0.43457909429219166,Embryonic fibroblasts,Embryonic,EMB,Embryonic
0.4700648675389046,Embryonic fibroblasts,Embryonic,EMB,Embryonic
0.42439941051909474,Embryonic fibroblasts,Embryonic,EMB,Embryonic
0.5122250211503332,Embryonic fibroblasts,Embryonic,EMB,Embryonic
0.4692432981740631,Embryonic fibroblasts,Embryonic,EMB,Embryonic
0.4060205862577985,Embryonic fibroblasts,Embryonic,EMB,Embryonic
0.4500282278897331,Embryonic fibroblasts,Embryonic,EMB,Embryonic
0.41575463579918576,Embryonic fibroblasts,Embryonic,EMB,Embryonic
0.46940291355488184,Embryonic fibroblasts,Embryonic,EMB,Embryonic
0.40946434119072495,Embryonic fibroblasts,Embryonic,EMB,Embryonic
0.5809343034687711,Embryonic fibroblasts,Embryonic,EMB,Embryonic
0.4609133316821486,Embryonic fibroblasts,Embryonic,EMB,Embryonic
0.430479437638041,Embryonic fibroblasts,Embryonic,EMB,Embryonic
0.5180676345777739,Embryonic fibroblasts,Embryonic,EMB,Embryonic
0.4963044244274667,Embryonic fibroblasts,Embryonic,EMB,Embryonic
0.3678966833055699,Embryonic fibroblasts,Embryonic,EMB,Embryonic
0.4987882099630129,Embryonic fibroblasts,Embryonic,EMB,Embryonic
0.538504255477902,Embryonic fibroblasts,Embryonic,EMB,Embryonic
0.39850677199168943,Embryonic fibroblasts,Embryonic,EMB,Embryonic
0.41732798407687305,Embryonic fibroblasts,Embryonic,EMB,Embryonic
0.519474544442098,Embryonic fibroblasts,Embryonic,EMB,Embryonic
0.3979363161672726,Embryonic fibroblasts,Embryonic,EMB,Embryonic
0.4788174139818116,Embryonic fibroblasts,Embryonic,EMB,Embryonic
0.3850643419759688,Embryonic fibroblasts,Embryonic,EMB,Embryonic
0.4738262144085185,Embryonic fibroblasts,Embryonic,EMB,Embryonic
0.3550811627581978,Embryonic fibroblasts,Embryonic,EMB,Embryonic
0.503541056605115,Embryonic fibroblasts,Embryonic,EMB,Embryonic
0.3532661751990938,Embryonic fibroblasts,Embryonic,EMB,Embryonic
0.46513287723991303,Embryonic fibroblasts,Embryonic,EMB,Embryonic
0.4289813993779451,Embryonic fibroblasts,Embryonic,EMB,Embryonic
0.38753123029297176,Embryonic fibroblasts,Embryonic,EMB,Embryonic
0.5281687053733413,Embryonic fibroblasts,Embryonic,EMB,Embryonic
0.3614789585886272,Embryonic fibroblasts,Embryonic,EMB,Embryonic
0.5218134458297865,Embryonic fibroblasts,Embryonic,EMB,Embryonic
0.3747961078717357,Embryonic fibroblasts,Embryonic,EMB,Embryonic
0.5166823905013098,Embryonic fibroblasts,Embryonic,EMB,Embryonic
0.49354120974666277,Embryonic fibroblasts,Embryonic,EMB,Embryonic
0.4825065196759222,Embryonic fibroblasts,Embryonic,EMB,Embryonic
0.5107121603038581,Embryonic fibroblasts,Embryonic,EMB,Embryonic
0.4996568350383609,Embryonic fibroblasts,Embryonic,EMB,Embryonic
0.4139621255310299,Embryonic fibroblasts,Embryonic,EMB,Embryonic
0.433032968542078,Embryonic fibroblasts,Embryonic,EMB,Embryonic
0.5350942277522743,Embryonic fibroblasts,Embryonic,EMB,Embryonic
0.361873790828761,Embryonic fibroblasts,Embryonic,EMB,Embryonic
0.42442949426735244,Embryonic fibroblasts,Embryonic,EMB,Embryonic
0.5558672222190444,Embryonic fibroblasts,Embryonic,EMB,Embryonic
0.5108763888345427,Embryonic fibroblasts,Embryonic,EMB,Embryonic
0.3758835805394257,Embryonic fibroblasts,Embryonic,EMB,Embryonic
0.49280924028858913,Embryonic fibroblasts,Embryonic,EMB,Embryonic
0.37531804474908337,Embryonic fibroblasts,Embryonic,EMB,Embryonic
0.45385080013635026,Embryonic fibroblasts,Embryonic,EMB,Embryonic
0.5042079638426367,Embryonic fibroblasts,Embryonic,EMB,Embryonic
0.5669798577150664,Embryonic fibroblasts,Embryonic,EMB,Embryonic
0.5376402407841343,Embryonic fibroblasts,Embryonic,EMB,Embryonic
0.5692481824577089,Embryonic fibroblasts,Embryonic,EMB,Embryonic
0.4685788495694358,Embryonic fibroblasts,Embryonic,EMB,Embryonic
0.4395061016774835,Embryonic fibroblasts,Embryonic,EMB,Embryonic
0.44484996696786966,Embryonic fibroblasts,Embryonic,EMB,Embryonic
0.4560316680205849,Embryonic fibroblasts,Embryonic,EMB,Embryonic
0.38461849616816157,Embryonic fibroblasts,Embryonic,EMB,Embryonic
0.4097146436235308,Embryonic fibroblasts,Embryonic,EMB,Embryonic
0.3205397244239283,Embryonic fibroblasts,Embryonic,EMB,Embryonic
0.39396479434796994,Embryonic fibroblasts,Embryonic,EMB,Embryonic
0.35334002474840814,Embryonic fibroblasts,Embryonic,EMB,Embryonic
0.4940014118824958,Embryonic fibroblasts,Embryonic,EMB,Embryonic
0.516405488800612,Embryonic fibroblasts,Embryonic,EMB,Embryonic
0.5382537307913264,Embryonic fibroblasts,Embryonic,EMB,Embryonic
0.4759712365561938,Embryonic fibroblasts,Embryonic,EMB,Embryonic
0.4365382308216479,Embryonic fibroblasts,Embryonic,EMB,Embryonic
0.4711828040008893,Embryonic fibroblasts,Embryonic,EMB,Embryonic
0.5513717917122585,Embryonic fibroblasts,Embryonic,EMB,Embryonic
0.4424496824109107,Embryonic fibroblasts,Embryonic,EMB,Embryonic
0.5207026768541425,Embryonic fibroblasts,Embryonic,EMB,Embryonic
0.3747304200186859,Embryonic fibroblasts,Embryonic,EMB,Embryonic
0.505310855859942,Embryonic fibroblasts,Embryonic,EMB,Embryonic
0.3529850870599495,Embryonic fibroblasts,Embryonic,EMB,Embryonic
0.5068419810624728,Embryonic fibroblasts,Embryonic,EMB,Embryonic
0.46113414871181024,Embryonic fibroblasts,Embryonic,EMB,Embryonic
0.4035299163919599,Embryonic fibroblasts,Embryonic,EMB,Embryonic
0.5007541979988062,Embryonic fibroblasts,Embryonic,EMB,Embryonic
0.4387265449981088,Embryonic fibroblasts,Embryonic,EMB,Embryonic
0.4594250077309511,Embryonic fibroblasts,Embryonic,EMB,Embryonic
0.4655162725066981,Embryonic fibroblasts,Embryonic,EMB,Embryonic
0.43548013401209457,Embryonic fibroblasts,Embryonic,EMB,Embryonic
0.4805133957203409,Embryonic fibroblasts,Embryonic,EMB,Embryonic
0.46806300845651394,Embryonic fibroblasts,Embryonic,EMB,Embryonic
0.49809402799596436,Embryonic fibroblasts,Embryonic,EMB,Embryonic
0.4162783408199581,Embryonic fibroblasts,Embryonic,EMB,Embryonic
0.39930047500486965,Embryonic fibroblasts,Embryonic,EMB,Embryonic
0.49920528063061276,Embryonic fibroblasts,Embryonic,EMB,Embryonic
0.412989918334885,Embryonic fibroblasts,Embryonic,EMB,Embryonic
0.48592569895757576,Embryonic fibroblasts,Embryonic,EMB,Embryonic
0.5618134770876833,Embryonic fibroblasts,Embryonic,EMB,Embryonic
0.5786300127668893,Embryonic fibroblasts,Embryonic,EMB,Embryonic
0.5138039332861823,Embryonic fibroblasts,Embryonic,EMB,Embryonic
0.4282339294990414,Embryonic fibroblasts,Embryonic,EMB,Embryonic
0.4444694451813181,Embryonic fibroblasts,Embryonic,EMB,Embryonic
0.49425336223604666,Embryonic fibroblasts,Embryonic,EMB,Embryonic
0.4341399062107441,Embryonic fibroblasts,Embryonic,EMB,Embryonic
0.4619632145934844,Embryonic fibroblasts,Embryonic,EMB,Embryonic
0.4616763000045356,Embryonic fibroblasts,Embryonic,EMB,Embryonic
0.4964950952247147,Embryonic fibroblasts,Embryonic,EMB,Embryonic
0.37915527348495637,Embryonic fibroblasts,Embryonic,EMB,Embryonic
0.42762511908056433,Embryonic fibroblasts,Embryonic,EMB,Embryonic
0.4856937704258333,Embryonic fibroblasts,Embryonic,EMB,Embryonic
0.444361938818248,Embryonic fibroblasts,Embryonic,EMB,Embryonic
0.48216121799343237,Embryonic fibroblasts,Embryonic,EMB,Embryonic
0.3746303951446135,Embryonic fibroblasts,Embryonic,EMB,Embryonic
0.3638332603434025,Embryonic fibroblasts,Embryonic,EMB,Embryonic
0.45777040039037187,Embryonic fibroblasts,Embryonic,EMB,Embryonic
0.5076689821987164,Embryonic fibroblasts,Embryonic,EMB,Embryonic
0.46814385425394417,Embryonic fibroblasts,Embryonic,EMB,Embryonic
0.38157771974832916,Embryonic fibroblasts,Embryonic,EMB,Embryonic
0.47857166063283807,Embryonic fibroblasts,Embryonic,EMB,Embryonic
0.4035284230997274,Embryonic fibroblasts,Embryonic,EMB,Embryonic
0.5181424194120803,Embryonic fibroblasts,Embryonic,EMB,Embryonic
0.49406749599582545,Embryonic fibroblasts,Embryonic,EMB,Embryonic
0.45225190097999457,Embryonic fibroblasts,Embryonic,EMB,Embryonic
0.46370555443460215,Embryonic fibroblasts,Embryonic,EMB,Embryonic
0.4740735322342061,Embryonic fibroblasts,Embryonic,EMB,Embryonic
0.42531287549023017,Embryonic fibroblasts,Embryonic,EMB,Embryonic
0.4241191271600599,Embryonic fibroblasts,Embryonic,EMB,Embryonic
0.5360481658467311,Embryonic fibroblasts,Embryonic,EMB,Embryonic
0.351268360581656,Embryonic fibroblasts,Embryonic,EMB,Embryonic
0.37485203356409674,Embryonic fibroblasts,Embryonic,EMB,Embryonic
0.5795019961678831,Embryonic fibroblasts,Embryonic,EMB,Embryonic
0.5186010978045414,Embryonic fibroblasts,Embryonic,EMB,Embryonic
0.38082061623627284,Embryonic fibroblasts,Embryonic,EMB,Embryonic
0.36923153707404216,Embryonic fibroblasts,Embryonic,EMB,Embryonic
0.47285337802065175,Embryonic fibroblasts,Embryonic,EMB,Embryonic
0.41367199933556087,Embryonic fibroblasts,Embryonic,EMB,Embryonic
0.48975127281649294,Embryonic fibroblasts,Embryonic,EMB,Embryonic
0.3517111763033708,Embryonic fibroblasts,Embryonic,EMB,Embryonic
0.4750548407617704,Embryonic fibroblasts,Embryonic,EMB,Embryonic
0.49093245036271305,Embryonic fibroblasts,Embryonic,EMB,Embryonic
0.5143601482596212,Embryonic fibroblasts,Embryonic,EMB,Embryonic
0.4359553220631447,Embryonic fibroblasts,Embryonic,EMB,Embryonic
0.4394118696383216,Embryonic fibroblasts,Embryonic,EMB,Embryonic
0.4696525041428736,Embryonic fibroblasts,Embryonic,EMB,Embryonic
0.491502761445351,Embryonic fibroblasts,Embryonic,EMB,Embryonic
0.4288388967464605,Embryonic fibroblasts,Embryonic,EMB,Embryonic
0.428801422862623,Embryonic fibroblasts,Embryonic,EMB,Embryonic
0.4936125045640326,Embryonic fibroblasts,Embryonic,EMB,Embryonic
0.4360422414787177,Embryonic fibroblasts,Embryonic,EMB,Embryonic
0.46264015726100943,Embryonic fibroblasts,Embryonic,EMB,Embryonic
0.4891204739071733,Embryonic fibroblasts,Embryonic,EMB,Embryonic
0.5069114697713613,Embryonic fibroblasts,Embryonic,EMB,Embryonic
0.4499950219110263,Embryonic fibroblasts,Embryonic,EMB,Embryonic
0.4208803859064497,Embryonic fibroblasts,Embryonic,EMB,Embryonic
0.35301072612828105,Embryonic fibroblasts,Embryonic,EMB,Embryonic
0.40990340469932995,Embryonic fibroblasts,Embryonic,EMB,Embryonic
0.5293043042870447,Embryonic fibroblasts,Embryonic,EMB,Embryonic
0.4237365817568892,Embryonic fibroblasts,Embryonic,EMB,Embryonic
0.5035622929132704,Embryonic fibroblasts,Embryonic,EMB,Embryonic
0.5143805042530227,Embryonic fibroblasts,Embryonic,EMB,Embryonic
0.4295766665533621,Embryonic fibroblasts,Embryonic,EMB,Embryonic
0.56275257519511,Embryonic fibroblasts,Embryonic,EMB,Embryonic
0.4709340735587148,Embryonic fibroblasts,Embryonic,EMB,Embryonic
0.40045251990659786,Embryonic fibroblasts,Embryonic,EMB,Embryonic
0.4892269548182416,Embryonic fibroblasts,Embryonic,EMB,Embryonic
0.4147874664869789,Embryonic fibroblasts,Embryonic,EMB,Embryonic
0.37823284203744695,Embryonic fibroblasts,Embryonic,EMB,Embryonic
0.34043859362775253,Embryonic fibroblasts,Embryonic,EMB,Embryonic
0.4114431499470919,Embryonic fibroblasts,Embryonic,EMB,Embryonic
0.46169639221988673,Embryonic fibroblasts,Embryonic,EMB,Embryonic
0.5023018751751454,Embryonic fibroblasts,Embryonic,EMB,Embryonic
0.4065156193558616,Embryonic fibroblasts,Embryonic,EMB,Embryonic
0.4919140539104059,Embryonic fibroblasts,Embryonic,EMB,Embryonic
0.4388535179440322,Embryonic fibroblasts,Embryonic,EMB,Embryonic
0.4378856743565986,Embryonic fibroblasts,Embryonic,EMB,Embryonic
0.44844755868360064,Embryonic fibroblasts,Embryonic,EMB,Embryonic
0.4734518338653672,Embryonic fibroblasts,Embryonic,EMB,Embryonic
0.4304510832772125,Embryonic fibroblasts,Embryonic,EMB,Embryonic
0.3841794207954763,Embryonic fibroblasts,Embryonic,EMB,Embryonic
0.39094585416328353,Embryonic fibroblasts,Embryonic,EMB,Embryonic
0.4371706570873067,Embryonic fibroblasts,Embryonic,EMB,Embryonic
0.4964384537328459,Embryonic fibroblasts,Embryonic,EMB,Embryonic
0.4782536435666085,Embryonic fibroblasts,Embryonic,EMB,Embryonic
0.4614661222865615,Embryonic fibroblasts,Embryonic,EMB,Embryonic
0.5212252362002334,Embryonic fibroblasts,Embryonic,EMB,Embryonic
0.4066258789764854,Embryonic fibroblasts,Embryonic,EMB,Embryonic
0.3729799944114171,Embryonic fibroblasts,Embryonic,EMB,Embryonic
0.42522152484068854,Embryonic fibroblasts,Embryonic,EMB,Embryonic
0.3977529635301843,Embryonic fibroblasts,Embryonic,EMB,Embryonic
0.5149754364659078,Embryonic fibroblasts,Embryonic,EMB,Embryonic
0.47918972780218566,Embryonic fibroblasts,Embryonic,EMB,Embryonic
0.40010731630050467,Embryonic fibroblasts,Embryonic,EMB,Embryonic
0.4515075224849314,Embryonic fibroblasts,Embryonic,EMB,Embryonic
0.5031346715191155,Embryonic fibroblasts,Embryonic,EMB,Embryonic
0.5068940181048016,Embryonic fibroblasts,Embryonic,EMB,Embryonic
0.38900114277351844,Embryonic fibroblasts,Embryonic,EMB,Embryonic
0.4291156264179949,Embryonic fibroblasts,Embryonic,EMB,Embryonic
0.4651818857780265,Embryonic fibroblasts,Embryonic,EMB,Embryonic
0.41422181086942617,Embryonic fibroblasts,Embryonic,EMB,Embryonic
0.5042668254993873,Embryonic fibroblasts,Embryonic,EMB,Embryonic
0.45282314616121644,Embryonic fibroblasts,Embryonic,EMB,Embryonic
0.4377140505492329,Embryonic fibroblasts,Embryonic,EMB,Embryonic
0.4364214815491343,Embryonic fibroblasts,Embryonic,EMB,Embryonic
0.48021921398677747,Embryonic fibroblasts,Embryonic,EMB,Embryonic
0.4956002738647335,Embryonic fibroblasts,Embryonic,EMB,Embryonic
0.49506328186503396,Embryonic fibroblasts,Embryonic,EMB,Embryonic
0.4945022132963703,Embryonic fibroblasts,Embryonic,EMB,Embryonic
0.4560085085450231,Embryonic fibroblasts,Embryonic,EMB,Embryonic
0.48061448440694127,Embryonic fibroblasts,Embryonic,EMB,Embryonic
0.37407252394557367,Embryonic fibroblasts,Embryonic,EMB,Embryonic
0.525272664009425,Embryonic fibroblasts,Embryonic,EMB,Embryonic
0.5636954761357221,Embryonic fibroblasts,Embryonic,EMB,Embryonic
0.4889913539581963,Embryonic fibroblasts,Embryonic,EMB,Embryonic
0.4643559112801928,Embryonic fibroblasts,Embryonic,EMB,Embryonic
0.4248453188110579,Embryonic fibroblasts,Embryonic,EMB,Embryonic
0.4016617457203763,Embryonic fibroblasts,Embryonic,EMB,Embryonic
0.4446596105687479,Embryonic fibroblasts,Embryonic,EMB,Embryonic
0.41751172111016105,Embryonic fibroblasts,Embryonic,EMB,Embryonic
0.4821757333001333,Embryonic fibroblasts,Embryonic,EMB,Embryonic
0.46071978780013656,Embryonic fibroblasts,Embryonic,EMB,Embryonic
0.3893439122658163,Embryonic fibroblasts,Embryonic,EMB,Embryonic
0.46374113243841764,Embryonic fibroblasts,Embryonic,EMB,Embryonic
0.4684134472857465,Embryonic fibroblasts,Embryonic,EMB,Embryonic
0.43659482287984896,Embryonic fibroblasts,Embryonic,EMB,Embryonic
0.5198858108061764,Embryonic fibroblasts,Embryonic,EMB,Embryonic
0.3214587386208601,Embryonic fibroblasts,Embryonic,EMB,Embryonic
0.3892358478955058,Embryonic fibroblasts,Embryonic,EMB,Embryonic
0.47037246873362437,Embryonic fibroblasts,Embryonic,EMB,Embryonic
0.5054502710622795,Embryonic fibroblasts,Embryonic,EMB,Embryonic
0.3986795122090055,Embryonic fibroblasts,Embryonic,EMB,Embryonic
0.5333623445160083,Embryonic fibroblasts,Embryonic,EMB,Embryonic
0.4720742195789037,Embryonic fibroblasts,Embryonic,EMB,Embryonic
0.405869252795924,Embryonic fibroblasts,Embryonic,EMB,Embryonic
0.4213991380691923,Embryonic fibroblasts,Embryonic,EMB,Embryonic
0.3648436386358335,Embryonic fibroblasts,Embryonic,EMB,Embryonic
0.2584186587965442,Embryonic fibroblasts,Embryonic,EMB,Embryonic
0.44984828736212107,Embryonic fibroblasts,Embryonic,EMB,Embryonic
0.46657464219009676,Embryonic fibroblasts,Embryonic,EMB,Embryonic
0.507259430985171,Embryonic fibroblasts,Embryonic,EMB,Embryonic
0.4319482938199771,Embryonic fibroblasts,Embryonic,EMB,Embryonic
0.4655242285589052,Embryonic fibroblasts,Embryonic,EMB,Embryonic
0.35108993430615165,Embryonic fibroblasts,Embryonic,EMB,Embryonic
0.4491043371603544,Embryonic fibroblasts,Embryonic,EMB,Embryonic
0.4081404189857833,Embryonic fibroblasts,Embryonic,EMB,Embryonic
0.5415398805140954,Embryonic fibroblasts,Embryonic,EMB,Embryonic
0.4224544693616424,Embryonic fibroblasts,Embryonic,EMB,Embryonic
0.5034952351544226,Embryonic fibroblasts,Embryonic,EMB,Embryonic
0.44874177877769017,Embryonic fibroblasts,Embryonic,EMB,Embryonic
0.4535647156375487,Embryonic fibroblasts,Embryonic,EMB,Embryonic
0.3704316904256632,Embryonic fibroblasts,Embryonic,EMB,Embryonic
0.43532335651926846,Embryonic fibroblasts,Embryonic,EMB,Embryonic
0.4557299668329671,Embryonic fibroblasts,Embryonic,EMB,Embryonic
0.2970728414473434,Embryonic fibroblasts,Embryonic,EMB,Embryonic
0.4012743407899405,Embryonic fibroblasts,Embryonic,EMB,Embryonic
0.4488215002557832,Embryonic fibroblasts,Embryonic,EMB,Embryonic
0.4413765423430858,Embryonic fibroblasts,Embryonic,EMB,Embryonic
0.430996689390103,Embryonic fibroblasts,Embryonic,EMB,Embryonic
0.39595455325492657,Embryonic fibroblasts,Embryonic,EMB,Embryonic
0.4444251858345236,Embryonic fibroblasts,Embryonic,EMB,Embryonic
0.4069293692674029,Embryonic fibroblasts,Embryonic,EMB,Embryonic
0.3763742903666503,Embryonic fibroblasts,Embryonic,EMB,Embryonic
0.41764950104677256,Embryonic fibroblasts,Embryonic,EMB,Embryonic
0.37383214423400896,Embryonic fibroblasts,Embryonic,EMB,Embryonic
0.4571320424800638,Embryonic fibroblasts,Embryonic,EMB,Embryonic
0.40320452500892434,Embryonic fibroblasts,Embryonic,EMB,Embryonic
0.3353962503773727,Embryonic fibroblasts,Embryonic,EMB,Embryonic
0.45043947171205906,Embryonic fibroblasts,Embryonic,EMB,Embryonic
0.401581577757397,Embryonic fibroblasts,Embryonic,EMB,Embryonic
0.42436731778658354,Embryonic fibroblasts,Embryonic,EMB,Embryonic
0.5029057141485338,Embryonic fibroblasts,Embryonic,EMB,Embryonic
0.47765610402435676,Embryonic fibroblasts,Embryonic,EMB,Embryonic
0.5596554131520727,Embryonic fibroblasts,Embryonic,EMB,Embryonic
0.4942232005803288,Embryonic fibroblasts,Embryonic,EMB,Embryonic
0.44975679473908586,Embryonic fibroblasts,Embryonic,EMB,Embryonic
0.4097834885083317,Embryonic fibroblasts,Embryonic,EMB,Embryonic
0.688672487898385,Embryonic fibroblasts,Embryonic,EMB,Embryonic
0.35898957320720903,Embryonic fibroblasts,Embryonic,EMB,Embryonic
0.5387500918754373,Embryonic fibroblasts,Embryonic,EMB,Embryonic
0.43289882099136584,Embryonic fibroblasts,Embryonic,EMB,Embryonic
0.5169680542207322,Embryonic fibroblasts,Embryonic,EMB,Embryonic
0.5005942314412123,Embryonic fibroblasts,Embryonic,EMB,Embryonic
0.43979287389746946,Embryonic fibroblasts,Embryonic,EMB,Embryonic
0.4868929797921367,Embryonic fibroblasts,Embryonic,EMB,Embryonic
0.5273047381358944,Embryonic fibroblasts,Embryonic,EMB,Embryonic
0.4126493085006596,Embryonic fibroblasts,Embryonic,EMB,Embryonic
0.4483667018130289,Embryonic fibroblasts,Embryonic,EMB,Embryonic
0.5424939313173145,Embryonic fibroblasts,Embryonic,EMB,Embryonic
0.48769534397935954,Embryonic fibroblasts,Embryonic,EMB,Embryonic
0.45947381537063914,Embryonic fibroblasts,Embryonic,EMB,Embryonic
0.3574795182157102,Embryonic fibroblasts,Embryonic,EMB,Embryonic
0.47716519923074696,Embryonic fibroblasts,Embryonic,EMB,Embryonic
0.37211176836463444,Embryonic fibroblasts,Embryonic,EMB,Embryonic
0.4665057265162838,Embryonic fibroblasts,Embryonic,EMB,Embryonic
0.42560191058578667,Embryonic fibroblasts,Embryonic,EMB,Embryonic
0.41466138651082807,Embryonic fibroblasts,Embryonic,EMB,Embryonic
0.388807097831851,Embryonic fibroblasts,Embryonic,EMB,Embryonic
0.4706791097287837,Embryonic fibroblasts,Embryonic,EMB,Embryonic
0.44944705484616865,Embryonic fibroblasts,Embryonic,EMB,Embryonic
0.49890404214212414,Embryonic fibroblasts,Embryonic,EMB,Embryonic
0.45008834634805006,Embryonic fibroblasts,Embryonic,EMB,Embryonic
0.39225630589152377,Embryonic fibroblasts,Embryonic,EMB,Embryonic
0.4175330424442248,Embryonic fibroblasts,Embryonic,EMB,Embryonic
0.5081042535518082,Embryonic fibroblasts,Embryonic,EMB,Embryonic
0.4887088923540299,Embryonic fibroblasts,Embryonic,EMB,Embryonic
0.41217648219251546,Embryonic fibroblasts,Embryonic,EMB,Embryonic
0.489250066442013,Embryonic fibroblasts,Embryonic,EMB,Embryonic
0.4586650216428665,Embryonic fibroblasts,Embryonic,EMB,Embryonic
0.3676769514437807,Embryonic fibroblasts,Embryonic,EMB,Embryonic
0.4141082645031072,Embryonic fibroblasts,Embryonic,EMB,Embryonic
0.4273049672708308,Embryonic fibroblasts,Embryonic,EMB,Embryonic
0.4093920893375492,Embryonic fibroblasts,Embryonic,EMB,Embryonic
0.4427452364230882,Embryonic fibroblasts,Embryonic,EMB,Embryonic
0.47213402878019584,Embryonic fibroblasts,Embryonic,EMB,Embryonic
0.5395346381914905,Embryonic fibroblasts,Embryonic,EMB,Embryonic
0.48526709578528143,Embryonic fibroblasts,Embryonic,EMB,Embryonic
0.46917827589591454,Embryonic fibroblasts,Embryonic,EMB,Embryonic
0.48441161413348965,Embryonic fibroblasts,Embryonic,EMB,Embryonic
0.4700228251932371,Embryonic fibroblasts,Embryonic,EMB,Embryonic
0.506991377515514,Embryonic fibroblasts,Embryonic,EMB,Embryonic
0.4795341673615116,Embryonic fibroblasts,Embryonic,EMB,Embryonic
0.4740470160148758,Embryonic fibroblasts,Embryonic,EMB,Embryonic
0.4803921776442712,Embryonic fibroblasts,Embryonic,EMB,Embryonic
0.5108373255594227,Embryonic fibroblasts,Embryonic,EMB,Embryonic
0.521025664574522,Embryonic fibroblasts,Embryonic,EMB,Embryonic
0.4943074924975986,Embryonic fibroblasts,Embryonic,EMB,Embryonic
0.5054240324624267,Embryonic fibroblasts,Embryonic,EMB,Embryonic
0.48607787991024864,Embryonic fibroblasts,Embryonic,EMB,Embryonic
0.4058587277748761,Embryonic fibroblasts,Embryonic,EMB,Embryonic
0.5093771036596139,Embryonic fibroblasts,Embryonic,EMB,Embryonic
0.3723902436378411,Embryonic fibroblasts,Embryonic,EMB,Embryonic
0.4309929751420501,Embryonic fibroblasts,Embryonic,EMB,Embryonic
0.48466155075715484,Embryonic fibroblasts,Embryonic,EMB,Embryonic
0.5276600981856094,Embryonic fibroblasts,Embryonic,EMB,Embryonic
0.5184698071243504,Embryonic fibroblasts,Embryonic,EMB,Embryonic
0.5460009411759034,Embryonic fibroblasts,Embryonic,EMB,Embryonic
0.4904081339463391,Embryonic fibroblasts,Embryonic,EMB,Embryonic
0.522314751467071,Embryonic fibroblasts,Embryonic,EMB,Embryonic
0.5041990523365012,Embryonic fibroblasts,Embryonic,EMB,Embryonic
0.41894090538966117,Embryonic fibroblasts,Embryonic,EMB,Embryonic
0.5178871684714073,Embryonic fibroblasts,Embryonic,EMB,Embryonic
0.5274879147891258,Embryonic fibroblasts,Embryonic,EMB,Embryonic
0.507887548612357,Embryonic fibroblasts,Embryonic,EMB,Embryonic
0.4983970203909814,Embryonic fibroblasts,Embryonic,EMB,Embryonic
0.34851656507808043,Embryonic fibroblasts,Embryonic,EMB,Embryonic
0.4553744762783695,Embryonic fibroblasts,Embryonic,EMB,Embryonic
0.45939624287294645,Embryonic fibroblasts,Embryonic,EMB,Embryonic
0.48947548594386797,Embryonic fibroblasts,Embryonic,EMB,Embryonic
0.5161415849907527,Embryonic fibroblasts,Embryonic,EMB,Embryonic
0.48318605306310175,Embryonic fibroblasts,Embryonic,EMB,Embryonic
0.37640379870701646,Embryonic fibroblasts,Embryonic,EMB,Embryonic
0.48593522937323036,Embryonic fibroblasts,Embryonic,EMB,Embryonic
0.5163674624461048,Embryonic fibroblasts,Embryonic,EMB,Embryonic
0.372246131841607,Embryonic fibroblasts,Embryonic,EMB,Embryonic
0.4883423579226088,Embryonic fibroblasts,Embryonic,EMB,Embryonic
0.3905779106745996,Embryonic fibroblasts,Embryonic,EMB,Embryonic
0.45303678581780377,Embryonic fibroblasts,Embryonic,EMB,Embryonic
0.3935201630265095,Embryonic fibroblasts,Embryonic,EMB,Embryonic
0.3929178319777193,Embryonic fibroblasts,Embryonic,EMB,Embryonic
0.4577302452244008,Embryonic fibroblasts,Embryonic,EMB,Embryonic
0.4924704144165621,Embryonic fibroblasts,Embryonic,EMB,Embryonic
0.39868213298432986,Embryonic fibroblasts,Embryonic,EMB,Embryonic
0.44710907055188237,Embryonic fibroblasts,Embryonic,EMB,Embryonic
0.4764731425159382,Embryonic fibroblasts,Embryonic,EMB,Embryonic
0.536294365680591,Embryonic fibroblasts,Embryonic,EMB,Embryonic
0.5188958280540813,Embryonic fibroblasts,Embryonic,EMB,Embryonic
0.41116023315771366,Embryonic fibroblasts,Embryonic,EMB,Embryonic
0.4063530806656722,Embryonic fibroblasts,Embryonic,EMB,Embryonic
0.33744692224055284,Embryonic fibroblasts,Embryonic,EMB,Embryonic
0.5264737751877904,Embryonic fibroblasts,Embryonic,EMB,Embryonic
0.5766636612947714,Embryonic fibroblasts,Embryonic,EMB,Embryonic
0.38390306365606125,Embryonic fibroblasts,Embryonic,EMB,Embryonic
0.4330530868584057,Embryonic fibroblasts,Embryonic,EMB,Embryonic
0.47204381312766364,Embryonic fibroblasts,Embryonic,EMB,Embryonic
0.5039143796632479,Embryonic fibroblasts,Embryonic,EMB,Embryonic
0.39341968534004135,Embryonic fibroblasts,Embryonic,EMB,Embryonic
0.4494558417794617,Embryonic fibroblasts,Embryonic,EMB,Embryonic
0.4263806692080307,Embryonic fibroblasts,Embryonic,EMB,Embryonic
0.5102208497587042,Embryonic fibroblasts,Embryonic,EMB,Embryonic
0.4303342545153614,Embryonic fibroblasts,Embryonic,EMB,Embryonic
0.48872839176083854,Embryonic fibroblasts,Embryonic,EMB,Embryonic
0.41792661906920003,Embryonic fibroblasts,Embryonic,EMB,Embryonic
0.42617343140913944,Embryonic fibroblasts,Embryonic,EMB,Embryonic
0.480331225536583,Embryonic fibroblasts,Embryonic,EMB,Embryonic
0.4858076944653731,Embryonic fibroblasts,Embryonic,EMB,Embryonic
0.3323956726251389,Embryonic fibroblasts,Embryonic,EMB,Embryonic
0.39716498841395054,Embryonic fibroblasts,Embryonic,EMB,Embryonic
0.48644288783001255,Embryonic fibroblasts,Embryonic,EMB,Embryonic
0.464744563520931,Embryonic fibroblasts,Embryonic,EMB,Embryonic
0.5723477323446289,Embryonic fibroblasts,Embryonic,EMB,Embryonic
0.42047437414350824,Embryonic fibroblasts,Embryonic,EMB,Embryonic
0.36737949166484773,Embryonic fibroblasts,Embryonic,EMB,Embryonic
0.48148210538563185,Embryonic fibroblasts,Embryonic,EMB,Embryonic
0.4604407810161352,Embryonic fibroblasts,Embryonic,EMB,Embryonic
0.4549008242302407,Embryonic fibroblasts,Embryonic,EMB,Embryonic
0.45747009165030456,Embryonic fibroblasts,Embryonic,EMB,Embryonic
0.4435199537441341,Embryonic fibroblasts,Embryonic,EMB,Embryonic
0.49652565986369124,Embryonic fibroblasts,Embryonic,EMB,Embryonic
0.430136465269971,Embryonic fibroblasts,Embryonic,EMB,Embryonic
0.5039265189901467,Embryonic fibroblasts,Embryonic,EMB,Embryonic
0.4625127924049689,Embryonic fibroblasts,Embryonic,EMB,Embryonic
0.4177924829870988,Embryonic fibroblasts,Embryonic,EMB,Embryonic
0.4509277588940992,Embryonic fibroblasts,Embryonic,EMB,Embryonic
0.46158233055701625,Embryonic fibroblasts,Embryonic,EMB,Embryonic
0.5486471609977328,Embryonic fibroblasts,Embryonic,EMB,Embryonic
0.3948090237105953,Embryonic fibroblasts,Embryonic,EMB,Embryonic
0.5990106882011892,Embryonic fibroblasts,Embryonic,EMB,Embryonic
0.3113418237416052,Embryonic fibroblasts,Embryonic,EMB,Embryonic
0.5286653254898707,Embryonic fibroblasts,Embryonic,EMB,Embryonic
0.3826626179106078,Embryonic fibroblasts,Embryonic,EMB,Embryonic
0.5009721905864326,Embryonic fibroblasts,Embryonic,EMB,Embryonic
0.48470438957807555,Embryonic fibroblasts,Embryonic,EMB,Embryonic
0.431606708362887,Embryonic fibroblasts,Embryonic,EMB,Embryonic
0.4487600213829324,Embryonic fibroblasts,Embryonic,EMB,Embryonic
0.5020086338676755,Embryonic fibroblasts,Embryonic,EMB,Embryonic
0.4497855595970905,Embryonic fibroblasts,Embryonic,EMB,Embryonic
0.37824815540127854,Embryonic fibroblasts,Embryonic,EMB,Embryonic
0.3518662588146003,Embryonic fibroblasts,Embryonic,EMB,Embryonic
0.5052767853852551,Embryonic fibroblasts,Embryonic,EMB,Embryonic
0.4475802339114467,Embryonic fibroblasts,Embryonic,EMB,Embryonic
0.4379724897637349,Embryonic fibroblasts,Embryonic,EMB,Embryonic
0.456371115174947,Embryonic fibroblasts,Embryonic,EMB,Embryonic
0.45177273648471816,Embryonic fibroblasts,Embryonic,EMB,Embryonic
0.39591349997808145,Embryonic fibroblasts,Embryonic,EMB,Embryonic
0.3991864006869802,Embryonic fibroblasts,Embryonic,EMB,Embryonic
0.44961349800516404,Embryonic fibroblasts,Embryonic,EMB,Embryonic
0.43707900073996425,Embryonic fibroblasts,Embryonic,EMB,Embryonic
0.4755844422304208,Embryonic fibroblasts,Embryonic,EMB,Embryonic
0.3860786915715246,Embryonic fibroblasts,Embryonic,EMB,Embryonic
0.4535277914560956,Embryonic fibroblasts,Embryonic,EMB,Embryonic
0.492353073521914,Embryonic fibroblasts,Embryonic,EMB,Embryonic
0.43202280933966214,Embryonic fibroblasts,Embryonic,EMB,Embryonic
0.4249689041666042,Embryonic fibroblasts,Embryonic,EMB,Embryonic
0.3715916506462563,Embryonic fibroblasts,Embryonic,EMB,Embryonic
0.49038629731572364,Embryonic fibroblasts,Embryonic,EMB,Embryonic
0.420663531084118,Embryonic fibroblasts,Embryonic,EMB,Embryonic
0.44903788446959886,Embryonic fibroblasts,Embryonic,EMB,Embryonic
0.48725475158628123,Embryonic fibroblasts,Embryonic,EMB,Embryonic
0.4212392201543274,Embryonic fibroblasts,Embryonic,EMB,Embryonic
0.5250545334029983,Embryonic fibroblasts,Embryonic,EMB,Embryonic
0.36557202000057404,Embryonic fibroblasts,Embryonic,EMB,Embryonic
0.34471486253953937,Embryonic fibroblasts,Embryonic,EMB,Embryonic
0.31219659117576665,Embryonic fibroblasts,Embryonic,EMB,Embryonic
0.2790840262820951,Embryonic fibroblasts,Embryonic,EMB,Embryonic
0.4976406303056167,Embryonic fibroblasts,Embryonic,EMB,Embryonic
0.44292205037008847,Embryonic fibroblasts,Embryonic,EMB,Embryonic
0.534538866201674,Embryonic fibroblasts,Embryonic,EMB,Embryonic
0.43897685415389354,Embryonic fibroblasts,Embryonic,EMB,Embryonic
0.40877760274761726,Embryonic fibroblasts,Embryonic,EMB,Embryonic
0.4479822027913125,Embryonic fibroblasts,Embryonic,EMB,Embryonic
0.3362571289992644,Embryonic fibroblasts,Embryonic,EMB,Embryonic
0.523080872075577,Embryonic fibroblasts,Embryonic,EMB,Embryonic
0.4263204408092368,Embryonic fibroblasts,Embryonic,EMB,Embryonic
0.3036785109913648,Embryonic fibroblasts,Embryonic,EMB,Embryonic
0.46486706687235974,Embryonic fibroblasts,Embryonic,EMB,Embryonic
0.4470132795725772,Embryonic fibroblasts,Embryonic,EMB,Embryonic
0.43592383044403216,Embryonic fibroblasts,Embryonic,EMB,Embryonic
0.3874647625743811,Embryonic fibroblasts,Embryonic,EMB,Embryonic
0.5045848342607606,Embryonic fibroblasts,Embryonic,EMB,Embryonic
0.5504932470794242,Embryonic fibroblasts,Embryonic,EMB,Embryonic
0.42874490277984195,Embryonic fibroblasts,Embryonic,EMB,Embryonic
0.5012183338681766,Embryonic fibroblasts,Embryonic,EMB,Embryonic
0.38439812680979424,Embryonic fibroblasts,Embryonic,EMB,Embryonic
0.40025692235229665,Embryonic fibroblasts,Embryonic,EMB,Embryonic
0.4761046572342567,Embryonic fibroblasts,Embryonic,EMB,Embryonic
0.4228015122956417,Embryonic fibroblasts,Embryonic,EMB,Embryonic
0.45329615675807367,Embryonic fibroblasts,Embryonic,EMB,Embryonic
0.4469634555766821,Embryonic fibroblasts,Embryonic,EMB,Embryonic
0.5280827453663901,Embryonic fibroblasts,Embryonic,EMB,Embryonic
0.4208535430294435,Embryonic fibroblasts,Embryonic,EMB,Embryonic
0.5214489662570625,Embryonic fibroblasts,Embryonic,EMB,Embryonic
0.47422395374377985,Embryonic fibroblasts,Embryonic,EMB,Embryonic
0.48856861226024306,Embryonic fibroblasts,Embryonic,EMB,Embryonic
0.4392309807752293,Embryonic fibroblasts,Embryonic,EMB,Embryonic
0.40322680812442596,Embryonic fibroblasts,Embryonic,EMB,Embryonic
0.5208535325890529,Embryonic fibroblasts,Embryonic,EMB,Embryonic
0.4148960580179213,Embryonic fibroblasts,Embryonic,EMB,Embryonic
0.4812774753115767,Embryonic fibroblasts,Embryonic,EMB,Embryonic
0.4686753535799631,Embryonic fibroblasts,Embryonic,EMB,Embryonic
0.4124168397577971,Embryonic fibroblasts,Embryonic,EMB,Embryonic
0.39039289706627806,Embryonic fibroblasts,Embryonic,EMB,Embryonic
0.3118888254658008,Embryonic fibroblasts,Embryonic,EMB,Embryonic
0.4410174186116503,Embryonic fibroblasts,Embryonic,EMB,Embryonic
0.3849803415196036,Embryonic fibroblasts,Embryonic,EMB,Embryonic
0.39474587397977773,Embryonic fibroblasts,Embryonic,EMB,Embryonic
0.45733299073455197,Embryonic fibroblasts,Embryonic,EMB,Embryonic
0.5885942472156934,Embryonic fibroblasts,Embryonic,EMB,Embryonic
0.4139413507355957,Embryonic fibroblasts,Embryonic,EMB,Embryonic
0.3146251256896479,Embryonic fibroblasts,Embryonic,EMB,Embryonic
0.38369195421231916,Embryonic fibroblasts,Embryonic,EMB,Embryonic
0.5079062863452144,Embryonic fibroblasts,Embryonic,EMB,Embryonic
0.4712352986012458,Embryonic fibroblasts,Embryonic,EMB,Embryonic
0.3530319964467997,Embryonic fibroblasts,Embryonic,EMB,Embryonic
0.3718193460741701,Embryonic fibroblasts,Embryonic,EMB,Embryonic
0.41849566227713,Embryonic fibroblasts,Embryonic,EMB,Embryonic
0.42652683309467654,Embryonic fibroblasts,Embryonic,EMB,Embryonic
0.5655618430716405,Embryonic fibroblasts,Embryonic,EMB,Embryonic
0.4432560954132491,Embryonic fibroblasts,Embryonic,EMB,Embryonic
0.435284619506355,Embryonic fibroblasts,Embryonic,EMB,Embryonic
0.32805536378104727,Embryonic fibroblasts,Embryonic,EMB,Embryonic
0.4305617221529346,Embryonic fibroblasts,Embryonic,EMB,Embryonic
0.4815494253406528,Embryonic fibroblasts,Embryonic,EMB,Embryonic
0.4406230194104452,Embryonic fibroblasts,Embryonic,EMB,Embryonic
0.5140443920916156,Embryonic fibroblasts,Embryonic,EMB,Embryonic
0.41656925755864027,Embryonic fibroblasts,Embryonic,EMB,Embryonic
0.4459622082758711,Embryonic fibroblasts,Embryonic,EMB,Embryonic
0.5249954510743555,Embryonic fibroblasts,Embryonic,EMB,Embryonic
0.475930994782437,Embryonic fibroblasts,Embryonic,EMB,Embryonic
0.4719590964763214,Embryonic fibroblasts,Embryonic,EMB,Embryonic
0.3588131606615902,Embryonic fibroblasts,Embryonic,EMB,Embryonic
0.46247516231074165,Embryonic fibroblasts,Embryonic,EMB,Embryonic
0.43629662278230913,Embryonic fibroblasts,Embryonic,EMB,Embryonic
0.5102103793124255,Embryonic fibroblasts,Embryonic,EMB,Embryonic
0.43856600026433806,Embryonic fibroblasts,Embryonic,EMB,Embryonic
0.41810070625509244,Embryonic fibroblasts,Embryonic,EMB,Embryonic
0.46660438346190497,Embryonic fibroblasts,Embryonic,EMB,Embryonic
0.41873966171957516,Embryonic fibroblasts,Embryonic,EMB,Embryonic
0.43552476233178444,Embryonic fibroblasts,Embryonic,EMB,Embryonic
0.44261987936489317,Embryonic fibroblasts,Embryonic,EMB,Embryonic
0.4710622930240018,Embryonic fibroblasts,Embryonic,EMB,Embryonic
0.48958369901065085,Embryonic fibroblasts,Embryonic,EMB,Embryonic
0.4662703716381689,Embryonic fibroblasts,Embryonic,EMB,Embryonic
0.41604154089687034,Embryonic fibroblasts,Embryonic,EMB,Embryonic
0.36319426730933235,Embryonic fibroblasts,Embryonic,EMB,Embryonic
0.441330230114941,Embryonic fibroblasts,Embryonic,EMB,Embryonic
0.3749855562732498,Embryonic fibroblasts,Embryonic,EMB,Embryonic
0.47855347299783424,Embryonic fibroblasts,Embryonic,EMB,Embryonic
0.43743482072052314,Embryonic fibroblasts,Embryonic,EMB,Embryonic
0.4042979779639927,Embryonic fibroblasts,Embryonic,EMB,Embryonic
0.48589577141970786,Embryonic fibroblasts,Embryonic,EMB,Embryonic
0.3073835885057601,Embryonic fibroblasts,Embryonic,EMB,Embryonic
0.4776274198420977,Embryonic fibroblasts,Embryonic,EMB,Embryonic
0.38514777058366667,Embryonic fibroblasts,Embryonic,EMB,Embryonic
0.44022653252658767,Embryonic fibroblasts,Embryonic,EMB,Embryonic
0.2955270866474719,Embryonic fibroblasts,Embryonic,EMB,Embryonic
0.3718452398247573,Embryonic fibroblasts,Embryonic,EMB,Embryonic
0.4549984577012067,Embryonic fibroblasts,Embryonic,EMB,Embryonic
0.4436958743258925,Embryonic fibroblasts,Embryonic,EMB,Embryonic
0.4994242895744461,Embryonic fibroblasts,Embryonic,EMB,Embryonic
0.4299657459009888,Embryonic fibroblasts,Embryonic,EMB,Embryonic
0.48077078377733384,Embryonic fibroblasts,Embryonic,EMB,Embryonic
0.4534770250567603,Embryonic fibroblasts,Embryonic,EMB,Embryonic
0.42537187912047414,Embryonic fibroblasts,Embryonic,EMB,Embryonic
0.4263910471144835,Embryonic fibroblasts,Embryonic,EMB,Embryonic
0.47281438276625853,Embryonic fibroblasts,Embryonic,EMB,Embryonic
0.5167259838777337,Embryonic fibroblasts,Embryonic,EMB,Embryonic
0.5287261340421882,Embryonic fibroblasts,Embryonic,EMB,Embryonic
0.4644621331588426,Embryonic fibroblasts,Embryonic,EMB,Embryonic
0.4608151647230414,Embryonic fibroblasts,Embryonic,EMB,Embryonic
0.40554046472671634,Embryonic fibroblasts,Embryonic,EMB,Embryonic
0.4462661395151042,Embryonic fibroblasts,Embryonic,EMB,Embryonic
0.36542679416720564,Embryonic fibroblasts,Embryonic,EMB,Embryonic
0.42388636339706875,Embryonic fibroblasts,Embryonic,EMB,Embryonic
0.5324746396268227,Embryonic fibroblasts,Embryonic,EMB,Embryonic
0.40168855933265124,Embryonic fibroblasts,Embryonic,EMB,Embryonic
0.46731652369173926,Embryonic fibroblasts,Embryonic,EMB,Embryonic
0.5275985188635459,Embryonic fibroblasts,Embryonic,EMB,Embryonic
0.31155083798877736,Embryonic fibroblasts,Embryonic,EMB,Embryonic
0.5125956016285845,Embryonic fibroblasts,Embryonic,EMB,Embryonic
0.5216815999106403,Embryonic fibroblasts,Embryonic,EMB,Embryonic
0.5124344059522781,Embryonic fibroblasts,Embryonic,EMB,Embryonic
0.5373184287941063,Embryonic fibroblasts,Embryonic,EMB,Embryonic
0.42696527808923185,Embryonic fibroblasts,Embryonic,EMB,Embryonic
0.5103700176304662,Embryonic fibroblasts,Embryonic,EMB,Embryonic
0.47175037645833906,Embryonic fibroblasts,Embryonic,EMB,Embryonic
0.5050419940509516,Embryonic fibroblasts,Embryonic,EMB,Embryonic
0.5361616750389319,Embryonic fibroblasts,Embryonic,EMB,Embryonic
0.39149617941182313,Embryonic fibroblasts,Embryonic,EMB,Embryonic
0.4410455803789095,Embryonic fibroblasts,Embryonic,EMB,Embryonic
0.5055173766729175,Embryonic fibroblasts,Embryonic,EMB,Embryonic
0.4788807559107291,Embryonic fibroblasts,Embryonic,EMB,Embryonic
0.4845146979629165,Embryonic fibroblasts,Embryonic,EMB,Embryonic
0.4361095448240264,Embryonic fibroblasts,Embryonic,EMB,Embryonic
0.5046434099931775,Embryonic fibroblasts,Embryonic,EMB,Embryonic
0.4926472556509468,Embryonic fibroblasts,Embryonic,EMB,Embryonic
0.49085617579539825,Embryonic fibroblasts,Embryonic,EMB,Embryonic
0.39527618610683435,Embryonic fibroblasts,Embryonic,EMB,Embryonic
0.43695856292490487,Embryonic fibroblasts,Embryonic,EMB,Embryonic
0.3971896214082779,Embryonic fibroblasts,Embryonic,EMB,Embryonic
0.39255553974592167,Embryonic fibroblasts,Embryonic,EMB,Embryonic
0.5095904328727683,Embryonic fibroblasts,Embryonic,EMB,Embryonic
0.4241950268224392,Embryonic fibroblasts,Embryonic,EMB,Embryonic
0.5311533081415356,Embryonic fibroblasts,Embryonic,EMB,Embryonic
0.5024494497009315,Embryonic fibroblasts,Embryonic,EMB,Embryonic
0.3795131736342502,Embryonic fibroblasts,Embryonic,EMB,Embryonic
0.5453290431152951,Embryonic fibroblasts,Embryonic,EMB,Embryonic
0.4989432117984969,Embryonic fibroblasts,Embryonic,EMB,Embryonic
0.5088115599598846,Embryonic fibroblasts,Embryonic,EMB,Embryonic
0.3874210311791572,Embryonic fibroblasts,Embryonic,EMB,Embryonic
0.40401302846220055,Embryonic fibroblasts,Embryonic,EMB,Embryonic
0.5072170643546436,Embryonic fibroblasts,Embryonic,EMB,Embryonic
0.44029924510154594,Embryonic fibroblasts,Embryonic,EMB,Embryonic
0.44134770985982386,Embryonic fibroblasts,Embryonic,EMB,Embryonic
0.4805292006525636,Embryonic fibroblasts,Embryonic,EMB,Embryonic
0.43329397870276737,Embryonic fibroblasts,Embryonic,EMB,Embryonic
0.38506415017333834,Embryonic fibroblasts,Embryonic,EMB,Embryonic
0.42455949611296034,Embryonic fibroblasts,Embryonic,EMB,Embryonic
0.4751831420892109,Embryonic fibroblasts,Embryonic,EMB,Embryonic
0.42453214901254405,Embryonic fibroblasts,Embryonic,EMB,Embryonic
0.3908703333605332,Embryonic fibroblasts,Embryonic,EMB,Embryonic
0.4824266261686657,Embryonic fibroblasts,Embryonic,EMB,Embryonic
0.3378640051677023,Embryonic fibroblasts,Embryonic,EMB,Embryonic
0.4402390847234787,Embryonic fibroblasts,Embryonic,EMB,Embryonic
0.4442977762904474,Embryonic fibroblasts,Embryonic,EMB,Embryonic
0.40617370921844226,Embryonic fibroblasts,Embryonic,EMB,Embryonic
0.48860339813896814,Embryonic fibroblasts,Embryonic,EMB,Embryonic
0.35882076949171565,Embryonic fibroblasts,Embryonic,EMB,Embryonic
0.281605328807637,Embryonic fibroblasts,Embryonic,EMB,Embryonic
0.41941958741234125,Embryonic fibroblasts,Embryonic,EMB,Embryonic
0.46301756195821336,Embryonic fibroblasts,Embryonic,EMB,Embryonic
0.5221696399243422,Embryonic fibroblasts,Embryonic,EMB,Embryonic
0.32025476503540273,Embryonic fibroblasts,Embryonic,EMB,Embryonic
0.31363491356533496,Embryonic fibroblasts,Embryonic,EMB,Embryonic
0.49925929462417834,Embryonic fibroblasts,Embryonic,EMB,Embryonic
0.46257846997581575,Embryonic fibroblasts,Embryonic,EMB,Embryonic
0.548220595506719,Embryonic fibroblasts,Embryonic,EMB,Embryonic
0.4144363371682765,Embryonic fibroblasts,Embryonic,EMB,Embryonic
0.5220554647617708,Embryonic fibroblasts,Embryonic,EMB,Embryonic
0.5007558672748955,Embryonic fibroblasts,Embryonic,EMB,Embryonic
0.48344252837685514,Embryonic fibroblasts,Embryonic,EMB,Embryonic
0.48421384387062766,Embryonic fibroblasts,Embryonic,EMB,Embryonic
0.4744851782488521,Embryonic fibroblasts,Embryonic,EMB,Embryonic
0.4433531376575499,Embryonic fibroblasts,Embryonic,EMB,Embryonic
0.4436273078515078,Embryonic fibroblasts,Embryonic,EMB,Embryonic
0.5645199284720613,Embryonic fibroblasts,Embryonic,EMB,Embryonic
0.46700019053396485,Embryonic fibroblasts,Embryonic,EMB,Embryonic
0.4769567631597517,Embryonic fibroblasts,Embryonic,EMB,Embryonic
0.4650982677405142,Embryonic fibroblasts,Embryonic,EMB,Embryonic
0.400842186130727,Embryonic fibroblasts,Embryonic,EMB,Embryonic
0.439871503089242,Embryonic fibroblasts,Embryonic,EMB,Embryonic
0.4311862145126694,Embryonic fibroblasts,Embryonic,EMB,Embryonic
0.45972045219812113,Embryonic fibroblasts,Embryonic,EMB,Embryonic
0.38531030690104,Embryonic fibroblasts,Embryonic,EMB,Embryonic
0.45633467227968216,Embryonic fibroblasts,Embryonic,EMB,Embryonic
0.400304756741936,Embryonic fibroblasts,Embryonic,EMB,Embryonic
0.5007548441957098,Embryonic fibroblasts,Embryonic,EMB,Embryonic
0.3767757929881628,Embryonic fibroblasts,Embryonic,EMB,Embryonic
0.4519729056646041,Embryonic fibroblasts,Embryonic,EMB,Embryonic
0.5203229574748843,Embryonic fibroblasts,Embryonic,EMB,Embryonic
0.47271875986142353,Embryonic fibroblasts,Embryonic,EMB,Embryonic
0.46752022204002647,Embryonic fibroblasts,Embryonic,EMB,Embryonic
0.5178270163981964,Embryonic fibroblasts,Embryonic,EMB,Embryonic
0.39889340733878714,Embryonic fibroblasts,Embryonic,EMB,Embryonic
0.3529447519554282,Embryonic fibroblasts,Embryonic,EMB,Embryonic
0.3956591257929382,Embryonic fibroblasts,Embryonic,EMB,Embryonic
0.4373402624191547,Embryonic fibroblasts,Embryonic,EMB,Embryonic
0.4767792013802273,Embryonic fibroblasts,Embryonic,EMB,Embryonic
0.5164379655338536,Embryonic fibroblasts,Embryonic,EMB,Embryonic
0.4304361088306064,Embryonic fibroblasts,Embryonic,EMB,Embryonic
0.5524884654406366,Embryonic fibroblasts,Embryonic,EMB,Embryonic
0.4763078960471694,Embryonic fibroblasts,Embryonic,EMB,Embryonic
0.4199914673218558,Embryonic fibroblasts,Embryonic,EMB,Embryonic
0.5456647032552455,Embryonic fibroblasts,Embryonic,EMB,Embryonic
0.37579992690967273,Embryonic fibroblasts,Embryonic,EMB,Embryonic
0.4504829634528622,Embryonic fibroblasts,Embryonic,EMB,Embryonic
0.49149114651079867,Embryonic fibroblasts,Embryonic,EMB,Embryonic
0.5457271249270058,Embryonic fibroblasts,Embryonic,EMB,Embryonic
0.4257907653878197,Embryonic fibroblasts,Embryonic,EMB,Embryonic
0.4902961579887743,Embryonic fibroblasts,Embryonic,EMB,Embryonic
0.4648117707671898,Embryonic fibroblasts,Embryonic,EMB,Embryonic
0.3240570544504462,Embryonic fibroblasts,Embryonic,EMB,Embryonic
0.35695607222735626,Embryonic fibroblasts,Embryonic,EMB,Embryonic
0.4769918812327234,Embryonic fibroblasts,Embryonic,EMB,Embryonic
0.46407814468804565,Embryonic fibroblasts,Embryonic,EMB,Embryonic
0.42772883131077444,Embryonic fibroblasts,Embryonic,EMB,Embryonic
0.4695947217219552,Embryonic fibroblasts,Embryonic,EMB,Embryonic
0.5029453757687671,Embryonic fibroblasts,Embryonic,EMB,Embryonic
0.4707531882548465,Embryonic fibroblasts,Embryonic,EMB,Embryonic
0.43331684553101674,Embryonic fibroblasts,Embryonic,EMB,Embryonic
0.44359866479806037,Embryonic fibroblasts,Embryonic,EMB,Embryonic
0.42934994239815044,Embryonic fibroblasts,Embryonic,EMB,Embryonic
0.49032253183914176,Embryonic fibroblasts,Embryonic,EMB,Embryonic
0.489934069028218,Embryonic fibroblasts,Embryonic,EMB,Embryonic
0.4271464105614384,Embryonic fibroblasts,Embryonic,EMB,Embryonic
0.5433345915691353,Embryonic fibroblasts,Embryonic,EMB,Embryonic
0.39774739611279836,Embryonic fibroblasts,Embryonic,EMB,Embryonic
0.46077182602887334,Embryonic fibroblasts,Embryonic,EMB,Embryonic
0.40097421673405553,Embryonic fibroblasts,Embryonic,EMB,Embryonic
0.4097574678120859,Embryonic fibroblasts,Embryonic,EMB,Embryonic
0.37972188653378425,Embryonic fibroblasts,Embryonic,EMB,Embryonic
0.44869162575130317,Embryonic fibroblasts,Embryonic,EMB,Embryonic
0.4301372020293538,Embryonic fibroblasts,Embryonic,EMB,Embryonic
0.33926439216071186,Embryonic fibroblasts,Embryonic,EMB,Embryonic
0.3766161321283697,Embryonic fibroblasts,Embryonic,EMB,Embryonic
0.4703260936258543,Embryonic fibroblasts,Embryonic,EMB,Embryonic
0.44481377203188177,Embryonic fibroblasts,Embryonic,EMB,Embryonic
0.5728609194628015,Embryonic fibroblasts,Embryonic,EMB,Embryonic
0.37771689770702704,Embryonic fibroblasts,Embryonic,EMB,Embryonic
0.37273437038091806,Embryonic fibroblasts,Embryonic,EMB,Embryonic
0.553839506955654,Embryonic fibroblasts,Embryonic,EMB,Embryonic
0.49939262078506874,Embryonic fibroblasts,Embryonic,EMB,Embryonic
0.42390229211119523,Embryonic fibroblasts,Embryonic,EMB,Embryonic
0.3953835204407409,Embryonic fibroblasts,Embryonic,EMB,Embryonic
0.4753908987438781,Embryonic fibroblasts,Embryonic,EMB,Embryonic
0.4710315401416188,Embryonic fibroblasts,Embryonic,EMB,Embryonic
0.5008322960752534,Embryonic fibroblasts,Embryonic,EMB,Embryonic
0.5355475265752867,Embryonic fibroblasts,Embryonic,EMB,Embryonic
0.39619526436979935,Embryonic fibroblasts,Embryonic,EMB,Embryonic
0.5117183909138382,Embryonic fibroblasts,Embryonic,EMB,Embryonic
0.4454527899805204,Embryonic fibroblasts,Embryonic,EMB,Embryonic
0.4588542912922384,Embryonic fibroblasts,Embryonic,EMB,Embryonic
0.4160675892759699,Embryonic fibroblasts,Embryonic,EMB,Embryonic
0.45472733618040045,Embryonic fibroblasts,Embryonic,EMB,Embryonic
0.4803571738619392,Embryonic fibroblasts,Embryonic,EMB,Embryonic
0.4594611433465377,Embryonic fibroblasts,Embryonic,EMB,Embryonic
0.4502962837322061,Embryonic fibroblasts,Embryonic,EMB,Embryonic
0.45441994577083944,Embryonic fibroblasts,Embryonic,EMB,Embryonic
0.47210633880786074,Embryonic fibroblasts,Embryonic,EMB,Embryonic
0.47403622286561464,Embryonic fibroblasts,Embryonic,EMB,Embryonic
0.4275163013411587,Embryonic fibroblasts,Embryonic,EMB,Embryonic
0.47268558631120267,Embryonic fibroblasts,Embryonic,EMB,Embryonic
0.4438422422747184,Embryonic fibroblasts,Embryonic,EMB,Embryonic
0.4318217997874261,Embryonic fibroblasts,Embryonic,EMB,Embryonic
0.486909524647497,Embryonic fibroblasts,Embryonic,EMB,Embryonic
0.4692438130751453,Embryonic fibroblasts,Embryonic,EMB,Embryonic
0.48310885191112046,Embryonic fibroblasts,Embryonic,EMB,Embryonic
0.3675307828115028,Embryonic fibroblasts,Embryonic,EMB,Embryonic
0.48010182286752295,Embryonic fibroblasts,Embryonic,EMB,Embryonic
0.43166751058769504,Embryonic fibroblasts,Embryonic,EMB,Embryonic
0.49150127724891335,Embryonic fibroblasts,Embryonic,EMB,Embryonic
0.4671176773567998,Embryonic fibroblasts,Embryonic,EMB,Embryonic
0.5351505797605853,Embryonic fibroblasts,Embryonic,EMB,Embryonic
0.5228553758526698,Embryonic fibroblasts,Embryonic,EMB,Embryonic
0.4138972855642478,Embryonic fibroblasts,Embryonic,EMB,Embryonic
0.5231205131314045,Embryonic fibroblasts,Embryonic,EMB,Embryonic
0.5069443051952953,Embryonic fibroblasts,Embryonic,EMB,Embryonic
0.32567342465135923,Embryonic fibroblasts,Embryonic,EMB,Embryonic
0.4797664403470503,Embryonic fibroblasts,Embryonic,EMB,Embryonic
0.4341938628612552,Embryonic fibroblasts,Embryonic,EMB,Embryonic
0.3602311357580822,Embryonic fibroblasts,Embryonic,EMB,Embryonic
0.45824046592704487,Embryonic fibroblasts,Embryonic,EMB,Embryonic
0.576489047739186,Embryonic fibroblasts,Embryonic,EMB,Embryonic
0.4946473758546441,Embryonic fibroblasts,Embryonic,EMB,Embryonic
0.5411096897556305,Embryonic fibroblasts,Embryonic,EMB,Embryonic
0.4651393518639678,Embryonic fibroblasts,Embryonic,EMB,Embryonic
0.3670470672550474,Embryonic fibroblasts,Embryonic,EMB,Embryonic
0.5325290696541354,Embryonic fibroblasts,Embryonic,EMB,Embryonic
0.4990861083174453,Embryonic fibroblasts,Embryonic,EMB,Embryonic
0.37943633710500146,Embryonic fibroblasts,Embryonic,EMB,Embryonic
0.3871380898706799,Embryonic fibroblasts,Embryonic,EMB,Embryonic
0.4204772962664708,Embryonic fibroblasts,Embryonic,EMB,Embryonic
0.41173858175924305,Embryonic fibroblasts,Embryonic,EMB,Embryonic
0.4622255847732383,Embryonic fibroblasts,Embryonic,EMB,Embryonic
0.5125658643114698,Embryonic fibroblasts,Embryonic,EMB,Embryonic
0.6017745051818,Embryonic fibroblasts,Embryonic,EMB,Embryonic
0.50437249332549,Embryonic fibroblasts,Embryonic,EMB,Embryonic
0.5010930361303827,Embryonic fibroblasts,Embryonic,EMB,Embryonic
0.41204965517477904,Embryonic fibroblasts,Embryonic,EMB,Embryonic
0.41664049226467026,Embryonic fibroblasts,Embryonic,EMB,Embryonic
0.5088711674718127,Embryonic fibroblasts,Embryonic,EMB,Embryonic
0.37412019935653784,Embryonic fibroblasts,Embryonic,EMB,Embryonic
0.4974068221080953,Embryonic fibroblasts,Embryonic,EMB,Embryonic
0.41543216535270444,Embryonic fibroblasts,Embryonic,EMB,Embryonic
0.4620990515892224,Embryonic fibroblasts,Embryonic,EMB,Embryonic
0.44656903897482597,Embryonic fibroblasts,Embryonic,EMB,Embryonic
0.5343572299015267,Embryonic fibroblasts,Embryonic,EMB,Embryonic
0.47693553238816716,Embryonic fibroblasts,Embryonic,EMB,Embryonic
0.5453518019804142,Embryonic fibroblasts,Embryonic,EMB,Embryonic
0.4359886715972223,Embryonic fibroblasts,Embryonic,EMB,Embryonic
0.5243613741196662,Embryonic fibroblasts,Embryonic,EMB,Embryonic
0.5413776601767258,Embryonic fibroblasts,Embryonic,EMB,Embryonic
0.53554415678103,Embryonic fibroblasts,Embryonic,EMB,Embryonic
0.522052094967514,Embryonic fibroblasts,Embryonic,EMB,Embryonic
0.5539039253521183,Embryonic fibroblasts,Embryonic,EMB,Embryonic
0.4271097311755075,Embryonic fibroblasts,Embryonic,EMB,Embryonic
0.39972367426085065,Embryonic fibroblasts,Embryonic,EMB,Embryonic
0.3703670414705729,Embryonic fibroblasts,Embryonic,EMB,Embryonic
0.4117828589021578,Embryonic fibroblasts,Embryonic,EMB,Embryonic
0.3787532836452154,Embryonic fibroblasts,Embryonic,EMB,Embryonic
0.4479111385325686,Embryonic fibroblasts,Embryonic,EMB,Embryonic
0.437219906466249,Embryonic fibroblasts,Embryonic,EMB,Embryonic
0.4041763584865417,Embryonic fibroblasts,Embryonic,EMB,Embryonic
0.4490662016563091,Embryonic fibroblasts,Embryonic,EMB,Embryonic
0.4357027816693367,Embryonic fibroblasts,Embryonic,EMB,Embryonic
0.4520527932398205,Embryonic fibroblasts,Embryonic,EMB,Embryonic
0.38698567796391176,Embryonic fibroblasts,Embryonic,EMB,Embryonic
0.37942770321834335,Embryonic fibroblasts,Embryonic,EMB,Embryonic
0.3857015277151495,Embryonic fibroblasts,Embryonic,EMB,Embryonic
0.394984264480556,Embryonic fibroblasts,Embryonic,EMB,Embryonic
0.45034916391517027,Embryonic fibroblasts,Embryonic,EMB,Embryonic
0.5066670151437043,Embryonic fibroblasts,Embryonic,EMB,Embryonic
0.5166832486697803,Embryonic fibroblasts,Embryonic,EMB,Embryonic
0.3916701950177646,Embryonic fibroblasts,Embryonic,EMB,Embryonic
0.4564263005487013,Embryonic fibroblasts,Embryonic,EMB,Embryonic
0.520021013469091,Embryonic fibroblasts,Embryonic,EMB,Embryonic
0.4809155943678939,Embryonic fibroblasts,Embryonic,EMB,Embryonic
0.3372725617853458,Embryonic fibroblasts,Embryonic,EMB,Embryonic
0.5435229207924137,Embryonic fibroblasts,Embryonic,EMB,Embryonic
0.481081036989456,Embryonic fibroblasts,Embryonic,EMB,Embryonic
0.38471907707212777,Embryonic fibroblasts,Embryonic,EMB,Embryonic
0.468588445633001,Embryonic fibroblasts,Embryonic,EMB,Embryonic
0.43962744155811023,Embryonic fibroblasts,Embryonic,EMB,Embryonic
0.4724766586718163,Embryonic fibroblasts,Embryonic,EMB,Embryonic
0.48114993803090333,Embryonic fibroblasts,Embryonic,EMB,Embryonic
0.46427388144755505,Embryonic fibroblasts,Embryonic,EMB,Embryonic
0.4594508010323256,Embryonic fibroblasts,Embryonic,EMB,Embryonic
0.4814200020666911,Embryonic fibroblasts,Embryonic,EMB,Embryonic
0.4367857020894398,Embryonic fibroblasts,Embryonic,EMB,Embryonic
0.44998100450022593,Embryonic fibroblasts,Embryonic,EMB,Embryonic
0.470956033971234,Embryonic fibroblasts,Embryonic,EMB,Embryonic
0.4904727042030304,Embryonic fibroblasts,Embryonic,EMB,Embryonic
0.500982430078616,Embryonic fibroblasts,Embryonic,EMB,Embryonic
0.39900192254414674,Embryonic fibroblasts,Embryonic,EMB,Embryonic
0.5379528996362593,Embryonic fibroblasts,Embryonic,EMB,Embryonic
0.4852750787294037,Embryonic fibroblasts,Embryonic,EMB,Embryonic
0.49500942249998076,Embryonic fibroblasts,Embryonic,EMB,Embryonic
0.5460769638292478,Embryonic fibroblasts,Embryonic,EMB,Embryonic
0.4865124698696654,Embryonic fibroblasts,Embryonic,EMB,Embryonic
0.4096222698948034,Embryonic fibroblasts,Embryonic,EMB,Embryonic
0.4571950704063243,Embryonic fibroblasts,Embryonic,EMB,Embryonic
0.422420583571138,Embryonic fibroblasts,Embryonic,EMB,Embryonic
0.2392555571383469,Embryonic fibroblasts,Embryonic,EMB,Embryonic
0.4982163158166021,Embryonic fibroblasts,Embryonic,EMB,Embryonic
0.49524438625891726,Embryonic fibroblasts,Embryonic,EMB,Embryonic
0.5540376177176187,Embryonic fibroblasts,Embryonic,EMB,Embryonic
0.5070385028286245,Embryonic fibroblasts,Embryonic,EMB,Embryonic
0.4523877193886735,Embryonic fibroblasts,Embryonic,EMB,Embryonic
0.39066448168168294,Embryonic fibroblasts,Embryonic,EMB,Embryonic
0.537545906318413,Embryonic fibroblasts,Embryonic,EMB,Embryonic
0.46547976791821594,Embryonic fibroblasts,Embryonic,EMB,Embryonic
0.45189438918159386,Embryonic fibroblasts,Embryonic,EMB,Embryonic
0.4324299430491245,Embryonic fibroblasts,Embryonic,EMB,Embryonic
0.4739247032796697,Embryonic fibroblasts,Embryonic,EMB,Embryonic
0.5113334608305398,Embryonic fibroblasts,Embryonic,EMB,Embryonic
0.5023902526861797,Embryonic fibroblasts,Embryonic,EMB,Embryonic
0.40540535025346486,Embryonic fibroblasts,Embryonic,EMB,Embryonic
0.49932993098509504,Embryonic fibroblasts,Embryonic,EMB,Embryonic
0.4177152525703862,Embryonic fibroblasts,Embryonic,EMB,Embryonic
0.5287773429717163,Embryonic fibroblasts,Embryonic,EMB,Embryonic
0.47762678076364234,Embryonic fibroblasts,Embryonic,EMB,Embryonic
0.6108471286907351,Embryonic fibroblasts,Embryonic,EMB,Embryonic
0.4448560109258118,Embryonic fibroblasts,Embryonic,EMB,Embryonic
0.4483947097427144,Embryonic fibroblasts,Embryonic,EMB,Embryonic
0.37329020016721837,Embryonic fibroblasts,Embryonic,EMB,Embryonic
0.5021268380718955,Embryonic fibroblasts,Embryonic,EMB,Embryonic
0.45803662323244826,Embryonic fibroblasts,Embryonic,EMB,Embryonic
0.42822456399410214,Embryonic fibroblasts,Embryonic,EMB,Embryonic
0.47718739692487094,Embryonic fibroblasts,Embryonic,EMB,Embryonic
0.4541916270832439,Embryonic fibroblasts,Embryonic,EMB,Embryonic
0.43958552101699977,Embryonic fibroblasts,Embryonic,EMB,Embryonic
0.5268290640530239,Embryonic fibroblasts,Embryonic,EMB,Embryonic
0.30725670295856117,Embryonic fibroblasts,Embryonic,EMB,Embryonic
0.3800677719290218,Embryonic fibroblasts,Embryonic,EMB,Embryonic
0.46056895104775464,Embryonic fibroblasts,Embryonic,EMB,Embryonic
0.4144507112924226,Embryonic fibroblasts,Embryonic,EMB,Embryonic
0.5163011129728472,Embryonic fibroblasts,Embryonic,EMB,Embryonic
0.4537192860159814,Embryonic fibroblasts,Embryonic,EMB,Embryonic
0.4882882189607314,Embryonic fibroblasts,Embryonic,EMB,Embryonic
0.5180239170239769,Embryonic fibroblasts,Embryonic,EMB,Embryonic
0.4913937736541287,Embryonic fibroblasts,Embryonic,EMB,Embryonic
0.45843745118326457,Embryonic fibroblasts,Embryonic,EMB,Embryonic
0.4672926227111626,Embryonic fibroblasts,Embryonic,EMB,Embryonic
0.5087177530502645,Embryonic fibroblasts,Embryonic,EMB,Embryonic
0.46533964166200287,Embryonic fibroblasts,Embryonic,EMB,Embryonic
0.46068921169254906,Embryonic fibroblasts,Embryonic,EMB,Embryonic
0.38143592263414927,Embryonic fibroblasts,Embryonic,EMB,Embryonic
0.4662257603236607,Embryonic fibroblasts,Embryonic,EMB,Embryonic
0.5148259747604252,Embryonic fibroblasts,Embryonic,EMB,Embryonic
0.371181384424142,Embryonic fibroblasts,Embryonic,EMB,Embryonic
0.4890421697911992,Embryonic fibroblasts,Embryonic,EMB,Embryonic
0.48295236627466814,Embryonic fibroblasts,Embryonic,EMB,Embryonic
0.47747303652066353,Embryonic fibroblasts,Embryonic,EMB,Embryonic
0.48588011320661073,Embryonic fibroblasts,Embryonic,EMB,Embryonic
0.48877881528825495,Embryonic fibroblasts,Embryonic,EMB,Embryonic
0.43906368972996623,Embryonic fibroblasts,Embryonic,EMB,Embryonic
0.3959052125225664,Embryonic fibroblasts,Embryonic,EMB,Embryonic
0.4362038875946039,Embryonic fibroblasts,Embryonic,EMB,Embryonic
0.44986810749456546,Embryonic fibroblasts,Embryonic,EMB,Embryonic
0.4944528298533213,Embryonic fibroblasts,Embryonic,EMB,Embryonic
0.4417463144820037,Embryonic fibroblasts,Embryonic,EMB,Embryonic
0.4528441807800078,Embryonic fibroblasts,Embryonic,EMB,Embryonic
0.33283441540810815,Embryonic fibroblasts,Embryonic,EMB,Embryonic
0.5444649323224775,Embryonic fibroblasts,Embryonic,EMB,Embryonic
0.491200638291946,Embryonic fibroblasts,Embryonic,EMB,Embryonic
0.41033224730281054,Embryonic fibroblasts,Embryonic,EMB,Embryonic
